table,cell_id,model,method_or_setting,scope_or_task,metric,paper_value,recomputed_value,absolute_difference,status,aggregation,source_paths,source_fields,notes
tab:main_results_three_models,deepseekcoder|Base|edit50|Sample-HR,deepseekcoder,Base,edit50,Sample-HR,0.814,0.814,2.220446049e-16,match,arithmetic mean across four folds,BOUND/results/paper/rq1_package_recommendation/deepseekcoder/fold_A/base_edit50_eval.json;BOUND/results/paper/rq1_package_recommendation/deepseekcoder/fold_B/base_edit50_eval.json;BOUND/results/paper/rq1_package_recommendation/deepseekcoder/fold_C/base_edit50_eval.json;BOUND/results/paper/rq1_package_recommendation/deepseekcoder/fold_D/base_edit50_eval.json,summary.sample_hallucination_rate,
tab:main_results_three_models,deepseekcoder|Base|edit50|Package-HR,deepseekcoder,Base,edit50,Package-HR,0.4091,0.4090643788,3.562121298e-05,match,arithmetic mean across four folds,BOUND/results/paper/rq1_package_recommendation/deepseekcoder/fold_A/base_edit50_eval.json;BOUND/results/paper/rq1_package_recommendation/deepseekcoder/fold_B/base_edit50_eval.json;BOUND/results/paper/rq1_package_recommendation/deepseekcoder/fold_C/base_edit50_eval.json;BOUND/results/paper/rq1_package_recommendation/deepseekcoder/fold_D/base_edit50_eval.json,summary.package_hallucination_rate,
tab:main_results_three_models,deepseekcoder|Base|edit50|Valid-Rate,deepseekcoder,Base,edit50,Valid-Rate,0.827,0.827,0,match,arithmetic mean across four folds,BOUND/results/paper/rq1_package_recommendation/deepseekcoder/fold_A/base_edit50_eval.json;BOUND/results/paper/rq1_package_recommendation/deepseekcoder/fold_B/base_edit50_eval.json;BOUND/results/paper/rq1_package_recommendation/deepseekcoder/fold_C/base_edit50_eval.json;BOUND/results/paper/rq1_package_recommendation/deepseekcoder/fold_D/base_edit50_eval.json,summary.sample_valid_rate,
tab:main_results_three_models,deepseekcoder|Base|unseen|Sample-HR,deepseekcoder,Base,unseen,Sample-HR,0.8333,0.833271719,2.828096118e-05,match,single heldout base run,BOUND/results/paper/rq1_package_recommendation/deepseekcoder/base_heldout_highrisk_eval.json,summary.sample_hallucination_rate,
tab:main_results_three_models,deepseekcoder|Base|unseen|Package-HR,deepseekcoder,Base,unseen,Package-HR,0.4414,0.4413979655,2.034491096e-06,match,single heldout base run,BOUND/results/paper/rq1_package_recommendation/deepseekcoder/base_heldout_highrisk_eval.json,summary.package_hallucination_rate,
tab:main_results_three_models,deepseekcoder|Base|unseen|Valid-Rate,deepseekcoder,Base,unseen,Valid-Rate,0.7978,0.7977818854,1.811460259e-05,match,single heldout base run,BOUND/results/paper/rq1_package_recommendation/deepseekcoder/base_heldout_highrisk_eval.json,summary.sample_valid_rate,
tab:main_results_three_models,deepseekcoder|BOUND|edit50|Sample-HR,deepseekcoder,BOUND,edit50,Sample-HR,0.198,0.198,0,match,arithmetic mean across four folds,BOUND/results/paper/rq1_package_recommendation/deepseekcoder/fold_A/BOUND/eval_edit_prompts.json;BOUND/results/paper/rq1_package_recommendation/deepseekcoder/fold_B/BOUND/eval_edit_prompts.json;BOUND/results/paper/rq1_package_recommendation/deepseekcoder/fold_C/BOUND/eval_edit_prompts.json;BOUND/results/paper/rq1_package_recommendation/deepseekcoder/fold_D/BOUND/eval_edit_prompts.json,summary.edited_sample_hallucination_rate,
tab:main_results_three_models,deepseekcoder|BOUND|edit50|Package-HR,deepseekcoder,BOUND,edit50,Package-HR,0.0745,0.07448480139,1.519860798e-05,match,arithmetic mean across four folds,BOUND/results/paper/rq1_package_recommendation/deepseekcoder/fold_A/BOUND/eval_edit_prompts.json;BOUND/results/paper/rq1_package_recommendation/deepseekcoder/fold_B/BOUND/eval_edit_prompts.json;BOUND/results/paper/rq1_package_recommendation/deepseekcoder/fold_C/BOUND/eval_edit_prompts.json;BOUND/results/paper/rq1_package_recommendation/deepseekcoder/fold_D/BOUND/eval_edit_prompts.json,summary.edited_package_hallucination_rate,
tab:main_results_three_models,deepseekcoder|BOUND|edit50|Valid-Rate,deepseekcoder,BOUND,edit50,Valid-Rate,0.948,0.948,0,match,arithmetic mean across four folds,BOUND/results/paper/rq1_package_recommendation/deepseekcoder/fold_A/BOUND/eval_edit_prompts.json;BOUND/results/paper/rq1_package_recommendation/deepseekcoder/fold_B/BOUND/eval_edit_prompts.json;BOUND/results/paper/rq1_package_recommendation/deepseekcoder/fold_C/BOUND/eval_edit_prompts.json;BOUND/results/paper/rq1_package_recommendation/deepseekcoder/fold_D/BOUND/eval_edit_prompts.json,summary.edited_sample_valid_rate,
tab:main_results_three_models,deepseekcoder|BOUND|unseen|Sample-HR,deepseekcoder,BOUND,unseen,Sample-HR,0.3712,0.3711645102,3.548983364e-05,match,arithmetic mean across four folds,BOUND/results/paper/rq1_package_recommendation/deepseekcoder/fold_A/BOUND/eval_unseen_prompts.json;BOUND/results/paper/rq1_package_recommendation/deepseekcoder/fold_B/BOUND/eval_unseen_prompts.json;BOUND/results/paper/rq1_package_recommendation/deepseekcoder/fold_C/BOUND/eval_unseen_prompts.json;BOUND/results/paper/rq1_package_recommendation/deepseekcoder/fold_D/BOUND/eval_unseen_prompts.json,summary.edited_sample_hallucination_rate,
tab:main_results_three_models,deepseekcoder|BOUND|unseen|Package-HR,deepseekcoder,BOUND,unseen,Package-HR,0.1706,0.1706481865,4.818648378e-05,match,arithmetic mean across four folds,BOUND/results/paper/rq1_package_recommendation/deepseekcoder/fold_A/BOUND/eval_unseen_prompts.json;BOUND/results/paper/rq1_package_recommendation/deepseekcoder/fold_B/BOUND/eval_unseen_prompts.json;BOUND/results/paper/rq1_package_recommendation/deepseekcoder/fold_C/BOUND/eval_unseen_prompts.json;BOUND/results/paper/rq1_package_recommendation/deepseekcoder/fold_D/BOUND/eval_unseen_prompts.json,summary.edited_package_hallucination_rate,
tab:main_results_three_models,deepseekcoder|BOUND|unseen|Valid-Rate,deepseekcoder,BOUND,unseen,Valid-Rate,0.8909,0.8909426987,4.26987061e-05,match,arithmetic mean across four folds,BOUND/results/paper/rq1_package_recommendation/deepseekcoder/fold_A/BOUND/eval_unseen_prompts.json;BOUND/results/paper/rq1_package_recommendation/deepseekcoder/fold_B/BOUND/eval_unseen_prompts.json;BOUND/results/paper/rq1_package_recommendation/deepseekcoder/fold_C/BOUND/eval_unseen_prompts.json;BOUND/results/paper/rq1_package_recommendation/deepseekcoder/fold_D/BOUND/eval_unseen_prompts.json,summary.edited_sample_valid_rate,
tab:main_results_three_models,deepseekcoder|ROME|edit50|Sample-HR,deepseekcoder,ROME,edit50,Sample-HR,0.182,0.182,0,match,arithmetic mean across four folds,BOUND/results/paper/rq1_package_recommendation/deepseekcoder/fold_A/ROME/eval_edit_prompts.json;BOUND/results/paper/rq1_package_recommendation/deepseekcoder/fold_B/ROME/eval_edit_prompts.json;BOUND/results/paper/rq1_package_recommendation/deepseekcoder/fold_C/ROME/eval_edit_prompts.json;BOUND/results/paper/rq1_package_recommendation/deepseekcoder/fold_D/ROME/eval_edit_prompts.json,summary.edited_sample_hallucination_rate,
tab:main_results_three_models,deepseekcoder|ROME|edit50|Package-HR,deepseekcoder,ROME,edit50,Package-HR,0.0916,0.09162089255,2.089255208e-05,match,arithmetic mean across four folds,BOUND/results/paper/rq1_package_recommendation/deepseekcoder/fold_A/ROME/eval_edit_prompts.json;BOUND/results/paper/rq1_package_recommendation/deepseekcoder/fold_B/ROME/eval_edit_prompts.json;BOUND/results/paper/rq1_package_recommendation/deepseekcoder/fold_C/ROME/eval_edit_prompts.json;BOUND/results/paper/rq1_package_recommendation/deepseekcoder/fold_D/ROME/eval_edit_prompts.json,summary.edited_package_hallucination_rate,
tab:main_results_three_models,deepseekcoder|ROME|edit50|Valid-Rate,deepseekcoder,ROME,edit50,Valid-Rate,0.212,0.212,5.551115123e-17,match,arithmetic mean across four folds,BOUND/results/paper/rq1_package_recommendation/deepseekcoder/fold_A/ROME/eval_edit_prompts.json;BOUND/results/paper/rq1_package_recommendation/deepseekcoder/fold_B/ROME/eval_edit_prompts.json;BOUND/results/paper/rq1_package_recommendation/deepseekcoder/fold_C/ROME/eval_edit_prompts.json;BOUND/results/paper/rq1_package_recommendation/deepseekcoder/fold_D/ROME/eval_edit_prompts.json,summary.edited_sample_valid_rate,
tab:main_results_three_models,deepseekcoder|ROME|unseen|Sample-HR,deepseekcoder,ROME,unseen,Sample-HR,0.1879,0.1878927911,7.208872458e-06,match,arithmetic mean across four folds,BOUND/results/paper/rq1_package_recommendation/deepseekcoder/fold_A/ROME/eval_unseen_prompts.json;BOUND/results/paper/rq1_package_recommendation/deepseekcoder/fold_B/ROME/eval_unseen_prompts.json;BOUND/results/paper/rq1_package_recommendation/deepseekcoder/fold_C/ROME/eval_unseen_prompts.json;BOUND/results/paper/rq1_package_recommendation/deepseekcoder/fold_D/ROME/eval_unseen_prompts.json,summary.edited_sample_hallucination_rate,
tab:main_results_three_models,deepseekcoder|ROME|unseen|Package-HR,deepseekcoder,ROME,unseen,Package-HR,0.1085,0.1085589737,5.897371712e-05,rounding_only,arithmetic mean across four folds,BOUND/results/paper/rq1_package_recommendation/deepseekcoder/fold_A/ROME/eval_unseen_prompts.json;BOUND/results/paper/rq1_package_recommendation/deepseekcoder/fold_B/ROME/eval_unseen_prompts.json;BOUND/results/paper/rq1_package_recommendation/deepseekcoder/fold_C/ROME/eval_unseen_prompts.json;BOUND/results/paper/rq1_package_recommendation/deepseekcoder/fold_D/ROME/eval_unseen_prompts.json,summary.edited_package_hallucination_rate,
tab:main_results_three_models,deepseekcoder|ROME|unseen|Valid-Rate,deepseekcoder,ROME,unseen,Valid-Rate,0.1978,0.1977818854,1.811460259e-05,match,arithmetic mean across four folds,BOUND/results/paper/rq1_package_recommendation/deepseekcoder/fold_A/ROME/eval_unseen_prompts.json;BOUND/results/paper/rq1_package_recommendation/deepseekcoder/fold_B/ROME/eval_unseen_prompts.json;BOUND/results/paper/rq1_package_recommendation/deepseekcoder/fold_C/ROME/eval_unseen_prompts.json;BOUND/results/paper/rq1_package_recommendation/deepseekcoder/fold_D/ROME/eval_unseen_prompts.json,summary.edited_sample_valid_rate,
tab:main_results_three_models,deepseekcoder|MEMIT|edit50|Sample-HR,deepseekcoder,MEMIT,edit50,Sample-HR,0.756,0.756,0,match,arithmetic mean across four folds,BOUND/results/paper/rq1_package_recommendation/deepseekcoder/fold_A/MEMIT/eval_edit_prompts.json;BOUND/results/paper/rq1_package_recommendation/deepseekcoder/fold_B/MEMIT/eval_edit_prompts.json;BOUND/results/paper/rq1_package_recommendation/deepseekcoder/fold_C/MEMIT/eval_edit_prompts.json;BOUND/results/paper/rq1_package_recommendation/deepseekcoder/fold_D/MEMIT/eval_edit_prompts.json,summary.edited_sample_hallucination_rate,
tab:main_results_three_models,deepseekcoder|MEMIT|edit50|Package-HR,deepseekcoder,MEMIT,edit50,Package-HR,0.4049,0.4048873744,1.262557614e-05,match,arithmetic mean across four folds,BOUND/results/paper/rq1_package_recommendation/deepseekcoder/fold_A/MEMIT/eval_edit_prompts.json;BOUND/results/paper/rq1_package_recommendation/deepseekcoder/fold_B/MEMIT/eval_edit_prompts.json;BOUND/results/paper/rq1_package_recommendation/deepseekcoder/fold_C/MEMIT/eval_edit_prompts.json;BOUND/results/paper/rq1_package_recommendation/deepseekcoder/fold_D/MEMIT/eval_edit_prompts.json,summary.edited_package_hallucination_rate,
tab:main_results_three_models,deepseekcoder|MEMIT|edit50|Valid-Rate,deepseekcoder,MEMIT,edit50,Valid-Rate,0.816,0.816,1.110223025e-16,match,arithmetic mean across four folds,BOUND/results/paper/rq1_package_recommendation/deepseekcoder/fold_A/MEMIT/eval_edit_prompts.json;BOUND/results/paper/rq1_package_recommendation/deepseekcoder/fold_B/MEMIT/eval_edit_prompts.json;BOUND/results/paper/rq1_package_recommendation/deepseekcoder/fold_C/MEMIT/eval_edit_prompts.json;BOUND/results/paper/rq1_package_recommendation/deepseekcoder/fold_D/MEMIT/eval_edit_prompts.json,summary.edited_sample_valid_rate,
tab:main_results_three_models,deepseekcoder|MEMIT|unseen|Sample-HR,deepseekcoder,MEMIT,unseen,Sample-HR,0.7503,0.7503696858,6.96857671e-05,rounding_only,arithmetic mean across four folds,BOUND/results/paper/rq1_package_recommendation/deepseekcoder/fold_A/MEMIT/eval_unseen_prompts.json;BOUND/results/paper/rq1_package_recommendation/deepseekcoder/fold_B/MEMIT/eval_unseen_prompts.json;BOUND/results/paper/rq1_package_recommendation/deepseekcoder/fold_C/MEMIT/eval_unseen_prompts.json;BOUND/results/paper/rq1_package_recommendation/deepseekcoder/fold_D/MEMIT/eval_unseen_prompts.json,summary.edited_sample_hallucination_rate,
tab:main_results_three_models,deepseekcoder|MEMIT|unseen|Package-HR,deepseekcoder,MEMIT,unseen,Package-HR,0.4114,0.4114300987,3.009865823e-05,match,arithmetic mean across four folds,BOUND/results/paper/rq1_package_recommendation/deepseekcoder/fold_A/MEMIT/eval_unseen_prompts.json;BOUND/results/paper/rq1_package_recommendation/deepseekcoder/fold_B/MEMIT/eval_unseen_prompts.json;BOUND/results/paper/rq1_package_recommendation/deepseekcoder/fold_C/MEMIT/eval_unseen_prompts.json;BOUND/results/paper/rq1_package_recommendation/deepseekcoder/fold_D/MEMIT/eval_unseen_prompts.json,summary.edited_package_hallucination_rate,
tab:main_results_three_models,deepseekcoder|MEMIT|unseen|Valid-Rate,deepseekcoder,MEMIT,unseen,Valid-Rate,0.8001,0.8000924214,7.578558226e-06,match,arithmetic mean across four folds,BOUND/results/paper/rq1_package_recommendation/deepseekcoder/fold_A/MEMIT/eval_unseen_prompts.json;BOUND/results/paper/rq1_package_recommendation/deepseekcoder/fold_B/MEMIT/eval_unseen_prompts.json;BOUND/results/paper/rq1_package_recommendation/deepseekcoder/fold_C/MEMIT/eval_unseen_prompts.json;BOUND/results/paper/rq1_package_recommendation/deepseekcoder/fold_D/MEMIT/eval_unseen_prompts.json,summary.edited_sample_valid_rate,
tab:main_results_three_models,deepseekcoder|DINM|edit50|Sample-HR,deepseekcoder,DINM,edit50,Sample-HR,0.154,0.154,2.775557562e-17,match,arithmetic mean across four folds,BOUND/results/paper/rq1_package_recommendation/deepseekcoder/fold_A/DINM/eval_edit_prompts.json;BOUND/results/paper/rq1_package_recommendation/deepseekcoder/fold_B/DINM/eval_edit_prompts.json;BOUND/results/paper/rq1_package_recommendation/deepseekcoder/fold_C/DINM/eval_edit_prompts.json;BOUND/results/paper/rq1_package_recommendation/deepseekcoder/fold_D/DINM/eval_edit_prompts.json,summary.edited_sample_hallucination_rate,
tab:main_results_three_models,deepseekcoder|DINM|edit50|Package-HR,deepseekcoder,DINM,edit50,Package-HR,0.1327,0.1327368052,3.680522933e-05,match,arithmetic mean across four folds,BOUND/results/paper/rq1_package_recommendation/deepseekcoder/fold_A/DINM/eval_edit_prompts.json;BOUND/results/paper/rq1_package_recommendation/deepseekcoder/fold_B/DINM/eval_edit_prompts.json;BOUND/results/paper/rq1_package_recommendation/deepseekcoder/fold_C/DINM/eval_edit_prompts.json;BOUND/results/paper/rq1_package_recommendation/deepseekcoder/fold_D/DINM/eval_edit_prompts.json,summary.edited_package_hallucination_rate,
tab:main_results_three_models,deepseekcoder|DINM|edit50|Valid-Rate,deepseekcoder,DINM,edit50,Valid-Rate,0.4,0.4,1.110223025e-16,match,arithmetic mean across four folds,BOUND/results/paper/rq1_package_recommendation/deepseekcoder/fold_A/DINM/eval_edit_prompts.json;BOUND/results/paper/rq1_package_recommendation/deepseekcoder/fold_B/DINM/eval_edit_prompts.json;BOUND/results/paper/rq1_package_recommendation/deepseekcoder/fold_C/DINM/eval_edit_prompts.json;BOUND/results/paper/rq1_package_recommendation/deepseekcoder/fold_D/DINM/eval_edit_prompts.json,summary.edited_sample_valid_rate,
tab:main_results_three_models,deepseekcoder|DINM|unseen|Sample-HR,deepseekcoder,DINM,unseen,Sample-HR,0.2805,0.2804990758,9.242144176e-07,match,arithmetic mean across four folds,BOUND/results/paper/rq1_package_recommendation/deepseekcoder/fold_A/DINM/eval_unseen_prompts.json;BOUND/results/paper/rq1_package_recommendation/deepseekcoder/fold_B/DINM/eval_unseen_prompts.json;BOUND/results/paper/rq1_package_recommendation/deepseekcoder/fold_C/DINM/eval_unseen_prompts.json;BOUND/results/paper/rq1_package_recommendation/deepseekcoder/fold_D/DINM/eval_unseen_prompts.json,summary.edited_sample_hallucination_rate,
tab:main_results_three_models,deepseekcoder|DINM|unseen|Package-HR,deepseekcoder,DINM,unseen,Package-HR,0.2366,0.2365284479,7.15521253e-05,rounding_only,arithmetic mean across four folds,BOUND/results/paper/rq1_package_recommendation/deepseekcoder/fold_A/DINM/eval_unseen_prompts.json;BOUND/results/paper/rq1_package_recommendation/deepseekcoder/fold_B/DINM/eval_unseen_prompts.json;BOUND/results/paper/rq1_package_recommendation/deepseekcoder/fold_C/DINM/eval_unseen_prompts.json;BOUND/results/paper/rq1_package_recommendation/deepseekcoder/fold_D/DINM/eval_unseen_prompts.json,summary.edited_package_hallucination_rate,
tab:main_results_three_models,deepseekcoder|DINM|unseen|Valid-Rate,deepseekcoder,DINM,unseen,Valid-Rate,0.3707,0.370702403,2.402957487e-06,match,arithmetic mean across four folds,BOUND/results/paper/rq1_package_recommendation/deepseekcoder/fold_A/DINM/eval_unseen_prompts.json;BOUND/results/paper/rq1_package_recommendation/deepseekcoder/fold_B/DINM/eval_unseen_prompts.json;BOUND/results/paper/rq1_package_recommendation/deepseekcoder/fold_C/DINM/eval_unseen_prompts.json;BOUND/results/paper/rq1_package_recommendation/deepseekcoder/fold_D/DINM/eval_unseen_prompts.json,summary.edited_sample_valid_rate,
tab:main_results_three_models,deepseekcoder|Full-FT|edit50|Sample-HR,deepseekcoder,Full-FT,edit50,Sample-HR,0.058,0.058,6.938893904e-18,match,arithmetic mean across four folds,BOUND/results/paper/rq1_package_recommendation/deepseekcoder/fold_A/Full-FT/eval_edit_prompts.json;BOUND/results/paper/rq1_package_recommendation/deepseekcoder/fold_B/Full-FT/eval_edit_prompts.json;BOUND/results/paper/rq1_package_recommendation/deepseekcoder/fold_C/Full-FT/eval_edit_prompts.json;BOUND/results/paper/rq1_package_recommendation/deepseekcoder/fold_D/Full-FT/eval_edit_prompts.json,summary.edited_sample_hallucination_rate,
tab:main_results_three_models,deepseekcoder|Full-FT|edit50|Package-HR,deepseekcoder,Full-FT,edit50,Package-HR,0.0188,0.01881620144,1.620143931e-05,match,arithmetic mean across four folds,BOUND/results/paper/rq1_package_recommendation/deepseekcoder/fold_A/Full-FT/eval_edit_prompts.json;BOUND/results/paper/rq1_package_recommendation/deepseekcoder/fold_B/Full-FT/eval_edit_prompts.json;BOUND/results/paper/rq1_package_recommendation/deepseekcoder/fold_C/Full-FT/eval_edit_prompts.json;BOUND/results/paper/rq1_package_recommendation/deepseekcoder/fold_D/Full-FT/eval_edit_prompts.json,summary.edited_package_hallucination_rate,
tab:main_results_three_models,deepseekcoder|Full-FT|edit50|Valid-Rate,deepseekcoder,Full-FT,edit50,Valid-Rate,0.95,0.95,0,match,arithmetic mean across four folds,BOUND/results/paper/rq1_package_recommendation/deepseekcoder/fold_A/Full-FT/eval_edit_prompts.json;BOUND/results/paper/rq1_package_recommendation/deepseekcoder/fold_B/Full-FT/eval_edit_prompts.json;BOUND/results/paper/rq1_package_recommendation/deepseekcoder/fold_C/Full-FT/eval_edit_prompts.json;BOUND/results/paper/rq1_package_recommendation/deepseekcoder/fold_D/Full-FT/eval_edit_prompts.json,summary.edited_sample_valid_rate,
tab:main_results_three_models,deepseekcoder|Full-FT|unseen|Sample-HR,deepseekcoder,Full-FT,unseen,Sample-HR,0.4814,0.4813308688,6.913123845e-05,rounding_only,arithmetic mean across four folds,BOUND/results/paper/rq1_package_recommendation/deepseekcoder/fold_A/Full-FT/eval_unseen_prompts.json;BOUND/results/paper/rq1_package_recommendation/deepseekcoder/fold_B/Full-FT/eval_unseen_prompts.json;BOUND/results/paper/rq1_package_recommendation/deepseekcoder/fold_C/Full-FT/eval_unseen_prompts.json;BOUND/results/paper/rq1_package_recommendation/deepseekcoder/fold_D/Full-FT/eval_unseen_prompts.json,summary.edited_sample_hallucination_rate,
tab:main_results_three_models,deepseekcoder|Full-FT|unseen|Package-HR,deepseekcoder,Full-FT,unseen,Package-HR,0.2141,0.2141097952,9.795203459e-06,match,arithmetic mean across four folds,BOUND/results/paper/rq1_package_recommendation/deepseekcoder/fold_A/Full-FT/eval_unseen_prompts.json;BOUND/results/paper/rq1_package_recommendation/deepseekcoder/fold_B/Full-FT/eval_unseen_prompts.json;BOUND/results/paper/rq1_package_recommendation/deepseekcoder/fold_C/Full-FT/eval_unseen_prompts.json;BOUND/results/paper/rq1_package_recommendation/deepseekcoder/fold_D/Full-FT/eval_unseen_prompts.json,summary.edited_package_hallucination_rate,
tab:main_results_three_models,deepseekcoder|Full-FT|unseen|Valid-Rate,deepseekcoder,Full-FT,unseen,Valid-Rate,0.8991,0.8990757856,2.421441774e-05,match,arithmetic mean across four folds,BOUND/results/paper/rq1_package_recommendation/deepseekcoder/fold_A/Full-FT/eval_unseen_prompts.json;BOUND/results/paper/rq1_package_recommendation/deepseekcoder/fold_B/Full-FT/eval_unseen_prompts.json;BOUND/results/paper/rq1_package_recommendation/deepseekcoder/fold_C/Full-FT/eval_unseen_prompts.json;BOUND/results/paper/rq1_package_recommendation/deepseekcoder/fold_D/Full-FT/eval_unseen_prompts.json,summary.edited_sample_valid_rate,
tab:main_results_three_models,deepseekcoder|Self-Refinement|edit50|Sample-HR,deepseekcoder,Self-Refinement,edit50,Sample-HR,0.518,0.518,0,match,arithmetic mean across four folds,BOUND/results/paper/rq1_package_recommendation/deepseekcoder/fold_A/self_refinement/eval_edit50.json;BOUND/results/paper/rq1_package_recommendation/deepseekcoder/fold_B/self_refinement/eval_edit50.json;BOUND/results/paper/rq1_package_recommendation/deepseekcoder/fold_C/self_refinement/eval_edit50.json;BOUND/results/paper/rq1_package_recommendation/deepseekcoder/fold_D/self_refinement/eval_edit50.json,summary.sample_hallucination_rate,
tab:main_results_three_models,deepseekcoder|Self-Refinement|edit50|Package-HR,deepseekcoder,Self-Refinement,edit50,Package-HR,0.2263,0.2263018258,1.825802612e-06,match,arithmetic mean across four folds,BOUND/results/paper/rq1_package_recommendation/deepseekcoder/fold_A/self_refinement/eval_edit50.json;BOUND/results/paper/rq1_package_recommendation/deepseekcoder/fold_B/self_refinement/eval_edit50.json;BOUND/results/paper/rq1_package_recommendation/deepseekcoder/fold_C/self_refinement/eval_edit50.json;BOUND/results/paper/rq1_package_recommendation/deepseekcoder/fold_D/self_refinement/eval_edit50.json,summary.package_hallucination_rate,
tab:main_results_three_models,deepseekcoder|Self-Refinement|edit50|Valid-Rate,deepseekcoder,Self-Refinement,edit50,Valid-Rate,0.836,0.836,1.110223025e-16,match,arithmetic mean across four folds,BOUND/results/paper/rq1_package_recommendation/deepseekcoder/fold_A/self_refinement/eval_edit50.json;BOUND/results/paper/rq1_package_recommendation/deepseekcoder/fold_B/self_refinement/eval_edit50.json;BOUND/results/paper/rq1_package_recommendation/deepseekcoder/fold_C/self_refinement/eval_edit50.json;BOUND/results/paper/rq1_package_recommendation/deepseekcoder/fold_D/self_refinement/eval_edit50.json,summary.sample_valid_rate,
tab:main_results_three_models,deepseekcoder|Self-Refinement|unseen|Sample-HR,deepseekcoder,Self-Refinement,unseen,Sample-HR,,,,not_applicable,not applicable,,not produced,Self-Refinement is edit-time inference only
tab:main_results_three_models,deepseekcoder|Self-Refinement|unseen|Package-HR,deepseekcoder,Self-Refinement,unseen,Package-HR,,,,not_applicable,not applicable,,not produced,Self-Refinement is edit-time inference only
tab:main_results_three_models,deepseekcoder|Self-Refinement|unseen|Valid-Rate,deepseekcoder,Self-Refinement,unseen,Valid-Rate,,,,not_applicable,not applicable,,not produced,Self-Refinement is edit-time inference only
tab:main_results_three_models,llama3.1|Base|edit50|Sample-HR,llama3.1,Base,edit50,Sample-HR,0.832,0.832,2.220446049e-16,match,arithmetic mean across four folds,BOUND/results/paper/rq1_package_recommendation/llama3.1/fold_A/base_edit50_eval.json;BOUND/results/paper/rq1_package_recommendation/llama3.1/fold_B/base_edit50_eval.json;BOUND/results/paper/rq1_package_recommendation/llama3.1/fold_C/base_edit50_eval.json;BOUND/results/paper/rq1_package_recommendation/llama3.1/fold_D/base_edit50_eval.json,summary.sample_hallucination_rate,
tab:main_results_three_models,llama3.1|Base|edit50|Package-HR,llama3.1,Base,edit50,Package-HR,0.4308,0.4307370782,6.292180912e-05,rounding_only,arithmetic mean across four folds,BOUND/results/paper/rq1_package_recommendation/llama3.1/fold_A/base_edit50_eval.json;BOUND/results/paper/rq1_package_recommendation/llama3.1/fold_B/base_edit50_eval.json;BOUND/results/paper/rq1_package_recommendation/llama3.1/fold_C/base_edit50_eval.json;BOUND/results/paper/rq1_package_recommendation/llama3.1/fold_D/base_edit50_eval.json,summary.package_hallucination_rate,
tab:main_results_three_models,llama3.1|Base|edit50|Valid-Rate,llama3.1,Base,edit50,Valid-Rate,0.815,0.815,0,match,arithmetic mean across four folds,BOUND/results/paper/rq1_package_recommendation/llama3.1/fold_A/base_edit50_eval.json;BOUND/results/paper/rq1_package_recommendation/llama3.1/fold_B/base_edit50_eval.json;BOUND/results/paper/rq1_package_recommendation/llama3.1/fold_C/base_edit50_eval.json;BOUND/results/paper/rq1_package_recommendation/llama3.1/fold_D/base_edit50_eval.json,summary.sample_valid_rate,
tab:main_results_three_models,llama3.1|Base|unseen|Sample-HR,llama3.1,Base,unseen,Sample-HR,0.8368,0.8368308351,3.083511777e-05,match,single heldout base run,BOUND/results/paper/rq1_package_recommendation/llama3.1/base_heldout_highrisk_eval.json,summary.sample_hallucination_rate,
tab:main_results_three_models,llama3.1|Base|unseen|Package-HR,llama3.1,Base,unseen,Package-HR,0.4295,0.4294549915,4.500854568e-05,match,single heldout base run,BOUND/results/paper/rq1_package_recommendation/llama3.1/base_heldout_highrisk_eval.json,summary.package_hallucination_rate,
tab:main_results_three_models,llama3.1|Base|unseen|Valid-Rate,llama3.1,Base,unseen,Valid-Rate,0.8182,0.8182012848,1.284796574e-06,match,single heldout base run,BOUND/results/paper/rq1_package_recommendation/llama3.1/base_heldout_highrisk_eval.json,summary.sample_valid_rate,
tab:main_results_three_models,llama3.1|BOUND|edit50|Sample-HR,llama3.1,BOUND,edit50,Sample-HR,0.318,0.318,5.551115123e-17,match,arithmetic mean across four folds,BOUND/results/paper/rq1_package_recommendation/llama3.1/fold_A/BOUND/eval_edit_prompts.json;BOUND/results/paper/rq1_package_recommendation/llama3.1/fold_B/BOUND/eval_edit_prompts.json;BOUND/results/paper/rq1_package_recommendation/llama3.1/fold_C/BOUND/eval_edit_prompts.json;BOUND/results/paper/rq1_package_recommendation/llama3.1/fold_D/BOUND/eval_edit_prompts.json,summary.edited_sample_hallucination_rate,
tab:main_results_three_models,llama3.1|BOUND|edit50|Package-HR,llama3.1,BOUND,edit50,Package-HR,0.1419,0.1418886187,1.13812514e-05,match,arithmetic mean across four folds,BOUND/results/paper/rq1_package_recommendation/llama3.1/fold_A/BOUND/eval_edit_prompts.json;BOUND/results/paper/rq1_package_recommendation/llama3.1/fold_B/BOUND/eval_edit_prompts.json;BOUND/results/paper/rq1_package_recommendation/llama3.1/fold_C/BOUND/eval_edit_prompts.json;BOUND/results/paper/rq1_package_recommendation/llama3.1/fold_D/BOUND/eval_edit_prompts.json,summary.edited_package_hallucination_rate,
tab:main_results_three_models,llama3.1|BOUND|edit50|Valid-Rate,llama3.1,BOUND,edit50,Valid-Rate,0.869,0.869,0,match,arithmetic mean across four folds,BOUND/results/paper/rq1_package_recommendation/llama3.1/fold_A/BOUND/eval_edit_prompts.json;BOUND/results/paper/rq1_package_recommendation/llama3.1/fold_B/BOUND/eval_edit_prompts.json;BOUND/results/paper/rq1_package_recommendation/llama3.1/fold_C/BOUND/eval_edit_prompts.json;BOUND/results/paper/rq1_package_recommendation/llama3.1/fold_D/BOUND/eval_edit_prompts.json,summary.edited_sample_valid_rate,
tab:main_results_three_models,llama3.1|BOUND|unseen|Sample-HR,llama3.1,BOUND,unseen,Sample-HR,0.4033,0.4032655246,3.447537473e-05,match,arithmetic mean across four folds,BOUND/results/paper/rq1_package_recommendation/llama3.1/fold_A/BOUND/eval_unseen_prompts.json;BOUND/results/paper/rq1_package_recommendation/llama3.1/fold_B/BOUND/eval_unseen_prompts.json;BOUND/results/paper/rq1_package_recommendation/llama3.1/fold_C/BOUND/eval_unseen_prompts.json;BOUND/results/paper/rq1_package_recommendation/llama3.1/fold_D/BOUND/eval_unseen_prompts.json,summary.edited_sample_hallucination_rate,
tab:main_results_three_models,llama3.1|BOUND|unseen|Package-HR,llama3.1,BOUND,unseen,Package-HR,0.1955,0.19546056,3.943995393e-05,match,arithmetic mean across four folds,BOUND/results/paper/rq1_package_recommendation/llama3.1/fold_A/BOUND/eval_unseen_prompts.json;BOUND/results/paper/rq1_package_recommendation/llama3.1/fold_B/BOUND/eval_unseen_prompts.json;BOUND/results/paper/rq1_package_recommendation/llama3.1/fold_C/BOUND/eval_unseen_prompts.json;BOUND/results/paper/rq1_package_recommendation/llama3.1/fold_D/BOUND/eval_unseen_prompts.json,summary.edited_package_hallucination_rate,
tab:main_results_three_models,llama3.1|BOUND|unseen|Valid-Rate,llama3.1,BOUND,unseen,Valid-Rate,0.8353,0.8353319058,3.190578158e-05,match,arithmetic mean across four folds,BOUND/results/paper/rq1_package_recommendation/llama3.1/fold_A/BOUND/eval_unseen_prompts.json;BOUND/results/paper/rq1_package_recommendation/llama3.1/fold_B/BOUND/eval_unseen_prompts.json;BOUND/results/paper/rq1_package_recommendation/llama3.1/fold_C/BOUND/eval_unseen_prompts.json;BOUND/results/paper/rq1_package_recommendation/llama3.1/fold_D/BOUND/eval_unseen_prompts.json,summary.edited_sample_valid_rate,
tab:main_results_three_models,llama3.1|ROME|edit50|Sample-HR,llama3.1,ROME,edit50,Sample-HR,0.159,0.159,0,match,arithmetic mean across four folds,BOUND/results/paper/rq1_package_recommendation/llama3.1/fold_A/ROME/eval_edit_prompts.json;BOUND/results/paper/rq1_package_recommendation/llama3.1/fold_B/ROME/eval_edit_prompts.json;BOUND/results/paper/rq1_package_recommendation/llama3.1/fold_C/ROME/eval_edit_prompts.json;BOUND/results/paper/rq1_package_recommendation/llama3.1/fold_D/ROME/eval_edit_prompts.json,summary.edited_sample_hallucination_rate,
tab:main_results_three_models,llama3.1|ROME|edit50|Package-HR,llama3.1,ROME,edit50,Package-HR,0.4297,0.4296666667,3.333333333e-05,match,arithmetic mean across four folds,BOUND/results/paper/rq1_package_recommendation/llama3.1/fold_A/ROME/eval_edit_prompts.json;BOUND/results/paper/rq1_package_recommendation/llama3.1/fold_B/ROME/eval_edit_prompts.json;BOUND/results/paper/rq1_package_recommendation/llama3.1/fold_C/ROME/eval_edit_prompts.json;BOUND/results/paper/rq1_package_recommendation/llama3.1/fold_D/ROME/eval_edit_prompts.json,summary.edited_package_hallucination_rate,
tab:main_results_three_models,llama3.1|ROME|edit50|Valid-Rate,llama3.1,ROME,edit50,Valid-Rate,0.011,0.011,0,match,arithmetic mean across four folds,BOUND/results/paper/rq1_package_recommendation/llama3.1/fold_A/ROME/eval_edit_prompts.json;BOUND/results/paper/rq1_package_recommendation/llama3.1/fold_B/ROME/eval_edit_prompts.json;BOUND/results/paper/rq1_package_recommendation/llama3.1/fold_C/ROME/eval_edit_prompts.json;BOUND/results/paper/rq1_package_recommendation/llama3.1/fold_D/ROME/eval_edit_prompts.json,summary.edited_sample_valid_rate,
tab:main_results_three_models,llama3.1|ROME|unseen|Sample-HR,llama3.1,ROME,unseen,Sample-HR,0.1587,0.1586723769,2.762312634e-05,match,arithmetic mean across four folds,BOUND/results/paper/rq1_package_recommendation/llama3.1/fold_A/ROME/eval_unseen_prompts.json;BOUND/results/paper/rq1_package_recommendation/llama3.1/fold_B/ROME/eval_unseen_prompts.json;BOUND/results/paper/rq1_package_recommendation/llama3.1/fold_C/ROME/eval_unseen_prompts.json;BOUND/results/paper/rq1_package_recommendation/llama3.1/fold_D/ROME/eval_unseen_prompts.json,summary.edited_sample_hallucination_rate,
tab:main_results_three_models,llama3.1|ROME|unseen|Package-HR,llama3.1,ROME,unseen,Package-HR,0.4325,0.4325236245,2.362451372e-05,match,arithmetic mean across four folds,BOUND/results/paper/rq1_package_recommendation/llama3.1/fold_A/ROME/eval_unseen_prompts.json;BOUND/results/paper/rq1_package_recommendation/llama3.1/fold_B/ROME/eval_unseen_prompts.json;BOUND/results/paper/rq1_package_recommendation/llama3.1/fold_C/ROME/eval_unseen_prompts.json;BOUND/results/paper/rq1_package_recommendation/llama3.1/fold_D/ROME/eval_unseen_prompts.json,summary.edited_package_hallucination_rate,
tab:main_results_three_models,llama3.1|ROME|unseen|Valid-Rate,llama3.1,ROME,unseen,Valid-Rate,0.0147,0.01466809422,3.190578158e-05,match,arithmetic mean across four folds,BOUND/results/paper/rq1_package_recommendation/llama3.1/fold_A/ROME/eval_unseen_prompts.json;BOUND/results/paper/rq1_package_recommendation/llama3.1/fold_B/ROME/eval_unseen_prompts.json;BOUND/results/paper/rq1_package_recommendation/llama3.1/fold_C/ROME/eval_unseen_prompts.json;BOUND/results/paper/rq1_package_recommendation/llama3.1/fold_D/ROME/eval_unseen_prompts.json,summary.edited_sample_valid_rate,
tab:main_results_three_models,llama3.1|MEMIT|edit50|Sample-HR,llama3.1,MEMIT,edit50,Sample-HR,0.734,0.734,0,match,arithmetic mean across four folds,BOUND/results/paper/rq1_package_recommendation/llama3.1/fold_A/MEMIT/eval_edit_prompts.json;BOUND/results/paper/rq1_package_recommendation/llama3.1/fold_B/MEMIT/eval_edit_prompts.json;BOUND/results/paper/rq1_package_recommendation/llama3.1/fold_C/MEMIT/eval_edit_prompts.json;BOUND/results/paper/rq1_package_recommendation/llama3.1/fold_D/MEMIT/eval_edit_prompts.json,summary.edited_sample_hallucination_rate,
tab:main_results_three_models,llama3.1|MEMIT|edit50|Package-HR,llama3.1,MEMIT,edit50,Package-HR,0.3899,0.3898479557,5.204429549e-05,rounding_only,arithmetic mean across four folds,BOUND/results/paper/rq1_package_recommendation/llama3.1/fold_A/MEMIT/eval_edit_prompts.json;BOUND/results/paper/rq1_package_recommendation/llama3.1/fold_B/MEMIT/eval_edit_prompts.json;BOUND/results/paper/rq1_package_recommendation/llama3.1/fold_C/MEMIT/eval_edit_prompts.json;BOUND/results/paper/rq1_package_recommendation/llama3.1/fold_D/MEMIT/eval_edit_prompts.json,summary.edited_package_hallucination_rate,
tab:main_results_three_models,llama3.1|MEMIT|edit50|Valid-Rate,llama3.1,MEMIT,edit50,Valid-Rate,0.831,0.831,1.110223025e-16,match,arithmetic mean across four folds,BOUND/results/paper/rq1_package_recommendation/llama3.1/fold_A/MEMIT/eval_edit_prompts.json;BOUND/results/paper/rq1_package_recommendation/llama3.1/fold_B/MEMIT/eval_edit_prompts.json;BOUND/results/paper/rq1_package_recommendation/llama3.1/fold_C/MEMIT/eval_edit_prompts.json;BOUND/results/paper/rq1_package_recommendation/llama3.1/fold_D/MEMIT/eval_edit_prompts.json,summary.edited_sample_valid_rate,
tab:main_results_three_models,llama3.1|MEMIT|unseen|Sample-HR,llama3.1,MEMIT,unseen,Sample-HR,0.7389,0.7388650964,3.490364026e-05,match,arithmetic mean across four folds,BOUND/results/paper/rq1_package_recommendation/llama3.1/fold_A/MEMIT/eval_unseen_prompts.json;BOUND/results/paper/rq1_package_recommendation/llama3.1/fold_B/MEMIT/eval_unseen_prompts.json;BOUND/results/paper/rq1_package_recommendation/llama3.1/fold_C/MEMIT/eval_unseen_prompts.json;BOUND/results/paper/rq1_package_recommendation/llama3.1/fold_D/MEMIT/eval_unseen_prompts.json,summary.edited_sample_hallucination_rate,
tab:main_results_three_models,llama3.1|MEMIT|unseen|Package-HR,llama3.1,MEMIT,unseen,Package-HR,0.387,0.3869769818,2.301820251e-05,match,arithmetic mean across four folds,BOUND/results/paper/rq1_package_recommendation/llama3.1/fold_A/MEMIT/eval_unseen_prompts.json;BOUND/results/paper/rq1_package_recommendation/llama3.1/fold_B/MEMIT/eval_unseen_prompts.json;BOUND/results/paper/rq1_package_recommendation/llama3.1/fold_C/MEMIT/eval_unseen_prompts.json;BOUND/results/paper/rq1_package_recommendation/llama3.1/fold_D/MEMIT/eval_unseen_prompts.json,summary.edited_package_hallucination_rate,
tab:main_results_three_models,llama3.1|MEMIT|unseen|Valid-Rate,llama3.1,MEMIT,unseen,Valid-Rate,0.8304,0.8304603854,6.038543897e-05,rounding_only,arithmetic mean across four folds,BOUND/results/paper/rq1_package_recommendation/llama3.1/fold_A/MEMIT/eval_unseen_prompts.json;BOUND/results/paper/rq1_package_recommendation/llama3.1/fold_B/MEMIT/eval_unseen_prompts.json;BOUND/results/paper/rq1_package_recommendation/llama3.1/fold_C/MEMIT/eval_unseen_prompts.json;BOUND/results/paper/rq1_package_recommendation/llama3.1/fold_D/MEMIT/eval_unseen_prompts.json,summary.edited_sample_valid_rate,
tab:main_results_three_models,llama3.1|DINM|edit50|Sample-HR,llama3.1,DINM,edit50,Sample-HR,0.032,0.032,0,match,arithmetic mean across four folds,BOUND/results/paper/rq1_package_recommendation/llama3.1/fold_A/DINM/eval_edit_prompts.json;BOUND/results/paper/rq1_package_recommendation/llama3.1/fold_B/DINM/eval_edit_prompts.json;BOUND/results/paper/rq1_package_recommendation/llama3.1/fold_C/DINM/eval_edit_prompts.json;BOUND/results/paper/rq1_package_recommendation/llama3.1/fold_D/DINM/eval_edit_prompts.json,summary.edited_sample_hallucination_rate,
tab:main_results_three_models,llama3.1|DINM|edit50|Package-HR,llama3.1,DINM,edit50,Package-HR,0.0423,0.04226190476,3.80952381e-05,match,arithmetic mean across four folds,BOUND/results/paper/rq1_package_recommendation/llama3.1/fold_A/DINM/eval_edit_prompts.json;BOUND/results/paper/rq1_package_recommendation/llama3.1/fold_B/DINM/eval_edit_prompts.json;BOUND/results/paper/rq1_package_recommendation/llama3.1/fold_C/DINM/eval_edit_prompts.json;BOUND/results/paper/rq1_package_recommendation/llama3.1/fold_D/DINM/eval_edit_prompts.json,summary.edited_package_hallucination_rate,
tab:main_results_three_models,llama3.1|DINM|edit50|Valid-Rate,llama3.1,DINM,edit50,Valid-Rate,0.271,0.271,5.551115123e-17,match,arithmetic mean across four folds,BOUND/results/paper/rq1_package_recommendation/llama3.1/fold_A/DINM/eval_edit_prompts.json;BOUND/results/paper/rq1_package_recommendation/llama3.1/fold_B/DINM/eval_edit_prompts.json;BOUND/results/paper/rq1_package_recommendation/llama3.1/fold_C/DINM/eval_edit_prompts.json;BOUND/results/paper/rq1_package_recommendation/llama3.1/fold_D/DINM/eval_edit_prompts.json,summary.edited_sample_valid_rate,
tab:main_results_three_models,llama3.1|DINM|unseen|Sample-HR,llama3.1,DINM,unseen,Sample-HR,0.0387,0.03870449679,4.496788009e-06,match,arithmetic mean across four folds,BOUND/results/paper/rq1_package_recommendation/llama3.1/fold_A/DINM/eval_unseen_prompts.json;BOUND/results/paper/rq1_package_recommendation/llama3.1/fold_B/DINM/eval_unseen_prompts.json;BOUND/results/paper/rq1_package_recommendation/llama3.1/fold_C/DINM/eval_unseen_prompts.json;BOUND/results/paper/rq1_package_recommendation/llama3.1/fold_D/DINM/eval_unseen_prompts.json,summary.edited_sample_hallucination_rate,
tab:main_results_three_models,llama3.1|DINM|unseen|Package-HR,llama3.1,DINM,unseen,Package-HR,0.059,0.05895767776,4.232223879e-05,match,arithmetic mean across four folds,BOUND/results/paper/rq1_package_recommendation/llama3.1/fold_A/DINM/eval_unseen_prompts.json;BOUND/results/paper/rq1_package_recommendation/llama3.1/fold_B/DINM/eval_unseen_prompts.json;BOUND/results/paper/rq1_package_recommendation/llama3.1/fold_C/DINM/eval_unseen_prompts.json;BOUND/results/paper/rq1_package_recommendation/llama3.1/fold_D/DINM/eval_unseen_prompts.json,summary.edited_package_hallucination_rate,
tab:main_results_three_models,llama3.1|DINM|unseen|Valid-Rate,llama3.1,DINM,unseen,Valid-Rate,0.2591,0.2590471092,5.289079229e-05,rounding_only,arithmetic mean across four folds,BOUND/results/paper/rq1_package_recommendation/llama3.1/fold_A/DINM/eval_unseen_prompts.json;BOUND/results/paper/rq1_package_recommendation/llama3.1/fold_B/DINM/eval_unseen_prompts.json;BOUND/results/paper/rq1_package_recommendation/llama3.1/fold_C/DINM/eval_unseen_prompts.json;BOUND/results/paper/rq1_package_recommendation/llama3.1/fold_D/DINM/eval_unseen_prompts.json,summary.edited_sample_valid_rate,
tab:main_results_three_models,llama3.1|Full-FT|edit50|Sample-HR,llama3.1,Full-FT,edit50,Sample-HR,0.511,0.511,0,match,arithmetic mean across four folds,BOUND/results/paper/rq1_package_recommendation/llama3.1/fold_A/Full-FT/eval_edit_prompts.json;BOUND/results/paper/rq1_package_recommendation/llama3.1/fold_B/Full-FT/eval_edit_prompts.json;BOUND/results/paper/rq1_package_recommendation/llama3.1/fold_C/Full-FT/eval_edit_prompts.json;BOUND/results/paper/rq1_package_recommendation/llama3.1/fold_D/Full-FT/eval_edit_prompts.json,summary.edited_sample_hallucination_rate,
tab:main_results_three_models,llama3.1|Full-FT|edit50|Package-HR,llama3.1,Full-FT,edit50,Package-HR,0.3064,0.3064309157,3.091574734e-05,match,arithmetic mean across four folds,BOUND/results/paper/rq1_package_recommendation/llama3.1/fold_A/Full-FT/eval_edit_prompts.json;BOUND/results/paper/rq1_package_recommendation/llama3.1/fold_B/Full-FT/eval_edit_prompts.json;BOUND/results/paper/rq1_package_recommendation/llama3.1/fold_C/Full-FT/eval_edit_prompts.json;BOUND/results/paper/rq1_package_recommendation/llama3.1/fold_D/Full-FT/eval_edit_prompts.json,summary.edited_package_hallucination_rate,
tab:main_results_three_models,llama3.1|Full-FT|edit50|Valid-Rate,llama3.1,Full-FT,edit50,Valid-Rate,0.866,0.866,0,match,arithmetic mean across four folds,BOUND/results/paper/rq1_package_recommendation/llama3.1/fold_A/Full-FT/eval_edit_prompts.json;BOUND/results/paper/rq1_package_recommendation/llama3.1/fold_B/Full-FT/eval_edit_prompts.json;BOUND/results/paper/rq1_package_recommendation/llama3.1/fold_C/Full-FT/eval_edit_prompts.json;BOUND/results/paper/rq1_package_recommendation/llama3.1/fold_D/Full-FT/eval_edit_prompts.json,summary.edited_sample_valid_rate,
tab:main_results_three_models,llama3.1|Full-FT|unseen|Sample-HR,llama3.1,Full-FT,unseen,Sample-HR,0.5592,0.5592077088,7.708779443e-06,match,arithmetic mean across four folds,BOUND/results/paper/rq1_package_recommendation/llama3.1/fold_A/Full-FT/eval_unseen_prompts.json;BOUND/results/paper/rq1_package_recommendation/llama3.1/fold_B/Full-FT/eval_unseen_prompts.json;BOUND/results/paper/rq1_package_recommendation/llama3.1/fold_C/Full-FT/eval_unseen_prompts.json;BOUND/results/paper/rq1_package_recommendation/llama3.1/fold_D/Full-FT/eval_unseen_prompts.json,summary.edited_sample_hallucination_rate,
tab:main_results_three_models,llama3.1|Full-FT|unseen|Package-HR,llama3.1,Full-FT,unseen,Package-HR,0.3546,0.3546440996,4.40995757e-05,match,arithmetic mean across four folds,BOUND/results/paper/rq1_package_recommendation/llama3.1/fold_A/Full-FT/eval_unseen_prompts.json;BOUND/results/paper/rq1_package_recommendation/llama3.1/fold_B/Full-FT/eval_unseen_prompts.json;BOUND/results/paper/rq1_package_recommendation/llama3.1/fold_C/Full-FT/eval_unseen_prompts.json;BOUND/results/paper/rq1_package_recommendation/llama3.1/fold_D/Full-FT/eval_unseen_prompts.json,summary.edited_package_hallucination_rate,
tab:main_results_three_models,llama3.1|Full-FT|unseen|Valid-Rate,llama3.1,Full-FT,unseen,Valid-Rate,0.8265,0.8265524625,5.246252677e-05,rounding_only,arithmetic mean across four folds,BOUND/results/paper/rq1_package_recommendation/llama3.1/fold_A/Full-FT/eval_unseen_prompts.json;BOUND/results/paper/rq1_package_recommendation/llama3.1/fold_B/Full-FT/eval_unseen_prompts.json;BOUND/results/paper/rq1_package_recommendation/llama3.1/fold_C/Full-FT/eval_unseen_prompts.json;BOUND/results/paper/rq1_package_recommendation/llama3.1/fold_D/Full-FT/eval_unseen_prompts.json,summary.edited_sample_valid_rate,
tab:main_results_three_models,llama3.1|Self-Refinement|edit50|Sample-HR,llama3.1,Self-Refinement,edit50,Sample-HR,0.712,0.712,1.110223025e-16,match,arithmetic mean across four folds,BOUND/results/paper/rq1_package_recommendation/llama3.1/fold_A/self_refinement/eval_edit50.json;BOUND/results/paper/rq1_package_recommendation/llama3.1/fold_B/self_refinement/eval_edit50.json;BOUND/results/paper/rq1_package_recommendation/llama3.1/fold_C/self_refinement/eval_edit50.json;BOUND/results/paper/rq1_package_recommendation/llama3.1/fold_D/self_refinement/eval_edit50.json,summary.sample_hallucination_rate,
tab:main_results_three_models,llama3.1|Self-Refinement|edit50|Package-HR,llama3.1,Self-Refinement,edit50,Package-HR,0.3897,0.3896896605,1.033952896e-05,match,arithmetic mean across four folds,BOUND/results/paper/rq1_package_recommendation/llama3.1/fold_A/self_refinement/eval_edit50.json;BOUND/results/paper/rq1_package_recommendation/llama3.1/fold_B/self_refinement/eval_edit50.json;BOUND/results/paper/rq1_package_recommendation/llama3.1/fold_C/self_refinement/eval_edit50.json;BOUND/results/paper/rq1_package_recommendation/llama3.1/fold_D/self_refinement/eval_edit50.json,summary.package_hallucination_rate,
tab:main_results_three_models,llama3.1|Self-Refinement|edit50|Valid-Rate,llama3.1,Self-Refinement,edit50,Valid-Rate,0.774,0.774,0,match,arithmetic mean across four folds,BOUND/results/paper/rq1_package_recommendation/llama3.1/fold_A/self_refinement/eval_edit50.json;BOUND/results/paper/rq1_package_recommendation/llama3.1/fold_B/self_refinement/eval_edit50.json;BOUND/results/paper/rq1_package_recommendation/llama3.1/fold_C/self_refinement/eval_edit50.json;BOUND/results/paper/rq1_package_recommendation/llama3.1/fold_D/self_refinement/eval_edit50.json,summary.sample_valid_rate,
tab:main_results_three_models,llama3.1|Self-Refinement|unseen|Sample-HR,llama3.1,Self-Refinement,unseen,Sample-HR,,,,not_applicable,not applicable,,not produced,Self-Refinement is edit-time inference only
tab:main_results_three_models,llama3.1|Self-Refinement|unseen|Package-HR,llama3.1,Self-Refinement,unseen,Package-HR,,,,not_applicable,not applicable,,not produced,Self-Refinement is edit-time inference only
tab:main_results_three_models,llama3.1|Self-Refinement|unseen|Valid-Rate,llama3.1,Self-Refinement,unseen,Valid-Rate,,,,not_applicable,not applicable,,not produced,Self-Refinement is edit-time inference only
tab:main_results_three_models,qwen3|Base|edit50|Sample-HR,qwen3,Base,edit50,Sample-HR,0.904,0.904,0,match,arithmetic mean across four folds,BOUND/results/paper/rq1_package_recommendation/qwen3/fold_A/base_edit50_eval.json;BOUND/results/paper/rq1_package_recommendation/qwen3/fold_B/base_edit50_eval.json;BOUND/results/paper/rq1_package_recommendation/qwen3/fold_C/base_edit50_eval.json;BOUND/results/paper/rq1_package_recommendation/qwen3/fold_D/base_edit50_eval.json,summary.sample_hallucination_rate,
tab:main_results_three_models,qwen3|Base|edit50|Package-HR,qwen3,Base,edit50,Package-HR,0.4991,0.4991029864,2.986401399e-06,match,arithmetic mean across four folds,BOUND/results/paper/rq1_package_recommendation/qwen3/fold_A/base_edit50_eval.json;BOUND/results/paper/rq1_package_recommendation/qwen3/fold_B/base_edit50_eval.json;BOUND/results/paper/rq1_package_recommendation/qwen3/fold_C/base_edit50_eval.json;BOUND/results/paper/rq1_package_recommendation/qwen3/fold_D/base_edit50_eval.json,summary.package_hallucination_rate,
tab:main_results_three_models,qwen3|Base|edit50|Valid-Rate,qwen3,Base,edit50,Valid-Rate,0.762,0.762,0,match,arithmetic mean across four folds,BOUND/results/paper/rq1_package_recommendation/qwen3/fold_A/base_edit50_eval.json;BOUND/results/paper/rq1_package_recommendation/qwen3/fold_B/base_edit50_eval.json;BOUND/results/paper/rq1_package_recommendation/qwen3/fold_C/base_edit50_eval.json;BOUND/results/paper/rq1_package_recommendation/qwen3/fold_D/base_edit50_eval.json,summary.sample_valid_rate,
tab:main_results_three_models,qwen3|Base|unseen|Sample-HR,qwen3,Base,unseen,Sample-HR,0.9017,0.9017114914,1.149144254e-05,match,single heldout base run,BOUND/results/paper/rq1_package_recommendation/qwen3/base_heldout_highrisk_eval.json,summary.sample_hallucination_rate,
tab:main_results_three_models,qwen3|Base|unseen|Package-HR,qwen3,Base,unseen,Package-HR,0.4555,0.4555250418,2.504183284e-05,match,single heldout base run,BOUND/results/paper/rq1_package_recommendation/qwen3/base_heldout_highrisk_eval.json,summary.package_hallucination_rate,
tab:main_results_three_models,qwen3|Base|unseen|Valid-Rate,qwen3,Base,unseen,Valid-Rate,0.799,0.7990220049,2.200488998e-05,match,single heldout base run,BOUND/results/paper/rq1_package_recommendation/qwen3/base_heldout_highrisk_eval.json,summary.sample_valid_rate,
tab:main_results_three_models,qwen3|BOUND|edit50|Sample-HR,qwen3,BOUND,edit50,Sample-HR,0.099,0.099,0,match,arithmetic mean across four folds,BOUND/results/paper/rq1_package_recommendation/qwen3/fold_A/BOUND/eval_edit_prompts.json;BOUND/results/paper/rq1_package_recommendation/qwen3/fold_B/BOUND/eval_edit_prompts.json;BOUND/results/paper/rq1_package_recommendation/qwen3/fold_C/BOUND/eval_edit_prompts.json;BOUND/results/paper/rq1_package_recommendation/qwen3/fold_D/BOUND/eval_edit_prompts.json,summary.edited_sample_hallucination_rate,
tab:main_results_three_models,qwen3|BOUND|edit50|Package-HR,qwen3,BOUND,edit50,Package-HR,0.0526,0.05264558538,4.558537926e-05,match,arithmetic mean across four folds,BOUND/results/paper/rq1_package_recommendation/qwen3/fold_A/BOUND/eval_edit_prompts.json;BOUND/results/paper/rq1_package_recommendation/qwen3/fold_B/BOUND/eval_edit_prompts.json;BOUND/results/paper/rq1_package_recommendation/qwen3/fold_C/BOUND/eval_edit_prompts.json;BOUND/results/paper/rq1_package_recommendation/qwen3/fold_D/BOUND/eval_edit_prompts.json,summary.edited_package_hallucination_rate,
tab:main_results_three_models,qwen3|BOUND|edit50|Valid-Rate,qwen3,BOUND,edit50,Valid-Rate,0.741,0.741,1.110223025e-16,match,arithmetic mean across four folds,BOUND/results/paper/rq1_package_recommendation/qwen3/fold_A/BOUND/eval_edit_prompts.json;BOUND/results/paper/rq1_package_recommendation/qwen3/fold_B/BOUND/eval_edit_prompts.json;BOUND/results/paper/rq1_package_recommendation/qwen3/fold_C/BOUND/eval_edit_prompts.json;BOUND/results/paper/rq1_package_recommendation/qwen3/fold_D/BOUND/eval_edit_prompts.json,summary.edited_sample_valid_rate,
tab:main_results_three_models,qwen3|BOUND|unseen|Sample-HR,qwen3,BOUND,unseen,Sample-HR,0.1595,0.1595354523,3.545232274e-05,match,arithmetic mean across four folds,BOUND/results/paper/rq1_package_recommendation/qwen3/fold_A/BOUND/eval_unseen_prompts.json;BOUND/results/paper/rq1_package_recommendation/qwen3/fold_B/BOUND/eval_unseen_prompts.json;BOUND/results/paper/rq1_package_recommendation/qwen3/fold_C/BOUND/eval_unseen_prompts.json;BOUND/results/paper/rq1_package_recommendation/qwen3/fold_D/BOUND/eval_unseen_prompts.json,summary.edited_sample_hallucination_rate,
tab:main_results_three_models,qwen3|BOUND|unseen|Package-HR,qwen3,BOUND,unseen,Package-HR,0.0927,0.09274316416,4.316416462e-05,match,arithmetic mean across four folds,BOUND/results/paper/rq1_package_recommendation/qwen3/fold_A/BOUND/eval_unseen_prompts.json;BOUND/results/paper/rq1_package_recommendation/qwen3/fold_B/BOUND/eval_unseen_prompts.json;BOUND/results/paper/rq1_package_recommendation/qwen3/fold_C/BOUND/eval_unseen_prompts.json;BOUND/results/paper/rq1_package_recommendation/qwen3/fold_D/BOUND/eval_unseen_prompts.json,summary.edited_package_hallucination_rate,
tab:main_results_three_models,qwen3|BOUND|unseen|Valid-Rate,qwen3,BOUND,unseen,Valid-Rate,0.7434,0.743398533,1.466992665e-06,match,arithmetic mean across four folds,BOUND/results/paper/rq1_package_recommendation/qwen3/fold_A/BOUND/eval_unseen_prompts.json;BOUND/results/paper/rq1_package_recommendation/qwen3/fold_B/BOUND/eval_unseen_prompts.json;BOUND/results/paper/rq1_package_recommendation/qwen3/fold_C/BOUND/eval_unseen_prompts.json;BOUND/results/paper/rq1_package_recommendation/qwen3/fold_D/BOUND/eval_unseen_prompts.json,summary.edited_sample_valid_rate,
tab:main_results_three_models,qwen3|ROME|edit50|Sample-HR,qwen3,ROME,edit50,Sample-HR,0.376,0.376,1.110223025e-16,match,arithmetic mean across four folds,BOUND/results/paper/rq1_package_recommendation/qwen3/fold_A/ROME/eval_edit_prompts.json;BOUND/results/paper/rq1_package_recommendation/qwen3/fold_B/ROME/eval_edit_prompts.json;BOUND/results/paper/rq1_package_recommendation/qwen3/fold_C/ROME/eval_edit_prompts.json;BOUND/results/paper/rq1_package_recommendation/qwen3/fold_D/ROME/eval_edit_prompts.json,summary.edited_sample_hallucination_rate,
tab:main_results_three_models,qwen3|ROME|edit50|Package-HR,qwen3,ROME,edit50,Package-HR,0.1879,0.1878868669,1.313308878e-05,match,arithmetic mean across four folds,BOUND/results/paper/rq1_package_recommendation/qwen3/fold_A/ROME/eval_edit_prompts.json;BOUND/results/paper/rq1_package_recommendation/qwen3/fold_B/ROME/eval_edit_prompts.json;BOUND/results/paper/rq1_package_recommendation/qwen3/fold_C/ROME/eval_edit_prompts.json;BOUND/results/paper/rq1_package_recommendation/qwen3/fold_D/ROME/eval_edit_prompts.json,summary.edited_package_hallucination_rate,
tab:main_results_three_models,qwen3|ROME|edit50|Valid-Rate,qwen3,ROME,edit50,Valid-Rate,0.664,0.664,1.110223025e-16,match,arithmetic mean across four folds,BOUND/results/paper/rq1_package_recommendation/qwen3/fold_A/ROME/eval_edit_prompts.json;BOUND/results/paper/rq1_package_recommendation/qwen3/fold_B/ROME/eval_edit_prompts.json;BOUND/results/paper/rq1_package_recommendation/qwen3/fold_C/ROME/eval_edit_prompts.json;BOUND/results/paper/rq1_package_recommendation/qwen3/fold_D/ROME/eval_edit_prompts.json,summary.edited_sample_valid_rate,
tab:main_results_three_models,qwen3|ROME|unseen|Sample-HR,qwen3,ROME,unseen,Sample-HR,0.6069,0.6068459658,5.403422983e-05,rounding_only,arithmetic mean across four folds,BOUND/results/paper/rq1_package_recommendation/qwen3/fold_A/ROME/eval_unseen_prompts.json;BOUND/results/paper/rq1_package_recommendation/qwen3/fold_B/ROME/eval_unseen_prompts.json;BOUND/results/paper/rq1_package_recommendation/qwen3/fold_C/ROME/eval_unseen_prompts.json;BOUND/results/paper/rq1_package_recommendation/qwen3/fold_D/ROME/eval_unseen_prompts.json,summary.edited_sample_hallucination_rate,
tab:main_results_three_models,qwen3|ROME|unseen|Package-HR,qwen3,ROME,unseen,Package-HR,0.4036,0.4035766841,2.331586655e-05,match,arithmetic mean across four folds,BOUND/results/paper/rq1_package_recommendation/qwen3/fold_A/ROME/eval_unseen_prompts.json;BOUND/results/paper/rq1_package_recommendation/qwen3/fold_B/ROME/eval_unseen_prompts.json;BOUND/results/paper/rq1_package_recommendation/qwen3/fold_C/ROME/eval_unseen_prompts.json;BOUND/results/paper/rq1_package_recommendation/qwen3/fold_D/ROME/eval_unseen_prompts.json,summary.edited_package_hallucination_rate,
tab:main_results_three_models,qwen3|ROME|unseen|Valid-Rate,qwen3,ROME,unseen,Valid-Rate,0.4475,0.4474327628,6.723716381e-05,rounding_only,arithmetic mean across four folds,BOUND/results/paper/rq1_package_recommendation/qwen3/fold_A/ROME/eval_unseen_prompts.json;BOUND/results/paper/rq1_package_recommendation/qwen3/fold_B/ROME/eval_unseen_prompts.json;BOUND/results/paper/rq1_package_recommendation/qwen3/fold_C/ROME/eval_unseen_prompts.json;BOUND/results/paper/rq1_package_recommendation/qwen3/fold_D/ROME/eval_unseen_prompts.json,summary.edited_sample_valid_rate,
tab:main_results_three_models,qwen3|MEMIT|edit50|Sample-HR,qwen3,MEMIT,edit50,Sample-HR,0.844,0.844,1.110223025e-16,match,arithmetic mean across four folds,BOUND/results/paper/rq1_package_recommendation/qwen3/fold_A/MEMIT/eval_edit_prompts.json;BOUND/results/paper/rq1_package_recommendation/qwen3/fold_B/MEMIT/eval_edit_prompts.json;BOUND/results/paper/rq1_package_recommendation/qwen3/fold_C/MEMIT/eval_edit_prompts.json;BOUND/results/paper/rq1_package_recommendation/qwen3/fold_D/MEMIT/eval_edit_prompts.json,summary.edited_sample_hallucination_rate,
tab:main_results_three_models,qwen3|MEMIT|edit50|Package-HR,qwen3,MEMIT,edit50,Package-HR,0.4757,0.4757231559,2.315590704e-05,match,arithmetic mean across four folds,BOUND/results/paper/rq1_package_recommendation/qwen3/fold_A/MEMIT/eval_edit_prompts.json;BOUND/results/paper/rq1_package_recommendation/qwen3/fold_B/MEMIT/eval_edit_prompts.json;BOUND/results/paper/rq1_package_recommendation/qwen3/fold_C/MEMIT/eval_edit_prompts.json;BOUND/results/paper/rq1_package_recommendation/qwen3/fold_D/MEMIT/eval_edit_prompts.json,summary.edited_package_hallucination_rate,
tab:main_results_three_models,qwen3|MEMIT|edit50|Valid-Rate,qwen3,MEMIT,edit50,Valid-Rate,0.752,0.752,0,match,arithmetic mean across four folds,BOUND/results/paper/rq1_package_recommendation/qwen3/fold_A/MEMIT/eval_edit_prompts.json;BOUND/results/paper/rq1_package_recommendation/qwen3/fold_B/MEMIT/eval_edit_prompts.json;BOUND/results/paper/rq1_package_recommendation/qwen3/fold_C/MEMIT/eval_edit_prompts.json;BOUND/results/paper/rq1_package_recommendation/qwen3/fold_D/MEMIT/eval_edit_prompts.json,summary.edited_sample_valid_rate,
tab:main_results_three_models,qwen3|MEMIT|unseen|Sample-HR,qwen3,MEMIT,unseen,Sample-HR,0.8318,0.8317848411,1.51589242e-05,match,arithmetic mean across four folds,BOUND/results/paper/rq1_package_recommendation/qwen3/fold_A/MEMIT/eval_unseen_prompts.json;BOUND/results/paper/rq1_package_recommendation/qwen3/fold_B/MEMIT/eval_unseen_prompts.json;BOUND/results/paper/rq1_package_recommendation/qwen3/fold_C/MEMIT/eval_unseen_prompts.json;BOUND/results/paper/rq1_package_recommendation/qwen3/fold_D/MEMIT/eval_unseen_prompts.json,summary.edited_sample_hallucination_rate,
tab:main_results_three_models,qwen3|MEMIT|unseen|Package-HR,qwen3,MEMIT,unseen,Package-HR,0.4423,0.4422707228,2.927718496e-05,match,arithmetic mean across four folds,BOUND/results/paper/rq1_package_recommendation/qwen3/fold_A/MEMIT/eval_unseen_prompts.json;BOUND/results/paper/rq1_package_recommendation/qwen3/fold_B/MEMIT/eval_unseen_prompts.json;BOUND/results/paper/rq1_package_recommendation/qwen3/fold_C/MEMIT/eval_unseen_prompts.json;BOUND/results/paper/rq1_package_recommendation/qwen3/fold_D/MEMIT/eval_unseen_prompts.json,summary.edited_package_hallucination_rate,
tab:main_results_three_models,qwen3|MEMIT|unseen|Valid-Rate,qwen3,MEMIT,unseen,Valid-Rate,0.7883,0.7882640587,3.594132029e-05,match,arithmetic mean across four folds,BOUND/results/paper/rq1_package_recommendation/qwen3/fold_A/MEMIT/eval_unseen_prompts.json;BOUND/results/paper/rq1_package_recommendation/qwen3/fold_B/MEMIT/eval_unseen_prompts.json;BOUND/results/paper/rq1_package_recommendation/qwen3/fold_C/MEMIT/eval_unseen_prompts.json;BOUND/results/paper/rq1_package_recommendation/qwen3/fold_D/MEMIT/eval_unseen_prompts.json,summary.edited_sample_valid_rate,
tab:main_results_three_models,qwen3|DINM|edit50|Sample-HR,qwen3,DINM,edit50,Sample-HR,0.767,0.767,1.110223025e-16,match,arithmetic mean across four folds,BOUND/results/paper/rq1_package_recommendation/qwen3/fold_A/DINM/eval_edit_prompts.json;BOUND/results/paper/rq1_package_recommendation/qwen3/fold_B/DINM/eval_edit_prompts.json;BOUND/results/paper/rq1_package_recommendation/qwen3/fold_C/DINM/eval_edit_prompts.json;BOUND/results/paper/rq1_package_recommendation/qwen3/fold_D/DINM/eval_edit_prompts.json,summary.edited_sample_hallucination_rate,
tab:main_results_three_models,qwen3|DINM|edit50|Package-HR,qwen3,DINM,edit50,Package-HR,0.4372,0.4372223486,2.234858473e-05,match,arithmetic mean across four folds,BOUND/results/paper/rq1_package_recommendation/qwen3/fold_A/DINM/eval_edit_prompts.json;BOUND/results/paper/rq1_package_recommendation/qwen3/fold_B/DINM/eval_edit_prompts.json;BOUND/results/paper/rq1_package_recommendation/qwen3/fold_C/DINM/eval_edit_prompts.json;BOUND/results/paper/rq1_package_recommendation/qwen3/fold_D/DINM/eval_edit_prompts.json,summary.edited_package_hallucination_rate,
tab:main_results_three_models,qwen3|DINM|edit50|Valid-Rate,qwen3,DINM,edit50,Valid-Rate,0.748,0.748,0,match,arithmetic mean across four folds,BOUND/results/paper/rq1_package_recommendation/qwen3/fold_A/DINM/eval_edit_prompts.json;BOUND/results/paper/rq1_package_recommendation/qwen3/fold_B/DINM/eval_edit_prompts.json;BOUND/results/paper/rq1_package_recommendation/qwen3/fold_C/DINM/eval_edit_prompts.json;BOUND/results/paper/rq1_package_recommendation/qwen3/fold_D/DINM/eval_edit_prompts.json,summary.edited_sample_valid_rate,
tab:main_results_three_models,qwen3|DINM|unseen|Sample-HR,qwen3,DINM,unseen,Sample-HR,0.7545,0.7545232274,2.322738386e-05,match,arithmetic mean across four folds,BOUND/results/paper/rq1_package_recommendation/qwen3/fold_A/DINM/eval_unseen_prompts.json;BOUND/results/paper/rq1_package_recommendation/qwen3/fold_B/DINM/eval_unseen_prompts.json;BOUND/results/paper/rq1_package_recommendation/qwen3/fold_C/DINM/eval_unseen_prompts.json;BOUND/results/paper/rq1_package_recommendation/qwen3/fold_D/DINM/eval_unseen_prompts.json,summary.edited_sample_hallucination_rate,
tab:main_results_three_models,qwen3|DINM|unseen|Package-HR,qwen3,DINM,unseen,Package-HR,0.4124,0.4123711512,2.88488269e-05,match,arithmetic mean across four folds,BOUND/results/paper/rq1_package_recommendation/qwen3/fold_A/DINM/eval_unseen_prompts.json;BOUND/results/paper/rq1_package_recommendation/qwen3/fold_B/DINM/eval_unseen_prompts.json;BOUND/results/paper/rq1_package_recommendation/qwen3/fold_C/DINM/eval_unseen_prompts.json;BOUND/results/paper/rq1_package_recommendation/qwen3/fold_D/DINM/eval_unseen_prompts.json,summary.edited_package_hallucination_rate,
tab:main_results_three_models,qwen3|DINM|unseen|Valid-Rate,qwen3,DINM,unseen,Valid-Rate,0.7791,0.7790953545,4.645476772e-06,match,arithmetic mean across four folds,BOUND/results/paper/rq1_package_recommendation/qwen3/fold_A/DINM/eval_unseen_prompts.json;BOUND/results/paper/rq1_package_recommendation/qwen3/fold_B/DINM/eval_unseen_prompts.json;BOUND/results/paper/rq1_package_recommendation/qwen3/fold_C/DINM/eval_unseen_prompts.json;BOUND/results/paper/rq1_package_recommendation/qwen3/fold_D/DINM/eval_unseen_prompts.json,summary.edited_sample_valid_rate,
tab:main_results_three_models,qwen3|Full-FT|edit50|Sample-HR,qwen3,Full-FT,edit50,Sample-HR,0.146,0.146,2.775557562e-17,match,arithmetic mean across four folds,BOUND/results/paper/rq1_package_recommendation/qwen3/fold_A/Full-FT/eval_edit_prompts.json;BOUND/results/paper/rq1_package_recommendation/qwen3/fold_B/Full-FT/eval_edit_prompts.json;BOUND/results/paper/rq1_package_recommendation/qwen3/fold_C/Full-FT/eval_edit_prompts.json;BOUND/results/paper/rq1_package_recommendation/qwen3/fold_D/Full-FT/eval_edit_prompts.json,summary.edited_sample_hallucination_rate,
tab:main_results_three_models,qwen3|Full-FT|edit50|Package-HR,qwen3,Full-FT,edit50,Package-HR,0.0895,0.0895387747,3.877469608e-05,match,arithmetic mean across four folds,BOUND/results/paper/rq1_package_recommendation/qwen3/fold_A/Full-FT/eval_edit_prompts.json;BOUND/results/paper/rq1_package_recommendation/qwen3/fold_B/Full-FT/eval_edit_prompts.json;BOUND/results/paper/rq1_package_recommendation/qwen3/fold_C/Full-FT/eval_edit_prompts.json;BOUND/results/paper/rq1_package_recommendation/qwen3/fold_D/Full-FT/eval_edit_prompts.json,summary.edited_package_hallucination_rate,
tab:main_results_three_models,qwen3|Full-FT|edit50|Valid-Rate,qwen3,Full-FT,edit50,Valid-Rate,0.778,0.778,1.110223025e-16,match,arithmetic mean across four folds,BOUND/results/paper/rq1_package_recommendation/qwen3/fold_A/Full-FT/eval_edit_prompts.json;BOUND/results/paper/rq1_package_recommendation/qwen3/fold_B/Full-FT/eval_edit_prompts.json;BOUND/results/paper/rq1_package_recommendation/qwen3/fold_C/Full-FT/eval_edit_prompts.json;BOUND/results/paper/rq1_package_recommendation/qwen3/fold_D/Full-FT/eval_edit_prompts.json,summary.edited_sample_valid_rate,
tab:main_results_three_models,qwen3|Full-FT|unseen|Sample-HR,qwen3,Full-FT,unseen,Sample-HR,0.3341,0.3341075795,7.579462103e-06,match,arithmetic mean across four folds,BOUND/results/paper/rq1_package_recommendation/qwen3/fold_A/Full-FT/eval_unseen_prompts.json;BOUND/results/paper/rq1_package_recommendation/qwen3/fold_B/Full-FT/eval_unseen_prompts.json;BOUND/results/paper/rq1_package_recommendation/qwen3/fold_C/Full-FT/eval_unseen_prompts.json;BOUND/results/paper/rq1_package_recommendation/qwen3/fold_D/Full-FT/eval_unseen_prompts.json,summary.edited_sample_hallucination_rate,
tab:main_results_three_models,qwen3|Full-FT|unseen|Package-HR,qwen3,Full-FT,unseen,Package-HR,0.2572,0.257166839,3.316097433e-05,match,arithmetic mean across four folds,BOUND/results/paper/rq1_package_recommendation/qwen3/fold_A/Full-FT/eval_unseen_prompts.json;BOUND/results/paper/rq1_package_recommendation/qwen3/fold_B/Full-FT/eval_unseen_prompts.json;BOUND/results/paper/rq1_package_recommendation/qwen3/fold_C/Full-FT/eval_unseen_prompts.json;BOUND/results/paper/rq1_package_recommendation/qwen3/fold_D/Full-FT/eval_unseen_prompts.json,summary.edited_package_hallucination_rate,
tab:main_results_three_models,qwen3|Full-FT|unseen|Valid-Rate,qwen3,Full-FT,unseen,Valid-Rate,0.6417,0.6416870416,1.295843521e-05,match,arithmetic mean across four folds,BOUND/results/paper/rq1_package_recommendation/qwen3/fold_A/Full-FT/eval_unseen_prompts.json;BOUND/results/paper/rq1_package_recommendation/qwen3/fold_B/Full-FT/eval_unseen_prompts.json;BOUND/results/paper/rq1_package_recommendation/qwen3/fold_C/Full-FT/eval_unseen_prompts.json;BOUND/results/paper/rq1_package_recommendation/qwen3/fold_D/Full-FT/eval_unseen_prompts.json,summary.edited_sample_valid_rate,
tab:main_results_three_models,qwen3|Self-Refinement|edit50|Sample-HR,qwen3,Self-Refinement,edit50,Sample-HR,0.565,0.565,0,match,arithmetic mean across four folds,BOUND/results/paper/rq1_package_recommendation/qwen3/fold_A/self_refinement/eval_edit50.json;BOUND/results/paper/rq1_package_recommendation/qwen3/fold_B/self_refinement/eval_edit50.json;BOUND/results/paper/rq1_package_recommendation/qwen3/fold_C/self_refinement/eval_edit50.json;BOUND/results/paper/rq1_package_recommendation/qwen3/fold_D/self_refinement/eval_edit50.json,summary.sample_hallucination_rate,
tab:main_results_three_models,qwen3|Self-Refinement|edit50|Package-HR,qwen3,Self-Refinement,edit50,Package-HR,0.2668,0.2668114298,1.142981195e-05,match,arithmetic mean across four folds,BOUND/results/paper/rq1_package_recommendation/qwen3/fold_A/self_refinement/eval_edit50.json;BOUND/results/paper/rq1_package_recommendation/qwen3/fold_B/self_refinement/eval_edit50.json;BOUND/results/paper/rq1_package_recommendation/qwen3/fold_C/self_refinement/eval_edit50.json;BOUND/results/paper/rq1_package_recommendation/qwen3/fold_D/self_refinement/eval_edit50.json,summary.package_hallucination_rate,
tab:main_results_three_models,qwen3|Self-Refinement|edit50|Valid-Rate,qwen3,Self-Refinement,edit50,Valid-Rate,0.686,0.686,1.110223025e-16,match,arithmetic mean across four folds,BOUND/results/paper/rq1_package_recommendation/qwen3/fold_A/self_refinement/eval_edit50.json;BOUND/results/paper/rq1_package_recommendation/qwen3/fold_B/self_refinement/eval_edit50.json;BOUND/results/paper/rq1_package_recommendation/qwen3/fold_C/self_refinement/eval_edit50.json;BOUND/results/paper/rq1_package_recommendation/qwen3/fold_D/self_refinement/eval_edit50.json,summary.sample_valid_rate,
tab:main_results_three_models,qwen3|Self-Refinement|unseen|Sample-HR,qwen3,Self-Refinement,unseen,Sample-HR,,,,not_applicable,not applicable,,not produced,Self-Refinement is edit-time inference only
tab:main_results_three_models,qwen3|Self-Refinement|unseen|Package-HR,qwen3,Self-Refinement,unseen,Package-HR,,,,not_applicable,not applicable,,not produced,Self-Refinement is edit-time inference only
tab:main_results_three_models,qwen3|Self-Refinement|unseen|Valid-Rate,qwen3,Self-Refinement,unseen,Valid-Rate,,,,not_applicable,not applicable,,not produced,Self-Refinement is edit-time inference only
tab:rq2_cross_task,deepseekcoder|Base|code|Sample-HR,deepseekcoder,Base,code,Sample-HR,0.342,0.342,0,match,arithmetic mean across four folds,BOUND/results/paper/rq2_cross_task/deepseekcoder/Base/fold_A/test100_case_repeat5/rq2_details.jsonl;BOUND/results/paper/rq2_cross_task/deepseekcoder/Base/fold_B/test100_case_repeat5/rq2_details.jsonl;BOUND/results/paper/rq2_cross_task/deepseekcoder/Base/fold_C/test100_case_repeat5/rq2_details.jsonl;BOUND/results/paper/rq2_cross_task/deepseekcoder/Base/fold_D/test100_case_repeat5/rq2_details.jsonl,tasks.code; Sample-HR recomputed per 500 records,
tab:rq2_cross_task,deepseekcoder|Base|code|Package-HR,deepseekcoder,Base,code,Package-HR,0.2643,0.2643,0,match,arithmetic mean across four folds,BOUND/results/paper/rq2_cross_task/deepseekcoder/Base/fold_A/test100_case_repeat5/rq2_details.jsonl;BOUND/results/paper/rq2_cross_task/deepseekcoder/Base/fold_B/test100_case_repeat5/rq2_details.jsonl;BOUND/results/paper/rq2_cross_task/deepseekcoder/Base/fold_C/test100_case_repeat5/rq2_details.jsonl;BOUND/results/paper/rq2_cross_task/deepseekcoder/Base/fold_D/test100_case_repeat5/rq2_details.jsonl,tasks.code; Package-HR recomputed per 500 records,
tab:rq2_cross_task,deepseekcoder|Base|code|Valid-Rate,deepseekcoder,Base,code,Valid-Rate,0.642,0.642,0,match,arithmetic mean across four folds,BOUND/results/paper/rq2_cross_task/deepseekcoder/Base/fold_A/test100_case_repeat5/rq2_details.jsonl;BOUND/results/paper/rq2_cross_task/deepseekcoder/Base/fold_B/test100_case_repeat5/rq2_details.jsonl;BOUND/results/paper/rq2_cross_task/deepseekcoder/Base/fold_C/test100_case_repeat5/rq2_details.jsonl;BOUND/results/paper/rq2_cross_task/deepseekcoder/Base/fold_D/test100_case_repeat5/rq2_details.jsonl,tasks.code; Valid-Rate recomputed per 500 records,
tab:rq2_cross_task,deepseekcoder|Base|install|Sample-HR,deepseekcoder,Base,install,Sample-HR,0.434,0.444,0.01,mismatch,arithmetic mean across four folds,BOUND/results/paper/rq2_cross_task/deepseekcoder/Base/fold_A/test100_case_repeat5/rq2_details.jsonl;BOUND/results/paper/rq2_cross_task/deepseekcoder/Base/fold_B/test100_case_repeat5/rq2_details.jsonl;BOUND/results/paper/rq2_cross_task/deepseekcoder/Base/fold_C/test100_case_repeat5/rq2_details.jsonl;BOUND/results/paper/rq2_cross_task/deepseekcoder/Base/fold_D/test100_case_repeat5/rq2_details.jsonl,tasks.install; Sample-HR recomputed per 500 records,
tab:rq2_cross_task,deepseekcoder|Base|install|Package-HR,deepseekcoder,Base,install,Package-HR,0.2986,0.3048,0.0062,mismatch,arithmetic mean across four folds,BOUND/results/paper/rq2_cross_task/deepseekcoder/Base/fold_A/test100_case_repeat5/rq2_details.jsonl;BOUND/results/paper/rq2_cross_task/deepseekcoder/Base/fold_B/test100_case_repeat5/rq2_details.jsonl;BOUND/results/paper/rq2_cross_task/deepseekcoder/Base/fold_C/test100_case_repeat5/rq2_details.jsonl;BOUND/results/paper/rq2_cross_task/deepseekcoder/Base/fold_D/test100_case_repeat5/rq2_details.jsonl,tasks.install; Package-HR recomputed per 500 records,
tab:rq2_cross_task,deepseekcoder|Base|install|Valid-Rate,deepseekcoder,Base,install,Valid-Rate,0.632,0.632,0,match,arithmetic mean across four folds,BOUND/results/paper/rq2_cross_task/deepseekcoder/Base/fold_A/test100_case_repeat5/rq2_details.jsonl;BOUND/results/paper/rq2_cross_task/deepseekcoder/Base/fold_B/test100_case_repeat5/rq2_details.jsonl;BOUND/results/paper/rq2_cross_task/deepseekcoder/Base/fold_C/test100_case_repeat5/rq2_details.jsonl;BOUND/results/paper/rq2_cross_task/deepseekcoder/Base/fold_D/test100_case_repeat5/rq2_details.jsonl,tasks.install; Valid-Rate recomputed per 500 records,
tab:rq2_cross_task,deepseekcoder|BOUND|code|Sample-HR,deepseekcoder,BOUND,code,Sample-HR,0.326,0.3285,0.0025,mismatch,arithmetic mean across four folds,BOUND/results/paper/rq2_cross_task/deepseekcoder/BOUND/fold_A/test100_case_repeat5/rq2_details.jsonl;BOUND/results/paper/rq2_cross_task/deepseekcoder/BOUND/fold_B/test100_case_repeat5/rq2_details.jsonl;BOUND/results/paper/rq2_cross_task/deepseekcoder/BOUND/fold_C/test100_case_repeat5/rq2_details.jsonl;BOUND/results/paper/rq2_cross_task/deepseekcoder/BOUND/fold_D/test100_case_repeat5/rq2_details.jsonl,tasks.code; Sample-HR recomputed per 500 records,
tab:rq2_cross_task,deepseekcoder|BOUND|code|Package-HR,deepseekcoder,BOUND,code,Package-HR,0.2542,0.25605,0.00185,mismatch,arithmetic mean across four folds,BOUND/results/paper/rq2_cross_task/deepseekcoder/BOUND/fold_A/test100_case_repeat5/rq2_details.jsonl;BOUND/results/paper/rq2_cross_task/deepseekcoder/BOUND/fold_B/test100_case_repeat5/rq2_details.jsonl;BOUND/results/paper/rq2_cross_task/deepseekcoder/BOUND/fold_C/test100_case_repeat5/rq2_details.jsonl;BOUND/results/paper/rq2_cross_task/deepseekcoder/BOUND/fold_D/test100_case_repeat5/rq2_details.jsonl,tasks.code; Package-HR recomputed per 500 records,
tab:rq2_cross_task,deepseekcoder|BOUND|code|Valid-Rate,deepseekcoder,BOUND,code,Valid-Rate,0.6415,0.6405,0.001,mismatch,arithmetic mean across four folds,BOUND/results/paper/rq2_cross_task/deepseekcoder/BOUND/fold_A/test100_case_repeat5/rq2_details.jsonl;BOUND/results/paper/rq2_cross_task/deepseekcoder/BOUND/fold_B/test100_case_repeat5/rq2_details.jsonl;BOUND/results/paper/rq2_cross_task/deepseekcoder/BOUND/fold_C/test100_case_repeat5/rq2_details.jsonl;BOUND/results/paper/rq2_cross_task/deepseekcoder/BOUND/fold_D/test100_case_repeat5/rq2_details.jsonl,tasks.code; Valid-Rate recomputed per 500 records,
tab:rq2_cross_task,deepseekcoder|BOUND|install|Sample-HR,deepseekcoder,BOUND,install,Sample-HR,0.3375,0.3445,0.007,mismatch,arithmetic mean across four folds,BOUND/results/paper/rq2_cross_task/deepseekcoder/BOUND/fold_A/test100_case_repeat5/rq2_details.jsonl;BOUND/results/paper/rq2_cross_task/deepseekcoder/BOUND/fold_B/test100_case_repeat5/rq2_details.jsonl;BOUND/results/paper/rq2_cross_task/deepseekcoder/BOUND/fold_C/test100_case_repeat5/rq2_details.jsonl;BOUND/results/paper/rq2_cross_task/deepseekcoder/BOUND/fold_D/test100_case_repeat5/rq2_details.jsonl,tasks.install; Sample-HR recomputed per 500 records,
tab:rq2_cross_task,deepseekcoder|BOUND|install|Package-HR,deepseekcoder,BOUND,install,Package-HR,0.1987,0.202075,0.003375,mismatch,arithmetic mean across four folds,BOUND/results/paper/rq2_cross_task/deepseekcoder/BOUND/fold_A/test100_case_repeat5/rq2_details.jsonl;BOUND/results/paper/rq2_cross_task/deepseekcoder/BOUND/fold_B/test100_case_repeat5/rq2_details.jsonl;BOUND/results/paper/rq2_cross_task/deepseekcoder/BOUND/fold_C/test100_case_repeat5/rq2_details.jsonl;BOUND/results/paper/rq2_cross_task/deepseekcoder/BOUND/fold_D/test100_case_repeat5/rq2_details.jsonl,tasks.install; Package-HR recomputed per 500 records,
tab:rq2_cross_task,deepseekcoder|BOUND|install|Valid-Rate,deepseekcoder,BOUND,install,Valid-Rate,0.769,0.7635,0.0055,mismatch,arithmetic mean across four folds,BOUND/results/paper/rq2_cross_task/deepseekcoder/BOUND/fold_A/test100_case_repeat5/rq2_details.jsonl;BOUND/results/paper/rq2_cross_task/deepseekcoder/BOUND/fold_B/test100_case_repeat5/rq2_details.jsonl;BOUND/results/paper/rq2_cross_task/deepseekcoder/BOUND/fold_C/test100_case_repeat5/rq2_details.jsonl;BOUND/results/paper/rq2_cross_task/deepseekcoder/BOUND/fold_D/test100_case_repeat5/rq2_details.jsonl,tasks.install; Valid-Rate recomputed per 500 records,
tab:rq2_cross_task,deepseekcoder|DINM|code|Sample-HR,deepseekcoder,DINM,code,Sample-HR,0.3105,0.3545,0.044,mismatch,arithmetic mean across four folds,BOUND/results/paper/rq2_cross_task/deepseekcoder/DINM/fold_A/test100_case_repeat5/rq2_details.jsonl;BOUND/results/paper/rq2_cross_task/deepseekcoder/DINM/fold_B/test100_case_repeat5/rq2_details.jsonl;BOUND/results/paper/rq2_cross_task/deepseekcoder/DINM/fold_C/test100_case_repeat5/rq2_details.jsonl;BOUND/results/paper/rq2_cross_task/deepseekcoder/DINM/fold_D/test100_case_repeat5/rq2_details.jsonl,tasks.code; Sample-HR recomputed per 500 records,
tab:rq2_cross_task,deepseekcoder|DINM|code|Package-HR,deepseekcoder,DINM,code,Package-HR,0.2714,0.31645,0.04505,mismatch,arithmetic mean across four folds,BOUND/results/paper/rq2_cross_task/deepseekcoder/DINM/fold_A/test100_case_repeat5/rq2_details.jsonl;BOUND/results/paper/rq2_cross_task/deepseekcoder/DINM/fold_B/test100_case_repeat5/rq2_details.jsonl;BOUND/results/paper/rq2_cross_task/deepseekcoder/DINM/fold_C/test100_case_repeat5/rq2_details.jsonl;BOUND/results/paper/rq2_cross_task/deepseekcoder/DINM/fold_D/test100_case_repeat5/rq2_details.jsonl,tasks.code; Package-HR recomputed per 500 records,
tab:rq2_cross_task,deepseekcoder|DINM|code|Valid-Rate,deepseekcoder,DINM,code,Valid-Rate,0.5655,0.5425,0.023,mismatch,arithmetic mean across four folds,BOUND/results/paper/rq2_cross_task/deepseekcoder/DINM/fold_A/test100_case_repeat5/rq2_details.jsonl;BOUND/results/paper/rq2_cross_task/deepseekcoder/DINM/fold_B/test100_case_repeat5/rq2_details.jsonl;BOUND/results/paper/rq2_cross_task/deepseekcoder/DINM/fold_C/test100_case_repeat5/rq2_details.jsonl;BOUND/results/paper/rq2_cross_task/deepseekcoder/DINM/fold_D/test100_case_repeat5/rq2_details.jsonl,tasks.code; Valid-Rate recomputed per 500 records,
tab:rq2_cross_task,deepseekcoder|DINM|install|Sample-HR,deepseekcoder,DINM,install,Sample-HR,0.207,0.2135,0.0065,mismatch,arithmetic mean across four folds,BOUND/results/paper/rq2_cross_task/deepseekcoder/DINM/fold_A/test100_case_repeat5/rq2_details.jsonl;BOUND/results/paper/rq2_cross_task/deepseekcoder/DINM/fold_B/test100_case_repeat5/rq2_details.jsonl;BOUND/results/paper/rq2_cross_task/deepseekcoder/DINM/fold_C/test100_case_repeat5/rq2_details.jsonl;BOUND/results/paper/rq2_cross_task/deepseekcoder/DINM/fold_D/test100_case_repeat5/rq2_details.jsonl,tasks.install; Sample-HR recomputed per 500 records,
tab:rq2_cross_task,deepseekcoder|DINM|install|Package-HR,deepseekcoder,DINM,install,Package-HR,0.2352,0.255075,0.019875,mismatch,arithmetic mean across four folds,BOUND/results/paper/rq2_cross_task/deepseekcoder/DINM/fold_A/test100_case_repeat5/rq2_details.jsonl;BOUND/results/paper/rq2_cross_task/deepseekcoder/DINM/fold_B/test100_case_repeat5/rq2_details.jsonl;BOUND/results/paper/rq2_cross_task/deepseekcoder/DINM/fold_C/test100_case_repeat5/rq2_details.jsonl;BOUND/results/paper/rq2_cross_task/deepseekcoder/DINM/fold_D/test100_case_repeat5/rq2_details.jsonl,tasks.install; Package-HR recomputed per 500 records,
tab:rq2_cross_task,deepseekcoder|DINM|install|Valid-Rate,deepseekcoder,DINM,install,Valid-Rate,0.3985,0.396,0.0025,mismatch,arithmetic mean across four folds,BOUND/results/paper/rq2_cross_task/deepseekcoder/DINM/fold_A/test100_case_repeat5/rq2_details.jsonl;BOUND/results/paper/rq2_cross_task/deepseekcoder/DINM/fold_B/test100_case_repeat5/rq2_details.jsonl;BOUND/results/paper/rq2_cross_task/deepseekcoder/DINM/fold_C/test100_case_repeat5/rq2_details.jsonl;BOUND/results/paper/rq2_cross_task/deepseekcoder/DINM/fold_D/test100_case_repeat5/rq2_details.jsonl,tasks.install; Valid-Rate recomputed per 500 records,
tab:rq2_cross_task,deepseekcoder|MEMIT|code|Sample-HR,deepseekcoder,MEMIT,code,Sample-HR,0.355,0.3555,0.0005,mismatch,arithmetic mean across four folds,BOUND/results/paper/rq2_cross_task/deepseekcoder/MEMIT/fold_A/test100_case_repeat5/rq2_details.jsonl;BOUND/results/paper/rq2_cross_task/deepseekcoder/MEMIT/fold_B/test100_case_repeat5/rq2_details.jsonl;BOUND/results/paper/rq2_cross_task/deepseekcoder/MEMIT/fold_C/test100_case_repeat5/rq2_details.jsonl;BOUND/results/paper/rq2_cross_task/deepseekcoder/MEMIT/fold_D/test100_case_repeat5/rq2_details.jsonl,tasks.code; Sample-HR recomputed per 500 records,
tab:rq2_cross_task,deepseekcoder|MEMIT|code|Package-HR,deepseekcoder,MEMIT,code,Package-HR,0.2758,0.27615,0.00035,mismatch,arithmetic mean across four folds,BOUND/results/paper/rq2_cross_task/deepseekcoder/MEMIT/fold_A/test100_case_repeat5/rq2_details.jsonl;BOUND/results/paper/rq2_cross_task/deepseekcoder/MEMIT/fold_B/test100_case_repeat5/rq2_details.jsonl;BOUND/results/paper/rq2_cross_task/deepseekcoder/MEMIT/fold_C/test100_case_repeat5/rq2_details.jsonl;BOUND/results/paper/rq2_cross_task/deepseekcoder/MEMIT/fold_D/test100_case_repeat5/rq2_details.jsonl,tasks.code; Package-HR recomputed per 500 records,
tab:rq2_cross_task,deepseekcoder|MEMIT|code|Valid-Rate,deepseekcoder,MEMIT,code,Valid-Rate,0.6215,0.6215,1.110223025e-16,match,arithmetic mean across four folds,BOUND/results/paper/rq2_cross_task/deepseekcoder/MEMIT/fold_A/test100_case_repeat5/rq2_details.jsonl;BOUND/results/paper/rq2_cross_task/deepseekcoder/MEMIT/fold_B/test100_case_repeat5/rq2_details.jsonl;BOUND/results/paper/rq2_cross_task/deepseekcoder/MEMIT/fold_C/test100_case_repeat5/rq2_details.jsonl;BOUND/results/paper/rq2_cross_task/deepseekcoder/MEMIT/fold_D/test100_case_repeat5/rq2_details.jsonl,tasks.code; Valid-Rate recomputed per 500 records,
tab:rq2_cross_task,deepseekcoder|MEMIT|install|Sample-HR,deepseekcoder,MEMIT,install,Sample-HR,0.415,0.4165,0.0015,mismatch,arithmetic mean across four folds,BOUND/results/paper/rq2_cross_task/deepseekcoder/MEMIT/fold_A/test100_case_repeat5/rq2_details.jsonl;BOUND/results/paper/rq2_cross_task/deepseekcoder/MEMIT/fold_B/test100_case_repeat5/rq2_details.jsonl;BOUND/results/paper/rq2_cross_task/deepseekcoder/MEMIT/fold_C/test100_case_repeat5/rq2_details.jsonl;BOUND/results/paper/rq2_cross_task/deepseekcoder/MEMIT/fold_D/test100_case_repeat5/rq2_details.jsonl,tasks.install; Sample-HR recomputed per 500 records,
tab:rq2_cross_task,deepseekcoder|MEMIT|install|Package-HR,deepseekcoder,MEMIT,install,Package-HR,0.3017,0.3026,0.0009,mismatch,arithmetic mean across four folds,BOUND/results/paper/rq2_cross_task/deepseekcoder/MEMIT/fold_A/test100_case_repeat5/rq2_details.jsonl;BOUND/results/paper/rq2_cross_task/deepseekcoder/MEMIT/fold_B/test100_case_repeat5/rq2_details.jsonl;BOUND/results/paper/rq2_cross_task/deepseekcoder/MEMIT/fold_C/test100_case_repeat5/rq2_details.jsonl;BOUND/results/paper/rq2_cross_task/deepseekcoder/MEMIT/fold_D/test100_case_repeat5/rq2_details.jsonl,tasks.install; Package-HR recomputed per 500 records,
tab:rq2_cross_task,deepseekcoder|MEMIT|install|Valid-Rate,deepseekcoder,MEMIT,install,Valid-Rate,0.613,0.613,0,match,arithmetic mean across four folds,BOUND/results/paper/rq2_cross_task/deepseekcoder/MEMIT/fold_A/test100_case_repeat5/rq2_details.jsonl;BOUND/results/paper/rq2_cross_task/deepseekcoder/MEMIT/fold_B/test100_case_repeat5/rq2_details.jsonl;BOUND/results/paper/rq2_cross_task/deepseekcoder/MEMIT/fold_C/test100_case_repeat5/rq2_details.jsonl;BOUND/results/paper/rq2_cross_task/deepseekcoder/MEMIT/fold_D/test100_case_repeat5/rq2_details.jsonl,tasks.install; Valid-Rate recomputed per 500 records,
tab:rq2_cross_task,deepseekcoder|ROME|code|Sample-HR,deepseekcoder,ROME,code,Sample-HR,0.085,0.21,0.125,mismatch,arithmetic mean across four folds,BOUND/results/paper/rq2_cross_task/deepseekcoder/ROME/fold_A/test100_case_repeat5/rq2_details.jsonl;BOUND/results/paper/rq2_cross_task/deepseekcoder/ROME/fold_B/test100_case_repeat5/rq2_details.jsonl;BOUND/results/paper/rq2_cross_task/deepseekcoder/ROME/fold_C/test100_case_repeat5/rq2_details.jsonl;BOUND/results/paper/rq2_cross_task/deepseekcoder/ROME/fold_D/test100_case_repeat5/rq2_details.jsonl,tasks.code; Sample-HR recomputed per 500 records,
tab:rq2_cross_task,deepseekcoder|ROME|code|Package-HR,deepseekcoder,ROME,code,Package-HR,0.0671,0.25,0.1829,mismatch,arithmetic mean across four folds,BOUND/results/paper/rq2_cross_task/deepseekcoder/ROME/fold_A/test100_case_repeat5/rq2_details.jsonl;BOUND/results/paper/rq2_cross_task/deepseekcoder/ROME/fold_B/test100_case_repeat5/rq2_details.jsonl;BOUND/results/paper/rq2_cross_task/deepseekcoder/ROME/fold_C/test100_case_repeat5/rq2_details.jsonl;BOUND/results/paper/rq2_cross_task/deepseekcoder/ROME/fold_D/test100_case_repeat5/rq2_details.jsonl,tasks.code; Package-HR recomputed per 500 records,
tab:rq2_cross_task,deepseekcoder|ROME|code|Valid-Rate,deepseekcoder,ROME,code,Valid-Rate,0.151,0,0.151,mismatch,arithmetic mean across four folds,BOUND/results/paper/rq2_cross_task/deepseekcoder/ROME/fold_A/test100_case_repeat5/rq2_details.jsonl;BOUND/results/paper/rq2_cross_task/deepseekcoder/ROME/fold_B/test100_case_repeat5/rq2_details.jsonl;BOUND/results/paper/rq2_cross_task/deepseekcoder/ROME/fold_C/test100_case_repeat5/rq2_details.jsonl;BOUND/results/paper/rq2_cross_task/deepseekcoder/ROME/fold_D/test100_case_repeat5/rq2_details.jsonl,tasks.code; Valid-Rate recomputed per 500 records,
tab:rq2_cross_task,deepseekcoder|ROME|install|Sample-HR,deepseekcoder,ROME,install,Sample-HR,0.101,0.205,0.104,mismatch,arithmetic mean across four folds,BOUND/results/paper/rq2_cross_task/deepseekcoder/ROME/fold_A/test100_case_repeat5/rq2_details.jsonl;BOUND/results/paper/rq2_cross_task/deepseekcoder/ROME/fold_B/test100_case_repeat5/rq2_details.jsonl;BOUND/results/paper/rq2_cross_task/deepseekcoder/ROME/fold_C/test100_case_repeat5/rq2_details.jsonl;BOUND/results/paper/rq2_cross_task/deepseekcoder/ROME/fold_D/test100_case_repeat5/rq2_details.jsonl,tasks.install; Sample-HR recomputed per 500 records,
tab:rq2_cross_task,deepseekcoder|ROME|install|Package-HR,deepseekcoder,ROME,install,Package-HR,0.0669,0.25,0.1831,mismatch,arithmetic mean across four folds,BOUND/results/paper/rq2_cross_task/deepseekcoder/ROME/fold_A/test100_case_repeat5/rq2_details.jsonl;BOUND/results/paper/rq2_cross_task/deepseekcoder/ROME/fold_B/test100_case_repeat5/rq2_details.jsonl;BOUND/results/paper/rq2_cross_task/deepseekcoder/ROME/fold_C/test100_case_repeat5/rq2_details.jsonl;BOUND/results/paper/rq2_cross_task/deepseekcoder/ROME/fold_D/test100_case_repeat5/rq2_details.jsonl,tasks.install; Package-HR recomputed per 500 records,
tab:rq2_cross_task,deepseekcoder|ROME|install|Valid-Rate,deepseekcoder,ROME,install,Valid-Rate,0.1515,0,0.1515,mismatch,arithmetic mean across four folds,BOUND/results/paper/rq2_cross_task/deepseekcoder/ROME/fold_A/test100_case_repeat5/rq2_details.jsonl;BOUND/results/paper/rq2_cross_task/deepseekcoder/ROME/fold_B/test100_case_repeat5/rq2_details.jsonl;BOUND/results/paper/rq2_cross_task/deepseekcoder/ROME/fold_C/test100_case_repeat5/rq2_details.jsonl;BOUND/results/paper/rq2_cross_task/deepseekcoder/ROME/fold_D/test100_case_repeat5/rq2_details.jsonl,tasks.install; Valid-Rate recomputed per 500 records,
tab:rq2_cross_task,deepseekcoder|Full-FT|code|Sample-HR,deepseekcoder,Full-FT,code,Sample-HR,0.354,0.6155,0.2615,mismatch,arithmetic mean across four folds,BOUND/results/paper/rq2_cross_task/deepseekcoder/Full-FT/fold_A/test100_case_repeat5/rq2_details.jsonl;BOUND/results/paper/rq2_cross_task/deepseekcoder/Full-FT/fold_B/test100_case_repeat5/rq2_details.jsonl;BOUND/results/paper/rq2_cross_task/deepseekcoder/Full-FT/fold_C/test100_case_repeat5/rq2_details.jsonl;BOUND/results/paper/rq2_cross_task/deepseekcoder/Full-FT/fold_D/test100_case_repeat5/rq2_details.jsonl,tasks.code; Sample-HR recomputed per 500 records,
tab:rq2_cross_task,deepseekcoder|Full-FT|code|Package-HR,deepseekcoder,Full-FT,code,Package-HR,0.2729,0.639325,0.366425,mismatch,arithmetic mean across four folds,BOUND/results/paper/rq2_cross_task/deepseekcoder/Full-FT/fold_A/test100_case_repeat5/rq2_details.jsonl;BOUND/results/paper/rq2_cross_task/deepseekcoder/Full-FT/fold_B/test100_case_repeat5/rq2_details.jsonl;BOUND/results/paper/rq2_cross_task/deepseekcoder/Full-FT/fold_C/test100_case_repeat5/rq2_details.jsonl;BOUND/results/paper/rq2_cross_task/deepseekcoder/Full-FT/fold_D/test100_case_repeat5/rq2_details.jsonl,tasks.code; Package-HR recomputed per 500 records,
tab:rq2_cross_task,deepseekcoder|Full-FT|code|Valid-Rate,deepseekcoder,Full-FT,code,Valid-Rate,0.6385,0.322,0.3165,mismatch,arithmetic mean across four folds,BOUND/results/paper/rq2_cross_task/deepseekcoder/Full-FT/fold_A/test100_case_repeat5/rq2_details.jsonl;BOUND/results/paper/rq2_cross_task/deepseekcoder/Full-FT/fold_B/test100_case_repeat5/rq2_details.jsonl;BOUND/results/paper/rq2_cross_task/deepseekcoder/Full-FT/fold_C/test100_case_repeat5/rq2_details.jsonl;BOUND/results/paper/rq2_cross_task/deepseekcoder/Full-FT/fold_D/test100_case_repeat5/rq2_details.jsonl,tasks.code; Valid-Rate recomputed per 500 records,
tab:rq2_cross_task,deepseekcoder|Full-FT|install|Sample-HR,deepseekcoder,Full-FT,install,Sample-HR,0.3845,0.626,0.2415,mismatch,arithmetic mean across four folds,BOUND/results/paper/rq2_cross_task/deepseekcoder/Full-FT/fold_A/test100_case_repeat5/rq2_details.jsonl;BOUND/results/paper/rq2_cross_task/deepseekcoder/Full-FT/fold_B/test100_case_repeat5/rq2_details.jsonl;BOUND/results/paper/rq2_cross_task/deepseekcoder/Full-FT/fold_C/test100_case_repeat5/rq2_details.jsonl;BOUND/results/paper/rq2_cross_task/deepseekcoder/Full-FT/fold_D/test100_case_repeat5/rq2_details.jsonl,tasks.install; Sample-HR recomputed per 500 records,
tab:rq2_cross_task,deepseekcoder|Full-FT|install|Package-HR,deepseekcoder,Full-FT,install,Package-HR,0.2547,0.624275,0.369575,mismatch,arithmetic mean across four folds,BOUND/results/paper/rq2_cross_task/deepseekcoder/Full-FT/fold_A/test100_case_repeat5/rq2_details.jsonl;BOUND/results/paper/rq2_cross_task/deepseekcoder/Full-FT/fold_B/test100_case_repeat5/rq2_details.jsonl;BOUND/results/paper/rq2_cross_task/deepseekcoder/Full-FT/fold_C/test100_case_repeat5/rq2_details.jsonl;BOUND/results/paper/rq2_cross_task/deepseekcoder/Full-FT/fold_D/test100_case_repeat5/rq2_details.jsonl,tasks.install; Package-HR recomputed per 500 records,
tab:rq2_cross_task,deepseekcoder|Full-FT|install|Valid-Rate,deepseekcoder,Full-FT,install,Valid-Rate,0.6275,0.283,0.3445,mismatch,arithmetic mean across four folds,BOUND/results/paper/rq2_cross_task/deepseekcoder/Full-FT/fold_A/test100_case_repeat5/rq2_details.jsonl;BOUND/results/paper/rq2_cross_task/deepseekcoder/Full-FT/fold_B/test100_case_repeat5/rq2_details.jsonl;BOUND/results/paper/rq2_cross_task/deepseekcoder/Full-FT/fold_C/test100_case_repeat5/rq2_details.jsonl;BOUND/results/paper/rq2_cross_task/deepseekcoder/Full-FT/fold_D/test100_case_repeat5/rq2_details.jsonl,tasks.install; Valid-Rate recomputed per 500 records,
tab:rq2_cross_task,qwen3|Base|code|Sample-HR,qwen3,Base,code,Sample-HR,0.37,0.37,0,match,arithmetic mean across four folds,BOUND/results/paper/rq2_cross_task/qwen3/Base/fold_A/test100_case_repeat5/rq2_details.jsonl;BOUND/results/paper/rq2_cross_task/qwen3/Base/fold_B/test100_case_repeat5/rq2_details.jsonl;BOUND/results/paper/rq2_cross_task/qwen3/Base/fold_C/test100_case_repeat5/rq2_details.jsonl;BOUND/results/paper/rq2_cross_task/qwen3/Base/fold_D/test100_case_repeat5/rq2_details.jsonl,tasks.code; Sample-HR recomputed per 500 records,
tab:rq2_cross_task,qwen3|Base|code|Package-HR,qwen3,Base,code,Package-HR,0.2785,0.2785,0,match,arithmetic mean across four folds,BOUND/results/paper/rq2_cross_task/qwen3/Base/fold_A/test100_case_repeat5/rq2_details.jsonl;BOUND/results/paper/rq2_cross_task/qwen3/Base/fold_B/test100_case_repeat5/rq2_details.jsonl;BOUND/results/paper/rq2_cross_task/qwen3/Base/fold_C/test100_case_repeat5/rq2_details.jsonl;BOUND/results/paper/rq2_cross_task/qwen3/Base/fold_D/test100_case_repeat5/rq2_details.jsonl,tasks.code; Package-HR recomputed per 500 records,
tab:rq2_cross_task,qwen3|Base|code|Valid-Rate,qwen3,Base,code,Valid-Rate,0.55,0.55,0,match,arithmetic mean across four folds,BOUND/results/paper/rq2_cross_task/qwen3/Base/fold_A/test100_case_repeat5/rq2_details.jsonl;BOUND/results/paper/rq2_cross_task/qwen3/Base/fold_B/test100_case_repeat5/rq2_details.jsonl;BOUND/results/paper/rq2_cross_task/qwen3/Base/fold_C/test100_case_repeat5/rq2_details.jsonl;BOUND/results/paper/rq2_cross_task/qwen3/Base/fold_D/test100_case_repeat5/rq2_details.jsonl,tasks.code; Valid-Rate recomputed per 500 records,
tab:rq2_cross_task,qwen3|Base|install|Sample-HR,qwen3,Base,install,Sample-HR,0.482,0.482,0,match,arithmetic mean across four folds,BOUND/results/paper/rq2_cross_task/qwen3/Base/fold_A/test100_case_repeat5/rq2_details.jsonl;BOUND/results/paper/rq2_cross_task/qwen3/Base/fold_B/test100_case_repeat5/rq2_details.jsonl;BOUND/results/paper/rq2_cross_task/qwen3/Base/fold_C/test100_case_repeat5/rq2_details.jsonl;BOUND/results/paper/rq2_cross_task/qwen3/Base/fold_D/test100_case_repeat5/rq2_details.jsonl,tasks.install; Sample-HR recomputed per 500 records,
tab:rq2_cross_task,qwen3|Base|install|Package-HR,qwen3,Base,install,Package-HR,0.3569,0.3569,0,match,arithmetic mean across four folds,BOUND/results/paper/rq2_cross_task/qwen3/Base/fold_A/test100_case_repeat5/rq2_details.jsonl;BOUND/results/paper/rq2_cross_task/qwen3/Base/fold_B/test100_case_repeat5/rq2_details.jsonl;BOUND/results/paper/rq2_cross_task/qwen3/Base/fold_C/test100_case_repeat5/rq2_details.jsonl;BOUND/results/paper/rq2_cross_task/qwen3/Base/fold_D/test100_case_repeat5/rq2_details.jsonl,tasks.install; Package-HR recomputed per 500 records,
tab:rq2_cross_task,qwen3|Base|install|Valid-Rate,qwen3,Base,install,Valid-Rate,0.604,0.604,0,match,arithmetic mean across four folds,BOUND/results/paper/rq2_cross_task/qwen3/Base/fold_A/test100_case_repeat5/rq2_details.jsonl;BOUND/results/paper/rq2_cross_task/qwen3/Base/fold_B/test100_case_repeat5/rq2_details.jsonl;BOUND/results/paper/rq2_cross_task/qwen3/Base/fold_C/test100_case_repeat5/rq2_details.jsonl;BOUND/results/paper/rq2_cross_task/qwen3/Base/fold_D/test100_case_repeat5/rq2_details.jsonl,tasks.install; Valid-Rate recomputed per 500 records,
tab:rq2_cross_task,qwen3|BOUND|code|Sample-HR,qwen3,BOUND,code,Sample-HR,0.3385,0.357,0.0185,mismatch,arithmetic mean across four folds,BOUND/results/paper/rq2_cross_task/qwen3/BOUND/fold_A/test100_case_repeat5/rq2_details.jsonl;BOUND/results/paper/rq2_cross_task/qwen3/BOUND/fold_B/test100_case_repeat5/rq2_details.jsonl;BOUND/results/paper/rq2_cross_task/qwen3/BOUND/fold_C/test100_case_repeat5/rq2_details.jsonl;BOUND/results/paper/rq2_cross_task/qwen3/BOUND/fold_D/test100_case_repeat5/rq2_details.jsonl,tasks.code; Sample-HR recomputed per 500 records,
tab:rq2_cross_task,qwen3|BOUND|code|Package-HR,qwen3,BOUND,code,Package-HR,0.2237,0.24645,0.02275,mismatch,arithmetic mean across four folds,BOUND/results/paper/rq2_cross_task/qwen3/BOUND/fold_A/test100_case_repeat5/rq2_details.jsonl;BOUND/results/paper/rq2_cross_task/qwen3/BOUND/fold_B/test100_case_repeat5/rq2_details.jsonl;BOUND/results/paper/rq2_cross_task/qwen3/BOUND/fold_C/test100_case_repeat5/rq2_details.jsonl;BOUND/results/paper/rq2_cross_task/qwen3/BOUND/fold_D/test100_case_repeat5/rq2_details.jsonl,tasks.code; Package-HR recomputed per 500 records,
tab:rq2_cross_task,qwen3|BOUND|code|Valid-Rate,qwen3,BOUND,code,Valid-Rate,0.5815,0.579,0.0025,mismatch,arithmetic mean across four folds,BOUND/results/paper/rq2_cross_task/qwen3/BOUND/fold_A/test100_case_repeat5/rq2_details.jsonl;BOUND/results/paper/rq2_cross_task/qwen3/BOUND/fold_B/test100_case_repeat5/rq2_details.jsonl;BOUND/results/paper/rq2_cross_task/qwen3/BOUND/fold_C/test100_case_repeat5/rq2_details.jsonl;BOUND/results/paper/rq2_cross_task/qwen3/BOUND/fold_D/test100_case_repeat5/rq2_details.jsonl,tasks.code; Valid-Rate recomputed per 500 records,
tab:rq2_cross_task,qwen3|BOUND|install|Sample-HR,qwen3,BOUND,install,Sample-HR,0.24,0.2435,0.0035,mismatch,arithmetic mean across four folds,BOUND/results/paper/rq2_cross_task/qwen3/BOUND/fold_A/test100_case_repeat5/rq2_details.jsonl;BOUND/results/paper/rq2_cross_task/qwen3/BOUND/fold_B/test100_case_repeat5/rq2_details.jsonl;BOUND/results/paper/rq2_cross_task/qwen3/BOUND/fold_C/test100_case_repeat5/rq2_details.jsonl;BOUND/results/paper/rq2_cross_task/qwen3/BOUND/fold_D/test100_case_repeat5/rq2_details.jsonl,tasks.install; Sample-HR recomputed per 500 records,
tab:rq2_cross_task,qwen3|BOUND|install|Package-HR,qwen3,BOUND,install,Package-HR,0.2122,0.2202,0.008,mismatch,arithmetic mean across four folds,BOUND/results/paper/rq2_cross_task/qwen3/BOUND/fold_A/test100_case_repeat5/rq2_details.jsonl;BOUND/results/paper/rq2_cross_task/qwen3/BOUND/fold_B/test100_case_repeat5/rq2_details.jsonl;BOUND/results/paper/rq2_cross_task/qwen3/BOUND/fold_C/test100_case_repeat5/rq2_details.jsonl;BOUND/results/paper/rq2_cross_task/qwen3/BOUND/fold_D/test100_case_repeat5/rq2_details.jsonl,tasks.install; Package-HR recomputed per 500 records,
tab:rq2_cross_task,qwen3|BOUND|install|Valid-Rate,qwen3,BOUND,install,Valid-Rate,0.603,0.6005,0.0025,mismatch,arithmetic mean across four folds,BOUND/results/paper/rq2_cross_task/qwen3/BOUND/fold_A/test100_case_repeat5/rq2_details.jsonl;BOUND/results/paper/rq2_cross_task/qwen3/BOUND/fold_B/test100_case_repeat5/rq2_details.jsonl;BOUND/results/paper/rq2_cross_task/qwen3/BOUND/fold_C/test100_case_repeat5/rq2_details.jsonl;BOUND/results/paper/rq2_cross_task/qwen3/BOUND/fold_D/test100_case_repeat5/rq2_details.jsonl,tasks.install; Valid-Rate recomputed per 500 records,
tab:rq2_cross_task,qwen3|DINM|code|Sample-HR,qwen3,DINM,code,Sample-HR,0.323,0.323,5.551115123e-17,match,arithmetic mean across four folds,BOUND/results/paper/rq2_cross_task/qwen3/DINM/fold_A/test100_case_repeat5/rq2_details.jsonl;BOUND/results/paper/rq2_cross_task/qwen3/DINM/fold_B/test100_case_repeat5/rq2_details.jsonl;BOUND/results/paper/rq2_cross_task/qwen3/DINM/fold_C/test100_case_repeat5/rq2_details.jsonl;BOUND/results/paper/rq2_cross_task/qwen3/DINM/fold_D/test100_case_repeat5/rq2_details.jsonl,tasks.code; Sample-HR recomputed per 500 records,
tab:rq2_cross_task,qwen3|DINM|code|Package-HR,qwen3,DINM,code,Package-HR,0.2682,0.268175,2.5e-05,match,arithmetic mean across four folds,BOUND/results/paper/rq2_cross_task/qwen3/DINM/fold_A/test100_case_repeat5/rq2_details.jsonl;BOUND/results/paper/rq2_cross_task/qwen3/DINM/fold_B/test100_case_repeat5/rq2_details.jsonl;BOUND/results/paper/rq2_cross_task/qwen3/DINM/fold_C/test100_case_repeat5/rq2_details.jsonl;BOUND/results/paper/rq2_cross_task/qwen3/DINM/fold_D/test100_case_repeat5/rq2_details.jsonl,tasks.code; Package-HR recomputed per 500 records,
tab:rq2_cross_task,qwen3|DINM|code|Valid-Rate,qwen3,DINM,code,Valid-Rate,0.482,0.482,0,match,arithmetic mean across four folds,BOUND/results/paper/rq2_cross_task/qwen3/DINM/fold_A/test100_case_repeat5/rq2_details.jsonl;BOUND/results/paper/rq2_cross_task/qwen3/DINM/fold_B/test100_case_repeat5/rq2_details.jsonl;BOUND/results/paper/rq2_cross_task/qwen3/DINM/fold_C/test100_case_repeat5/rq2_details.jsonl;BOUND/results/paper/rq2_cross_task/qwen3/DINM/fold_D/test100_case_repeat5/rq2_details.jsonl,tasks.code; Valid-Rate recomputed per 500 records,
tab:rq2_cross_task,qwen3|DINM|install|Sample-HR,qwen3,DINM,install,Sample-HR,0.5015,0.5015,1.110223025e-16,match,arithmetic mean across four folds,BOUND/results/paper/rq2_cross_task/qwen3/DINM/fold_A/test100_case_repeat5/rq2_details.jsonl;BOUND/results/paper/rq2_cross_task/qwen3/DINM/fold_B/test100_case_repeat5/rq2_details.jsonl;BOUND/results/paper/rq2_cross_task/qwen3/DINM/fold_C/test100_case_repeat5/rq2_details.jsonl;BOUND/results/paper/rq2_cross_task/qwen3/DINM/fold_D/test100_case_repeat5/rq2_details.jsonl,tasks.install; Sample-HR recomputed per 500 records,
tab:rq2_cross_task,qwen3|DINM|install|Package-HR,qwen3,DINM,install,Package-HR,0.3704,0.3704,0,match,arithmetic mean across four folds,BOUND/results/paper/rq2_cross_task/qwen3/DINM/fold_A/test100_case_repeat5/rq2_details.jsonl;BOUND/results/paper/rq2_cross_task/qwen3/DINM/fold_B/test100_case_repeat5/rq2_details.jsonl;BOUND/results/paper/rq2_cross_task/qwen3/DINM/fold_C/test100_case_repeat5/rq2_details.jsonl;BOUND/results/paper/rq2_cross_task/qwen3/DINM/fold_D/test100_case_repeat5/rq2_details.jsonl,tasks.install; Package-HR recomputed per 500 records,
tab:rq2_cross_task,qwen3|DINM|install|Valid-Rate,qwen3,DINM,install,Valid-Rate,0.5945,0.5945,1.110223025e-16,match,arithmetic mean across four folds,BOUND/results/paper/rq2_cross_task/qwen3/DINM/fold_A/test100_case_repeat5/rq2_details.jsonl;BOUND/results/paper/rq2_cross_task/qwen3/DINM/fold_B/test100_case_repeat5/rq2_details.jsonl;BOUND/results/paper/rq2_cross_task/qwen3/DINM/fold_C/test100_case_repeat5/rq2_details.jsonl;BOUND/results/paper/rq2_cross_task/qwen3/DINM/fold_D/test100_case_repeat5/rq2_details.jsonl,tasks.install; Valid-Rate recomputed per 500 records,
tab:rq2_cross_task,qwen3|MEMIT|code|Sample-HR,qwen3,MEMIT,code,Sample-HR,0.364,0.3665,0.0025,mismatch,arithmetic mean across four folds,BOUND/results/paper/rq2_cross_task/qwen3/MEMIT/fold_A/test100_case_repeat5/rq2_details.jsonl;BOUND/results/paper/rq2_cross_task/qwen3/MEMIT/fold_B/test100_case_repeat5/rq2_details.jsonl;BOUND/results/paper/rq2_cross_task/qwen3/MEMIT/fold_C/test100_case_repeat5/rq2_details.jsonl;BOUND/results/paper/rq2_cross_task/qwen3/MEMIT/fold_D/test100_case_repeat5/rq2_details.jsonl,tasks.code; Sample-HR recomputed per 500 records,
tab:rq2_cross_task,qwen3|MEMIT|code|Package-HR,qwen3,MEMIT,code,Package-HR,0.2829,0.28475,0.00185,mismatch,arithmetic mean across four folds,BOUND/results/paper/rq2_cross_task/qwen3/MEMIT/fold_A/test100_case_repeat5/rq2_details.jsonl;BOUND/results/paper/rq2_cross_task/qwen3/MEMIT/fold_B/test100_case_repeat5/rq2_details.jsonl;BOUND/results/paper/rq2_cross_task/qwen3/MEMIT/fold_C/test100_case_repeat5/rq2_details.jsonl;BOUND/results/paper/rq2_cross_task/qwen3/MEMIT/fold_D/test100_case_repeat5/rq2_details.jsonl,tasks.code; Package-HR recomputed per 500 records,
tab:rq2_cross_task,qwen3|MEMIT|code|Valid-Rate,qwen3,MEMIT,code,Valid-Rate,0.52,0.52,0,match,arithmetic mean across four folds,BOUND/results/paper/rq2_cross_task/qwen3/MEMIT/fold_A/test100_case_repeat5/rq2_details.jsonl;BOUND/results/paper/rq2_cross_task/qwen3/MEMIT/fold_B/test100_case_repeat5/rq2_details.jsonl;BOUND/results/paper/rq2_cross_task/qwen3/MEMIT/fold_C/test100_case_repeat5/rq2_details.jsonl;BOUND/results/paper/rq2_cross_task/qwen3/MEMIT/fold_D/test100_case_repeat5/rq2_details.jsonl,tasks.code; Valid-Rate recomputed per 500 records,
tab:rq2_cross_task,qwen3|MEMIT|install|Sample-HR,qwen3,MEMIT,install,Sample-HR,0.491,0.4915,0.0005,mismatch,arithmetic mean across four folds,BOUND/results/paper/rq2_cross_task/qwen3/MEMIT/fold_A/test100_case_repeat5/rq2_details.jsonl;BOUND/results/paper/rq2_cross_task/qwen3/MEMIT/fold_B/test100_case_repeat5/rq2_details.jsonl;BOUND/results/paper/rq2_cross_task/qwen3/MEMIT/fold_C/test100_case_repeat5/rq2_details.jsonl;BOUND/results/paper/rq2_cross_task/qwen3/MEMIT/fold_D/test100_case_repeat5/rq2_details.jsonl,tasks.install; Sample-HR recomputed per 500 records,
tab:rq2_cross_task,qwen3|MEMIT|install|Package-HR,qwen3,MEMIT,install,Package-HR,0.3608,0.361175,0.000375,mismatch,arithmetic mean across four folds,BOUND/results/paper/rq2_cross_task/qwen3/MEMIT/fold_A/test100_case_repeat5/rq2_details.jsonl;BOUND/results/paper/rq2_cross_task/qwen3/MEMIT/fold_B/test100_case_repeat5/rq2_details.jsonl;BOUND/results/paper/rq2_cross_task/qwen3/MEMIT/fold_C/test100_case_repeat5/rq2_details.jsonl;BOUND/results/paper/rq2_cross_task/qwen3/MEMIT/fold_D/test100_case_repeat5/rq2_details.jsonl,tasks.install; Package-HR recomputed per 500 records,
tab:rq2_cross_task,qwen3|MEMIT|install|Valid-Rate,qwen3,MEMIT,install,Valid-Rate,0.605,0.605,0,match,arithmetic mean across four folds,BOUND/results/paper/rq2_cross_task/qwen3/MEMIT/fold_A/test100_case_repeat5/rq2_details.jsonl;BOUND/results/paper/rq2_cross_task/qwen3/MEMIT/fold_B/test100_case_repeat5/rq2_details.jsonl;BOUND/results/paper/rq2_cross_task/qwen3/MEMIT/fold_C/test100_case_repeat5/rq2_details.jsonl;BOUND/results/paper/rq2_cross_task/qwen3/MEMIT/fold_D/test100_case_repeat5/rq2_details.jsonl,tasks.install; Valid-Rate recomputed per 500 records,
tab:rq2_cross_task,qwen3|ROME|code|Sample-HR,qwen3,ROME,code,Sample-HR,0.0935,0.0935,0,match,arithmetic mean across four folds,BOUND/results/paper/rq2_cross_task/qwen3/ROME/fold_A/test100_case_repeat5/rq2_details.jsonl;BOUND/results/paper/rq2_cross_task/qwen3/ROME/fold_B/test100_case_repeat5/rq2_details.jsonl;BOUND/results/paper/rq2_cross_task/qwen3/ROME/fold_C/test100_case_repeat5/rq2_details.jsonl;BOUND/results/paper/rq2_cross_task/qwen3/ROME/fold_D/test100_case_repeat5/rq2_details.jsonl,tasks.code; Sample-HR recomputed per 500 records,
tab:rq2_cross_task,qwen3|ROME|code|Package-HR,qwen3,ROME,code,Package-HR,0.0715,0.071475,2.5e-05,match,arithmetic mean across four folds,BOUND/results/paper/rq2_cross_task/qwen3/ROME/fold_A/test100_case_repeat5/rq2_details.jsonl;BOUND/results/paper/rq2_cross_task/qwen3/ROME/fold_B/test100_case_repeat5/rq2_details.jsonl;BOUND/results/paper/rq2_cross_task/qwen3/ROME/fold_C/test100_case_repeat5/rq2_details.jsonl;BOUND/results/paper/rq2_cross_task/qwen3/ROME/fold_D/test100_case_repeat5/rq2_details.jsonl,tasks.code; Package-HR recomputed per 500 records,
tab:rq2_cross_task,qwen3|ROME|code|Valid-Rate,qwen3,ROME,code,Valid-Rate,0.1325,0.1325,0,match,arithmetic mean across four folds,BOUND/results/paper/rq2_cross_task/qwen3/ROME/fold_A/test100_case_repeat5/rq2_details.jsonl;BOUND/results/paper/rq2_cross_task/qwen3/ROME/fold_B/test100_case_repeat5/rq2_details.jsonl;BOUND/results/paper/rq2_cross_task/qwen3/ROME/fold_C/test100_case_repeat5/rq2_details.jsonl;BOUND/results/paper/rq2_cross_task/qwen3/ROME/fold_D/test100_case_repeat5/rq2_details.jsonl,tasks.code; Valid-Rate recomputed per 500 records,
tab:rq2_cross_task,qwen3|ROME|install|Sample-HR,qwen3,ROME,install,Sample-HR,0.1215,0.1215,0,match,arithmetic mean across four folds,BOUND/results/paper/rq2_cross_task/qwen3/ROME/fold_A/test100_case_repeat5/rq2_details.jsonl;BOUND/results/paper/rq2_cross_task/qwen3/ROME/fold_B/test100_case_repeat5/rq2_details.jsonl;BOUND/results/paper/rq2_cross_task/qwen3/ROME/fold_C/test100_case_repeat5/rq2_details.jsonl;BOUND/results/paper/rq2_cross_task/qwen3/ROME/fold_D/test100_case_repeat5/rq2_details.jsonl,tasks.install; Sample-HR recomputed per 500 records,
tab:rq2_cross_task,qwen3|ROME|install|Package-HR,qwen3,ROME,install,Package-HR,0.0871,0.087125,2.5e-05,match,arithmetic mean across four folds,BOUND/results/paper/rq2_cross_task/qwen3/ROME/fold_A/test100_case_repeat5/rq2_details.jsonl;BOUND/results/paper/rq2_cross_task/qwen3/ROME/fold_B/test100_case_repeat5/rq2_details.jsonl;BOUND/results/paper/rq2_cross_task/qwen3/ROME/fold_C/test100_case_repeat5/rq2_details.jsonl;BOUND/results/paper/rq2_cross_task/qwen3/ROME/fold_D/test100_case_repeat5/rq2_details.jsonl,tasks.install; Package-HR recomputed per 500 records,
tab:rq2_cross_task,qwen3|ROME|install|Valid-Rate,qwen3,ROME,install,Valid-Rate,0.1545,0.1545,0,match,arithmetic mean across four folds,BOUND/results/paper/rq2_cross_task/qwen3/ROME/fold_A/test100_case_repeat5/rq2_details.jsonl;BOUND/results/paper/rq2_cross_task/qwen3/ROME/fold_B/test100_case_repeat5/rq2_details.jsonl;BOUND/results/paper/rq2_cross_task/qwen3/ROME/fold_C/test100_case_repeat5/rq2_details.jsonl;BOUND/results/paper/rq2_cross_task/qwen3/ROME/fold_D/test100_case_repeat5/rq2_details.jsonl,tasks.install; Valid-Rate recomputed per 500 records,
tab:rq2_cross_task,qwen3|Full-FT|code|Sample-HR,qwen3,Full-FT,code,Sample-HR,0.093,0.0945,0.0015,mismatch,arithmetic mean across four folds,BOUND/results/paper/rq2_cross_task/qwen3/Full-FT/fold_A/test100_case_repeat5/rq2_details.jsonl;BOUND/results/paper/rq2_cross_task/qwen3/Full-FT/fold_B/test100_case_repeat5/rq2_details.jsonl;BOUND/results/paper/rq2_cross_task/qwen3/Full-FT/fold_C/test100_case_repeat5/rq2_details.jsonl;BOUND/results/paper/rq2_cross_task/qwen3/Full-FT/fold_D/test100_case_repeat5/rq2_details.jsonl,tasks.code; Sample-HR recomputed per 500 records,
tab:rq2_cross_task,qwen3|Full-FT|code|Package-HR,qwen3,Full-FT,code,Package-HR,0.1094,0.110375,0.000975,mismatch,arithmetic mean across four folds,BOUND/results/paper/rq2_cross_task/qwen3/Full-FT/fold_A/test100_case_repeat5/rq2_details.jsonl;BOUND/results/paper/rq2_cross_task/qwen3/Full-FT/fold_B/test100_case_repeat5/rq2_details.jsonl;BOUND/results/paper/rq2_cross_task/qwen3/Full-FT/fold_C/test100_case_repeat5/rq2_details.jsonl;BOUND/results/paper/rq2_cross_task/qwen3/Full-FT/fold_D/test100_case_repeat5/rq2_details.jsonl,tasks.code; Package-HR recomputed per 500 records,
tab:rq2_cross_task,qwen3|Full-FT|code|Valid-Rate,qwen3,Full-FT,code,Valid-Rate,0.32,0.319,0.001,mismatch,arithmetic mean across four folds,BOUND/results/paper/rq2_cross_task/qwen3/Full-FT/fold_A/test100_case_repeat5/rq2_details.jsonl;BOUND/results/paper/rq2_cross_task/qwen3/Full-FT/fold_B/test100_case_repeat5/rq2_details.jsonl;BOUND/results/paper/rq2_cross_task/qwen3/Full-FT/fold_C/test100_case_repeat5/rq2_details.jsonl;BOUND/results/paper/rq2_cross_task/qwen3/Full-FT/fold_D/test100_case_repeat5/rq2_details.jsonl,tasks.code; Valid-Rate recomputed per 500 records,
tab:rq2_cross_task,qwen3|Full-FT|install|Sample-HR,qwen3,Full-FT,install,Sample-HR,0,0,0,match,arithmetic mean across four folds,BOUND/results/paper/rq2_cross_task/qwen3/Full-FT/fold_A/test100_case_repeat5/rq2_details.jsonl;BOUND/results/paper/rq2_cross_task/qwen3/Full-FT/fold_B/test100_case_repeat5/rq2_details.jsonl;BOUND/results/paper/rq2_cross_task/qwen3/Full-FT/fold_C/test100_case_repeat5/rq2_details.jsonl;BOUND/results/paper/rq2_cross_task/qwen3/Full-FT/fold_D/test100_case_repeat5/rq2_details.jsonl,tasks.install; Sample-HR recomputed per 500 records,
tab:rq2_cross_task,qwen3|Full-FT|install|Package-HR,qwen3,Full-FT,install,Package-HR,0,0,0,match,arithmetic mean across four folds,BOUND/results/paper/rq2_cross_task/qwen3/Full-FT/fold_A/test100_case_repeat5/rq2_details.jsonl;BOUND/results/paper/rq2_cross_task/qwen3/Full-FT/fold_B/test100_case_repeat5/rq2_details.jsonl;BOUND/results/paper/rq2_cross_task/qwen3/Full-FT/fold_C/test100_case_repeat5/rq2_details.jsonl;BOUND/results/paper/rq2_cross_task/qwen3/Full-FT/fold_D/test100_case_repeat5/rq2_details.jsonl,tasks.install; Package-HR recomputed per 500 records,
tab:rq2_cross_task,qwen3|Full-FT|install|Valid-Rate,qwen3,Full-FT,install,Valid-Rate,0.0005,0.0005,0,match,arithmetic mean across four folds,BOUND/results/paper/rq2_cross_task/qwen3/Full-FT/fold_A/test100_case_repeat5/rq2_details.jsonl;BOUND/results/paper/rq2_cross_task/qwen3/Full-FT/fold_B/test100_case_repeat5/rq2_details.jsonl;BOUND/results/paper/rq2_cross_task/qwen3/Full-FT/fold_C/test100_case_repeat5/rq2_details.jsonl;BOUND/results/paper/rq2_cross_task/qwen3/Full-FT/fold_D/test100_case_repeat5/rq2_details.jsonl,tasks.install; Valid-Rate recomputed per 500 records,
tab:rq2_cross_task,llama3.1|Base|code|Sample-HR,llama3.1,Base,code,Sample-HR,0.338,0.348,0.01,mismatch,arithmetic mean across four folds,BOUND/results/paper/rq2_cross_task/llama3.1/Base/fold_A/test100_case_repeat5/rq2_details.jsonl;BOUND/results/paper/rq2_cross_task/llama3.1/Base/fold_B/test100_case_repeat5/rq2_details.jsonl;BOUND/results/paper/rq2_cross_task/llama3.1/Base/fold_C/test100_case_repeat5/rq2_details.jsonl;BOUND/results/paper/rq2_cross_task/llama3.1/Base/fold_D/test100_case_repeat5/rq2_details.jsonl,tasks.code; Sample-HR recomputed per 500 records,
tab:rq2_cross_task,llama3.1|Base|code|Package-HR,llama3.1,Base,code,Package-HR,0.2425,0.2485,0.006,mismatch,arithmetic mean across four folds,BOUND/results/paper/rq2_cross_task/llama3.1/Base/fold_A/test100_case_repeat5/rq2_details.jsonl;BOUND/results/paper/rq2_cross_task/llama3.1/Base/fold_B/test100_case_repeat5/rq2_details.jsonl;BOUND/results/paper/rq2_cross_task/llama3.1/Base/fold_C/test100_case_repeat5/rq2_details.jsonl;BOUND/results/paper/rq2_cross_task/llama3.1/Base/fold_D/test100_case_repeat5/rq2_details.jsonl,tasks.code; Package-HR recomputed per 500 records,
tab:rq2_cross_task,llama3.1|Base|code|Valid-Rate,llama3.1,Base,code,Valid-Rate,0.694,0.694,0,match,arithmetic mean across four folds,BOUND/results/paper/rq2_cross_task/llama3.1/Base/fold_A/test100_case_repeat5/rq2_details.jsonl;BOUND/results/paper/rq2_cross_task/llama3.1/Base/fold_B/test100_case_repeat5/rq2_details.jsonl;BOUND/results/paper/rq2_cross_task/llama3.1/Base/fold_C/test100_case_repeat5/rq2_details.jsonl;BOUND/results/paper/rq2_cross_task/llama3.1/Base/fold_D/test100_case_repeat5/rq2_details.jsonl,tasks.code; Valid-Rate recomputed per 500 records,
tab:rq2_cross_task,llama3.1|Base|install|Sample-HR,llama3.1,Base,install,Sample-HR,0.576,0.578,0.002,mismatch,arithmetic mean across four folds,BOUND/results/paper/rq2_cross_task/llama3.1/Base/fold_A/test100_case_repeat5/rq2_details.jsonl;BOUND/results/paper/rq2_cross_task/llama3.1/Base/fold_B/test100_case_repeat5/rq2_details.jsonl;BOUND/results/paper/rq2_cross_task/llama3.1/Base/fold_C/test100_case_repeat5/rq2_details.jsonl;BOUND/results/paper/rq2_cross_task/llama3.1/Base/fold_D/test100_case_repeat5/rq2_details.jsonl,tasks.install; Sample-HR recomputed per 500 records,
tab:rq2_cross_task,llama3.1|Base|install|Package-HR,llama3.1,Base,install,Package-HR,0.3452,0.3482,0.003,mismatch,arithmetic mean across four folds,BOUND/results/paper/rq2_cross_task/llama3.1/Base/fold_A/test100_case_repeat5/rq2_details.jsonl;BOUND/results/paper/rq2_cross_task/llama3.1/Base/fold_B/test100_case_repeat5/rq2_details.jsonl;BOUND/results/paper/rq2_cross_task/llama3.1/Base/fold_C/test100_case_repeat5/rq2_details.jsonl;BOUND/results/paper/rq2_cross_task/llama3.1/Base/fold_D/test100_case_repeat5/rq2_details.jsonl,tasks.install; Package-HR recomputed per 500 records,
tab:rq2_cross_task,llama3.1|Base|install|Valid-Rate,llama3.1,Base,install,Valid-Rate,0.66,0.66,0,match,arithmetic mean across four folds,BOUND/results/paper/rq2_cross_task/llama3.1/Base/fold_A/test100_case_repeat5/rq2_details.jsonl;BOUND/results/paper/rq2_cross_task/llama3.1/Base/fold_B/test100_case_repeat5/rq2_details.jsonl;BOUND/results/paper/rq2_cross_task/llama3.1/Base/fold_C/test100_case_repeat5/rq2_details.jsonl;BOUND/results/paper/rq2_cross_task/llama3.1/Base/fold_D/test100_case_repeat5/rq2_details.jsonl,tasks.install; Valid-Rate recomputed per 500 records,
tab:rq2_cross_task,llama3.1|BOUND|code|Sample-HR,llama3.1,BOUND,code,Sample-HR,0.3085,0.3085,0,match,arithmetic mean across four folds,BOUND/results/paper/rq2_cross_task/llama3.1/BOUND/fold_A/test100_case_repeat5/rq2_details.jsonl;BOUND/results/paper/rq2_cross_task/llama3.1/BOUND/fold_B/test100_case_repeat5/rq2_details.jsonl;BOUND/results/paper/rq2_cross_task/llama3.1/BOUND/fold_C/test100_case_repeat5/rq2_details.jsonl;BOUND/results/paper/rq2_cross_task/llama3.1/BOUND/fold_D/test100_case_repeat5/rq2_details.jsonl,tasks.code; Sample-HR recomputed per 500 records,
tab:rq2_cross_task,llama3.1|BOUND|code|Package-HR,llama3.1,BOUND,code,Package-HR,0.207,0.20705,5e-05,rounding_only,arithmetic mean across four folds,BOUND/results/paper/rq2_cross_task/llama3.1/BOUND/fold_A/test100_case_repeat5/rq2_details.jsonl;BOUND/results/paper/rq2_cross_task/llama3.1/BOUND/fold_B/test100_case_repeat5/rq2_details.jsonl;BOUND/results/paper/rq2_cross_task/llama3.1/BOUND/fold_C/test100_case_repeat5/rq2_details.jsonl;BOUND/results/paper/rq2_cross_task/llama3.1/BOUND/fold_D/test100_case_repeat5/rq2_details.jsonl,tasks.code; Package-HR recomputed per 500 records,
tab:rq2_cross_task,llama3.1|BOUND|code|Valid-Rate,llama3.1,BOUND,code,Valid-Rate,0.7165,0.7165,1.110223025e-16,match,arithmetic mean across four folds,BOUND/results/paper/rq2_cross_task/llama3.1/BOUND/fold_A/test100_case_repeat5/rq2_details.jsonl;BOUND/results/paper/rq2_cross_task/llama3.1/BOUND/fold_B/test100_case_repeat5/rq2_details.jsonl;BOUND/results/paper/rq2_cross_task/llama3.1/BOUND/fold_C/test100_case_repeat5/rq2_details.jsonl;BOUND/results/paper/rq2_cross_task/llama3.1/BOUND/fold_D/test100_case_repeat5/rq2_details.jsonl,tasks.code; Valid-Rate recomputed per 500 records,
tab:rq2_cross_task,llama3.1|BOUND|install|Sample-HR,llama3.1,BOUND,install,Sample-HR,0.3825,0.387,0.0045,mismatch,arithmetic mean across four folds,BOUND/results/paper/rq2_cross_task/llama3.1/BOUND/fold_A/test100_case_repeat5/rq2_details.jsonl;BOUND/results/paper/rq2_cross_task/llama3.1/BOUND/fold_B/test100_case_repeat5/rq2_details.jsonl;BOUND/results/paper/rq2_cross_task/llama3.1/BOUND/fold_C/test100_case_repeat5/rq2_details.jsonl;BOUND/results/paper/rq2_cross_task/llama3.1/BOUND/fold_D/test100_case_repeat5/rq2_details.jsonl,tasks.install; Sample-HR recomputed per 500 records,
tab:rq2_cross_task,llama3.1|BOUND|install|Package-HR,llama3.1,BOUND,install,Package-HR,0.2492,0.253725,0.004525,mismatch,arithmetic mean across four folds,BOUND/results/paper/rq2_cross_task/llama3.1/BOUND/fold_A/test100_case_repeat5/rq2_details.jsonl;BOUND/results/paper/rq2_cross_task/llama3.1/BOUND/fold_B/test100_case_repeat5/rq2_details.jsonl;BOUND/results/paper/rq2_cross_task/llama3.1/BOUND/fold_C/test100_case_repeat5/rq2_details.jsonl;BOUND/results/paper/rq2_cross_task/llama3.1/BOUND/fold_D/test100_case_repeat5/rq2_details.jsonl,tasks.install; Package-HR recomputed per 500 records,
tab:rq2_cross_task,llama3.1|BOUND|install|Valid-Rate,llama3.1,BOUND,install,Valid-Rate,0.7675,0.7675,0,match,arithmetic mean across four folds,BOUND/results/paper/rq2_cross_task/llama3.1/BOUND/fold_A/test100_case_repeat5/rq2_details.jsonl;BOUND/results/paper/rq2_cross_task/llama3.1/BOUND/fold_B/test100_case_repeat5/rq2_details.jsonl;BOUND/results/paper/rq2_cross_task/llama3.1/BOUND/fold_C/test100_case_repeat5/rq2_details.jsonl;BOUND/results/paper/rq2_cross_task/llama3.1/BOUND/fold_D/test100_case_repeat5/rq2_details.jsonl,tasks.install; Valid-Rate recomputed per 500 records,
tab:rq2_cross_task,llama3.1|DINM|code|Sample-HR,llama3.1,DINM,code,Sample-HR,0.0095,0.0095,0,match,arithmetic mean across four folds,BOUND/results/paper/rq2_cross_task/llama3.1/DINM/fold_A/test100_case_repeat5/rq2_details.jsonl;BOUND/results/paper/rq2_cross_task/llama3.1/DINM/fold_B/test100_case_repeat5/rq2_details.jsonl;BOUND/results/paper/rq2_cross_task/llama3.1/DINM/fold_C/test100_case_repeat5/rq2_details.jsonl;BOUND/results/paper/rq2_cross_task/llama3.1/DINM/fold_D/test100_case_repeat5/rq2_details.jsonl,tasks.code; Sample-HR recomputed per 500 records,
tab:rq2_cross_task,llama3.1|DINM|code|Package-HR,llama3.1,DINM,code,Package-HR,0.1352,0.13525,5e-05,rounding_only,arithmetic mean across four folds,BOUND/results/paper/rq2_cross_task/llama3.1/DINM/fold_A/test100_case_repeat5/rq2_details.jsonl;BOUND/results/paper/rq2_cross_task/llama3.1/DINM/fold_B/test100_case_repeat5/rq2_details.jsonl;BOUND/results/paper/rq2_cross_task/llama3.1/DINM/fold_C/test100_case_repeat5/rq2_details.jsonl;BOUND/results/paper/rq2_cross_task/llama3.1/DINM/fold_D/test100_case_repeat5/rq2_details.jsonl,tasks.code; Package-HR recomputed per 500 records,
tab:rq2_cross_task,llama3.1|DINM|code|Valid-Rate,llama3.1,DINM,code,Valid-Rate,0.0115,0.0115,0,match,arithmetic mean across four folds,BOUND/results/paper/rq2_cross_task/llama3.1/DINM/fold_A/test100_case_repeat5/rq2_details.jsonl;BOUND/results/paper/rq2_cross_task/llama3.1/DINM/fold_B/test100_case_repeat5/rq2_details.jsonl;BOUND/results/paper/rq2_cross_task/llama3.1/DINM/fold_C/test100_case_repeat5/rq2_details.jsonl;BOUND/results/paper/rq2_cross_task/llama3.1/DINM/fold_D/test100_case_repeat5/rq2_details.jsonl,tasks.code; Valid-Rate recomputed per 500 records,
tab:rq2_cross_task,llama3.1|DINM|install|Sample-HR,llama3.1,DINM,install,Sample-HR,0.0005,0.0005,0,match,arithmetic mean across four folds,BOUND/results/paper/rq2_cross_task/llama3.1/DINM/fold_A/test100_case_repeat5/rq2_details.jsonl;BOUND/results/paper/rq2_cross_task/llama3.1/DINM/fold_B/test100_case_repeat5/rq2_details.jsonl;BOUND/results/paper/rq2_cross_task/llama3.1/DINM/fold_C/test100_case_repeat5/rq2_details.jsonl;BOUND/results/paper/rq2_cross_task/llama3.1/DINM/fold_D/test100_case_repeat5/rq2_details.jsonl,tasks.install; Sample-HR recomputed per 500 records,
tab:rq2_cross_task,llama3.1|DINM|install|Package-HR,llama3.1,DINM,install,Package-HR,0.25,0.25,0,match,arithmetic mean across four folds,BOUND/results/paper/rq2_cross_task/llama3.1/DINM/fold_A/test100_case_repeat5/rq2_details.jsonl;BOUND/results/paper/rq2_cross_task/llama3.1/DINM/fold_B/test100_case_repeat5/rq2_details.jsonl;BOUND/results/paper/rq2_cross_task/llama3.1/DINM/fold_C/test100_case_repeat5/rq2_details.jsonl;BOUND/results/paper/rq2_cross_task/llama3.1/DINM/fold_D/test100_case_repeat5/rq2_details.jsonl,tasks.install; Package-HR recomputed per 500 records,
tab:rq2_cross_task,llama3.1|DINM|install|Valid-Rate,llama3.1,DINM,install,Valid-Rate,0,0,0,match,arithmetic mean across four folds,BOUND/results/paper/rq2_cross_task/llama3.1/DINM/fold_A/test100_case_repeat5/rq2_details.jsonl;BOUND/results/paper/rq2_cross_task/llama3.1/DINM/fold_B/test100_case_repeat5/rq2_details.jsonl;BOUND/results/paper/rq2_cross_task/llama3.1/DINM/fold_C/test100_case_repeat5/rq2_details.jsonl;BOUND/results/paper/rq2_cross_task/llama3.1/DINM/fold_D/test100_case_repeat5/rq2_details.jsonl,tasks.install; Valid-Rate recomputed per 500 records,
tab:rq2_cross_task,llama3.1|MEMIT|code|Sample-HR,llama3.1,MEMIT,code,Sample-HR,0.3355,0.3385,0.003,mismatch,arithmetic mean across four folds,BOUND/results/paper/rq2_cross_task/llama3.1/MEMIT/fold_A/test100_case_repeat5/rq2_details.jsonl;BOUND/results/paper/rq2_cross_task/llama3.1/MEMIT/fold_B/test100_case_repeat5/rq2_details.jsonl;BOUND/results/paper/rq2_cross_task/llama3.1/MEMIT/fold_C/test100_case_repeat5/rq2_details.jsonl;BOUND/results/paper/rq2_cross_task/llama3.1/MEMIT/fold_D/test100_case_repeat5/rq2_details.jsonl,tasks.code; Sample-HR recomputed per 500 records,
tab:rq2_cross_task,llama3.1|MEMIT|code|Package-HR,llama3.1,MEMIT,code,Package-HR,0.2319,0.23725,0.00535,mismatch,arithmetic mean across four folds,BOUND/results/paper/rq2_cross_task/llama3.1/MEMIT/fold_A/test100_case_repeat5/rq2_details.jsonl;BOUND/results/paper/rq2_cross_task/llama3.1/MEMIT/fold_B/test100_case_repeat5/rq2_details.jsonl;BOUND/results/paper/rq2_cross_task/llama3.1/MEMIT/fold_C/test100_case_repeat5/rq2_details.jsonl;BOUND/results/paper/rq2_cross_task/llama3.1/MEMIT/fold_D/test100_case_repeat5/rq2_details.jsonl,tasks.code; Package-HR recomputed per 500 records,
tab:rq2_cross_task,llama3.1|MEMIT|code|Valid-Rate,llama3.1,MEMIT,code,Valid-Rate,0.689,0.6885,0.0005,mismatch,arithmetic mean across four folds,BOUND/results/paper/rq2_cross_task/llama3.1/MEMIT/fold_A/test100_case_repeat5/rq2_details.jsonl;BOUND/results/paper/rq2_cross_task/llama3.1/MEMIT/fold_B/test100_case_repeat5/rq2_details.jsonl;BOUND/results/paper/rq2_cross_task/llama3.1/MEMIT/fold_C/test100_case_repeat5/rq2_details.jsonl;BOUND/results/paper/rq2_cross_task/llama3.1/MEMIT/fold_D/test100_case_repeat5/rq2_details.jsonl,tasks.code; Valid-Rate recomputed per 500 records,
tab:rq2_cross_task,llama3.1|MEMIT|install|Sample-HR,llama3.1,MEMIT,install,Sample-HR,0.565,0.575,0.01,mismatch,arithmetic mean across four folds,BOUND/results/paper/rq2_cross_task/llama3.1/MEMIT/fold_A/test100_case_repeat5/rq2_details.jsonl;BOUND/results/paper/rq2_cross_task/llama3.1/MEMIT/fold_B/test100_case_repeat5/rq2_details.jsonl;BOUND/results/paper/rq2_cross_task/llama3.1/MEMIT/fold_C/test100_case_repeat5/rq2_details.jsonl;BOUND/results/paper/rq2_cross_task/llama3.1/MEMIT/fold_D/test100_case_repeat5/rq2_details.jsonl,tasks.install; Sample-HR recomputed per 500 records,
tab:rq2_cross_task,llama3.1|MEMIT|install|Package-HR,llama3.1,MEMIT,install,Package-HR,0.3348,0.3441,0.0093,mismatch,arithmetic mean across four folds,BOUND/results/paper/rq2_cross_task/llama3.1/MEMIT/fold_A/test100_case_repeat5/rq2_details.jsonl;BOUND/results/paper/rq2_cross_task/llama3.1/MEMIT/fold_B/test100_case_repeat5/rq2_details.jsonl;BOUND/results/paper/rq2_cross_task/llama3.1/MEMIT/fold_C/test100_case_repeat5/rq2_details.jsonl;BOUND/results/paper/rq2_cross_task/llama3.1/MEMIT/fold_D/test100_case_repeat5/rq2_details.jsonl,tasks.install; Package-HR recomputed per 500 records,
tab:rq2_cross_task,llama3.1|MEMIT|install|Valid-Rate,llama3.1,MEMIT,install,Valid-Rate,0.6785,0.6715,0.007,mismatch,arithmetic mean across four folds,BOUND/results/paper/rq2_cross_task/llama3.1/MEMIT/fold_A/test100_case_repeat5/rq2_details.jsonl;BOUND/results/paper/rq2_cross_task/llama3.1/MEMIT/fold_B/test100_case_repeat5/rq2_details.jsonl;BOUND/results/paper/rq2_cross_task/llama3.1/MEMIT/fold_C/test100_case_repeat5/rq2_details.jsonl;BOUND/results/paper/rq2_cross_task/llama3.1/MEMIT/fold_D/test100_case_repeat5/rq2_details.jsonl,tasks.install; Valid-Rate recomputed per 500 records,
tab:rq2_cross_task,llama3.1|ROME|code|Sample-HR,llama3.1,ROME,code,Sample-HR,0,0,0,match,arithmetic mean across four folds,BOUND/results/paper/rq2_cross_task/llama3.1/ROME/fold_A/test100_case_repeat5/rq2_details.jsonl;BOUND/results/paper/rq2_cross_task/llama3.1/ROME/fold_B/test100_case_repeat5/rq2_details.jsonl;BOUND/results/paper/rq2_cross_task/llama3.1/ROME/fold_C/test100_case_repeat5/rq2_details.jsonl;BOUND/results/paper/rq2_cross_task/llama3.1/ROME/fold_D/test100_case_repeat5/rq2_details.jsonl,tasks.code; Sample-HR recomputed per 500 records,
tab:rq2_cross_task,llama3.1|ROME|code|Package-HR,llama3.1,ROME,code,Package-HR,0,0,0,match,arithmetic mean across four folds,BOUND/results/paper/rq2_cross_task/llama3.1/ROME/fold_A/test100_case_repeat5/rq2_details.jsonl;BOUND/results/paper/rq2_cross_task/llama3.1/ROME/fold_B/test100_case_repeat5/rq2_details.jsonl;BOUND/results/paper/rq2_cross_task/llama3.1/ROME/fold_C/test100_case_repeat5/rq2_details.jsonl;BOUND/results/paper/rq2_cross_task/llama3.1/ROME/fold_D/test100_case_repeat5/rq2_details.jsonl,tasks.code; Package-HR recomputed per 500 records,
tab:rq2_cross_task,llama3.1|ROME|code|Valid-Rate,llama3.1,ROME,code,Valid-Rate,0,0,0,match,arithmetic mean across four folds,BOUND/results/paper/rq2_cross_task/llama3.1/ROME/fold_A/test100_case_repeat5/rq2_details.jsonl;BOUND/results/paper/rq2_cross_task/llama3.1/ROME/fold_B/test100_case_repeat5/rq2_details.jsonl;BOUND/results/paper/rq2_cross_task/llama3.1/ROME/fold_C/test100_case_repeat5/rq2_details.jsonl;BOUND/results/paper/rq2_cross_task/llama3.1/ROME/fold_D/test100_case_repeat5/rq2_details.jsonl,tasks.code; Valid-Rate recomputed per 500 records,
tab:rq2_cross_task,llama3.1|ROME|install|Sample-HR,llama3.1,ROME,install,Sample-HR,0,0,0,match,arithmetic mean across four folds,BOUND/results/paper/rq2_cross_task/llama3.1/ROME/fold_A/test100_case_repeat5/rq2_details.jsonl;BOUND/results/paper/rq2_cross_task/llama3.1/ROME/fold_B/test100_case_repeat5/rq2_details.jsonl;BOUND/results/paper/rq2_cross_task/llama3.1/ROME/fold_C/test100_case_repeat5/rq2_details.jsonl;BOUND/results/paper/rq2_cross_task/llama3.1/ROME/fold_D/test100_case_repeat5/rq2_details.jsonl,tasks.install; Sample-HR recomputed per 500 records,
tab:rq2_cross_task,llama3.1|ROME|install|Package-HR,llama3.1,ROME,install,Package-HR,0,0,0,match,arithmetic mean across four folds,BOUND/results/paper/rq2_cross_task/llama3.1/ROME/fold_A/test100_case_repeat5/rq2_details.jsonl;BOUND/results/paper/rq2_cross_task/llama3.1/ROME/fold_B/test100_case_repeat5/rq2_details.jsonl;BOUND/results/paper/rq2_cross_task/llama3.1/ROME/fold_C/test100_case_repeat5/rq2_details.jsonl;BOUND/results/paper/rq2_cross_task/llama3.1/ROME/fold_D/test100_case_repeat5/rq2_details.jsonl,tasks.install; Package-HR recomputed per 500 records,
tab:rq2_cross_task,llama3.1|ROME|install|Valid-Rate,llama3.1,ROME,install,Valid-Rate,0,0,0,match,arithmetic mean across four folds,BOUND/results/paper/rq2_cross_task/llama3.1/ROME/fold_A/test100_case_repeat5/rq2_details.jsonl;BOUND/results/paper/rq2_cross_task/llama3.1/ROME/fold_B/test100_case_repeat5/rq2_details.jsonl;BOUND/results/paper/rq2_cross_task/llama3.1/ROME/fold_C/test100_case_repeat5/rq2_details.jsonl;BOUND/results/paper/rq2_cross_task/llama3.1/ROME/fold_D/test100_case_repeat5/rq2_details.jsonl,tasks.install; Valid-Rate recomputed per 500 records,
tab:rq2_cross_task,llama3.1|Full-FT|code|Sample-HR,llama3.1,Full-FT,code,Sample-HR,0,0,0,match,arithmetic mean across four folds,BOUND/results/paper/rq2_cross_task/llama3.1/Full-FT/fold_A/test100_case_repeat5/rq2_details.jsonl;BOUND/results/paper/rq2_cross_task/llama3.1/Full-FT/fold_B/test100_case_repeat5/rq2_details.jsonl;BOUND/results/paper/rq2_cross_task/llama3.1/Full-FT/fold_C/test100_case_repeat5/rq2_details.jsonl;BOUND/results/paper/rq2_cross_task/llama3.1/Full-FT/fold_D/test100_case_repeat5/rq2_details.jsonl,tasks.code; Sample-HR recomputed per 500 records,
tab:rq2_cross_task,llama3.1|Full-FT|code|Package-HR,llama3.1,Full-FT,code,Package-HR,0,0,0,match,arithmetic mean across four folds,BOUND/results/paper/rq2_cross_task/llama3.1/Full-FT/fold_A/test100_case_repeat5/rq2_details.jsonl;BOUND/results/paper/rq2_cross_task/llama3.1/Full-FT/fold_B/test100_case_repeat5/rq2_details.jsonl;BOUND/results/paper/rq2_cross_task/llama3.1/Full-FT/fold_C/test100_case_repeat5/rq2_details.jsonl;BOUND/results/paper/rq2_cross_task/llama3.1/Full-FT/fold_D/test100_case_repeat5/rq2_details.jsonl,tasks.code; Package-HR recomputed per 500 records,
tab:rq2_cross_task,llama3.1|Full-FT|code|Valid-Rate,llama3.1,Full-FT,code,Valid-Rate,0.0005,0.0005,0,match,arithmetic mean across four folds,BOUND/results/paper/rq2_cross_task/llama3.1/Full-FT/fold_A/test100_case_repeat5/rq2_details.jsonl;BOUND/results/paper/rq2_cross_task/llama3.1/Full-FT/fold_B/test100_case_repeat5/rq2_details.jsonl;BOUND/results/paper/rq2_cross_task/llama3.1/Full-FT/fold_C/test100_case_repeat5/rq2_details.jsonl;BOUND/results/paper/rq2_cross_task/llama3.1/Full-FT/fold_D/test100_case_repeat5/rq2_details.jsonl,tasks.code; Valid-Rate recomputed per 500 records,
tab:rq2_cross_task,llama3.1|Full-FT|install|Sample-HR,llama3.1,Full-FT,install,Sample-HR,0,0,0,match,arithmetic mean across four folds,BOUND/results/paper/rq2_cross_task/llama3.1/Full-FT/fold_A/test100_case_repeat5/rq2_details.jsonl;BOUND/results/paper/rq2_cross_task/llama3.1/Full-FT/fold_B/test100_case_repeat5/rq2_details.jsonl;BOUND/results/paper/rq2_cross_task/llama3.1/Full-FT/fold_C/test100_case_repeat5/rq2_details.jsonl;BOUND/results/paper/rq2_cross_task/llama3.1/Full-FT/fold_D/test100_case_repeat5/rq2_details.jsonl,tasks.install; Sample-HR recomputed per 500 records,
tab:rq2_cross_task,llama3.1|Full-FT|install|Package-HR,llama3.1,Full-FT,install,Package-HR,0,0,0,match,arithmetic mean across four folds,BOUND/results/paper/rq2_cross_task/llama3.1/Full-FT/fold_A/test100_case_repeat5/rq2_details.jsonl;BOUND/results/paper/rq2_cross_task/llama3.1/Full-FT/fold_B/test100_case_repeat5/rq2_details.jsonl;BOUND/results/paper/rq2_cross_task/llama3.1/Full-FT/fold_C/test100_case_repeat5/rq2_details.jsonl;BOUND/results/paper/rq2_cross_task/llama3.1/Full-FT/fold_D/test100_case_repeat5/rq2_details.jsonl,tasks.install; Package-HR recomputed per 500 records,
tab:rq2_cross_task,llama3.1|Full-FT|install|Valid-Rate,llama3.1,Full-FT,install,Valid-Rate,0,0,0,match,arithmetic mean across four folds,BOUND/results/paper/rq2_cross_task/llama3.1/Full-FT/fold_A/test100_case_repeat5/rq2_details.jsonl;BOUND/results/paper/rq2_cross_task/llama3.1/Full-FT/fold_B/test100_case_repeat5/rq2_details.jsonl;BOUND/results/paper/rq2_cross_task/llama3.1/Full-FT/fold_C/test100_case_repeat5/rq2_details.jsonl;BOUND/results/paper/rq2_cross_task/llama3.1/Full-FT/fold_D/test100_case_repeat5/rq2_details.jsonl,tasks.install; Valid-Rate recomputed per 500 records,
tab:rq3_ablation,deepseekcoder|BOUND|unseen100|Sample-HR,deepseekcoder,BOUND,unseen100,Sample-HR,0.362,0.362,0,match,arithmetic mean across four folds,BOUND/results/paper/rq3_ablation/deepseekcoder/fold_A/BOUND/rq3_metrics.json;BOUND/results/paper/rq3_ablation/deepseekcoder/fold_B/BOUND/rq3_metrics.json;BOUND/results/paper/rq3_ablation/deepseekcoder/fold_C/BOUND/rq3_metrics.json;BOUND/results/paper/rq3_ablation/deepseekcoder/fold_D/BOUND/rq3_metrics.json,sample_hr,
tab:rq3_ablation,deepseekcoder|BOUND|unseen100|Package-HR,deepseekcoder,BOUND,unseen100,Package-HR,0.1618,0.1618296401,2.964005112e-05,match,arithmetic mean across four folds,BOUND/results/paper/rq3_ablation/deepseekcoder/fold_A/BOUND/rq3_metrics.json;BOUND/results/paper/rq3_ablation/deepseekcoder/fold_B/BOUND/rq3_metrics.json;BOUND/results/paper/rq3_ablation/deepseekcoder/fold_C/BOUND/rq3_metrics.json;BOUND/results/paper/rq3_ablation/deepseekcoder/fold_D/BOUND/rq3_metrics.json,package_hr,
tab:rq3_ablation,deepseekcoder|BOUND|unseen100|Valid-Rate,deepseekcoder,BOUND,unseen100,Valid-Rate,0.8835,0.8835,0,match,arithmetic mean across four folds,BOUND/results/paper/rq3_ablation/deepseekcoder/fold_A/BOUND/rq3_metrics.json;BOUND/results/paper/rq3_ablation/deepseekcoder/fold_B/BOUND/rq3_metrics.json;BOUND/results/paper/rq3_ablation/deepseekcoder/fold_C/BOUND/rq3_metrics.json;BOUND/results/paper/rq3_ablation/deepseekcoder/fold_D/BOUND/rq3_metrics.json,valid_rate,
tab:rq3_ablation,qwen3|BOUND|unseen100|Sample-HR,qwen3,BOUND,unseen100,Sample-HR,0.13,0.13,0,match,arithmetic mean across four folds,BOUND/results/paper/rq3_ablation/qwen3/fold_A/BOUND/rq3_metrics.json;BOUND/results/paper/rq3_ablation/qwen3/fold_B/BOUND/rq3_metrics.json;BOUND/results/paper/rq3_ablation/qwen3/fold_C/BOUND/rq3_metrics.json;BOUND/results/paper/rq3_ablation/qwen3/fold_D/BOUND/rq3_metrics.json,sample_hr,
tab:rq3_ablation,qwen3|BOUND|unseen100|Package-HR,qwen3,BOUND,unseen100,Package-HR,0.0702,0.07016362621,3.637378923e-05,match,arithmetic mean across four folds,BOUND/results/paper/rq3_ablation/qwen3/fold_A/BOUND/rq3_metrics.json;BOUND/results/paper/rq3_ablation/qwen3/fold_B/BOUND/rq3_metrics.json;BOUND/results/paper/rq3_ablation/qwen3/fold_C/BOUND/rq3_metrics.json;BOUND/results/paper/rq3_ablation/qwen3/fold_D/BOUND/rq3_metrics.json,package_hr,
tab:rq3_ablation,qwen3|BOUND|unseen100|Valid-Rate,qwen3,BOUND,unseen100,Valid-Rate,0.7265,0.7265,1.110223025e-16,match,arithmetic mean across four folds,BOUND/results/paper/rq3_ablation/qwen3/fold_A/BOUND/rq3_metrics.json;BOUND/results/paper/rq3_ablation/qwen3/fold_B/BOUND/rq3_metrics.json;BOUND/results/paper/rq3_ablation/qwen3/fold_C/BOUND/rq3_metrics.json;BOUND/results/paper/rq3_ablation/qwen3/fold_D/BOUND/rq3_metrics.json,valid_rate,
tab:rq3_ablation,llama3.1|BOUND|unseen100|Sample-HR,llama3.1,BOUND,unseen100,Sample-HR,0.47,0.47,5.551115123e-17,match,arithmetic mean across four folds,BOUND/results/paper/rq3_ablation/llama3.1/fold_A/BOUND/rq3_metrics.json;BOUND/results/paper/rq3_ablation/llama3.1/fold_B/BOUND/rq3_metrics.json;BOUND/results/paper/rq3_ablation/llama3.1/fold_C/BOUND/rq3_metrics.json;BOUND/results/paper/rq3_ablation/llama3.1/fold_D/BOUND/rq3_metrics.json,sample_hr,
tab:rq3_ablation,llama3.1|BOUND|unseen100|Package-HR,llama3.1,BOUND,unseen100,Package-HR,0.2204,0.2203710738,2.89262497e-05,match,arithmetic mean across four folds,BOUND/results/paper/rq3_ablation/llama3.1/fold_A/BOUND/rq3_metrics.json;BOUND/results/paper/rq3_ablation/llama3.1/fold_B/BOUND/rq3_metrics.json;BOUND/results/paper/rq3_ablation/llama3.1/fold_C/BOUND/rq3_metrics.json;BOUND/results/paper/rq3_ablation/llama3.1/fold_D/BOUND/rq3_metrics.json,package_hr,
tab:rq3_ablation,llama3.1|BOUND|unseen100|Valid-Rate,llama3.1,BOUND,unseen100,Valid-Rate,0.8645,0.8645,0,match,arithmetic mean across four folds,BOUND/results/paper/rq3_ablation/llama3.1/fold_A/BOUND/rq3_metrics.json;BOUND/results/paper/rq3_ablation/llama3.1/fold_B/BOUND/rq3_metrics.json;BOUND/results/paper/rq3_ablation/llama3.1/fold_C/BOUND/rq3_metrics.json;BOUND/results/paper/rq3_ablation/llama3.1/fold_D/BOUND/rq3_metrics.json,valid_rate,
tab:rq3_ablation,deepseekcoder|w/o Localization|unseen100|Sample-HR,deepseekcoder,w/o Localization,unseen100,Sample-HR,0.411,0.411,1.665334537e-16,match,arithmetic mean across four folds,BOUND/results/paper/rq3_ablation/deepseekcoder/fold_A/wo_localization/rq3_metrics.json;BOUND/results/paper/rq3_ablation/deepseekcoder/fold_B/wo_localization/rq3_metrics.json;BOUND/results/paper/rq3_ablation/deepseekcoder/fold_C/wo_localization/rq3_metrics.json;BOUND/results/paper/rq3_ablation/deepseekcoder/fold_D/wo_localization/rq3_metrics.json,sample_hr,
tab:rq3_ablation,deepseekcoder|w/o Localization|unseen100|Package-HR,deepseekcoder,w/o Localization,unseen100,Package-HR,0.2356,0.235559477,4.052303549e-05,match,arithmetic mean across four folds,BOUND/results/paper/rq3_ablation/deepseekcoder/fold_A/wo_localization/rq3_metrics.json;BOUND/results/paper/rq3_ablation/deepseekcoder/fold_B/wo_localization/rq3_metrics.json;BOUND/results/paper/rq3_ablation/deepseekcoder/fold_C/wo_localization/rq3_metrics.json;BOUND/results/paper/rq3_ablation/deepseekcoder/fold_D/wo_localization/rq3_metrics.json,package_hr,
tab:rq3_ablation,deepseekcoder|w/o Localization|unseen100|Valid-Rate,deepseekcoder,w/o Localization,unseen100,Valid-Rate,0.759,0.759,1.110223025e-16,match,arithmetic mean across four folds,BOUND/results/paper/rq3_ablation/deepseekcoder/fold_A/wo_localization/rq3_metrics.json;BOUND/results/paper/rq3_ablation/deepseekcoder/fold_B/wo_localization/rq3_metrics.json;BOUND/results/paper/rq3_ablation/deepseekcoder/fold_C/wo_localization/rq3_metrics.json;BOUND/results/paper/rq3_ablation/deepseekcoder/fold_D/wo_localization/rq3_metrics.json,valid_rate,
tab:rq3_ablation,qwen3|w/o Localization|unseen100|Sample-HR,qwen3,w/o Localization,unseen100,Sample-HR,0.2055,0.2055,2.775557562e-17,match,arithmetic mean across four folds,BOUND/results/paper/rq3_ablation/qwen3/fold_A/wo_localization/rq3_metrics.json;BOUND/results/paper/rq3_ablation/qwen3/fold_B/wo_localization/rq3_metrics.json;BOUND/results/paper/rq3_ablation/qwen3/fold_C/wo_localization/rq3_metrics.json;BOUND/results/paper/rq3_ablation/qwen3/fold_D/wo_localization/rq3_metrics.json,sample_hr,
tab:rq3_ablation,qwen3|w/o Localization|unseen100|Package-HR,qwen3,w/o Localization,unseen100,Package-HR,0.1548,0.1547821936,1.78064484e-05,match,arithmetic mean across four folds,BOUND/results/paper/rq3_ablation/qwen3/fold_A/wo_localization/rq3_metrics.json;BOUND/results/paper/rq3_ablation/qwen3/fold_B/wo_localization/rq3_metrics.json;BOUND/results/paper/rq3_ablation/qwen3/fold_C/wo_localization/rq3_metrics.json;BOUND/results/paper/rq3_ablation/qwen3/fold_D/wo_localization/rq3_metrics.json,package_hr,
tab:rq3_ablation,qwen3|w/o Localization|unseen100|Valid-Rate,qwen3,w/o Localization,unseen100,Valid-Rate,0.589,0.589,0,match,arithmetic mean across four folds,BOUND/results/paper/rq3_ablation/qwen3/fold_A/wo_localization/rq3_metrics.json;BOUND/results/paper/rq3_ablation/qwen3/fold_B/wo_localization/rq3_metrics.json;BOUND/results/paper/rq3_ablation/qwen3/fold_C/wo_localization/rq3_metrics.json;BOUND/results/paper/rq3_ablation/qwen3/fold_D/wo_localization/rq3_metrics.json,valid_rate,
tab:rq3_ablation,llama3.1|w/o Localization|unseen100|Sample-HR,llama3.1,w/o Localization,unseen100,Sample-HR,0.5215,0.5215,0,match,arithmetic mean across four folds,BOUND/results/paper/rq3_ablation/llama3.1/fold_A/wo_localization/rq3_metrics.json;BOUND/results/paper/rq3_ablation/llama3.1/fold_B/wo_localization/rq3_metrics.json;BOUND/results/paper/rq3_ablation/llama3.1/fold_C/wo_localization/rq3_metrics.json;BOUND/results/paper/rq3_ablation/llama3.1/fold_D/wo_localization/rq3_metrics.json,sample_hr,
tab:rq3_ablation,llama3.1|w/o Localization|unseen100|Package-HR,llama3.1,w/o Localization,unseen100,Package-HR,0.2555,0.2554610764,3.892358683e-05,match,arithmetic mean across four folds,BOUND/results/paper/rq3_ablation/llama3.1/fold_A/wo_localization/rq3_metrics.json;BOUND/results/paper/rq3_ablation/llama3.1/fold_B/wo_localization/rq3_metrics.json;BOUND/results/paper/rq3_ablation/llama3.1/fold_C/wo_localization/rq3_metrics.json;BOUND/results/paper/rq3_ablation/llama3.1/fold_D/wo_localization/rq3_metrics.json,package_hr,
tab:rq3_ablation,llama3.1|w/o Localization|unseen100|Valid-Rate,llama3.1,w/o Localization,unseen100,Valid-Rate,0.842,0.842,0,match,arithmetic mean across four folds,BOUND/results/paper/rq3_ablation/llama3.1/fold_A/wo_localization/rq3_metrics.json;BOUND/results/paper/rq3_ablation/llama3.1/fold_B/wo_localization/rq3_metrics.json;BOUND/results/paper/rq3_ablation/llama3.1/fold_C/wo_localization/rq3_metrics.json;BOUND/results/paper/rq3_ablation/llama3.1/fold_D/wo_localization/rq3_metrics.json,valid_rate,
tab:rq3_ablation,deepseekcoder|w/o Valid-NLL|unseen100|Sample-HR,deepseekcoder,w/o Valid-NLL,unseen100,Sample-HR,0.02,0.02,3.469446952e-18,match,arithmetic mean across four folds,BOUND/results/paper/rq3_ablation/deepseekcoder/fold_A/wo_valid_nll/rq3_metrics.json;BOUND/results/paper/rq3_ablation/deepseekcoder/fold_B/wo_valid_nll/rq3_metrics.json;BOUND/results/paper/rq3_ablation/deepseekcoder/fold_C/wo_valid_nll/rq3_metrics.json;BOUND/results/paper/rq3_ablation/deepseekcoder/fold_D/wo_valid_nll/rq3_metrics.json,sample_hr,
tab:rq3_ablation,deepseekcoder|w/o Valid-NLL|unseen100|Package-HR,deepseekcoder,w/o Valid-NLL,unseen100,Package-HR,0.0102,0.01016390865,3.609135118e-05,match,arithmetic mean across four folds,BOUND/results/paper/rq3_ablation/deepseekcoder/fold_A/wo_valid_nll/rq3_metrics.json;BOUND/results/paper/rq3_ablation/deepseekcoder/fold_B/wo_valid_nll/rq3_metrics.json;BOUND/results/paper/rq3_ablation/deepseekcoder/fold_C/wo_valid_nll/rq3_metrics.json;BOUND/results/paper/rq3_ablation/deepseekcoder/fold_D/wo_valid_nll/rq3_metrics.json,package_hr,
tab:rq3_ablation,deepseekcoder|w/o Valid-NLL|unseen100|Valid-Rate,deepseekcoder,w/o Valid-NLL,unseen100,Valid-Rate,0.214,0.214,5.551115123e-17,match,arithmetic mean across four folds,BOUND/results/paper/rq3_ablation/deepseekcoder/fold_A/wo_valid_nll/rq3_metrics.json;BOUND/results/paper/rq3_ablation/deepseekcoder/fold_B/wo_valid_nll/rq3_metrics.json;BOUND/results/paper/rq3_ablation/deepseekcoder/fold_C/wo_valid_nll/rq3_metrics.json;BOUND/results/paper/rq3_ablation/deepseekcoder/fold_D/wo_valid_nll/rq3_metrics.json,valid_rate,
tab:rq3_ablation,qwen3|w/o Valid-NLL|unseen100|Sample-HR,qwen3,w/o Valid-NLL,unseen100,Sample-HR,0,0,0,match,arithmetic mean across four folds,BOUND/results/paper/rq3_ablation/qwen3/fold_A/wo_valid_nll/rq3_metrics.json;BOUND/results/paper/rq3_ablation/qwen3/fold_B/wo_valid_nll/rq3_metrics.json;BOUND/results/paper/rq3_ablation/qwen3/fold_C/wo_valid_nll/rq3_metrics.json;BOUND/results/paper/rq3_ablation/qwen3/fold_D/wo_valid_nll/rq3_metrics.json,sample_hr,
tab:rq3_ablation,qwen3|w/o Valid-NLL|unseen100|Package-HR,qwen3,w/o Valid-NLL,unseen100,Package-HR,0,0,0,match,arithmetic mean across four folds,BOUND/results/paper/rq3_ablation/qwen3/fold_A/wo_valid_nll/rq3_metrics.json;BOUND/results/paper/rq3_ablation/qwen3/fold_B/wo_valid_nll/rq3_metrics.json;BOUND/results/paper/rq3_ablation/qwen3/fold_C/wo_valid_nll/rq3_metrics.json;BOUND/results/paper/rq3_ablation/qwen3/fold_D/wo_valid_nll/rq3_metrics.json,package_hr,
tab:rq3_ablation,qwen3|w/o Valid-NLL|unseen100|Valid-Rate,qwen3,w/o Valid-NLL,unseen100,Valid-Rate,0,0,0,match,arithmetic mean across four folds,BOUND/results/paper/rq3_ablation/qwen3/fold_A/wo_valid_nll/rq3_metrics.json;BOUND/results/paper/rq3_ablation/qwen3/fold_B/wo_valid_nll/rq3_metrics.json;BOUND/results/paper/rq3_ablation/qwen3/fold_C/wo_valid_nll/rq3_metrics.json;BOUND/results/paper/rq3_ablation/qwen3/fold_D/wo_valid_nll/rq3_metrics.json,valid_rate,
tab:rq3_ablation,llama3.1|w/o Valid-NLL|unseen100|Sample-HR,llama3.1,w/o Valid-NLL,unseen100,Sample-HR,0.0855,0.0855,2.775557562e-17,match,arithmetic mean across four folds,BOUND/results/paper/rq3_ablation/llama3.1/fold_A/wo_valid_nll/rq3_metrics.json;BOUND/results/paper/rq3_ablation/llama3.1/fold_B/wo_valid_nll/rq3_metrics.json;BOUND/results/paper/rq3_ablation/llama3.1/fold_C/wo_valid_nll/rq3_metrics.json;BOUND/results/paper/rq3_ablation/llama3.1/fold_D/wo_valid_nll/rq3_metrics.json,sample_hr,
tab:rq3_ablation,llama3.1|w/o Valid-NLL|unseen100|Package-HR,llama3.1,w/o Valid-NLL,unseen100,Package-HR,0.0893,0.08929610072,3.899278396e-06,match,arithmetic mean across four folds,BOUND/results/paper/rq3_ablation/llama3.1/fold_A/wo_valid_nll/rq3_metrics.json;BOUND/results/paper/rq3_ablation/llama3.1/fold_B/wo_valid_nll/rq3_metrics.json;BOUND/results/paper/rq3_ablation/llama3.1/fold_C/wo_valid_nll/rq3_metrics.json;BOUND/results/paper/rq3_ablation/llama3.1/fold_D/wo_valid_nll/rq3_metrics.json,package_hr,
tab:rq3_ablation,llama3.1|w/o Valid-NLL|unseen100|Valid-Rate,llama3.1,w/o Valid-NLL,unseen100,Valid-Rate,0.2395,0.2395,5.551115123e-17,match,arithmetic mean across four folds,BOUND/results/paper/rq3_ablation/llama3.1/fold_A/wo_valid_nll/rq3_metrics.json;BOUND/results/paper/rq3_ablation/llama3.1/fold_B/wo_valid_nll/rq3_metrics.json;BOUND/results/paper/rq3_ablation/llama3.1/fold_C/wo_valid_nll/rq3_metrics.json;BOUND/results/paper/rq3_ablation/llama3.1/fold_D/wo_valid_nll/rq3_metrics.json,valid_rate,
tab:rq3_ablation,deepseekcoder|w/o Hall-UL|unseen100|Sample-HR,deepseekcoder,w/o Hall-UL,unseen100,Sample-HR,0.6435,0.6435,0,match,arithmetic mean across four folds,BOUND/results/paper/rq3_ablation/deepseekcoder/fold_A/wo_unlikelihood/rq3_metrics.json;BOUND/results/paper/rq3_ablation/deepseekcoder/fold_B/wo_unlikelihood/rq3_metrics.json;BOUND/results/paper/rq3_ablation/deepseekcoder/fold_C/wo_unlikelihood/rq3_metrics.json;BOUND/results/paper/rq3_ablation/deepseekcoder/fold_D/wo_unlikelihood/rq3_metrics.json,sample_hr,
tab:rq3_ablation,deepseekcoder|w/o Hall-UL|unseen100|Package-HR,deepseekcoder,w/o Hall-UL,unseen100,Package-HR,0.4728,0.4727689091,3.109090499e-05,match,arithmetic mean across four folds,BOUND/results/paper/rq3_ablation/deepseekcoder/fold_A/wo_unlikelihood/rq3_metrics.json;BOUND/results/paper/rq3_ablation/deepseekcoder/fold_B/wo_unlikelihood/rq3_metrics.json;BOUND/results/paper/rq3_ablation/deepseekcoder/fold_C/wo_unlikelihood/rq3_metrics.json;BOUND/results/paper/rq3_ablation/deepseekcoder/fold_D/wo_unlikelihood/rq3_metrics.json,package_hr,
tab:rq3_ablation,deepseekcoder|w/o Hall-UL|unseen100|Valid-Rate,deepseekcoder,w/o Hall-UL,unseen100,Valid-Rate,0.6435,0.6435,0,match,arithmetic mean across four folds,BOUND/results/paper/rq3_ablation/deepseekcoder/fold_A/wo_unlikelihood/rq3_metrics.json;BOUND/results/paper/rq3_ablation/deepseekcoder/fold_B/wo_unlikelihood/rq3_metrics.json;BOUND/results/paper/rq3_ablation/deepseekcoder/fold_C/wo_unlikelihood/rq3_metrics.json;BOUND/results/paper/rq3_ablation/deepseekcoder/fold_D/wo_unlikelihood/rq3_metrics.json,valid_rate,
tab:rq3_ablation,qwen3|w/o Hall-UL|unseen100|Sample-HR,qwen3,w/o Hall-UL,unseen100,Sample-HR,0.5545,0.5545,0,match,arithmetic mean across four folds,BOUND/results/paper/rq3_ablation/qwen3/fold_A/wo_unlikelihood/rq3_metrics.json;BOUND/results/paper/rq3_ablation/qwen3/fold_B/wo_unlikelihood/rq3_metrics.json;BOUND/results/paper/rq3_ablation/qwen3/fold_C/wo_unlikelihood/rq3_metrics.json;BOUND/results/paper/rq3_ablation/qwen3/fold_D/wo_unlikelihood/rq3_metrics.json,sample_hr,
tab:rq3_ablation,qwen3|w/o Hall-UL|unseen100|Package-HR,qwen3,w/o Hall-UL,unseen100,Package-HR,0.5706,0.5706047355,4.735500677e-06,match,arithmetic mean across four folds,BOUND/results/paper/rq3_ablation/qwen3/fold_A/wo_unlikelihood/rq3_metrics.json;BOUND/results/paper/rq3_ablation/qwen3/fold_B/wo_unlikelihood/rq3_metrics.json;BOUND/results/paper/rq3_ablation/qwen3/fold_C/wo_unlikelihood/rq3_metrics.json;BOUND/results/paper/rq3_ablation/qwen3/fold_D/wo_unlikelihood/rq3_metrics.json,package_hr,
tab:rq3_ablation,qwen3|w/o Hall-UL|unseen100|Valid-Rate,qwen3,w/o Hall-UL,unseen100,Valid-Rate,0.3205,0.3205,0,match,arithmetic mean across four folds,BOUND/results/paper/rq3_ablation/qwen3/fold_A/wo_unlikelihood/rq3_metrics.json;BOUND/results/paper/rq3_ablation/qwen3/fold_B/wo_unlikelihood/rq3_metrics.json;BOUND/results/paper/rq3_ablation/qwen3/fold_C/wo_unlikelihood/rq3_metrics.json;BOUND/results/paper/rq3_ablation/qwen3/fold_D/wo_unlikelihood/rq3_metrics.json,valid_rate,
tab:rq3_ablation,llama3.1|w/o Hall-UL|unseen100|Sample-HR,llama3.1,w/o Hall-UL,unseen100,Sample-HR,0.7575,0.7575,1.110223025e-16,match,arithmetic mean across four folds,BOUND/results/paper/rq3_ablation/llama3.1/fold_A/wo_unlikelihood/rq3_metrics.json;BOUND/results/paper/rq3_ablation/llama3.1/fold_B/wo_unlikelihood/rq3_metrics.json;BOUND/results/paper/rq3_ablation/llama3.1/fold_C/wo_unlikelihood/rq3_metrics.json;BOUND/results/paper/rq3_ablation/llama3.1/fold_D/wo_unlikelihood/rq3_metrics.json,sample_hr,
tab:rq3_ablation,llama3.1|w/o Hall-UL|unseen100|Package-HR,llama3.1,w/o Hall-UL,unseen100,Package-HR,0.6505,0.6505344293,3.44292718e-05,match,arithmetic mean across four folds,BOUND/results/paper/rq3_ablation/llama3.1/fold_A/wo_unlikelihood/rq3_metrics.json;BOUND/results/paper/rq3_ablation/llama3.1/fold_B/wo_unlikelihood/rq3_metrics.json;BOUND/results/paper/rq3_ablation/llama3.1/fold_C/wo_unlikelihood/rq3_metrics.json;BOUND/results/paper/rq3_ablation/llama3.1/fold_D/wo_unlikelihood/rq3_metrics.json,package_hr,
tab:rq3_ablation,llama3.1|w/o Hall-UL|unseen100|Valid-Rate,llama3.1,w/o Hall-UL,unseen100,Valid-Rate,0.398,0.398,1.110223025e-16,match,arithmetic mean across four folds,BOUND/results/paper/rq3_ablation/llama3.1/fold_A/wo_unlikelihood/rq3_metrics.json;BOUND/results/paper/rq3_ablation/llama3.1/fold_B/wo_unlikelihood/rq3_metrics.json;BOUND/results/paper/rq3_ablation/llama3.1/fold_C/wo_unlikelihood/rq3_metrics.json;BOUND/results/paper/rq3_ablation/llama3.1/fold_D/wo_unlikelihood/rq3_metrics.json,valid_rate,
tab:rq3_ablation,deepseekcoder|w/o Locality-KL|unseen100|Sample-HR,deepseekcoder,w/o Locality-KL,unseen100,Sample-HR,0.642,0.642,1.110223025e-16,match,arithmetic mean across four folds,BOUND/results/paper/rq3_ablation/deepseekcoder/fold_A/wo_locality_kl/rq3_metrics.json;BOUND/results/paper/rq3_ablation/deepseekcoder/fold_B/wo_locality_kl/rq3_metrics.json;BOUND/results/paper/rq3_ablation/deepseekcoder/fold_C/wo_locality_kl/rq3_metrics.json;BOUND/results/paper/rq3_ablation/deepseekcoder/fold_D/wo_locality_kl/rq3_metrics.json,sample_hr,
tab:rq3_ablation,deepseekcoder|w/o Locality-KL|unseen100|Package-HR,deepseekcoder,w/o Locality-KL,unseen100,Package-HR,0.5668,0.5667686482,3.135179736e-05,match,arithmetic mean across four folds,BOUND/results/paper/rq3_ablation/deepseekcoder/fold_A/wo_locality_kl/rq3_metrics.json;BOUND/results/paper/rq3_ablation/deepseekcoder/fold_B/wo_locality_kl/rq3_metrics.json;BOUND/results/paper/rq3_ablation/deepseekcoder/fold_C/wo_locality_kl/rq3_metrics.json;BOUND/results/paper/rq3_ablation/deepseekcoder/fold_D/wo_locality_kl/rq3_metrics.json,package_hr,
tab:rq3_ablation,deepseekcoder|w/o Locality-KL|unseen100|Valid-Rate,deepseekcoder,w/o Locality-KL,unseen100,Valid-Rate,0.4625,0.4625,1.665334537e-16,match,arithmetic mean across four folds,BOUND/results/paper/rq3_ablation/deepseekcoder/fold_A/wo_locality_kl/rq3_metrics.json;BOUND/results/paper/rq3_ablation/deepseekcoder/fold_B/wo_locality_kl/rq3_metrics.json;BOUND/results/paper/rq3_ablation/deepseekcoder/fold_C/wo_locality_kl/rq3_metrics.json;BOUND/results/paper/rq3_ablation/deepseekcoder/fold_D/wo_locality_kl/rq3_metrics.json,valid_rate,
tab:rq3_ablation,qwen3|w/o Locality-KL|unseen100|Sample-HR,qwen3,w/o Locality-KL,unseen100,Sample-HR,0.5065,0.5065,0,match,arithmetic mean across four folds,BOUND/results/paper/rq3_ablation/qwen3/fold_A/wo_locality_kl/rq3_metrics.json;BOUND/results/paper/rq3_ablation/qwen3/fold_B/wo_locality_kl/rq3_metrics.json;BOUND/results/paper/rq3_ablation/qwen3/fold_C/wo_locality_kl/rq3_metrics.json;BOUND/results/paper/rq3_ablation/qwen3/fold_D/wo_locality_kl/rq3_metrics.json,sample_hr,
tab:rq3_ablation,qwen3|w/o Locality-KL|unseen100|Package-HR,qwen3,w/o Locality-KL,unseen100,Package-HR,0.5214,0.5213986676,1.332427646e-06,match,arithmetic mean across four folds,BOUND/results/paper/rq3_ablation/qwen3/fold_A/wo_locality_kl/rq3_metrics.json;BOUND/results/paper/rq3_ablation/qwen3/fold_B/wo_locality_kl/rq3_metrics.json;BOUND/results/paper/rq3_ablation/qwen3/fold_C/wo_locality_kl/rq3_metrics.json;BOUND/results/paper/rq3_ablation/qwen3/fold_D/wo_locality_kl/rq3_metrics.json,package_hr,
tab:rq3_ablation,qwen3|w/o Locality-KL|unseen100|Valid-Rate,qwen3,w/o Locality-KL,unseen100,Valid-Rate,0.3175,0.3175,0,match,arithmetic mean across four folds,BOUND/results/paper/rq3_ablation/qwen3/fold_A/wo_locality_kl/rq3_metrics.json;BOUND/results/paper/rq3_ablation/qwen3/fold_B/wo_locality_kl/rq3_metrics.json;BOUND/results/paper/rq3_ablation/qwen3/fold_C/wo_locality_kl/rq3_metrics.json;BOUND/results/paper/rq3_ablation/qwen3/fold_D/wo_locality_kl/rq3_metrics.json,valid_rate,
tab:rq3_ablation,llama3.1|w/o Locality-KL|unseen100|Sample-HR,llama3.1,w/o Locality-KL,unseen100,Sample-HR,0.712,0.712,0,match,arithmetic mean across four folds,BOUND/results/paper/rq3_ablation/llama3.1/fold_A/wo_locality_kl/rq3_metrics.json;BOUND/results/paper/rq3_ablation/llama3.1/fold_B/wo_locality_kl/rq3_metrics.json;BOUND/results/paper/rq3_ablation/llama3.1/fold_C/wo_locality_kl/rq3_metrics.json;BOUND/results/paper/rq3_ablation/llama3.1/fold_D/wo_locality_kl/rq3_metrics.json,sample_hr,
tab:rq3_ablation,llama3.1|w/o Locality-KL|unseen100|Package-HR,llama3.1,w/o Locality-KL,unseen100,Package-HR,0.6027,0.6026525272,4.747278459e-05,match,arithmetic mean across four folds,BOUND/results/paper/rq3_ablation/llama3.1/fold_A/wo_locality_kl/rq3_metrics.json;BOUND/results/paper/rq3_ablation/llama3.1/fold_B/wo_locality_kl/rq3_metrics.json;BOUND/results/paper/rq3_ablation/llama3.1/fold_C/wo_locality_kl/rq3_metrics.json;BOUND/results/paper/rq3_ablation/llama3.1/fold_D/wo_locality_kl/rq3_metrics.json,package_hr,
tab:rq3_ablation,llama3.1|w/o Locality-KL|unseen100|Valid-Rate,llama3.1,w/o Locality-KL,unseen100,Valid-Rate,0.419,0.419,5.551115123e-17,match,arithmetic mean across four folds,BOUND/results/paper/rq3_ablation/llama3.1/fold_A/wo_locality_kl/rq3_metrics.json;BOUND/results/paper/rq3_ablation/llama3.1/fold_B/wo_locality_kl/rq3_metrics.json;BOUND/results/paper/rq3_ablation/llama3.1/fold_C/wo_locality_kl/rq3_metrics.json;BOUND/results/paper/rq3_ablation/llama3.1/fold_D/wo_locality_kl/rq3_metrics.json,valid_rate,
tab:cost_bound,all|BOUND|mean|Loc. time (s),all,BOUND,mean,Loc. time (s),23.81,23.81,3.552713679e-15,match,arithmetic mean across three models,BOUND/results/paper/paper_raw_data.md,Cost/BOUND/Loc. time (s),numeric inputs are preserved in paper_raw_data.md; per-run log provenance remains incomplete
tab:cost_bound,all|BOUND|mean|Edit time (s),all,BOUND,mean,Edit time (s),83.09,83.08666667,0.003333333333,match,arithmetic mean across three models,BOUND/results/paper/paper_raw_data.md,Cost/BOUND/Edit time (s),numeric inputs are preserved in paper_raw_data.md; per-run log provenance remains incomplete
tab:cost_bound,all|BOUND|mean|Test time (s),all,BOUND,mean,Test time (s),11.3,11.29666667,0.003333333333,match,arithmetic mean across three models,BOUND/results/paper/paper_raw_data.md,Cost/BOUND/Test time (s),numeric inputs are preserved in paper_raw_data.md; per-run log provenance remains incomplete
tab:cost_bound,all|BOUND|mean|Artifact size,all,BOUND,mean,Artifact size,731.03,731.03,1.136868377e-13,match,arithmetic mean across three models,BOUND/results/paper/paper_raw_data.md,Cost/BOUND/Artifact size (KB),unit=KB; numeric inputs are preserved in paper_raw_data.md
tab:cost_bound,all|ROME|mean|Loc. time (s),all,ROME,mean,Loc. time (s),10.19,10.19,0,match,arithmetic mean across three models,BOUND/results/paper/paper_raw_data.md,Cost/ROME/Loc. time (s),numeric inputs are preserved in paper_raw_data.md; per-run log provenance remains incomplete
tab:cost_bound,all|ROME|mean|Edit time (s),all,ROME,mean,Edit time (s),384.45,384.4466667,0.003333333333,match,arithmetic mean across three models,BOUND/results/paper/paper_raw_data.md,Cost/ROME/Edit time (s),numeric inputs are preserved in paper_raw_data.md; per-run log provenance remains incomplete
tab:cost_bound,all|ROME|mean|Test time (s),all,ROME,mean,Test time (s),10.86,10.85666667,0.003333333333,match,arithmetic mean across three models,BOUND/results/paper/paper_raw_data.md,Cost/ROME/Test time (s),numeric inputs are preserved in paper_raw_data.md; per-run log provenance remains incomplete
tab:cost_bound,all|ROME|mean|Artifact size,all,ROME,mean,Artifact size,98.01,98.01,0,match,arithmetic mean across three models,BOUND/results/paper/paper_raw_data.md,Cost/ROME/Artifact size (MB),unit=MB; numeric inputs are preserved in paper_raw_data.md
tab:cost_bound,all|MEMIT|mean|Loc. time (s),all,MEMIT,mean,Loc. time (s),,0,,mismatch,arithmetic mean across three models,BOUND/results/paper/paper_raw_data.md,Cost/MEMIT/Loc. time (s),numeric inputs are preserved in paper_raw_data.md; per-run log provenance remains incomplete
tab:cost_bound,all|MEMIT|mean|Edit time (s),all,MEMIT,mean,Edit time (s),193.06,193.0566667,0.003333333333,match,arithmetic mean across three models,BOUND/results/paper/paper_raw_data.md,Cost/MEMIT/Edit time (s),numeric inputs are preserved in paper_raw_data.md; per-run log provenance remains incomplete
tab:cost_bound,all|MEMIT|mean|Test time (s),all,MEMIT,mean,Test time (s),13.17,13.16666667,0.003333333333,match,arithmetic mean across three models,BOUND/results/paper/paper_raw_data.md,Cost/MEMIT/Test time (s),numeric inputs are preserved in paper_raw_data.md; per-run log provenance remains incomplete
tab:cost_bound,all|MEMIT|mean|Artifact size,all,MEMIT,mean,Artifact size,588.01,588.01,0,match,arithmetic mean across three models,BOUND/results/paper/paper_raw_data.md,Cost/MEMIT/Artifact size (MB),unit=MB; numeric inputs are preserved in paper_raw_data.md
tab:cost_bound,all|DINM|mean|Loc. time (s),all,DINM,mean,Loc. time (s),0.92,0.9233333333,0.003333333333,match,arithmetic mean across three models,BOUND/results/paper/paper_raw_data.md,Cost/DINM/Loc. time (s),numeric inputs are preserved in paper_raw_data.md; per-run log provenance remains incomplete
tab:cost_bound,all|DINM|mean|Edit time (s),all,DINM,mean,Edit time (s),11.97,11.97333333,0.003333333333,match,arithmetic mean across three models,BOUND/results/paper/paper_raw_data.md,Cost/DINM/Edit time (s),numeric inputs are preserved in paper_raw_data.md; per-run log provenance remains incomplete
tab:cost_bound,all|DINM|mean|Test time (s),all,DINM,mean,Test time (s),12.63,12.63,0,match,arithmetic mean across three models,BOUND/results/paper/paper_raw_data.md,Cost/DINM/Test time (s),numeric inputs are preserved in paper_raw_data.md; per-run log provenance remains incomplete
tab:cost_bound,all|DINM|mean|Artifact size,all,DINM,mean,Artifact size,126.68,126.6766667,0.003333333333,match,arithmetic mean across three models,BOUND/results/paper/paper_raw_data.md,Cost/DINM/Artifact size (MB),unit=MB; numeric inputs are preserved in paper_raw_data.md
tab:cost_bound,all|Full-FT|mean|Loc. time (s),all,Full-FT,mean,Loc. time (s),,,,not_applicable,arithmetic mean across three models,BOUND/results/paper/paper_raw_data.md,Cost/Full-FT/Loc. time (s),numeric inputs are preserved in paper_raw_data.md; per-run log provenance remains incomplete
tab:cost_bound,all|Full-FT|mean|Edit time (s),all,Full-FT,mean,Edit time (s),124.16,124.16,1.421085472e-14,match,arithmetic mean across three models,BOUND/results/paper/paper_raw_data.md,Cost/Full-FT/Edit time (s),numeric inputs are preserved in paper_raw_data.md; per-run log provenance remains incomplete
tab:cost_bound,all|Full-FT|mean|Test time (s),all,Full-FT,mean,Test time (s),15.31,15.30666667,0.003333333333,match,arithmetic mean across three models,BOUND/results/paper/paper_raw_data.md,Cost/Full-FT/Test time (s),numeric inputs are preserved in paper_raw_data.md; per-run log provenance remains incomplete
tab:cost_bound,all|Full-FT|mean|Artifact size,all,Full-FT,mean,Artifact size,14.27,14.26666667,0.003333333333,match,arithmetic mean across three models,BOUND/results/paper/paper_raw_data.md,Cost/Full-FT/Artifact size (GB),unit=GB; numeric inputs are preserved in paper_raw_data.md
tab:cost_bound,all|Self-Refinement|mean|Loc. time (s),all,Self-Refinement,mean,Loc. time (s),,,,not_applicable,arithmetic mean across three models,BOUND/results/paper/paper_raw_data.md,Cost/Self-Refinement/Loc. time (s),numeric inputs are preserved in paper_raw_data.md; per-run log provenance remains incomplete
tab:cost_bound,all|Self-Refinement|mean|Edit time (s),all,Self-Refinement,mean,Edit time (s),,,,not_applicable,arithmetic mean across three models,BOUND/results/paper/paper_raw_data.md,Cost/Self-Refinement/Edit time (s),numeric inputs are preserved in paper_raw_data.md; per-run log provenance remains incomplete
tab:cost_bound,all|Self-Refinement|mean|Test time (s),all,Self-Refinement,mean,Test time (s),25.12,25.12333333,0.003333333333,match,arithmetic mean across three models,BOUND/results/paper/paper_raw_data.md,Cost/Self-Refinement/Test time (s),numeric inputs are preserved in paper_raw_data.md; per-run log provenance remains incomplete
tab:cost_bound,all|Self-Refinement|mean|Artifact size,all,Self-Refinement,mean,Artifact size,,,,not_applicable,arithmetic mean across three models,BOUND/results/paper/paper_raw_data.md,Cost/Self-Refinement/Artifact size (NA),unit=NA; numeric inputs are preserved in paper_raw_data.md
tab:editing_drop,deepseekcoder|BOUND|HumanEval|pass@1 Orig.,deepseekcoder,BOUND,HumanEval,pass@1 Orig.,68.96,68.96341463,0.003414634146,match,single selected Base run,BOUND/results/paper/humaneval_bound_base/deepseekcoder/Base/summary.json,pass_at_k.pass@1,
tab:editing_drop,deepseekcoder|BOUND|HumanEval|pass@1 Edited,deepseekcoder,BOUND,HumanEval,pass@1 Edited,67.58,67.57621951,0.003780487805,match,arithmetic mean of one selected run per fold,BOUND/results/paper/humaneval_bound_base/deepseekcoder/fold_A/BOUND/run_01/summary.json;BOUND/results/paper/humaneval_bound_base/deepseekcoder/fold_B/BOUND/run_01/summary.json;BOUND/results/paper/humaneval_bound_base/deepseekcoder/fold_C/BOUND/run_02/summary.json;BOUND/results/paper/humaneval_bound_base/deepseekcoder/fold_D/BOUND/run_02/summary.json,pass_at_k.pass@1,
tab:editing_drop,deepseekcoder|BOUND|HumanEval|pass@1 Delta,deepseekcoder,BOUND,HumanEval,pass@1 Delta,-1.38,-1.38,4.440892099e-15,match,displayed Edited minus displayed Orig.,BOUND/results/paper/humaneval_bound_base/deepseekcoder/Base/summary.json;BOUND/results/paper/humaneval_bound_base/deepseekcoder/fold_A/BOUND/run_01/summary.json;BOUND/results/paper/humaneval_bound_base/deepseekcoder/fold_B/BOUND/run_01/summary.json;BOUND/results/paper/humaneval_bound_base/deepseekcoder/fold_C/BOUND/run_02/summary.json;BOUND/results/paper/humaneval_bound_base/deepseekcoder/fold_D/BOUND/run_02/summary.json,pass_at_k.pass@1,
tab:editing_drop,deepseekcoder|BOUND|HumanEval|pass@10 Orig.,deepseekcoder,BOUND,HumanEval,pass@10 Orig.,82.32,82.31707317,0.002926829268,match,single selected Base run,BOUND/results/paper/humaneval_bound_base/deepseekcoder/Base/summary.json,pass_at_k.pass@10,
tab:editing_drop,deepseekcoder|BOUND|HumanEval|pass@10 Edited,deepseekcoder,BOUND,HumanEval,pass@10 Edited,83.39,83.38414634,0.005853658537,rounding_only,arithmetic mean of one selected run per fold,BOUND/results/paper/humaneval_bound_base/deepseekcoder/fold_A/BOUND/run_01/summary.json;BOUND/results/paper/humaneval_bound_base/deepseekcoder/fold_B/BOUND/run_01/summary.json;BOUND/results/paper/humaneval_bound_base/deepseekcoder/fold_C/BOUND/run_02/summary.json;BOUND/results/paper/humaneval_bound_base/deepseekcoder/fold_D/BOUND/run_02/summary.json,pass_at_k.pass@10,
tab:editing_drop,deepseekcoder|BOUND|HumanEval|pass@10 Delta,deepseekcoder,BOUND,HumanEval,pass@10 Delta,1.07,1.06,0.01,rounding_only,displayed Edited minus displayed Orig.,BOUND/results/paper/humaneval_bound_base/deepseekcoder/Base/summary.json;BOUND/results/paper/humaneval_bound_base/deepseekcoder/fold_A/BOUND/run_01/summary.json;BOUND/results/paper/humaneval_bound_base/deepseekcoder/fold_B/BOUND/run_01/summary.json;BOUND/results/paper/humaneval_bound_base/deepseekcoder/fold_C/BOUND/run_02/summary.json;BOUND/results/paper/humaneval_bound_base/deepseekcoder/fold_D/BOUND/run_02/summary.json,pass_at_k.pass@10,
tab:editing_drop,qwen3|BOUND|HumanEval|pass@1 Orig.,qwen3,BOUND,HumanEval,pass@1 Orig.,23.29,23.29268293,0.002682926829,match,single selected Base run,BOUND/results/paper/humaneval_bound_base/qwen3/Base/run_06/summary.json,pass_at_k.pass@1,
tab:editing_drop,qwen3|BOUND|HumanEval|pass@1 Edited,qwen3,BOUND,HumanEval,pass@1 Edited,21.93,21.93597561,0.005975609756,rounding_only,arithmetic mean of one selected run per fold,BOUND/results/paper/humaneval_bound_base/qwen3/fold_A/BOUND/run_05/summary.json;BOUND/results/paper/humaneval_bound_base/qwen3/fold_B/BOUND/run_04/summary.json;BOUND/results/paper/humaneval_bound_base/qwen3/fold_C/BOUND/run_04/summary.json;BOUND/results/paper/humaneval_bound_base/qwen3/fold_D/BOUND/run_01/summary.json,pass_at_k.pass@1,
tab:editing_drop,qwen3|BOUND|HumanEval|pass@1 Delta,qwen3,BOUND,HumanEval,pass@1 Delta,-1.36,-1.35,0.01,rounding_only,displayed Edited minus displayed Orig.,BOUND/results/paper/humaneval_bound_base/qwen3/Base/run_06/summary.json;BOUND/results/paper/humaneval_bound_base/qwen3/fold_A/BOUND/run_05/summary.json;BOUND/results/paper/humaneval_bound_base/qwen3/fold_B/BOUND/run_04/summary.json;BOUND/results/paper/humaneval_bound_base/qwen3/fold_C/BOUND/run_04/summary.json;BOUND/results/paper/humaneval_bound_base/qwen3/fold_D/BOUND/run_01/summary.json,pass_at_k.pass@1,
tab:editing_drop,qwen3|BOUND|HumanEval|pass@10 Orig.,qwen3,BOUND,HumanEval,pass@10 Orig.,51.83,51.82926829,0.0007317073171,match,single selected Base run,BOUND/results/paper/humaneval_bound_base/qwen3/Base/run_06/summary.json,pass_at_k.pass@10,
tab:editing_drop,qwen3|BOUND|HumanEval|pass@10 Edited,qwen3,BOUND,HumanEval,pass@10 Edited,50.91,50.91463415,0.004634146341,match,arithmetic mean of one selected run per fold,BOUND/results/paper/humaneval_bound_base/qwen3/fold_A/BOUND/run_05/summary.json;BOUND/results/paper/humaneval_bound_base/qwen3/fold_B/BOUND/run_04/summary.json;BOUND/results/paper/humaneval_bound_base/qwen3/fold_C/BOUND/run_04/summary.json;BOUND/results/paper/humaneval_bound_base/qwen3/fold_D/BOUND/run_01/summary.json,pass_at_k.pass@10,
tab:editing_drop,qwen3|BOUND|HumanEval|pass@10 Delta,qwen3,BOUND,HumanEval,pass@10 Delta,-0.92,-0.92,1.665334537e-15,match,displayed Edited minus displayed Orig.,BOUND/results/paper/humaneval_bound_base/qwen3/Base/run_06/summary.json;BOUND/results/paper/humaneval_bound_base/qwen3/fold_A/BOUND/run_05/summary.json;BOUND/results/paper/humaneval_bound_base/qwen3/fold_B/BOUND/run_04/summary.json;BOUND/results/paper/humaneval_bound_base/qwen3/fold_C/BOUND/run_04/summary.json;BOUND/results/paper/humaneval_bound_base/qwen3/fold_D/BOUND/run_01/summary.json,pass_at_k.pass@10,
tab:editing_drop,llama3.1|BOUND|HumanEval|pass@1 Orig.,llama3.1,BOUND,HumanEval,pass@1 Orig.,41.52,41.52439024,0.004390243902,match,single selected Base run,BOUND/results/paper/humaneval_bound_base/llama3.1/Base/summary.json,pass_at_k.pass@1,
tab:editing_drop,llama3.1|BOUND|HumanEval|pass@1 Edited,llama3.1,BOUND,HumanEval,pass@1 Edited,42.12,42.11890244,0.001097560976,match,arithmetic mean of one selected run per fold,BOUND/results/paper/humaneval_bound_base/llama3.1/fold_A/BOUND/run_01/summary.json;BOUND/results/paper/humaneval_bound_base/llama3.1/fold_B/BOUND/run_02/summary.json;BOUND/results/paper/humaneval_bound_base/llama3.1/fold_C/BOUND/run_02/summary.json;BOUND/results/paper/humaneval_bound_base/llama3.1/fold_D/BOUND/run_04/summary.json,pass_at_k.pass@1,
tab:editing_drop,llama3.1|BOUND|HumanEval|pass@1 Delta,llama3.1,BOUND,HumanEval,pass@1 Delta,0.6,0.6,5.662137426e-15,match,displayed Edited minus displayed Orig.,BOUND/results/paper/humaneval_bound_base/llama3.1/Base/summary.json;BOUND/results/paper/humaneval_bound_base/llama3.1/fold_A/BOUND/run_01/summary.json;BOUND/results/paper/humaneval_bound_base/llama3.1/fold_B/BOUND/run_02/summary.json;BOUND/results/paper/humaneval_bound_base/llama3.1/fold_C/BOUND/run_02/summary.json;BOUND/results/paper/humaneval_bound_base/llama3.1/fold_D/BOUND/run_04/summary.json,pass_at_k.pass@1,
tab:editing_drop,llama3.1|BOUND|HumanEval|pass@10 Orig.,llama3.1,BOUND,HumanEval,pass@10 Orig.,69.51,69.51219512,0.002195121951,match,single selected Base run,BOUND/results/paper/humaneval_bound_base/llama3.1/Base/summary.json,pass_at_k.pass@10,
tab:editing_drop,llama3.1|BOUND|HumanEval|pass@10 Edited,llama3.1,BOUND,HumanEval,pass@10 Edited,69.66,69.66463415,0.004634146341,match,arithmetic mean of one selected run per fold,BOUND/results/paper/humaneval_bound_base/llama3.1/fold_A/BOUND/run_01/summary.json;BOUND/results/paper/humaneval_bound_base/llama3.1/fold_B/BOUND/run_02/summary.json;BOUND/results/paper/humaneval_bound_base/llama3.1/fold_C/BOUND/run_02/summary.json;BOUND/results/paper/humaneval_bound_base/llama3.1/fold_D/BOUND/run_04/summary.json,pass_at_k.pass@10,
tab:editing_drop,llama3.1|BOUND|HumanEval|pass@10 Delta,llama3.1,BOUND,HumanEval,pass@10 Delta,0.15,0.15,8.520961714e-15,match,displayed Edited minus displayed Orig.,BOUND/results/paper/humaneval_bound_base/llama3.1/Base/summary.json;BOUND/results/paper/humaneval_bound_base/llama3.1/fold_A/BOUND/run_01/summary.json;BOUND/results/paper/humaneval_bound_base/llama3.1/fold_B/BOUND/run_02/summary.json;BOUND/results/paper/humaneval_bound_base/llama3.1/fold_C/BOUND/run_02/summary.json;BOUND/results/paper/humaneval_bound_base/llama3.1/fold_D/BOUND/run_04/summary.json,pass_at_k.pass@10,
