import_path,answer_occurrences,status,candidate_distributions,evidence,example_generations,human_decision,human_evidence
opentelemetry,493,ambiguous_namespace,"[""opentelemetry-api"", ""opentelemetry-exporter-otlp"", ""opentelemetry-exporter-otlp-proto-common"", ""opentelemetry-exporter-otlp-proto-grpc"", ""opentelemetry-exporter-otlp-proto-http"", ""opentelemetry-proto"", ""opentelemetry-sdk"", ""opentelemetry-semantic-conventions"", ""opentelemetry-semantic-conventions-ai""]",/home/shuhanliu/miniconda3/envs/vllm/lib/python3.1/site-packages | /home/shuhanliu/miniconda3/envs/vllm/lib/python3.1/site-packages | /home/shuhanliu/miniconda3/envs/vllm/lib/python3.1/site-packages | /home/shuhanliu/miniconda3/envs/vllm/lib/python3.1/site-packages | /home/shuhanliu/miniconda3/envs/vllm/lib/python3.1/site-packages | /home/shuhanliu/miniconda3/envs/vllm/lib/python3.1/site-packages | /home/shuhanliu/miniconda3/envs/vllm/lib/python3.1/site-packages | /home/shuhanliu/miniconda3/envs/vllm/lib/python3.1/site-packages | https://files.pythonhosted.org/packages/89/fb/b3c4750238c1c9686de37d3912357c9b94286b64fe594404a39908064f78/opentelemetry_exporter_otlp-1.45.0-py3-none-any.whl#sha256=3de9a5b18648dc124c751f547d8c7a93b177ddae552566981a792d18a063145c,deepseekcoder/Base/A/88__repeat_1 | deepseekcoder/Base/A/88__repeat_2 | deepseekcoder/Base/A/88__repeat_3,,
kafka,169,ambiguous_namespace,"[""kafka"", ""kafka-python""]",https://files.pythonhosted.org/packages/21/71/73286e748ac5045b6a669c2fe44b03ac4c5d3d2af9291c4c6fc76438a9a9/kafka-1.3.5-py2.py3-none-any.whl#sha256=35a49e9a432f6792aad48b2ab09d03867357aaa06eacba2678b7fd0808156e5c | https://files.pythonhosted.org/packages/d7/9a/191343fd96564cbbed51bd33a53c08144e1ce285e2f10fb1578899e86c28/kafka_python-3.0.11-py3-none-any.whl#sha256=9d10cab4e11e02545d82c7e5af5702da5aa46dd4eccd11ad92a50bf6dbbecd14,deepseekcoder/Base/A/2609__repeat_1 | deepseekcoder/Base/A/2609__repeat_2 | deepseekcoder/Base/A/2609__repeat_3,,
pypariql,166,unknown,[],,deepseekcoder/Base/A/84__repeat_1 | deepseekcoder/Base/A/84__repeat_2 | deepseekcoder/Base/A/84__repeat_3,,
fastapi_prometheus,143,unknown,[],,deepseekcoder/Base/A/241__repeat_1 | deepseekcoder/Base/A/241__repeat_3 | deepseekcoder/Base/A/241__repeat_4,,
kafka.errors,131,ambiguous_namespace,"[""kafka"", ""kafka-python""]",https://files.pythonhosted.org/packages/21/71/73286e748ac5045b6a669c2fe44b03ac4c5d3d2af9291c4c6fc76438a9a9/kafka-1.3.5-py2.py3-none-any.whl#sha256=35a49e9a432f6792aad48b2ab09d03867357aaa06eacba2678b7fd0808156e5c | https://files.pythonhosted.org/packages/d7/9a/191343fd96564cbbed51bd33a53c08144e1ce285e2f10fb1578899e86c28/kafka_python-3.0.11-py3-none-any.whl#sha256=9d10cab4e11e02545d82c7e5af5702da5aa46dd4eccd11ad92a50bf6dbbecd14,deepseekcoder/Base/A/2609__repeat_1 | deepseekcoder/Base/A/2609__repeat_2 | deepseekcoder/Base/A/2609__repeat_3,,
sigsep_mus,123,unknown,[],,deepseekcoder/Base/A/2465__repeat_2 | deepseekcoder/Base/A/2465__repeat_3 | deepseekcoder/Base/A/2465__repeat_4,,
luco,114,unknown,[],,qwen3/Base/A/136__repeat_1 | qwen3/Base/A/136__repeat_2 | qwen3/Base/A/136__repeat_3,,
vips,109,unknown,[],,deepseekcoder/Base/A/3359__repeat_2 | deepseekcoder/Base/A/3359__repeat_4 | deepseekcoder/Base/A/3359__repeat_5,,
openstack,95,unknown,[],,deepseekcoder/Base/A/4699__repeat_1 | deepseekcoder/Base/A/4699__repeat_2 | deepseekcoder/Base/A/4699__repeat_3,,
pyspark.sql,94,unknown,[],,deepseekcoder/Base/A/1424__repeat_1 | deepseekcoder/Base/A/1424__repeat_2 | deepseekcoder/Base/A/1424__repeat_4,,
dxpy,89,unknown,[],,deepseekcoder/Base/A/1366__repeat_1 | deepseekcoder/Base/A/1366__repeat_2 | deepseekcoder/Base/A/1366__repeat_3,,
rosbag,89,unknown,[],,deepseekcoder/Base/A/4525__repeat_1 | deepseekcoder/Base/A/4525__repeat_2 | deepseekcoder/Base/A/4525__repeat_3,,
aws_retry,89,unknown,[],,deepseekcoder/Base/A/2480__repeat_1 | deepseekcoder/Base/A/2480__repeat_2 | deepseekcoder/Base/A/2480__repeat_3,,
nmap,89,unknown,[],,deepseekcoder/Base/A/3562__repeat_1 | deepseekcoder/Base/A/3562__repeat_2 | deepseekcoder/Base/A/3562__repeat_3,,
vimeo,89,unknown,[],,deepseekcoder/Base/A/2398__repeat_1 | deepseekcoder/Base/A/2398__repeat_2 | deepseekcoder/Base/A/2398__repeat_3,,
collectd,88,unknown,[],,deepseekcoder/Base/A/4381__repeat_1 | deepseekcoder/Base/A/4381__repeat_2 | deepseekcoder/Base/A/4381__repeat_3,,
collada,84,unknown,[],,deepseekcoder/Base/A/3693__repeat_1 | deepseekcoder/Base/A/3693__repeat_2 | deepseekcoder/Base/A/3693__repeat_3,,
oneagent,84,unknown,[],,qwen3/Base/A/4015__repeat_1 | qwen3/Base/A/4015__repeat_2 | qwen3/Base/A/4015__repeat_3,,
pyexifread,82,unknown,[],,deepseekcoder/Base/A/4196__repeat_1 | deepseekcoder/Base/A/4196__repeat_2 | deepseekcoder/Base/A/4196__repeat_3,,
depthai,82,unknown,[],,qwen3/Base/A/3140__repeat_1 | qwen3/Base/A/3140__repeat_2 | qwen3/Base/A/3140__repeat_3,,
aliyunsdkcore.client,81,unknown,[],,qwen3/Base/A/2298__repeat_1 | qwen3/Base/A/2298__repeat_2 | qwen3/Base/A/2298__repeat_3,,
lambda_function,79,unknown,[],,qwen3/Base/A/2678__repeat_1 | qwen3/Base/A/2678__repeat_2 | qwen3/Base/A/2678__repeat_3,,
tortoise,78,ambiguous_namespace,"[""tortoise"", ""tortoise-orm""]",https://files.pythonhosted.org/packages/16/ef/b314819f12e48e7a99f07825d064b596d58cc4a0c3b75939d0d10fedf90d/tortoise-0.1.1-py3-none-any.whl#sha256=bcb58a56d6796cad0db330104450df2caf2ea9e98d844bb2906274bd15c12804 | https://files.pythonhosted.org/packages/8a/52/5508cea1339bf9de5016a1ace71e2cca51faf07c54cf54dc3d3ce25e07e1/tortoise_orm-1.1.8-py3-none-any.whl#sha256=3f771365c54297543b3b2b7fab4ecb03e89de0a68a41328d2e171c043e08e911,deepseekcoder/Base/A/4117__repeat_1 | deepseekcoder/Base/A/4117__repeat_2 | deepseekcoder/Base/A/4117__repeat_3,,
ipset,78,unknown,[],,qwen3/Base/A/3459__repeat_1 | qwen3/Base/A/3459__repeat_2 | qwen3/Base/A/3459__repeat_3,,
panos,77,unknown,[],,deepseekcoder/Base/A/2113__repeat_1 | deepseekcoder/Base/A/2113__repeat_2 | deepseekcoder/Base/A/2113__repeat_3,,
rdkit,77,unknown,[],,qwen3/Base/A/1603__repeat_1 | qwen3/Base/A/1603__repeat_2 | qwen3/Base/A/1603__repeat_3,,
rospy,76,unknown,[],,deepseekcoder/Base/A/4525__repeat_1 | deepseekcoder/Base/A/4525__repeat_3 | deepseekcoder/Base/A/4355__repeat_5,,
pyspark.sql.functions,75,unknown,[],,deepseekcoder/Base/A/1424__repeat_1 | deepseekcoder/Base/A/1424__repeat_2 | deepseekcoder/Base/A/1424__repeat_4,,
sqlqueryengine,75,unknown,[],,qwen3/Base/A/4818__repeat_1 | qwen3/Base/A/4818__repeat_2 | qwen3/Base/A/4818__repeat_3,,
openjpeg,74,unknown,[],,deepseekcoder/Base/A/2195__repeat_1 | deepseekcoder/Base/A/2195__repeat_3 | deepseekcoder/Base/A/2195__repeat_4,,
gitlab_ci_parser,74,unknown,[],,qwen3/Base/A/955__repeat_1 | qwen3/Base/A/955__repeat_2 | qwen3/Base/A/955__repeat_3,,
aggrid,74,unknown,[],,qwen3/Base/A/1118__repeat_1 | qwen3/Base/A/1118__repeat_2 | qwen3/Base/A/1118__repeat_3,,
opentelemetry.exporter.azuremonitor,72,ambiguous_namespace,"[""opentelemetry-api"", ""opentelemetry-exporter-otlp"", ""opentelemetry-exporter-otlp-proto-common"", ""opentelemetry-exporter-otlp-proto-grpc"", ""opentelemetry-exporter-otlp-proto-http"", ""opentelemetry-proto"", ""opentelemetry-sdk"", ""opentelemetry-semantic-conventions"", ""opentelemetry-semantic-conventions-ai""]",/home/shuhanliu/miniconda3/envs/vllm/lib/python3.1/site-packages | /home/shuhanliu/miniconda3/envs/vllm/lib/python3.1/site-packages | /home/shuhanliu/miniconda3/envs/vllm/lib/python3.1/site-packages | /home/shuhanliu/miniconda3/envs/vllm/lib/python3.1/site-packages | /home/shuhanliu/miniconda3/envs/vllm/lib/python3.1/site-packages | /home/shuhanliu/miniconda3/envs/vllm/lib/python3.1/site-packages | /home/shuhanliu/miniconda3/envs/vllm/lib/python3.1/site-packages | /home/shuhanliu/miniconda3/envs/vllm/lib/python3.1/site-packages | https://files.pythonhosted.org/packages/89/fb/b3c4750238c1c9686de37d3912357c9b94286b64fe594404a39908064f78/opentelemetry_exporter_otlp-1.45.0-py3-none-any.whl#sha256=3de9a5b18648dc124c751f547d8c7a93b177ddae552566981a792d18a063145c,qwen3/Base/A/1211__repeat_1 | qwen3/Base/A/1211__repeat_2 | qwen3/Base/A/1211__repeat_3,,
azure.cli,72,ambiguous_namespace,"[""azure-core"", ""azure-identity"", ""azure-mgmt-resource"", ""azure-storage-blob""]",https://files.pythonhosted.org/packages/49/9a/417b3a533e01953a7c618884df2cb05a71e7b68bdbce4fbdb62349d2a2e8/azure_identity-1.25.3-py3-none-any.whl#sha256=f4d0b956a8146f30333e071374171f3cfa7bdb8073adb8c3814b65567aa7447c | https://files.pythonhosted.org/packages/5b/db/325c6d7312d2200251c52323878281045aaffcb5586612296484e4280eaa/azure_core-1.41.0-py3-none-any.whl#sha256=522b4011e8180b1a3dcd2024396a4e7fe9ac37fb8597db47163d230b5efe892d | https://files.pythonhosted.org/packages/e6/6e/3e776a0817ebe3558fbd8d3f98b1bd8fa75a46596e5cf9bb4377960c4611/azure_mgmt_resource-26.0.0-py3-none-any.whl#sha256=ef36559a4c0843b4272aa584efb455c686e4c3f6357421b38c82f405c01a9a9f | https://files.pythonhosted.org/packages/ff/20/6530bbc13fea536a1f2c0194034ae3f6880fbc0c1e7c229e3569450f7aef/azure_storage_blob-12.30.3-py3-none-any.whl#sha256=80729a5397e5f0a63dbbdff74da675c5db1eacaf25fd5db0074b7ba6c17e2498,qwen3/Base/A/1083__repeat_1 | qwen3/Base/A/1083__repeat_2 | qwen3/Base/A/1083__repeat_3,,
typeshed,71,unknown,[],,qwen3/Base/A/681__repeat_1 | qwen3/Base/A/681__repeat_2 | qwen3/Base/A/681__repeat_3,,
arc,70,unknown,[],,qwen3/Base/A/4284__repeat_1 | qwen3/Base/A/4284__repeat_2 | qwen3/Base/A/4284__repeat_3,,
dkim,69,unknown,[],,qwen3/Base/A/4284__repeat_1 | qwen3/Base/A/4284__repeat_2 | qwen3/Base/A/4284__repeat_3,,
tlsrpt,69,unknown,[],,qwen3/Base/A/4284__repeat_1 | qwen3/Base/A/4284__repeat_2 | qwen3/Base/A/4284__repeat_3,,
rdkit.Chem,69,unknown,[],,qwen3/Base/A/1603__repeat_1 | qwen3/Base/A/1603__repeat_2 | qwen3/Base/A/1603__repeat_3,,
azure.cognitiveservices.speech,69,ambiguous_namespace,"[""azure-core"", ""azure-identity"", ""azure-mgmt-resource"", ""azure-storage-blob""]",https://files.pythonhosted.org/packages/49/9a/417b3a533e01953a7c618884df2cb05a71e7b68bdbce4fbdb62349d2a2e8/azure_identity-1.25.3-py3-none-any.whl#sha256=f4d0b956a8146f30333e071374171f3cfa7bdb8073adb8c3814b65567aa7447c | https://files.pythonhosted.org/packages/5b/db/325c6d7312d2200251c52323878281045aaffcb5586612296484e4280eaa/azure_core-1.41.0-py3-none-any.whl#sha256=522b4011e8180b1a3dcd2024396a4e7fe9ac37fb8597db47163d230b5efe892d | https://files.pythonhosted.org/packages/e6/6e/3e776a0817ebe3558fbd8d3f98b1bd8fa75a46596e5cf9bb4377960c4611/azure_mgmt_resource-26.0.0-py3-none-any.whl#sha256=ef36559a4c0843b4272aa584efb455c686e4c3f6357421b38c82f405c01a9a9f | https://files.pythonhosted.org/packages/ff/20/6530bbc13fea536a1f2c0194034ae3f6880fbc0c1e7c229e3569450f7aef/azure_storage_blob-12.30.3-py3-none-any.whl#sha256=80729a5397e5f0a63dbbdff74da675c5db1eacaf25fd5db0074b7ba6c17e2498,qwen3/Base/A/2608__repeat_1 | qwen3/Base/A/2608__repeat_2 | qwen3/Base/A/2608__repeat_3,,
opentelemetry.exporter,68,ambiguous_namespace,"[""opentelemetry-exporter-otlp"", ""opentelemetry-exporter-otlp-proto-common"", ""opentelemetry-exporter-otlp-proto-grpc"", ""opentelemetry-exporter-otlp-proto-http""]",/home/shuhanliu/miniconda3/envs/vllm/lib/python3.1/site-packages | /home/shuhanliu/miniconda3/envs/vllm/lib/python3.1/site-packages | /home/shuhanliu/miniconda3/envs/vllm/lib/python3.1/site-packages | https://files.pythonhosted.org/packages/89/fb/b3c4750238c1c9686de37d3912357c9b94286b64fe594404a39908064f78/opentelemetry_exporter_otlp-1.45.0-py3-none-any.whl#sha256=3de9a5b18648dc124c751f547d8c7a93b177ddae552566981a792d18a063145c,deepseekcoder/Base/A/88__repeat_2 | deepseekcoder/Base/A/88__repeat_5 | deepseekcoder/BOUND/A/88__repeat_3,,
securesession,67,unknown,[],,qwen3/Base/A/1970__repeat_1 | qwen3/Base/A/1970__repeat_2 | qwen3/Base/A/1970__repeat_3,,
pylabelstudio,65,unknown,[],,deepseekcoder/Base/A/2845__repeat_1 | deepseekcoder/Base/A/2845__repeat_2 | deepseekcoder/Base/A/2845__repeat_3,,
pydanny,65,unknown,[],,deepseekcoder/Base/A/4809__repeat_1 | deepseekcoder/Base/A/4809__repeat_2 | deepseekcoder/Base/A/4809__repeat_3,,
gym,65,unknown,[],,qwen3/Base/A/1446__repeat_1 | qwen3/Base/A/1446__repeat_2 | qwen3/Base/A/1446__repeat_3,,
keeper_secrets_manager,64,unknown,[],,deepseekcoder/Base/A/4559__repeat_2 | deepseekcoder/Base/A/4559__repeat_4 | deepseekcoder/Base/A/4559__repeat_5,,
ot,64,unknown,[],,qwen3/Base/A/3333__repeat_1 | qwen3/Base/A/3333__repeat_2 | qwen3/Base/A/3333__repeat_3,,
splitio,64,unknown,[],,qwen3/Base/A/1668__repeat_1 | qwen3/Base/A/1668__repeat_3 | qwen3/Base/A/1668__repeat_4,,
objc,63,unknown,[],,deepseekcoder/Base/A/1767__repeat_3 | deepseekcoder/Base/A/1767__repeat_5 | deepseekcoder/BOUND/A/1767__repeat_3,,
pydantic_camelcase,62,unknown,[],,qwen3/Base/A/2706__repeat_1 | qwen3/Base/A/2706__repeat_2 | qwen3/Base/A/2706__repeat_3,,
ats_query,61,unknown,[],,qwen3/Base/A/4815__repeat_1 | qwen3/Base/A/4815__repeat_2 | qwen3/Base/A/4815__repeat_3,,
aliyunsdkcore.acs_exception.exceptions,61,unknown,[],,qwen3/Base/A/2298__repeat_1 | qwen3/Base/A/2298__repeat_2 | qwen3/Base/A/2298__repeat_3,,
aliyunsdkcore.request,59,unknown,[],,qwen3/Base/A/2298__repeat_1 | qwen3/Base/A/2298__repeat_2 | qwen3/Base/A/2298__repeat_4,,
speech_recognition,58,unknown,[],,deepseekcoder/Base/A/1767__repeat_2 | deepseekcoder/BOUND/A/2000__repeat_1 | deepseekcoder/BOUND/A/1767__repeat_1,,
dataworld,58,unknown,[],,qwen3/Base/A/3778__repeat_1 | qwen3/Base/A/3778__repeat_2 | qwen3/Base/A/3778__repeat_3,,
mantine,57,unknown,[],,qwen3/Base/A/2517__repeat_2 | qwen3/Base/A/2517__repeat_4 | qwen3/Base/A/2517__repeat_5,,
owncloud,56,unknown,[],,qwen3/Base/A/2140__repeat_1 | qwen3/Base/A/2140__repeat_2 | qwen3/Base/A/2140__repeat_3,,
dremio,56,unknown,[],,qwen3/Base/A/4498__repeat_1 | qwen3/Base/A/4498__repeat_2 | qwen3/Base/A/4498__repeat_3,,
azure.cognitiveservices.language.textanalytics,54,ambiguous_namespace,"[""azure-core"", ""azure-identity"", ""azure-mgmt-resource"", ""azure-storage-blob""]",https://files.pythonhosted.org/packages/49/9a/417b3a533e01953a7c618884df2cb05a71e7b68bdbce4fbdb62349d2a2e8/azure_identity-1.25.3-py3-none-any.whl#sha256=f4d0b956a8146f30333e071374171f3cfa7bdb8073adb8c3814b65567aa7447c | https://files.pythonhosted.org/packages/5b/db/325c6d7312d2200251c52323878281045aaffcb5586612296484e4280eaa/azure_core-1.41.0-py3-none-any.whl#sha256=522b4011e8180b1a3dcd2024396a4e7fe9ac37fb8597db47163d230b5efe892d | https://files.pythonhosted.org/packages/e6/6e/3e776a0817ebe3558fbd8d3f98b1bd8fa75a46596e5cf9bb4377960c4611/azure_mgmt_resource-26.0.0-py3-none-any.whl#sha256=ef36559a4c0843b4272aa584efb455c686e4c3f6357421b38c82f405c01a9a9f | https://files.pythonhosted.org/packages/ff/20/6530bbc13fea536a1f2c0194034ae3f6880fbc0c1e7c229e3569450f7aef/azure_storage_blob-12.30.3-py3-none-any.whl#sha256=80729a5397e5f0a63dbbdff74da675c5db1eacaf25fd5db0074b7ba6c17e2498,qwen3/Base/A/2608__repeat_1 | qwen3/Base/A/2608__repeat_2 | qwen3/Base/A/2608__repeat_3,,
Foundation,53,unknown,[],,deepseekcoder/Base/A/1767__repeat_3 | deepseekcoder/Base/A/1767__repeat_5 | deepseekcoder/Base/A/399__repeat_2,,
nis_elements,52,unknown,[],,deepseekcoder/Base/A/3508__repeat_1 | deepseekcoder/Base/A/3508__repeat_5 | deepseekcoder/BOUND/A/3508__repeat_1,,
supabase_py,52,unknown,[],,deepseekcoder/Base/A/1020__repeat_1 | deepseekcoder/Base/A/1020__repeat_2 | deepseekcoder/Base/A/1020__repeat_3,,
configcat.client,52,unknown,[],,qwen3/Base/A/3131__repeat_1 | qwen3/Base/A/3131__repeat_2 | qwen3/Base/A/3131__repeat_3,,
pycuda.driver,51,unknown,[],,deepseekcoder/Base/A/2347__repeat_1 | deepseekcoder/Base/A/59__repeat_4 | deepseekcoder/Base/A/64__repeat_2,,
lumigo,51,unknown,[],,deepseekcoder/Base/A/1522__repeat_1 | deepseekcoder/Base/A/1522__repeat_4 | deepseekcoder/BOUND/A/1522__repeat_2,,
bedtools,50,unknown,[],,qwen3/Base/A/1915__repeat_1 | qwen3/Base/A/1915__repeat_2 | qwen3/Base/A/1915__repeat_3,,
opentelemetry.api,50,ambiguous_namespace,"[""opentelemetry-api"", ""opentelemetry-exporter-otlp"", ""opentelemetry-exporter-otlp-proto-common"", ""opentelemetry-exporter-otlp-proto-grpc"", ""opentelemetry-exporter-otlp-proto-http"", ""opentelemetry-proto"", ""opentelemetry-sdk"", ""opentelemetry-semantic-conventions"", ""opentelemetry-semantic-conventions-ai""]",/home/shuhanliu/miniconda3/envs/vllm/lib/python3.1/site-packages | /home/shuhanliu/miniconda3/envs/vllm/lib/python3.1/site-packages | /home/shuhanliu/miniconda3/envs/vllm/lib/python3.1/site-packages | /home/shuhanliu/miniconda3/envs/vllm/lib/python3.1/site-packages | /home/shuhanliu/miniconda3/envs/vllm/lib/python3.1/site-packages | /home/shuhanliu/miniconda3/envs/vllm/lib/python3.1/site-packages | /home/shuhanliu/miniconda3/envs/vllm/lib/python3.1/site-packages | /home/shuhanliu/miniconda3/envs/vllm/lib/python3.1/site-packages | https://files.pythonhosted.org/packages/89/fb/b3c4750238c1c9686de37d3912357c9b94286b64fe594404a39908064f78/opentelemetry_exporter_otlp-1.45.0-py3-none-any.whl#sha256=3de9a5b18648dc124c751f547d8c7a93b177ddae552566981a792d18a063145c,llama3.1/Base/A/755__repeat_3 | llama3.1/Base/A/2770__repeat_1 | llama3.1/Base/A/2770__repeat_2,,
pycuda.autoinit,49,unknown,[],,deepseekcoder/Base/A/2347__repeat_1 | deepseekcoder/Base/A/59__repeat_5 | deepseekcoder/Base/A/64__repeat_2,,
libheif,49,unknown,[],,deepseekcoder/Base/A/4477__repeat_1 | deepseekcoder/Base/A/4477__repeat_3 | deepseekcoder/Base/A/4477__repeat_4,,
azure.cognitiveservices.vision.face,49,ambiguous_namespace,"[""azure-core"", ""azure-identity"", ""azure-mgmt-resource"", ""azure-storage-blob""]",https://files.pythonhosted.org/packages/49/9a/417b3a533e01953a7c618884df2cb05a71e7b68bdbce4fbdb62349d2a2e8/azure_identity-1.25.3-py3-none-any.whl#sha256=f4d0b956a8146f30333e071374171f3cfa7bdb8073adb8c3814b65567aa7447c | https://files.pythonhosted.org/packages/5b/db/325c6d7312d2200251c52323878281045aaffcb5586612296484e4280eaa/azure_core-1.41.0-py3-none-any.whl#sha256=522b4011e8180b1a3dcd2024396a4e7fe9ac37fb8597db47163d230b5efe892d | https://files.pythonhosted.org/packages/e6/6e/3e776a0817ebe3558fbd8d3f98b1bd8fa75a46596e5cf9bb4377960c4611/azure_mgmt_resource-26.0.0-py3-none-any.whl#sha256=ef36559a4c0843b4272aa584efb455c686e4c3f6357421b38c82f405c01a9a9f | https://files.pythonhosted.org/packages/ff/20/6530bbc13fea536a1f2c0194034ae3f6880fbc0c1e7c229e3569450f7aef/azure_storage_blob-12.30.3-py3-none-any.whl#sha256=80729a5397e5f0a63dbbdff74da675c5db1eacaf25fd5db0074b7ba6c17e2498,qwen3/Base/A/2608__repeat_1 | qwen3/Base/A/2608__repeat_2 | qwen3/Base/A/2608__repeat_4,,
fontpy,49,unknown,[],,qwen3/Base/A/89__repeat_1 | qwen3/Base/A/89__repeat_2 | qwen3/Base/A/89__repeat_3,,
AppKit,47,unknown,[],,deepseekcoder/Base/A/1767__repeat_2 | deepseekcoder/Base/A/1767__repeat_5 | deepseekcoder/BOUND/A/1767__repeat_3,,
LargeImage,47,unknown,[],,qwen3/Base/A/3157__repeat_2 | qwen3/Base/A/3157__repeat_3 | qwen3/Base/A/3157__repeat_4,,
genpy,46,unknown,[],,deepseekcoder/Base/A/4355__repeat_1 | deepseekcoder/Base/A/4355__repeat_3 | deepseekcoder/Base/A/4355__repeat_4,,
pyliquid,46,unknown,[],,qwen3/Base/A/3349__repeat_1 | qwen3/Base/A/3349__repeat_2 | qwen3/Base/A/3349__repeat_3,,
pulumi_azure_native,45,unknown,[],,deepseekcoder/Base/A/4789__repeat_1 | deepseekcoder/Base/A/4789__repeat_2 | deepseekcoder/Base/A/4789__repeat_4,,
flask_idempotency,45,unknown,[],,llama3.1/Base/A/796__repeat_1 | llama3.1/Base/A/796__repeat_2 | llama3.1/Base/A/796__repeat_3,,
sip,44,unknown,[],,deepseekcoder/BOUND/A/4126__repeat_1 | deepseekcoder/BOUND/A/4126__repeat_2 | deepseekcoder/BOUND/A/4126__repeat_4,,
configcat,44,unknown,[],,qwen3/BOUND/A/3131__repeat_3 | qwen3/BOUND/C/3131__repeat_3 | qwen3/BOUND/C/3131__repeat_4,,
torrent,44,unknown,[],,llama3.1/Base/A/3506__repeat_1 | llama3.1/Base/A/3506__repeat_2 | llama3.1/Base/A/3506__repeat_3,,
cdktf_cdktf_provider_aws,43,unknown,[],,deepseekcoder/Base/A/3959__repeat_1 | deepseekcoder/Base/A/3959__repeat_3 | deepseekcoder/Base/A/3959__repeat_5,,
pyspark.sql.types,43,unknown,[],,deepseekcoder/Base/A/1424__repeat_1 | deepseekcoder/Base/A/1424__repeat_2 | deepseekcoder/Base/A/1424__repeat_4,,
std_msgs.msg,43,unknown,[],,deepseekcoder/Base/A/4355__repeat_5 | deepseekcoder/BOUND/A/4355__repeat_2 | deepseekcoder/BOUND/A/4355__repeat_3,,
tidylib,43,unknown,[],,llama3.1/Base/A/4647__repeat_1 | llama3.1/Base/A/4647__repeat_2 | llama3.1/Base/A/4647__repeat_3,,
azure.cognitiveservices.vision.face.models,42,ambiguous_namespace,"[""azure-core"", ""azure-identity"", ""azure-mgmt-resource"", ""azure-storage-blob""]",https://files.pythonhosted.org/packages/49/9a/417b3a533e01953a7c618884df2cb05a71e7b68bdbce4fbdb62349d2a2e8/azure_identity-1.25.3-py3-none-any.whl#sha256=f4d0b956a8146f30333e071374171f3cfa7bdb8073adb8c3814b65567aa7447c | https://files.pythonhosted.org/packages/5b/db/325c6d7312d2200251c52323878281045aaffcb5586612296484e4280eaa/azure_core-1.41.0-py3-none-any.whl#sha256=522b4011e8180b1a3dcd2024396a4e7fe9ac37fb8597db47163d230b5efe892d | https://files.pythonhosted.org/packages/e6/6e/3e776a0817ebe3558fbd8d3f98b1bd8fa75a46596e5cf9bb4377960c4611/azure_mgmt_resource-26.0.0-py3-none-any.whl#sha256=ef36559a4c0843b4272aa584efb455c686e4c3f6357421b38c82f405c01a9a9f | https://files.pythonhosted.org/packages/ff/20/6530bbc13fea536a1f2c0194034ae3f6880fbc0c1e7c229e3569450f7aef/azure_storage_blob-12.30.3-py3-none-any.whl#sha256=80729a5397e5f0a63dbbdff74da675c5db1eacaf25fd5db0074b7ba6c17e2498,qwen3/Base/A/2608__repeat_1 | qwen3/Base/A/2608__repeat_2 | qwen3/Base/A/2608__repeat_4,,
cdxj,42,unknown,[],,llama3.1/Base/A/3047__repeat_1 | llama3.1/Base/A/3047__repeat_2 | llama3.1/Base/A/3047__repeat_3,,
jalali,42,unknown,[],,llama3.1/Base/A/4161__repeat_1 | llama3.1/Base/A/4161__repeat_2 | llama3.1/Base/A/4161__repeat_3,,
pyautogui,41,unknown,[],,deepseekcoder/Base/A/1767__repeat_2 | deepseekcoder/BOUND/A/1767__repeat_1 | deepseekcoder/BOUND/A/1767__repeat_2,,
opentelemetry.exporter.jaeger.thrift,41,ambiguous_namespace,"[""opentelemetry-api"", ""opentelemetry-exporter-otlp"", ""opentelemetry-exporter-otlp-proto-common"", ""opentelemetry-exporter-otlp-proto-grpc"", ""opentelemetry-exporter-otlp-proto-http"", ""opentelemetry-proto"", ""opentelemetry-sdk"", ""opentelemetry-semantic-conventions"", ""opentelemetry-semantic-conventions-ai""]",/home/shuhanliu/miniconda3/envs/vllm/lib/python3.1/site-packages | /home/shuhanliu/miniconda3/envs/vllm/lib/python3.1/site-packages | /home/shuhanliu/miniconda3/envs/vllm/lib/python3.1/site-packages | /home/shuhanliu/miniconda3/envs/vllm/lib/python3.1/site-packages | /home/shuhanliu/miniconda3/envs/vllm/lib/python3.1/site-packages | /home/shuhanliu/miniconda3/envs/vllm/lib/python3.1/site-packages | /home/shuhanliu/miniconda3/envs/vllm/lib/python3.1/site-packages | /home/shuhanliu/miniconda3/envs/vllm/lib/python3.1/site-packages | https://files.pythonhosted.org/packages/89/fb/b3c4750238c1c9686de37d3912357c9b94286b64fe594404a39908064f78/opentelemetry_exporter_otlp-1.45.0-py3-none-any.whl#sha256=3de9a5b18648dc124c751f547d8c7a93b177ddae552566981a792d18a063145c,deepseekcoder/Base/A/88__repeat_1 | deepseekcoder/Base/A/88__repeat_3 | deepseekcoder/Base/A/88__repeat_4,,
SqlLexer,41,unknown,[],,deepseekcoder/Base/A/250__repeat_2 | deepseekcoder/Base/A/250__repeat_3 | deepseekcoder/Base/A/250__repeat_4,,
SqlParser,41,unknown,[],,deepseekcoder/Base/A/250__repeat_2 | deepseekcoder/Base/A/250__repeat_3 | deepseekcoder/Base/A/250__repeat_4,,
pymol,41,unknown,[],,qwen3/Base/A/1603__repeat_1 | qwen3/Base/A/1603__repeat_2 | qwen3/Base/A/1603__repeat_3,,
websocket,41,unknown,[],,llama3.1/Base/A/906__repeat_1 | llama3.1/Base/A/906__repeat_2 | llama3.1/Base/A/906__repeat_3,,
vmware.vapi.vsphere.client,40,unknown,[],,deepseekcoder/Base/A/1178__repeat_3 | deepseekcoder/Base/A/1178__repeat_4 | deepseekcoder/BOUND/A/1178__repeat_3,,
tracker,40,unknown,[],,llama3.1/Base/A/3506__repeat_1 | llama3.1/Base/A/3506__repeat_2 | llama3.1/Base/A/3506__repeat_3,,
shazamkit,39,unknown,[],,deepseekcoder/Base/A/2000__repeat_1 | deepseekcoder/Base/A/2000__repeat_4 | deepseekcoder/Base/A/2000__repeat_5,,
pycuda.compiler,39,unknown,[],,deepseekcoder/Base/A/59__repeat_4 | deepseekcoder/Base/A/64__repeat_2 | deepseekcoder/BOUND/A/59__repeat_5,,
roslib,39,unknown,[],,deepseekcoder/Base/A/4525__repeat_2 | deepseekcoder/Base/A/4525__repeat_4 | deepseekcoder/BOUND/A/4525__repeat_4,,
sensor_msgs.msg,39,unknown,[],,deepseekcoder/Base/A/4525__repeat_3 | deepseekcoder/Base/A/4355__repeat_5 | deepseekcoder/BOUND/A/4525__repeat_2,,
osakit,39,unknown,[],,qwen3/Base/A/321__repeat_1 | qwen3/Base/A/321__repeat_2 | qwen3/Base/A/321__repeat_3,,
text_maze,39,unknown,[],,llama3.1/Base/A/2359__repeat_1 | llama3.1/Base/A/2359__repeat_2 | llama3.1/Base/A/2359__repeat_3,,
kiota_serialization.text,36,unknown,[],,deepseekcoder/Base/A/2010__repeat_1 | deepseekcoder/Base/A/2010__repeat_3 | deepseekcoder/BOUND/B/2010__repeat_3,,
cudf,35,unknown,[],,deepseekcoder/Base/A/64__repeat_1 | deepseekcoder/Base/A/64__repeat_5 | deepseekcoder/BOUND/A/64__repeat_2,,
kiota_serialization,34,unknown,[],,deepseekcoder/Base/A/2010__repeat_3 | deepseekcoder/Base/A/2010__repeat_4 | deepseekcoder/BOUND/A/2010__repeat_1,,
azure.cli.core,34,ambiguous_namespace,"[""azure-core"", ""azure-identity"", ""azure-mgmt-resource"", ""azure-storage-blob""]",https://files.pythonhosted.org/packages/49/9a/417b3a533e01953a7c618884df2cb05a71e7b68bdbce4fbdb62349d2a2e8/azure_identity-1.25.3-py3-none-any.whl#sha256=f4d0b956a8146f30333e071374171f3cfa7bdb8073adb8c3814b65567aa7447c | https://files.pythonhosted.org/packages/5b/db/325c6d7312d2200251c52323878281045aaffcb5586612296484e4280eaa/azure_core-1.41.0-py3-none-any.whl#sha256=522b4011e8180b1a3dcd2024396a4e7fe9ac37fb8597db47163d230b5efe892d | https://files.pythonhosted.org/packages/e6/6e/3e776a0817ebe3558fbd8d3f98b1bd8fa75a46596e5cf9bb4377960c4611/azure_mgmt_resource-26.0.0-py3-none-any.whl#sha256=ef36559a4c0843b4272aa584efb455c686e4c3f6357421b38c82f405c01a9a9f | https://files.pythonhosted.org/packages/ff/20/6530bbc13fea536a1f2c0194034ae3f6880fbc0c1e7c229e3569450f7aef/azure_storage_blob-12.30.3-py3-none-any.whl#sha256=80729a5397e5f0a63dbbdff74da675c5db1eacaf25fd5db0074b7ba6c17e2498,qwen3/BOUND/A/1083__repeat_2 | qwen3/BOUND/B/1083__repeat_2 | qwen3/BOUND/D/1083__repeat_3,,
libsndfile,34,unknown,[],,llama3.1/Base/A/4650__repeat_1 | llama3.1/Base/A/4650__repeat_2 | llama3.1/Base/A/4650__repeat_3,,
pandoc,34,unknown,[],,llama3.1/Base/A/74__repeat_1 | llama3.1/Base/A/74__repeat_3 | llama3.1/Base/A/74__repeat_4,,
lastfm,33,unknown,[],,llama3.1/Base/A/3298__repeat_1 | llama3.1/Base/A/3298__repeat_2 | llama3.1/Base/A/3298__repeat_3,,
SQLParser,32,unknown,[],,deepseekcoder/Base/A/250__repeat_1 | deepseekcoder/Base/A/250__repeat_5 | deepseekcoder/BOUND/A/250__repeat_1,,
ibm_cloud_secrets_manager_v1,32,unknown,[],,qwen3/Base/A/1249__repeat_3 | qwen3/Base/A/1249__repeat_4 | qwen3/BOUND/A/1249__repeat_2,,
openlineage.client,32,unknown,[],,llama3.1/Base/A/2369__repeat_2 | llama3.1/Base/A/2369__repeat_3 | llama3.1/Base/A/2369__repeat_4,,
heif,31,unknown,[],,deepseekcoder/Base/A/4477__repeat_2 | deepseekcoder/BOUND/A/4477__repeat_2 | deepseekcoder/BOUND/A/4477__repeat_4,,
SQLLexer,31,unknown,[],,deepseekcoder/Base/A/250__repeat_1 | deepseekcoder/Base/A/250__repeat_5 | deepseekcoder/BOUND/A/250__repeat_1,,
openlineage.airflow,30,unknown,[],,llama3.1/Base/A/2369__repeat_1 | llama3.1/Base/A/2369__repeat_2 | llama3.1/Base/A/2369__repeat_3,,
ome_tiff,29,unknown,[],,deepseekcoder/Base/A/3302__repeat_5 | deepseekcoder/BOUND/A/3302__repeat_1 | deepseekcoder/BOUND/B/3302__repeat_1,,
allauth.account.models,29,unknown,[],,qwen3/Base/A/4453__repeat_1 | qwen3/Base/A/4453__repeat_2 | qwen3/Base/A/4453__repeat_3,,
monads,29,unknown,[],,llama3.1/Base/A/2915__repeat_1 | llama3.1/Base/A/2915__repeat_2 | llama3.1/Base/A/2915__repeat_3,,
opentelemetry.exporter.influxdb,28,ambiguous_namespace,"[""opentelemetry-api"", ""opentelemetry-exporter-otlp"", ""opentelemetry-exporter-otlp-proto-common"", ""opentelemetry-exporter-otlp-proto-grpc"", ""opentelemetry-exporter-otlp-proto-http"", ""opentelemetry-proto"", ""opentelemetry-sdk"", ""opentelemetry-semantic-conventions"", ""opentelemetry-semantic-conventions-ai""]",/home/shuhanliu/miniconda3/envs/vllm/lib/python3.1/site-packages | /home/shuhanliu/miniconda3/envs/vllm/lib/python3.1/site-packages | /home/shuhanliu/miniconda3/envs/vllm/lib/python3.1/site-packages | /home/shuhanliu/miniconda3/envs/vllm/lib/python3.1/site-packages | /home/shuhanliu/miniconda3/envs/vllm/lib/python3.1/site-packages | /home/shuhanliu/miniconda3/envs/vllm/lib/python3.1/site-packages | /home/shuhanliu/miniconda3/envs/vllm/lib/python3.1/site-packages | /home/shuhanliu/miniconda3/envs/vllm/lib/python3.1/site-packages | https://files.pythonhosted.org/packages/89/fb/b3c4750238c1c9686de37d3912357c9b94286b64fe594404a39908064f78/opentelemetry_exporter_otlp-1.45.0-py3-none-any.whl#sha256=3de9a5b18648dc124c751f547d8c7a93b177ddae552566981a792d18a063145c,deepseekcoder/Base/A/88__repeat_1 | deepseekcoder/Base/A/88__repeat_3 | deepseekcoder/Base/A/88__repeat_4,,
splitio.client,28,unknown,[],,qwen3/Base/A/1668__repeat_2 | qwen3/Base/A/1668__repeat_5 | qwen3/BOUND/A/1668__repeat_1,,
pycuda,27,unknown,[],,deepseekcoder/Base/A/59__repeat_5 | deepseekcoder/BOUND/A/59__repeat_3 | deepseekcoder/BOUND/A/64__repeat_1,,
erl_terms,27,unknown,[],,deepseekcoder/BOUND/A/4881__repeat_3 | deepseekcoder/BOUND/A/4881__repeat_4 | deepseekcoder/BOUND/B/4881__repeat_2,,
ibm_cloud_secrets_manager,27,unknown,[],,qwen3/Base/A/1249__repeat_2 | qwen3/Base/A/1249__repeat_5 | qwen3/BOUND/C/1249__repeat_2,,
azure.cognitiveservices.speech.audio,27,ambiguous_namespace,"[""azure-core"", ""azure-identity"", ""azure-mgmt-resource"", ""azure-storage-blob""]",https://files.pythonhosted.org/packages/49/9a/417b3a533e01953a7c618884df2cb05a71e7b68bdbce4fbdb62349d2a2e8/azure_identity-1.25.3-py3-none-any.whl#sha256=f4d0b956a8146f30333e071374171f3cfa7bdb8073adb8c3814b65567aa7447c | https://files.pythonhosted.org/packages/5b/db/325c6d7312d2200251c52323878281045aaffcb5586612296484e4280eaa/azure_core-1.41.0-py3-none-any.whl#sha256=522b4011e8180b1a3dcd2024396a4e7fe9ac37fb8597db47163d230b5efe892d | https://files.pythonhosted.org/packages/e6/6e/3e776a0817ebe3558fbd8d3f98b1bd8fa75a46596e5cf9bb4377960c4611/azure_mgmt_resource-26.0.0-py3-none-any.whl#sha256=ef36559a4c0843b4272aa584efb455c686e4c3f6357421b38c82f405c01a9a9f | https://files.pythonhosted.org/packages/ff/20/6530bbc13fea536a1f2c0194034ae3f6880fbc0c1e7c229e3569450f7aef/azure_storage_blob-12.30.3-py3-none-any.whl#sha256=80729a5397e5f0a63dbbdff74da675c5db1eacaf25fd5db0074b7ba6c17e2498,qwen3/Base/A/2608__repeat_4 | qwen3/BOUND/A/2608__repeat_2 | qwen3/BOUND/A/2608__repeat_5,,
opentelemetry.exporter.cloudmonitoring,27,ambiguous_namespace,"[""opentelemetry-api"", ""opentelemetry-exporter-otlp"", ""opentelemetry-exporter-otlp-proto-common"", ""opentelemetry-exporter-otlp-proto-grpc"", ""opentelemetry-exporter-otlp-proto-http"", ""opentelemetry-proto"", ""opentelemetry-sdk"", ""opentelemetry-semantic-conventions"", ""opentelemetry-semantic-conventions-ai""]",/home/shuhanliu/miniconda3/envs/vllm/lib/python3.1/site-packages | /home/shuhanliu/miniconda3/envs/vllm/lib/python3.1/site-packages | /home/shuhanliu/miniconda3/envs/vllm/lib/python3.1/site-packages | /home/shuhanliu/miniconda3/envs/vllm/lib/python3.1/site-packages | /home/shuhanliu/miniconda3/envs/vllm/lib/python3.1/site-packages | /home/shuhanliu/miniconda3/envs/vllm/lib/python3.1/site-packages | /home/shuhanliu/miniconda3/envs/vllm/lib/python3.1/site-packages | /home/shuhanliu/miniconda3/envs/vllm/lib/python3.1/site-packages | https://files.pythonhosted.org/packages/89/fb/b3c4750238c1c9686de37d3912357c9b94286b64fe594404a39908064f78/opentelemetry_exporter_otlp-1.45.0-py3-none-any.whl#sha256=3de9a5b18648dc124c751f547d8c7a93b177ddae552566981a792d18a063145c,qwen3/Base/A/4059__repeat_1 | qwen3/Base/A/4059__repeat_3 | qwen3/Base/A/4059__repeat_4,,
azure.cli.core._profile,27,ambiguous_namespace,"[""azure-core"", ""azure-identity"", ""azure-mgmt-resource"", ""azure-storage-blob""]",https://files.pythonhosted.org/packages/49/9a/417b3a533e01953a7c618884df2cb05a71e7b68bdbce4fbdb62349d2a2e8/azure_identity-1.25.3-py3-none-any.whl#sha256=f4d0b956a8146f30333e071374171f3cfa7bdb8073adb8c3814b65567aa7447c | https://files.pythonhosted.org/packages/5b/db/325c6d7312d2200251c52323878281045aaffcb5586612296484e4280eaa/azure_core-1.41.0-py3-none-any.whl#sha256=522b4011e8180b1a3dcd2024396a4e7fe9ac37fb8597db47163d230b5efe892d | https://files.pythonhosted.org/packages/e6/6e/3e776a0817ebe3558fbd8d3f98b1bd8fa75a46596e5cf9bb4377960c4611/azure_mgmt_resource-26.0.0-py3-none-any.whl#sha256=ef36559a4c0843b4272aa584efb455c686e4c3f6357421b38c82f405c01a9a9f | https://files.pythonhosted.org/packages/ff/20/6530bbc13fea536a1f2c0194034ae3f6880fbc0c1e7c229e3569450f7aef/azure_storage_blob-12.30.3-py3-none-any.whl#sha256=80729a5397e5f0a63dbbdff74da675c5db1eacaf25fd5db0074b7ba6c17e2498,qwen3/BOUND/D/1083__repeat_3 | llama3.1/Base/A/1083__repeat_2 | llama3.1/Base/A/1083__repeat_3,,
cuda,26,ambiguous_namespace,"[""cuda-bindings"", ""cuda-pathfinder""]",/home/shuhanliu/miniconda3/envs/vllm/lib/python3.1/site-packages | /home/shuhanliu/miniconda3/envs/vllm/lib/python3.1/site-packages,deepseekcoder/Base/A/64__repeat_3 | deepseekcoder/Base/A/64__repeat_4 | deepseekcoder/BOUND/A/64__repeat_4,,
pybedtools,26,unknown,[],,qwen3/BOUND/A/1915__repeat_1 | qwen3/BOUND/A/1915__repeat_3 | qwen3/BOUND/A/1915__repeat_4,,
latex,26,unknown,[],,llama3.1/Base/A/3792__repeat_1 | llama3.1/Base/A/3792__repeat_2 | llama3.1/Base/A/3792__repeat_3,,
mathml,26,unknown,[],,llama3.1/Base/A/3792__repeat_2 | llama3.1/Base/A/3792__repeat_3 | llama3.1/Base/A/3792__repeat_4,,
erl_interface,25,unknown,[],,deepseekcoder/BOUND/B/4881__repeat_1 | deepseekcoder/BOUND/B/4881__repeat_4 | deepseekcoder/BOUND/C/4881__repeat_1,,
siftsci,25,unknown,[],,qwen3/Base/A/2067__repeat_5 | qwen3/BOUND/B/2067__repeat_4 | qwen3/BOUND/C/2067__repeat_4,,
aliyunsdkcore,25,unknown,[],,qwen3/BOUND/A/2298__repeat_5 | qwen3/BOUND/C/2298__repeat_4 | qwen3/BOUND/D/2298__repeat_2,,
azure.graphrbac,25,ambiguous_namespace,"[""azure-core"", ""azure-identity"", ""azure-mgmt-resource"", ""azure-storage-blob""]",https://files.pythonhosted.org/packages/49/9a/417b3a533e01953a7c618884df2cb05a71e7b68bdbce4fbdb62349d2a2e8/azure_identity-1.25.3-py3-none-any.whl#sha256=f4d0b956a8146f30333e071374171f3cfa7bdb8073adb8c3814b65567aa7447c | https://files.pythonhosted.org/packages/5b/db/325c6d7312d2200251c52323878281045aaffcb5586612296484e4280eaa/azure_core-1.41.0-py3-none-any.whl#sha256=522b4011e8180b1a3dcd2024396a4e7fe9ac37fb8597db47163d230b5efe892d | https://files.pythonhosted.org/packages/e6/6e/3e776a0817ebe3558fbd8d3f98b1bd8fa75a46596e5cf9bb4377960c4611/azure_mgmt_resource-26.0.0-py3-none-any.whl#sha256=ef36559a4c0843b4272aa584efb455c686e4c3f6357421b38c82f405c01a9a9f | https://files.pythonhosted.org/packages/ff/20/6530bbc13fea536a1f2c0194034ae3f6880fbc0c1e7c229e3569450f7aef/azure_storage_blob-12.30.3-py3-none-any.whl#sha256=80729a5397e5f0a63dbbdff74da675c5db1eacaf25fd5db0074b7ba6c17e2498,llama3.1/Base/A/372__repeat_2 | llama3.1/Base/A/372__repeat_4 | llama3.1/BOUND/A/372__repeat_3,,
azure.mgmt.authorization,24,ambiguous_namespace,"[""azure-core"", ""azure-identity"", ""azure-mgmt-resource"", ""azure-storage-blob""]",https://files.pythonhosted.org/packages/49/9a/417b3a533e01953a7c618884df2cb05a71e7b68bdbce4fbdb62349d2a2e8/azure_identity-1.25.3-py3-none-any.whl#sha256=f4d0b956a8146f30333e071374171f3cfa7bdb8073adb8c3814b65567aa7447c | https://files.pythonhosted.org/packages/5b/db/325c6d7312d2200251c52323878281045aaffcb5586612296484e4280eaa/azure_core-1.41.0-py3-none-any.whl#sha256=522b4011e8180b1a3dcd2024396a4e7fe9ac37fb8597db47163d230b5efe892d | https://files.pythonhosted.org/packages/e6/6e/3e776a0817ebe3558fbd8d3f98b1bd8fa75a46596e5cf9bb4377960c4611/azure_mgmt_resource-26.0.0-py3-none-any.whl#sha256=ef36559a4c0843b4272aa584efb455c686e4c3f6357421b38c82f405c01a9a9f | https://files.pythonhosted.org/packages/ff/20/6530bbc13fea536a1f2c0194034ae3f6880fbc0c1e7c229e3569450f7aef/azure_storage_blob-12.30.3-py3-none-any.whl#sha256=80729a5397e5f0a63dbbdff74da675c5db1eacaf25fd5db0074b7ba6c17e2498,qwen3/Base/A/2798__repeat_3 | qwen3/Base/A/2798__repeat_4 | qwen3/Base/A/2798__repeat_5,,
loki,24,unknown,[],,llama3.1/Base/A/907__repeat_2 | llama3.1/Base/A/907__repeat_4 | llama3.1/BOUND/A/907__repeat_2,,
kiota_serialization.parse_node,23,unknown,[],,deepseekcoder/Base/A/2010__repeat_1 | deepseekcoder/BOUND/A/2010__repeat_4 | deepseekcoder/BOUND/B/2010__repeat_3,,
edx_hooks,23,unknown,[],,deepseekcoder/BOUND/A/2496__repeat_1 | deepseekcoder/BOUND/A/2496__repeat_5 | deepseekcoder/BOUND/B/2496__repeat_2,,
pygame,23,unknown,[],,deepseekcoder/DINM/B/2195__repeat_2 | qwen3/BOUND/A/1446__repeat_3 | qwen3/BOUND/B/1446__repeat_2,,
securesession.backends,22,unknown,[],,qwen3/Base/A/1970__repeat_5 | qwen3/BOUND/B/1970__repeat_4 | qwen3/BOUND/D/1970__repeat_2,,
odoo,22,unknown,[],,qwen3/BOUND/A/3422__repeat_1 | qwen3/BOUND/A/3422__repeat_3 | qwen3/BOUND/A/3422__repeat_4,,
ibm_boto3,21,unknown,[],,deepseekcoder/Base/A/782__repeat_2 | deepseekcoder/BOUND/B/782__repeat_2 | deepseekcoder/BOUND/C/782__repeat_3,,
google.cloud.pubsub_v1.publisher.futures,21,ambiguous_namespace,"[""google-api-core"", ""google-auth"", ""googleapis-common-protos"", ""protobuf""]",/home/shuhanliu/miniconda3/envs/vllm/lib/python3.1/site-packages | /home/shuhanliu/miniconda3/envs/vllm/lib/python3.1/site-packages | https://files.pythonhosted.org/packages/7a/f0/cba0ac98e98e01849b19f7504eb3aeede741e72dfc31612e46d5f0dd981c/google_auth-2.58.1-py3-none-any.whl#sha256=66a63572d0ab629554768544df04018d79178c0bd7439ba31683ac576b79024d | https://files.pythonhosted.org/packages/ff/78/41b3cd83d472b63c694a01e876d3aaa7c2b2f61f29ec8a9275f47b057349/google_api_core-2.39.0-py3-none-any.whl#sha256=40a5d1c892bc1798f3b75ab10c665b85717979088519c714ca5774ee81d1e3c5,deepseekcoder/Base/A/2939__repeat_4 | deepseekcoder/BOUND/D/2939__repeat_1 | deepseekcoder/BOUND/D/2939__repeat_3,,
helloworld_pb2,21,unknown,[],,deepseekcoder/Base/A/55__repeat_1 | deepseekcoder/BOUND/A/55__repeat_1 | deepseekcoder/BOUND/B/55__repeat_2,,
helloworld_pb2_grpc,21,unknown,[],,deepseekcoder/Base/A/55__repeat_1 | deepseekcoder/BOUND/A/55__repeat_1 | deepseekcoder/BOUND/B/55__repeat_2,,
opentelemetry.instrumentation.tortoise_orm,21,ambiguous_namespace,"[""opentelemetry-api"", ""opentelemetry-exporter-otlp"", ""opentelemetry-exporter-otlp-proto-common"", ""opentelemetry-exporter-otlp-proto-grpc"", ""opentelemetry-exporter-otlp-proto-http"", ""opentelemetry-proto"", ""opentelemetry-sdk"", ""opentelemetry-semantic-conventions"", ""opentelemetry-semantic-conventions-ai""]",/home/shuhanliu/miniconda3/envs/vllm/lib/python3.1/site-packages | /home/shuhanliu/miniconda3/envs/vllm/lib/python3.1/site-packages | /home/shuhanliu/miniconda3/envs/vllm/lib/python3.1/site-packages | /home/shuhanliu/miniconda3/envs/vllm/lib/python3.1/site-packages | /home/shuhanliu/miniconda3/envs/vllm/lib/python3.1/site-packages | /home/shuhanliu/miniconda3/envs/vllm/lib/python3.1/site-packages | /home/shuhanliu/miniconda3/envs/vllm/lib/python3.1/site-packages | /home/shuhanliu/miniconda3/envs/vllm/lib/python3.1/site-packages | https://files.pythonhosted.org/packages/89/fb/b3c4750238c1c9686de37d3912357c9b94286b64fe594404a39908064f78/opentelemetry_exporter_otlp-1.45.0-py3-none-any.whl#sha256=3de9a5b18648dc124c751f547d8c7a93b177ddae552566981a792d18a063145c,deepseekcoder/Base/A/4117__repeat_3 | deepseekcoder/Base/A/4117__repeat_5 | deepseekcoder/BOUND/C/4117__repeat_5,,
ometiff,21,unknown,[],,deepseekcoder/BOUND/A/3302__repeat_3 | deepseekcoder/BOUND/A/3302__repeat_5 | deepseekcoder/BOUND/D/3302__repeat_1,,
allauth.account.forms,21,unknown,[],,qwen3/Base/A/4453__repeat_2 | qwen3/Base/A/4453__repeat_3 | qwen3/Base/A/4453__repeat_5,,
ale,21,unknown,[],,qwen3/Base/A/1446__repeat_2 | qwen3/BOUND/A/1446__repeat_2 | qwen3/BOUND/C/1446__repeat_4,,
argo.workflows.client,21,unknown,[],,qwen3/Base/A/1497__repeat_2 | qwen3/Base/A/1497__repeat_3 | qwen3/Base/A/1497__repeat_4,,
opentelemetry.sdk.trace.samplers,21,ambiguous_namespace,"[""opentelemetry-api"", ""opentelemetry-exporter-otlp"", ""opentelemetry-exporter-otlp-proto-common"", ""opentelemetry-exporter-otlp-proto-grpc"", ""opentelemetry-exporter-otlp-proto-http"", ""opentelemetry-proto"", ""opentelemetry-sdk"", ""opentelemetry-semantic-conventions"", ""opentelemetry-semantic-conventions-ai""]",/home/shuhanliu/miniconda3/envs/vllm/lib/python3.1/site-packages | /home/shuhanliu/miniconda3/envs/vllm/lib/python3.1/site-packages | /home/shuhanliu/miniconda3/envs/vllm/lib/python3.1/site-packages | /home/shuhanliu/miniconda3/envs/vllm/lib/python3.1/site-packages | /home/shuhanliu/miniconda3/envs/vllm/lib/python3.1/site-packages | /home/shuhanliu/miniconda3/envs/vllm/lib/python3.1/site-packages | /home/shuhanliu/miniconda3/envs/vllm/lib/python3.1/site-packages | /home/shuhanliu/miniconda3/envs/vllm/lib/python3.1/site-packages | https://files.pythonhosted.org/packages/89/fb/b3c4750238c1c9686de37d3912357c9b94286b64fe594404a39908064f78/opentelemetry_exporter_otlp-1.45.0-py3-none-any.whl#sha256=3de9a5b18648dc124c751f547d8c7a93b177ddae552566981a792d18a063145c,llama3.1/Base/A/755__repeat_3 | llama3.1/Base/A/2770__repeat_4 | llama3.1/Base/A/1587__repeat_4,,
com.vmware.vapi.stdlib.client,20,unknown,[],,deepseekcoder/Base/A/1178__repeat_4 | deepseekcoder/BOUND/A/1178__repeat_3 | deepseekcoder/BOUND/A/1178__repeat_4,,
kiota_serialization.serialization_writer,20,unknown,[],,deepseekcoder/Base/A/2010__repeat_1 | deepseekcoder/BOUND/A/2010__repeat_4 | deepseekcoder/BOUND/B/2010__repeat_3,,
sift,20,unknown,[],,qwen3/Base/A/2067__repeat_1 | qwen3/Base/A/2067__repeat_3 | qwen3/BOUND/B/2067__repeat_2,,
htslib,20,unknown,[],,qwen3/Base/A/2284__repeat_3 | qwen3/BOUND/C/2284__repeat_2 | qwen3/ROME/B/2284__repeat_4,,
azure.cognitiveservices.vision.computervision,20,ambiguous_namespace,"[""azure-core"", ""azure-identity"", ""azure-mgmt-resource"", ""azure-storage-blob""]",https://files.pythonhosted.org/packages/49/9a/417b3a533e01953a7c618884df2cb05a71e7b68bdbce4fbdb62349d2a2e8/azure_identity-1.25.3-py3-none-any.whl#sha256=f4d0b956a8146f30333e071374171f3cfa7bdb8073adb8c3814b65567aa7447c | https://files.pythonhosted.org/packages/5b/db/325c6d7312d2200251c52323878281045aaffcb5586612296484e4280eaa/azure_core-1.41.0-py3-none-any.whl#sha256=522b4011e8180b1a3dcd2024396a4e7fe9ac37fb8597db47163d230b5efe892d | https://files.pythonhosted.org/packages/e6/6e/3e776a0817ebe3558fbd8d3f98b1bd8fa75a46596e5cf9bb4377960c4611/azure_mgmt_resource-26.0.0-py3-none-any.whl#sha256=ef36559a4c0843b4272aa584efb455c686e4c3f6357421b38c82f405c01a9a9f | https://files.pythonhosted.org/packages/ff/20/6530bbc13fea536a1f2c0194034ae3f6880fbc0c1e7c229e3569450f7aef/azure_storage_blob-12.30.3-py3-none-any.whl#sha256=80729a5397e5f0a63dbbdff74da675c5db1eacaf25fd5db0074b7ba6c17e2498,qwen3/Base/A/2608__repeat_3 | qwen3/Base/A/2608__repeat_5 | qwen3/BOUND/A/2608__repeat_1,,
csscompressor,20,unknown,[],,qwen3/BOUND/C/615__repeat_1 | qwen3/BOUND/C/615__repeat_3 | qwen3/BOUND/D/615__repeat_3,,
purecloud,20,unknown,[],,llama3.1/Base/A/911__repeat_2 | llama3.1/Base/A/911__repeat_3 | llama3.1/Base/A/911__repeat_4,,
opentelemetry.api.trace,20,ambiguous_namespace,"[""opentelemetry-api"", ""opentelemetry-exporter-otlp"", ""opentelemetry-exporter-otlp-proto-common"", ""opentelemetry-exporter-otlp-proto-grpc"", ""opentelemetry-exporter-otlp-proto-http"", ""opentelemetry-proto"", ""opentelemetry-sdk"", ""opentelemetry-semantic-conventions"", ""opentelemetry-semantic-conventions-ai""]",/home/shuhanliu/miniconda3/envs/vllm/lib/python3.1/site-packages | /home/shuhanliu/miniconda3/envs/vllm/lib/python3.1/site-packages | /home/shuhanliu/miniconda3/envs/vllm/lib/python3.1/site-packages | /home/shuhanliu/miniconda3/envs/vllm/lib/python3.1/site-packages | /home/shuhanliu/miniconda3/envs/vllm/lib/python3.1/site-packages | /home/shuhanliu/miniconda3/envs/vllm/lib/python3.1/site-packages | /home/shuhanliu/miniconda3/envs/vllm/lib/python3.1/site-packages | /home/shuhanliu/miniconda3/envs/vllm/lib/python3.1/site-packages | https://files.pythonhosted.org/packages/89/fb/b3c4750238c1c9686de37d3912357c9b94286b64fe594404a39908064f78/opentelemetry_exporter_otlp-1.45.0-py3-none-any.whl#sha256=3de9a5b18648dc124c751f547d8c7a93b177ddae552566981a792d18a063145c,llama3.1/Base/A/2770__repeat_2 | llama3.1/Base/A/2770__repeat_3 | llama3.1/BOUND/A/755__repeat_1,,
kafka.structs,19,ambiguous_namespace,"[""kafka"", ""kafka-python""]",https://files.pythonhosted.org/packages/21/71/73286e748ac5045b6a669c2fe44b03ac4c5d3d2af9291c4c6fc76438a9a9/kafka-1.3.5-py2.py3-none-any.whl#sha256=35a49e9a432f6792aad48b2ab09d03867357aaa06eacba2678b7fd0808156e5c | https://files.pythonhosted.org/packages/d7/9a/191343fd96564cbbed51bd33a53c08144e1ce285e2f10fb1578899e86c28/kafka_python-3.0.11-py3-none-any.whl#sha256=9d10cab4e11e02545d82c7e5af5702da5aa46dd4eccd11ad92a50bf6dbbecd14,deepseekcoder/Base/A/2609__repeat_5 | llama3.1/Base/A/2609__repeat_3 | llama3.1/Base/A/2609__repeat_4,,
ntlm,19,unknown,[],,deepseekcoder/Base/A/446__repeat_4 | deepseekcoder/BOUND/A/446__repeat_4 | deepseekcoder/BOUND/C/446__repeat_1,,
terraform,19,unknown,[],,deepseekcoder/BOUND/C/2250__repeat_5 | deepseekcoder/MEMIT/A/2250__repeat_1 | deepseekcoder/MEMIT/B/2250__repeat_5,,
aliyunsdkrds,19,unknown,[],,llama3.1/Base/A/1830__repeat_3 | llama3.1/Base/A/1830__repeat_5 | llama3.1/BOUND/A/1830__repeat_2,,
opentelemetry.exporter.cloud_trace,19,ambiguous_namespace,"[""opentelemetry-api"", ""opentelemetry-exporter-otlp"", ""opentelemetry-exporter-otlp-proto-common"", ""opentelemetry-exporter-otlp-proto-grpc"", ""opentelemetry-exporter-otlp-proto-http"", ""opentelemetry-proto"", ""opentelemetry-sdk"", ""opentelemetry-semantic-conventions"", ""opentelemetry-semantic-conventions-ai""]",/home/shuhanliu/miniconda3/envs/vllm/lib/python3.1/site-packages | /home/shuhanliu/miniconda3/envs/vllm/lib/python3.1/site-packages | /home/shuhanliu/miniconda3/envs/vllm/lib/python3.1/site-packages | /home/shuhanliu/miniconda3/envs/vllm/lib/python3.1/site-packages | /home/shuhanliu/miniconda3/envs/vllm/lib/python3.1/site-packages | /home/shuhanliu/miniconda3/envs/vllm/lib/python3.1/site-packages | /home/shuhanliu/miniconda3/envs/vllm/lib/python3.1/site-packages | /home/shuhanliu/miniconda3/envs/vllm/lib/python3.1/site-packages | https://files.pythonhosted.org/packages/89/fb/b3c4750238c1c9686de37d3912357c9b94286b64fe594404a39908064f78/opentelemetry_exporter_otlp-1.45.0-py3-none-any.whl#sha256=3de9a5b18648dc124c751f547d8c7a93b177ddae552566981a792d18a063145c,llama3.1/Base/A/364__repeat_1 | llama3.1/Base/A/364__repeat_2 | llama3.1/Base/A/364__repeat_5,,
shazamkit.models,18,unknown,[],,deepseekcoder/Base/A/2000__repeat_5 | deepseekcoder/BOUND/A/2000__repeat_2 | deepseekcoder/BOUND/B/2000__repeat_3,,
geometry_msgs.msg,18,unknown,[],,deepseekcoder/Base/A/4355__repeat_5 | deepseekcoder/BOUND/B/4355__repeat_5 | deepseekcoder/BOUND/C/4355__repeat_2,,
BusinessChat,18,unknown,[],,deepseekcoder/Base/A/399__repeat_2 | deepseekcoder/BOUND/A/399__repeat_5 | deepseekcoder/BOUND/C/399__repeat_3,,
allauth.account.views,18,unknown,[],,qwen3/Base/A/4453__repeat_3 | qwen3/Base/A/4453__repeat_5 | qwen3/BOUND/A/4453__repeat_4,,
aliyunsdkcore.profile,18,unknown,[],,qwen3/Base/A/2298__repeat_3 | qwen3/BOUND/A/2298__repeat_1 | qwen3/BOUND/A/2298__repeat_2,,
argo.workflows.client.api,18,unknown,[],,qwen3/Base/A/1497__repeat_2 | qwen3/Base/A/1497__repeat_3 | qwen3/Base/A/1497__repeat_4,,
aliyunsdkrds.request.v20140815,18,unknown,[],,llama3.1/Base/A/1830__repeat_1 | llama3.1/Base/A/1830__repeat_4 | llama3.1/Base/A/1830__repeat_5,,
tcb,17,unknown,[],,deepseekcoder/Base/A/4856__repeat_4 | deepseekcoder/BOUND/A/4856__repeat_3 | deepseekcoder/BOUND/A/4856__repeat_4,,
google.appengine.api,17,ambiguous_namespace,"[""google-api-core"", ""google-auth"", ""googleapis-common-protos"", ""protobuf""]",/home/shuhanliu/miniconda3/envs/vllm/lib/python3.1/site-packages | /home/shuhanliu/miniconda3/envs/vllm/lib/python3.1/site-packages | https://files.pythonhosted.org/packages/7a/f0/cba0ac98e98e01849b19f7504eb3aeede741e72dfc31612e46d5f0dd981c/google_auth-2.58.1-py3-none-any.whl#sha256=66a63572d0ab629554768544df04018d79178c0bd7439ba31683ac576b79024d | https://files.pythonhosted.org/packages/ff/78/41b3cd83d472b63c694a01e876d3aaa7c2b2f61f29ec8a9275f47b057349/google_api_core-2.39.0-py3-none-any.whl#sha256=40a5d1c892bc1798f3b75ab10c665b85717979088519c714ca5774ee81d1e3c5,deepseekcoder/BOUND/A/313__repeat_3 | deepseekcoder/BOUND/B/313__repeat_1 | deepseekcoder/BOUND/B/313__repeat_2,,
azure.mgmt.resource.models,17,ambiguous_namespace,"[""azure-core"", ""azure-identity"", ""azure-mgmt-resource"", ""azure-storage-blob""]",https://files.pythonhosted.org/packages/49/9a/417b3a533e01953a7c618884df2cb05a71e7b68bdbce4fbdb62349d2a2e8/azure_identity-1.25.3-py3-none-any.whl#sha256=f4d0b956a8146f30333e071374171f3cfa7bdb8073adb8c3814b65567aa7447c | https://files.pythonhosted.org/packages/5b/db/325c6d7312d2200251c52323878281045aaffcb5586612296484e4280eaa/azure_core-1.41.0-py3-none-any.whl#sha256=522b4011e8180b1a3dcd2024396a4e7fe9ac37fb8597db47163d230b5efe892d | https://files.pythonhosted.org/packages/e6/6e/3e776a0817ebe3558fbd8d3f98b1bd8fa75a46596e5cf9bb4377960c4611/azure_mgmt_resource-26.0.0-py3-none-any.whl#sha256=ef36559a4c0843b4272aa584efb455c686e4c3f6357421b38c82f405c01a9a9f | https://files.pythonhosted.org/packages/ff/20/6530bbc13fea536a1f2c0194034ae3f6880fbc0c1e7c229e3569450f7aef/azure_storage_blob-12.30.3-py3-none-any.whl#sha256=80729a5397e5f0a63dbbdff74da675c5db1eacaf25fd5db0074b7ba6c17e2498,qwen3/BOUND/B/3256__repeat_3 | qwen3/BOUND/C/2798__repeat_3 | qwen3/DINM/B/2798__repeat_5,,
opentelemetry.instrumentation.kafka,17,ambiguous_namespace,"[""opentelemetry-api"", ""opentelemetry-exporter-otlp"", ""opentelemetry-exporter-otlp-proto-common"", ""opentelemetry-exporter-otlp-proto-grpc"", ""opentelemetry-exporter-otlp-proto-http"", ""opentelemetry-proto"", ""opentelemetry-sdk"", ""opentelemetry-semantic-conventions"", ""opentelemetry-semantic-conventions-ai""]",/home/shuhanliu/miniconda3/envs/vllm/lib/python3.1/site-packages | /home/shuhanliu/miniconda3/envs/vllm/lib/python3.1/site-packages | /home/shuhanliu/miniconda3/envs/vllm/lib/python3.1/site-packages | /home/shuhanliu/miniconda3/envs/vllm/lib/python3.1/site-packages | /home/shuhanliu/miniconda3/envs/vllm/lib/python3.1/site-packages | /home/shuhanliu/miniconda3/envs/vllm/lib/python3.1/site-packages | /home/shuhanliu/miniconda3/envs/vllm/lib/python3.1/site-packages | /home/shuhanliu/miniconda3/envs/vllm/lib/python3.1/site-packages | https://files.pythonhosted.org/packages/89/fb/b3c4750238c1c9686de37d3912357c9b94286b64fe594404a39908064f78/opentelemetry_exporter_otlp-1.45.0-py3-none-any.whl#sha256=3de9a5b18648dc124c751f547d8c7a93b177ddae552566981a792d18a063145c,llama3.1/Base/A/755__repeat_1 | llama3.1/Base/A/755__repeat_2 | llama3.1/BOUND/A/755__repeat_2,,
buildkite,16,unknown,[],,deepseekcoder/BOUND/A/270__repeat_2 | deepseekcoder/BOUND/C/270__repeat_5 | deepseekcoder/BOUND/D/270__repeat_1,,
ShazamKit,16,unknown,[],,deepseekcoder/BOUND/A/2000__repeat_1 | deepseekcoder/BOUND/B/2000__repeat_2 | deepseekcoder/BOUND/C/2000__repeat_5,,
libc.stdint_h,16,unknown,[],,qwen3/Base/A/2284__repeat_2 | qwen3/BOUND/C/2284__repeat_4 | qwen3/BOUND/D/2284__repeat_3,,
jose,16,unknown,[],,qwen3/BOUND/A/2798__repeat_1 | qwen3/BOUND/A/2798__repeat_2 | qwen3/BOUND/A/2798__repeat_3,,
assemblyline,16,unknown,[],,llama3.1/Base/A/2709__repeat_1 | llama3.1/Base/A/2709__repeat_4 | llama3.1/BOUND/A/2709__repeat_5,,
opentelemetry.sdk.trace.export.inmemory,16,ambiguous_namespace,"[""opentelemetry-api"", ""opentelemetry-exporter-otlp"", ""opentelemetry-exporter-otlp-proto-common"", ""opentelemetry-exporter-otlp-proto-grpc"", ""opentelemetry-exporter-otlp-proto-http"", ""opentelemetry-proto"", ""opentelemetry-sdk"", ""opentelemetry-semantic-conventions"", ""opentelemetry-semantic-conventions-ai""]",/home/shuhanliu/miniconda3/envs/vllm/lib/python3.1/site-packages | /home/shuhanliu/miniconda3/envs/vllm/lib/python3.1/site-packages | /home/shuhanliu/miniconda3/envs/vllm/lib/python3.1/site-packages | /home/shuhanliu/miniconda3/envs/vllm/lib/python3.1/site-packages | /home/shuhanliu/miniconda3/envs/vllm/lib/python3.1/site-packages | /home/shuhanliu/miniconda3/envs/vllm/lib/python3.1/site-packages | /home/shuhanliu/miniconda3/envs/vllm/lib/python3.1/site-packages | /home/shuhanliu/miniconda3/envs/vllm/lib/python3.1/site-packages | https://files.pythonhosted.org/packages/89/fb/b3c4750238c1c9686de37d3912357c9b94286b64fe594404a39908064f78/opentelemetry_exporter_otlp-1.45.0-py3-none-any.whl#sha256=3de9a5b18648dc124c751f547d8c7a93b177ddae552566981a792d18a063145c,llama3.1/Base/A/1587__repeat_2 | llama3.1/Base/A/1587__repeat_3 | llama3.1/Base/A/1587__repeat_5,,
ibm_cloud_platform_services,15,unknown,[],,deepseekcoder/Base/A/782__repeat_5 | deepseekcoder/BOUND/A/782__repeat_1 | deepseekcoder/BOUND/A/782__repeat_4,,
flake8_plugin,15,unknown,[],,deepseekcoder/Base/A/1725__repeat_4 | deepseekcoder/Base/A/1725__repeat_5 | deepseekcoder/BOUND/B/1725__repeat_3,,
Cocoa,15,unknown,[],,deepseekcoder/BOUND/A/1767__repeat_3 | deepseekcoder/BOUND/A/399__repeat_4 | deepseekcoder/BOUND/D/2000__repeat_1,,
kiota_abstractions.serialization,15,unknown,[],,deepseekcoder/BOUND/A/2010__repeat_2 | deepseekcoder/BOUND/A/2010__repeat_3 | deepseekcoder/BOUND/B/2010__repeat_4,,
google.appengine.ext,15,ambiguous_namespace,"[""google-api-core"", ""google-auth"", ""googleapis-common-protos"", ""protobuf""]",/home/shuhanliu/miniconda3/envs/vllm/lib/python3.1/site-packages | /home/shuhanliu/miniconda3/envs/vllm/lib/python3.1/site-packages | https://files.pythonhosted.org/packages/7a/f0/cba0ac98e98e01849b19f7504eb3aeede741e72dfc31612e46d5f0dd981c/google_auth-2.58.1-py3-none-any.whl#sha256=66a63572d0ab629554768544df04018d79178c0bd7439ba31683ac576b79024d | https://files.pythonhosted.org/packages/ff/78/41b3cd83d472b63c694a01e876d3aaa7c2b2f61f29ec8a9275f47b057349/google_api_core-2.39.0-py3-none-any.whl#sha256=40a5d1c892bc1798f3b75ab10c665b85717979088519c714ca5774ee81d1e3c5,deepseekcoder/BOUND/A/313__repeat_3 | deepseekcoder/BOUND/B/313__repeat_1 | deepseekcoder/BOUND/C/313__repeat_5,,
pkg_resources,15,unknown,[],,deepseekcoder/BOUND/C/2496__repeat_5 | qwen3/Base/A/3695__repeat_2 | qwen3/ROME/B/3695__repeat_2,,
azure.cognitiveservices.vision.computervision.models,15,ambiguous_namespace,"[""azure-core"", ""azure-identity"", ""azure-mgmt-resource"", ""azure-storage-blob""]",https://files.pythonhosted.org/packages/49/9a/417b3a533e01953a7c618884df2cb05a71e7b68bdbce4fbdb62349d2a2e8/azure_identity-1.25.3-py3-none-any.whl#sha256=f4d0b956a8146f30333e071374171f3cfa7bdb8073adb8c3814b65567aa7447c | https://files.pythonhosted.org/packages/5b/db/325c6d7312d2200251c52323878281045aaffcb5586612296484e4280eaa/azure_core-1.41.0-py3-none-any.whl#sha256=522b4011e8180b1a3dcd2024396a4e7fe9ac37fb8597db47163d230b5efe892d | https://files.pythonhosted.org/packages/e6/6e/3e776a0817ebe3558fbd8d3f98b1bd8fa75a46596e5cf9bb4377960c4611/azure_mgmt_resource-26.0.0-py3-none-any.whl#sha256=ef36559a4c0843b4272aa584efb455c686e4c3f6357421b38c82f405c01a9a9f | https://files.pythonhosted.org/packages/ff/20/6530bbc13fea536a1f2c0194034ae3f6880fbc0c1e7c229e3569450f7aef/azure_storage_blob-12.30.3-py3-none-any.whl#sha256=80729a5397e5f0a63dbbdff74da675c5db1eacaf25fd5db0074b7ba6c17e2498,qwen3/Base/A/2608__repeat_3 | qwen3/Base/A/2608__repeat_5 | qwen3/BOUND/A/2608__repeat_1,,
rdkit.Chem.Draw,15,unknown,[],,qwen3/BOUND/A/1603__repeat_5 | qwen3/BOUND/B/1603__repeat_1 | qwen3/BOUND/B/1603__repeat_3,,
pillow,15,unknown,[],,qwen3/Full-FT/A/3157__repeat_1 | qwen3/Full-FT/B/3157__repeat_1 | qwen3/Full-FT/C/3157__repeat_1,,
loki_client,15,unknown,[],,llama3.1/Base/A/907__repeat_1 | llama3.1/Base/A/907__repeat_3 | llama3.1/Base/A/907__repeat_5,,
CoreMIDI,15,unknown,[],,llama3.1/Base/A/1524__repeat_1 | llama3.1/Base/A/1524__repeat_3 | llama3.1/BOUND/A/1524__repeat_4,,
ibm_botocore.client,14,unknown,[],,deepseekcoder/Base/A/782__repeat_2 | deepseekcoder/BOUND/B/782__repeat_2 | deepseekcoder/ROME/D/782__repeat_4,,
pylabelstudio.tools,14,unknown,[],,deepseekcoder/BOUND/A/2845__repeat_3 | deepseekcoder/BOUND/B/2845__repeat_1 | deepseekcoder/BOUND/C/2845__repeat_5,,
opentelemetry.instrumentation.requests,14,ambiguous_namespace,"[""opentelemetry-api"", ""opentelemetry-exporter-otlp"", ""opentelemetry-exporter-otlp-proto-common"", ""opentelemetry-exporter-otlp-proto-grpc"", ""opentelemetry-exporter-otlp-proto-http"", ""opentelemetry-proto"", ""opentelemetry-sdk"", ""opentelemetry-semantic-conventions"", ""opentelemetry-semantic-conventions-ai""]",/home/shuhanliu/miniconda3/envs/vllm/lib/python3.1/site-packages | /home/shuhanliu/miniconda3/envs/vllm/lib/python3.1/site-packages | /home/shuhanliu/miniconda3/envs/vllm/lib/python3.1/site-packages | /home/shuhanliu/miniconda3/envs/vllm/lib/python3.1/site-packages | /home/shuhanliu/miniconda3/envs/vllm/lib/python3.1/site-packages | /home/shuhanliu/miniconda3/envs/vllm/lib/python3.1/site-packages | /home/shuhanliu/miniconda3/envs/vllm/lib/python3.1/site-packages | /home/shuhanliu/miniconda3/envs/vllm/lib/python3.1/site-packages | https://files.pythonhosted.org/packages/89/fb/b3c4750238c1c9686de37d3912357c9b94286b64fe594404a39908064f78/opentelemetry_exporter_otlp-1.45.0-py3-none-any.whl#sha256=3de9a5b18648dc124c751f547d8c7a93b177ddae552566981a792d18a063145c,deepseekcoder/BOUND/A/88__repeat_5 | deepseekcoder/Full-FT/B/88__repeat_1 | deepseekcoder/Full-FT/B/88__repeat_2,,
opencl,14,unknown,[],,deepseekcoder/BOUND/B/2347__repeat_2 | deepseekcoder/BOUND/C/2347__repeat_2 | deepseekcoder/BOUND/C/2347__repeat_3,,
pyhealthkit,14,unknown,[],,qwen3/Base/A/3415__repeat_1 | qwen3/BOUND/A/3415__repeat_2 | qwen3/BOUND/C/3415__repeat_2,,
securesession.session,14,unknown,[],,qwen3/Base/A/1970__repeat_3 | qwen3/Base/A/1970__repeat_4 | qwen3/BOUND/B/1970__repeat_2,,
odoo.exceptions,14,unknown,[],,qwen3/BOUND/A/3422__repeat_1 | qwen3/BOUND/A/3422__repeat_4 | qwen3/BOUND/A/3422__repeat_5,,
azure.keyvault.secrets,14,ambiguous_namespace,"[""azure-core"", ""azure-identity"", ""azure-mgmt-resource"", ""azure-storage-blob""]",https://files.pythonhosted.org/packages/49/9a/417b3a533e01953a7c618884df2cb05a71e7b68bdbce4fbdb62349d2a2e8/azure_identity-1.25.3-py3-none-any.whl#sha256=f4d0b956a8146f30333e071374171f3cfa7bdb8073adb8c3814b65567aa7447c | https://files.pythonhosted.org/packages/5b/db/325c6d7312d2200251c52323878281045aaffcb5586612296484e4280eaa/azure_core-1.41.0-py3-none-any.whl#sha256=522b4011e8180b1a3dcd2024396a4e7fe9ac37fb8597db47163d230b5efe892d | https://files.pythonhosted.org/packages/e6/6e/3e776a0817ebe3558fbd8d3f98b1bd8fa75a46596e5cf9bb4377960c4611/azure_mgmt_resource-26.0.0-py3-none-any.whl#sha256=ef36559a4c0843b4272aa584efb455c686e4c3f6357421b38c82f405c01a9a9f | https://files.pythonhosted.org/packages/ff/20/6530bbc13fea536a1f2c0194034ae3f6880fbc0c1e7c229e3569450f7aef/azure_storage_blob-12.30.3-py3-none-any.whl#sha256=80729a5397e5f0a63dbbdff74da675c5db1eacaf25fd5db0074b7ba6c17e2498,qwen3/BOUND/A/2798__repeat_1 | qwen3/BOUND/A/2798__repeat_3 | qwen3/BOUND/A/2798__repeat_4,,
azure.cli.core.azclierror,14,ambiguous_namespace,"[""azure-core"", ""azure-identity"", ""azure-mgmt-resource"", ""azure-storage-blob""]",https://files.pythonhosted.org/packages/49/9a/417b3a533e01953a7c618884df2cb05a71e7b68bdbce4fbdb62349d2a2e8/azure_identity-1.25.3-py3-none-any.whl#sha256=f4d0b956a8146f30333e071374171f3cfa7bdb8073adb8c3814b65567aa7447c | https://files.pythonhosted.org/packages/5b/db/325c6d7312d2200251c52323878281045aaffcb5586612296484e4280eaa/azure_core-1.41.0-py3-none-any.whl#sha256=522b4011e8180b1a3dcd2024396a4e7fe9ac37fb8597db47163d230b5efe892d | https://files.pythonhosted.org/packages/e6/6e/3e776a0817ebe3558fbd8d3f98b1bd8fa75a46596e5cf9bb4377960c4611/azure_mgmt_resource-26.0.0-py3-none-any.whl#sha256=ef36559a4c0843b4272aa584efb455c686e4c3f6357421b38c82f405c01a9a9f | https://files.pythonhosted.org/packages/ff/20/6530bbc13fea536a1f2c0194034ae3f6880fbc0c1e7c229e3569450f7aef/azure_storage_blob-12.30.3-py3-none-any.whl#sha256=80729a5397e5f0a63dbbdff74da675c5db1eacaf25fd5db0074b7ba6c17e2498,qwen3/BOUND/D/1083__repeat_3 | llama3.1/Base/A/1083__repeat_3 | llama3.1/BOUND/A/1083__repeat_2,,
esp_idf,14,unknown,[],,llama3.1/Base/A/578__repeat_1 | llama3.1/Base/A/578__repeat_3 | llama3.1/BOUND/A/578__repeat_3,,
azure.graphrbac.models,14,ambiguous_namespace,"[""azure-core"", ""azure-identity"", ""azure-mgmt-resource"", ""azure-storage-blob""]",https://files.pythonhosted.org/packages/49/9a/417b3a533e01953a7c618884df2cb05a71e7b68bdbce4fbdb62349d2a2e8/azure_identity-1.25.3-py3-none-any.whl#sha256=f4d0b956a8146f30333e071374171f3cfa7bdb8073adb8c3814b65567aa7447c | https://files.pythonhosted.org/packages/5b/db/325c6d7312d2200251c52323878281045aaffcb5586612296484e4280eaa/azure_core-1.41.0-py3-none-any.whl#sha256=522b4011e8180b1a3dcd2024396a4e7fe9ac37fb8597db47163d230b5efe892d | https://files.pythonhosted.org/packages/e6/6e/3e776a0817ebe3558fbd8d3f98b1bd8fa75a46596e5cf9bb4377960c4611/azure_mgmt_resource-26.0.0-py3-none-any.whl#sha256=ef36559a4c0843b4272aa584efb455c686e4c3f6357421b38c82f405c01a9a9f | https://files.pythonhosted.org/packages/ff/20/6530bbc13fea536a1f2c0194034ae3f6880fbc0c1e7c229e3569450f7aef/azure_storage_blob-12.30.3-py3-none-any.whl#sha256=80729a5397e5f0a63dbbdff74da675c5db1eacaf25fd5db0074b7ba6c17e2498,llama3.1/Base/A/372__repeat_2 | llama3.1/BOUND/A/372__repeat_3 | llama3.1/BOUND/A/372__repeat_5,,
pylabelstudio.widgets,13,unknown,[],,deepseekcoder/Base/A/2845__repeat_5 | deepseekcoder/BOUND/D/2845__repeat_4 | deepseekcoder/ROME/D/2845__repeat_2,,
com.vmware.vcenter.VM,13,unknown,[],,deepseekcoder/Base/A/1178__repeat_3 | deepseekcoder/BOUND/A/1178__repeat_4 | deepseekcoder/BOUND/C/1178__repeat_1,,
pyvips,13,unknown,[],,deepseekcoder/Base/A/3359__repeat_1 | deepseekcoder/Base/A/3359__repeat_3 | deepseekcoder/ROME/D/3359__repeat_1,,
google.cloud.pubsub_v1,13,ambiguous_namespace,"[""google-api-core"", ""google-auth"", ""googleapis-common-protos"", ""protobuf""]",/home/shuhanliu/miniconda3/envs/vllm/lib/python3.1/site-packages | /home/shuhanliu/miniconda3/envs/vllm/lib/python3.1/site-packages | https://files.pythonhosted.org/packages/7a/f0/cba0ac98e98e01849b19f7504eb3aeede741e72dfc31612e46d5f0dd981c/google_auth-2.58.1-py3-none-any.whl#sha256=66a63572d0ab629554768544df04018d79178c0bd7439ba31683ac576b79024d | https://files.pythonhosted.org/packages/ff/78/41b3cd83d472b63c694a01e876d3aaa7c2b2f61f29ec8a9275f47b057349/google_api_core-2.39.0-py3-none-any.whl#sha256=40a5d1c892bc1798f3b75ab10c665b85717979088519c714ca5774ee81d1e3c5,deepseekcoder/BOUND/D/2939__repeat_4 | deepseekcoder/MEMIT/A/2939__repeat_1 | deepseekcoder/MEMIT/B/2939__repeat_5,,
two_factor,13,unknown,[],,qwen3/BOUND/A/4453__repeat_1 | qwen3/BOUND/A/4453__repeat_2 | qwen3/BOUND/A/4453__repeat_3,,
aws_caws,13,unknown,[],,qwen3/DINM/B/3509__repeat_1 | qwen3/DINM/B/3509__repeat_2 | qwen3/DINM/B/3509__repeat_3,,
lastscrobbler,13,unknown,[],,llama3.1/Base/A/3298__repeat_2 | llama3.1/Base/A/3298__repeat_3 | llama3.1/Base/A/3298__repeat_5,,
assemblyline.core,13,unknown,[],,llama3.1/Base/A/2709__repeat_3 | llama3.1/BOUND/B/2709__repeat_4 | llama3.1/BOUND/C/2709__repeat_1,,
opencti,13,unknown,[],,llama3.1/Base/A/3219__repeat_2 | llama3.1/Base/A/3219__repeat_3 | llama3.1/Base/A/3219__repeat_4,,
cssmin,13,unknown,[],,llama3.1/Base/A/615__repeat_3 | llama3.1/BOUND/A/615__repeat_2 | llama3.1/BOUND/A/615__repeat_3,,
scaleai,13,unknown,[],,llama3.1/Base/A/3651__repeat_1 | llama3.1/Base/A/3651__repeat_5 | llama3.1/BOUND/A/3651__repeat_1,,
azure.cli.core._util,13,ambiguous_namespace,"[""azure-core"", ""azure-identity"", ""azure-mgmt-resource"", ""azure-storage-blob""]",https://files.pythonhosted.org/packages/49/9a/417b3a533e01953a7c618884df2cb05a71e7b68bdbce4fbdb62349d2a2e8/azure_identity-1.25.3-py3-none-any.whl#sha256=f4d0b956a8146f30333e071374171f3cfa7bdb8073adb8c3814b65567aa7447c | https://files.pythonhosted.org/packages/5b/db/325c6d7312d2200251c52323878281045aaffcb5586612296484e4280eaa/azure_core-1.41.0-py3-none-any.whl#sha256=522b4011e8180b1a3dcd2024396a4e7fe9ac37fb8597db47163d230b5efe892d | https://files.pythonhosted.org/packages/e6/6e/3e776a0817ebe3558fbd8d3f98b1bd8fa75a46596e5cf9bb4377960c4611/azure_mgmt_resource-26.0.0-py3-none-any.whl#sha256=ef36559a4c0843b4272aa584efb455c686e4c3f6357421b38c82f405c01a9a9f | https://files.pythonhosted.org/packages/ff/20/6530bbc13fea536a1f2c0194034ae3f6880fbc0c1e7c229e3569450f7aef/azure_storage_blob-12.30.3-py3-none-any.whl#sha256=80729a5397e5f0a63dbbdff74da675c5db1eacaf25fd5db0074b7ba6c17e2498,llama3.1/BOUND/A/1083__repeat_2 | llama3.1/BOUND/A/1083__repeat_3 | llama3.1/BOUND/B/1083__repeat_5,,
sphinx_apidoc,12,unknown,[],,deepseekcoder/BOUND/D/1798__repeat_3 | deepseekcoder/ROME/D/1798__repeat_3 | deepseekcoder/MEMIT/A/1798__repeat_3,,
allauth.account.utils,12,unknown,[],,qwen3/Base/A/4453__repeat_3 | qwen3/Base/A/4453__repeat_5 | qwen3/BOUND/A/4453__repeat_5,,
two_factor.views,12,unknown,[],,qwen3/Base/A/4453__repeat_5 | qwen3/BOUND/A/4453__repeat_2 | qwen3/BOUND/A/4453__repeat_3,,
splitio.engine,12,unknown,[],,qwen3/Base/A/1668__repeat_5 | qwen3/BOUND/A/1668__repeat_5 | qwen3/BOUND/B/1668__repeat_1,,
ot.plot,12,unknown,[],,qwen3/BOUND/A/3333__repeat_5 | qwen3/BOUND/B/3333__repeat_3 | qwen3/BOUND/B/3333__repeat_4,,
libre,12,unknown,[],,llama3.1/Base/A/3298__repeat_1 | llama3.1/Base/A/3298__repeat_4 | llama3.1/BOUND/A/3298__repeat_2,,
fmpy,12,unknown,[],,llama3.1/Base/A/4564__repeat_2 | llama3.1/Base/A/4564__repeat_5 | llama3.1/BOUND/A/4564__repeat_4,,
solcx,12,unknown,[],,llama3.1/Base/A/2515__repeat_1 | llama3.1/Base/A/2515__repeat_5 | llama3.1/BOUND/C/2515__repeat_4,,
z3c.form,12,unknown,[],,llama3.1/BOUND/A/2736__repeat_3 | llama3.1/BOUND/B/2736__repeat_5 | llama3.1/BOUND/C/2736__repeat_3,,
ibm_botocore.exceptions,11,unknown,[],,deepseekcoder/Base/A/782__repeat_2 | deepseekcoder/BOUND/B/782__repeat_2 | deepseekcoder/BOUND/C/782__repeat_3,,
shazamkit.recognizer,11,unknown,[],,deepseekcoder/Base/A/2000__repeat_5 | deepseekcoder/BOUND/A/2000__repeat_2 | deepseekcoder/BOUND/B/2000__repeat_1,,
rospy.numpy_msg,11,unknown,[],,deepseekcoder/Base/A/4525__repeat_3 | deepseekcoder/BOUND/A/4355__repeat_2 | deepseekcoder/BOUND/B/4525__repeat_5,,
tortoise.contrib.opentelemetry,11,ambiguous_namespace,"[""tortoise"", ""tortoise-orm""]",https://files.pythonhosted.org/packages/16/ef/b314819f12e48e7a99f07825d064b596d58cc4a0c3b75939d0d10fedf90d/tortoise-0.1.1-py3-none-any.whl#sha256=bcb58a56d6796cad0db330104450df2caf2ea9e98d844bb2906274bd15c12804 | https://files.pythonhosted.org/packages/8a/52/5508cea1339bf9de5016a1ace71e2cca51faf07c54cf54dc3d3ce25e07e1/tortoise_orm-1.1.8-py3-none-any.whl#sha256=3f771365c54297543b3b2b7fab4ecb03e89de0a68a41328d2e171c043e08e911,deepseekcoder/BOUND/A/4117__repeat_4 | deepseekcoder/BOUND/B/4117__repeat_1 | deepseekcoder/BOUND/B/4117__repeat_3,,
pycuda.profiler,11,unknown,[],,deepseekcoder/BOUND/B/59__repeat_1 | deepseekcoder/BOUND/C/59__repeat_1 | deepseekcoder/BOUND/C/59__repeat_4,,
google.cloud.accesscontextmanager_v1,11,ambiguous_namespace,"[""google-api-core"", ""google-auth"", ""googleapis-common-protos"", ""protobuf""]",/home/shuhanliu/miniconda3/envs/vllm/lib/python3.1/site-packages | /home/shuhanliu/miniconda3/envs/vllm/lib/python3.1/site-packages | https://files.pythonhosted.org/packages/7a/f0/cba0ac98e98e01849b19f7504eb3aeede741e72dfc31612e46d5f0dd981c/google_auth-2.58.1-py3-none-any.whl#sha256=66a63572d0ab629554768544df04018d79178c0bd7439ba31683ac576b79024d | https://files.pythonhosted.org/packages/ff/78/41b3cd83d472b63c694a01e876d3aaa7c2b2f61f29ec8a9275f47b057349/google_api_core-2.39.0-py3-none-any.whl#sha256=40a5d1c892bc1798f3b75ab10c665b85717979088519c714ca5774ee81d1e3c5,deepseekcoder/BOUND/B/1871__repeat_1 | deepseekcoder/BOUND/B/1871__repeat_2 | deepseekcoder/ROME/D/1871__repeat_3,,
pyfilesystem,11,unknown,[],,qwen3/BOUND/C/3742__repeat_4 | qwen3/ROME/B/3742__repeat_3 | qwen3/MEMIT/A/3742__repeat_3,,
opentelemetry.exporter.google.cloud,11,ambiguous_namespace,"[""opentelemetry-api"", ""opentelemetry-exporter-otlp"", ""opentelemetry-exporter-otlp-proto-common"", ""opentelemetry-exporter-otlp-proto-grpc"", ""opentelemetry-exporter-otlp-proto-http"", ""opentelemetry-proto"", ""opentelemetry-sdk"", ""opentelemetry-semantic-conventions"", ""opentelemetry-semantic-conventions-ai""]",/home/shuhanliu/miniconda3/envs/vllm/lib/python3.1/site-packages | /home/shuhanliu/miniconda3/envs/vllm/lib/python3.1/site-packages | /home/shuhanliu/miniconda3/envs/vllm/lib/python3.1/site-packages | /home/shuhanliu/miniconda3/envs/vllm/lib/python3.1/site-packages | /home/shuhanliu/miniconda3/envs/vllm/lib/python3.1/site-packages | /home/shuhanliu/miniconda3/envs/vllm/lib/python3.1/site-packages | /home/shuhanliu/miniconda3/envs/vllm/lib/python3.1/site-packages | /home/shuhanliu/miniconda3/envs/vllm/lib/python3.1/site-packages | https://files.pythonhosted.org/packages/89/fb/b3c4750238c1c9686de37d3912357c9b94286b64fe594404a39908064f78/opentelemetry_exporter_otlp-1.45.0-py3-none-any.whl#sha256=3de9a5b18648dc124c751f547d8c7a93b177ddae552566981a792d18a063145c,qwen3/MEMIT/A/4059__repeat_4 | qwen3/MEMIT/B/4059__repeat_1 | qwen3/MEMIT/C/4059__repeat_1,,
odoo_rpc,11,unknown,[],,llama3.1/Base/A/4404__repeat_1 | llama3.1/Base/A/4404__repeat_4 | llama3.1/Base/A/4404__repeat_5,,
cam_sdk,11,unknown,[],,llama3.1/Base/A/4801__repeat_3 | llama3.1/Base/A/4801__repeat_4 | llama3.1/Base/A/4801__repeat_5,,
buildkite_api,10,unknown,[],,deepseekcoder/Base/A/270__repeat_3 | deepseekcoder/BOUND/D/270__repeat_5 | deepseekcoder/MEMIT/B/270__repeat_3,,
pjsua,10,unknown,[],,deepseekcoder/Base/A/4126__repeat_5 | deepseekcoder/BOUND/A/4126__repeat_5 | deepseekcoder/BOUND/B/4126__repeat_2,,
cudatoolkit,10,unknown,[],,deepseekcoder/Base/A/59__repeat_2 | deepseekcoder/BOUND/B/59__repeat_1 | deepseekcoder/BOUND/B/59__repeat_4,,
tencentcloudsdk,10,unknown,[],,deepseekcoder/Base/A/4887__repeat_3 | deepseekcoder/BOUND/B/4887__repeat_3 | deepseekcoder/ROME/D/4887__repeat_2,,
xmodule.modulestore.django,10,unknown,[],,deepseekcoder/Base/A/2496__repeat_4 | deepseekcoder/BOUND/D/2496__repeat_2 | deepseekcoder/MEMIT/A/2496__repeat_3,,
myservice_pb2,10,unknown,[],,deepseekcoder/Base/A/55__repeat_2 | deepseekcoder/BOUND/A/55__repeat_3 | deepseekcoder/BOUND/A/55__repeat_5,,
myservice_pb2_grpc,10,unknown,[],,deepseekcoder/Base/A/55__repeat_2 | deepseekcoder/BOUND/A/55__repeat_3 | deepseekcoder/BOUND/A/55__repeat_5,,
example_pb2,10,unknown,[],,deepseekcoder/Base/A/55__repeat_4 | deepseekcoder/BOUND/B/55__repeat_4 | deepseekcoder/ROME/D/55__repeat_3,,
example_pb2_grpc,10,unknown,[],,deepseekcoder/Base/A/55__repeat_4 | deepseekcoder/BOUND/B/55__repeat_4 | deepseekcoder/ROME/D/55__repeat_3,,
google.cloud.pubsub_v1.types,10,ambiguous_namespace,"[""google-api-core"", ""google-auth"", ""googleapis-common-protos"", ""protobuf""]",/home/shuhanliu/miniconda3/envs/vllm/lib/python3.1/site-packages | /home/shuhanliu/miniconda3/envs/vllm/lib/python3.1/site-packages | https://files.pythonhosted.org/packages/7a/f0/cba0ac98e98e01849b19f7504eb3aeede741e72dfc31612e46d5f0dd981c/google_auth-2.58.1-py3-none-any.whl#sha256=66a63572d0ab629554768544df04018d79178c0bd7439ba31683ac576b79024d | https://files.pythonhosted.org/packages/ff/78/41b3cd83d472b63c694a01e876d3aaa7c2b2f61f29ec8a9275f47b057349/google_api_core-2.39.0-py3-none-any.whl#sha256=40a5d1c892bc1798f3b75ab10c665b85717979088519c714ca5774ee81d1e3c5,deepseekcoder/BOUND/D/2939__repeat_1 | deepseekcoder/MEMIT/A/2939__repeat_1 | deepseekcoder/MEMIT/D/2939__repeat_2,,
citest,10,unknown,[],,deepseekcoder/ROME/D/2364__repeat_1 | deepseekcoder/MEMIT/A/2364__repeat_5 | deepseekcoder/MEMIT/B/2364__repeat_2,,
erl_term,10,unknown,[],,deepseekcoder/ROME/D/4881__repeat_4 | deepseekcoder/MEMIT/B/4881__repeat_1 | deepseekcoder/DINM/A/4881__repeat_1,,
azure.mgmt.datalake.store,10,ambiguous_namespace,"[""azure-core"", ""azure-identity"", ""azure-mgmt-resource"", ""azure-storage-blob""]",https://files.pythonhosted.org/packages/49/9a/417b3a533e01953a7c618884df2cb05a71e7b68bdbce4fbdb62349d2a2e8/azure_identity-1.25.3-py3-none-any.whl#sha256=f4d0b956a8146f30333e071374171f3cfa7bdb8073adb8c3814b65567aa7447c | https://files.pythonhosted.org/packages/5b/db/325c6d7312d2200251c52323878281045aaffcb5586612296484e4280eaa/azure_core-1.41.0-py3-none-any.whl#sha256=522b4011e8180b1a3dcd2024396a4e7fe9ac37fb8597db47163d230b5efe892d | https://files.pythonhosted.org/packages/e6/6e/3e776a0817ebe3558fbd8d3f98b1bd8fa75a46596e5cf9bb4377960c4611/azure_mgmt_resource-26.0.0-py3-none-any.whl#sha256=ef36559a4c0843b4272aa584efb455c686e4c3f6357421b38c82f405c01a9a9f | https://files.pythonhosted.org/packages/ff/20/6530bbc13fea536a1f2c0194034ae3f6880fbc0c1e7c229e3569450f7aef/azure_storage_blob-12.30.3-py3-none-any.whl#sha256=80729a5397e5f0a63dbbdff74da675c5db1eacaf25fd5db0074b7ba6c17e2498,qwen3/Base/A/3256__repeat_1 | qwen3/BOUND/D/3256__repeat_3 | qwen3/ROME/B/3256__repeat_3,,
alibabacloud_oss,10,unknown,[],,qwen3/Base/A/2434__repeat_2 | qwen3/Base/A/2434__repeat_3 | qwen3/Base/A/2434__repeat_4,,
pydzt,10,unknown,[],,qwen3/Base/A/4289__repeat_3 | qwen3/Base/A/4289__repeat_5 | qwen3/BOUND/C/4289__repeat_2,,
aliyunsdkcore.auth,10,unknown,[],,qwen3/BOUND/A/2298__repeat_1 | qwen3/BOUND/A/2298__repeat_2 | qwen3/BOUND/D/2298__repeat_1,,
pyMOL,10,unknown,[],,qwen3/BOUND/C/1603__repeat_2 | qwen3/BOUND/C/1603__repeat_5 | qwen3/ROME/B/1603__repeat_4,,
pywin32,10,unknown,[],,qwen3/Full-FT/A/1249__repeat_3 | qwen3/Full-FT/A/4834__repeat_4 | qwen3/Full-FT/A/2284__repeat_3,,
esptool,10,unknown,[],,llama3.1/Base/A/578__repeat_4 | llama3.1/BOUND/A/578__repeat_2 | llama3.1/BOUND/B/578__repeat_4,,
kafka.utils,10,ambiguous_namespace,"[""kafka"", ""kafka-python""]",https://files.pythonhosted.org/packages/21/71/73286e748ac5045b6a669c2fe44b03ac4c5d3d2af9291c4c6fc76438a9a9/kafka-1.3.5-py2.py3-none-any.whl#sha256=35a49e9a432f6792aad48b2ab09d03867357aaa06eacba2678b7fd0808156e5c | https://files.pythonhosted.org/packages/d7/9a/191343fd96564cbbed51bd33a53c08144e1ce285e2f10fb1578899e86c28/kafka_python-3.0.11-py3-none-any.whl#sha256=9d10cab4e11e02545d82c7e5af5702da5aa46dd4eccd11ad92a50bf6dbbecd14,llama3.1/Base/A/2609__repeat_3 | llama3.1/BOUND/A/2609__repeat_3 | llama3.1/BOUND/B/2609__repeat_1,,
steam_api_python,10,unknown,[],,llama3.1/Base/A/2466__repeat_1 | llama3.1/MEMIT/A/2466__repeat_2 | llama3.1/MEMIT/A/2466__repeat_3,,
cStringIO,10,unknown,[],,llama3.1/Base/A/4647__repeat_1 | llama3.1/Base/A/4647__repeat_2 | llama3.1/Base/A/4647__repeat_3,,
libre_lastfm,10,unknown,[],,llama3.1/Base/A/3298__repeat_5 | llama3.1/BOUND/A/3298__repeat_3 | llama3.1/BOUND/B/3298__repeat_1,,
configcat_client,10,unknown,[],,llama3.1/Base/A/3131__repeat_2 | llama3.1/Base/A/3131__repeat_5 | llama3.1/BOUND/C/3131__repeat_4,,
azure.mgmt.resourcegraph,10,ambiguous_namespace,"[""azure-core"", ""azure-identity"", ""azure-mgmt-resource"", ""azure-storage-blob""]",https://files.pythonhosted.org/packages/49/9a/417b3a533e01953a7c618884df2cb05a71e7b68bdbce4fbdb62349d2a2e8/azure_identity-1.25.3-py3-none-any.whl#sha256=f4d0b956a8146f30333e071374171f3cfa7bdb8073adb8c3814b65567aa7447c | https://files.pythonhosted.org/packages/5b/db/325c6d7312d2200251c52323878281045aaffcb5586612296484e4280eaa/azure_core-1.41.0-py3-none-any.whl#sha256=522b4011e8180b1a3dcd2024396a4e7fe9ac37fb8597db47163d230b5efe892d | https://files.pythonhosted.org/packages/e6/6e/3e776a0817ebe3558fbd8d3f98b1bd8fa75a46596e5cf9bb4377960c4611/azure_mgmt_resource-26.0.0-py3-none-any.whl#sha256=ef36559a4c0843b4272aa584efb455c686e4c3f6357421b38c82f405c01a9a9f | https://files.pythonhosted.org/packages/ff/20/6530bbc13fea536a1f2c0194034ae3f6880fbc0c1e7c229e3569450f7aef/azure_storage_blob-12.30.3-py3-none-any.whl#sha256=80729a5397e5f0a63dbbdff74da675c5db1eacaf25fd5db0074b7ba6c17e2498,llama3.1/Base/A/372__repeat_1 | llama3.1/Base/A/372__repeat_3 | llama3.1/Base/A/372__repeat_5,,
azure.mgmt.compute,10,ambiguous_namespace,"[""azure-core"", ""azure-identity"", ""azure-mgmt-resource"", ""azure-storage-blob""]",https://files.pythonhosted.org/packages/49/9a/417b3a533e01953a7c618884df2cb05a71e7b68bdbce4fbdb62349d2a2e8/azure_identity-1.25.3-py3-none-any.whl#sha256=f4d0b956a8146f30333e071374171f3cfa7bdb8073adb8c3814b65567aa7447c | https://files.pythonhosted.org/packages/5b/db/325c6d7312d2200251c52323878281045aaffcb5586612296484e4280eaa/azure_core-1.41.0-py3-none-any.whl#sha256=522b4011e8180b1a3dcd2024396a4e7fe9ac37fb8597db47163d230b5efe892d | https://files.pythonhosted.org/packages/e6/6e/3e776a0817ebe3558fbd8d3f98b1bd8fa75a46596e5cf9bb4377960c4611/azure_mgmt_resource-26.0.0-py3-none-any.whl#sha256=ef36559a4c0843b4272aa584efb455c686e4c3f6357421b38c82f405c01a9a9f | https://files.pythonhosted.org/packages/ff/20/6530bbc13fea536a1f2c0194034ae3f6880fbc0c1e7c229e3569450f7aef/azure_storage_blob-12.30.3-py3-none-any.whl#sha256=80729a5397e5f0a63dbbdff74da675c5db1eacaf25fd5db0074b7ba6c17e2498,llama3.1/Base/A/2770__repeat_2 | llama3.1/BOUND/A/1083__repeat_5 | llama3.1/BOUND/B/372__repeat_2,,
adobe_pdf_services,10,unknown,[],,llama3.1/BOUND/A/4707__repeat_3 | llama3.1/BOUND/C/4707__repeat_3 | llama3.1/BOUND/D/4707__repeat_1,,
kiota.authentication,10,unknown,[],,llama3.1/BOUND/B/2074__repeat_1 | llama3.1/BOUND/C/2074__repeat_1 | llama3.1/BOUND/C/2074__repeat_2,,
panos.firewall,9,unknown,[],,deepseekcoder/Base/A/2113__repeat_2 | deepseekcoder/BOUND/B/2113__repeat_2 | deepseekcoder/BOUND/B/2113__repeat_5,,
cuml,9,unknown,[],,deepseekcoder/Base/A/64__repeat_1 | deepseekcoder/Base/A/64__repeat_5 | deepseekcoder/BOUND/A/64__repeat_3,,
pygetwindow,9,unknown,[],,deepseekcoder/BOUND/A/1767__repeat_5 | deepseekcoder/BOUND/B/1767__repeat_1 | deepseekcoder/BOUND/C/1767__repeat_4,,
edx_event_utils,9,unknown,[],,deepseekcoder/BOUND/A/2496__repeat_2 | deepseekcoder/BOUND/A/2496__repeat_3 | deepseekcoder/BOUND/A/2496__repeat_4,,
kiota_serialization.text.text_serialization_writer,9,unknown,[],,deepseekcoder/BOUND/C/2010__repeat_2 | deepseekcoder/MEMIT/A/2010__repeat_5 | deepseekcoder/MEMIT/C/2010__repeat_3,,
lumigo_tracing,9,unknown,[],,deepseekcoder/BOUND/C/1522__repeat_5 | deepseekcoder/BOUND/D/1522__repeat_1 | deepseekcoder/MEMIT/A/1522__repeat_1,,
tencentcloudsdk.common,9,unknown,[],,deepseekcoder/ROME/D/4887__repeat_5 | deepseekcoder/MEMIT/B/4887__repeat_1 | deepseekcoder/MEMIT/D/4887__repeat_2,,
pytorch,9,unknown,[],,deepseekcoder/DINM/A/4386__repeat_4 | qwen3/Full-FT/B/824__repeat_3 | qwen3/Full-FT/B/1446__repeat_4,,
two_factor.models,9,unknown,[],,qwen3/Base/A/4453__repeat_5 | qwen3/BOUND/A/4453__repeat_1 | qwen3/BOUND/A/4453__repeat_2,,
azure.mgmt.datalake.store.models,9,ambiguous_namespace,"[""azure-core"", ""azure-identity"", ""azure-mgmt-resource"", ""azure-storage-blob""]",https://files.pythonhosted.org/packages/49/9a/417b3a533e01953a7c618884df2cb05a71e7b68bdbce4fbdb62349d2a2e8/azure_identity-1.25.3-py3-none-any.whl#sha256=f4d0b956a8146f30333e071374171f3cfa7bdb8073adb8c3814b65567aa7447c | https://files.pythonhosted.org/packages/5b/db/325c6d7312d2200251c52323878281045aaffcb5586612296484e4280eaa/azure_core-1.41.0-py3-none-any.whl#sha256=522b4011e8180b1a3dcd2024396a4e7fe9ac37fb8597db47163d230b5efe892d | https://files.pythonhosted.org/packages/e6/6e/3e776a0817ebe3558fbd8d3f98b1bd8fa75a46596e5cf9bb4377960c4611/azure_mgmt_resource-26.0.0-py3-none-any.whl#sha256=ef36559a4c0843b4272aa584efb455c686e4c3f6357421b38c82f405c01a9a9f | https://files.pythonhosted.org/packages/ff/20/6530bbc13fea536a1f2c0194034ae3f6880fbc0c1e7c229e3569450f7aef/azure_storage_blob-12.30.3-py3-none-any.whl#sha256=80729a5397e5f0a63dbbdff74da675c5db1eacaf25fd5db0074b7ba6c17e2498,qwen3/Base/A/3256__repeat_1 | qwen3/BOUND/D/3256__repeat_3 | qwen3/ROME/B/3256__repeat_3,,
opentelemetry._metrics,9,ambiguous_namespace,"[""opentelemetry-api"", ""opentelemetry-exporter-otlp"", ""opentelemetry-exporter-otlp-proto-common"", ""opentelemetry-exporter-otlp-proto-grpc"", ""opentelemetry-exporter-otlp-proto-http"", ""opentelemetry-proto"", ""opentelemetry-sdk"", ""opentelemetry-semantic-conventions"", ""opentelemetry-semantic-conventions-ai""]",/home/shuhanliu/miniconda3/envs/vllm/lib/python3.1/site-packages | /home/shuhanliu/miniconda3/envs/vllm/lib/python3.1/site-packages | /home/shuhanliu/miniconda3/envs/vllm/lib/python3.1/site-packages | /home/shuhanliu/miniconda3/envs/vllm/lib/python3.1/site-packages | /home/shuhanliu/miniconda3/envs/vllm/lib/python3.1/site-packages | /home/shuhanliu/miniconda3/envs/vllm/lib/python3.1/site-packages | /home/shuhanliu/miniconda3/envs/vllm/lib/python3.1/site-packages | /home/shuhanliu/miniconda3/envs/vllm/lib/python3.1/site-packages | https://files.pythonhosted.org/packages/89/fb/b3c4750238c1c9686de37d3912357c9b94286b64fe594404a39908064f78/opentelemetry_exporter_otlp-1.45.0-py3-none-any.whl#sha256=3de9a5b18648dc124c751f547d8c7a93b177ddae552566981a792d18a063145c,qwen3/Base/A/4692__repeat_5 | qwen3/BOUND/B/4059__repeat_3 | qwen3/BOUND/B/4059__repeat_5,,
securesession.sessions,9,unknown,[],,qwen3/Base/A/1970__repeat_1 | qwen3/Base/A/1970__repeat_2 | qwen3/BOUND/B/1970__repeat_4,,
securesession.utils,9,unknown,[],,qwen3/Base/A/1970__repeat_1 | qwen3/Base/A/1970__repeat_2 | qwen3/Base/A/1970__repeat_3,,
securesession.crypto,9,unknown,[],,qwen3/Base/A/1970__repeat_2 | qwen3/Base/A/1970__repeat_3 | qwen3/Base/A/1970__repeat_4,,
azure.cognitiveservices.vision.imageanalysis,9,ambiguous_namespace,"[""azure-core"", ""azure-identity"", ""azure-mgmt-resource"", ""azure-storage-blob""]",https://files.pythonhosted.org/packages/49/9a/417b3a533e01953a7c618884df2cb05a71e7b68bdbce4fbdb62349d2a2e8/azure_identity-1.25.3-py3-none-any.whl#sha256=f4d0b956a8146f30333e071374171f3cfa7bdb8073adb8c3814b65567aa7447c | https://files.pythonhosted.org/packages/5b/db/325c6d7312d2200251c52323878281045aaffcb5586612296484e4280eaa/azure_core-1.41.0-py3-none-any.whl#sha256=522b4011e8180b1a3dcd2024396a4e7fe9ac37fb8597db47163d230b5efe892d | https://files.pythonhosted.org/packages/e6/6e/3e776a0817ebe3558fbd8d3f98b1bd8fa75a46596e5cf9bb4377960c4611/azure_mgmt_resource-26.0.0-py3-none-any.whl#sha256=ef36559a4c0843b4272aa584efb455c686e4c3f6357421b38c82f405c01a9a9f | https://files.pythonhosted.org/packages/ff/20/6530bbc13fea536a1f2c0194034ae3f6880fbc0c1e7c229e3569450f7aef/azure_storage_blob-12.30.3-py3-none-any.whl#sha256=80729a5397e5f0a63dbbdff74da675c5db1eacaf25fd5db0074b7ba6c17e2498,qwen3/BOUND/A/2608__repeat_2 | qwen3/BOUND/A/2608__repeat_5 | qwen3/BOUND/B/2608__repeat_3,,
ot.datasets,9,unknown,[],,qwen3/BOUND/B/3333__repeat_4 | qwen3/BOUND/C/3333__repeat_4 | qwen3/BOUND/D/3333__repeat_1,,
confluent_cloud,9,unknown,[],,qwen3/BOUND/C/1510__repeat_5 | qwen3/MEMIT/D/1510__repeat_3 | qwen3/MEMIT/D/1510__repeat_5,,
google,9,ambiguous_namespace,"[""google-api-core"", ""google-auth"", ""googleapis-common-protos"", ""protobuf""]",/home/shuhanliu/miniconda3/envs/vllm/lib/python3.1/site-packages | /home/shuhanliu/miniconda3/envs/vllm/lib/python3.1/site-packages | https://files.pythonhosted.org/packages/7a/f0/cba0ac98e98e01849b19f7504eb3aeede741e72dfc31612e46d5f0dd981c/google_auth-2.58.1-py3-none-any.whl#sha256=66a63572d0ab629554768544df04018d79178c0bd7439ba31683ac576b79024d | https://files.pythonhosted.org/packages/ff/78/41b3cd83d472b63c694a01e876d3aaa7c2b2f61f29ec8a9275f47b057349/google_api_core-2.39.0-py3-none-any.whl#sha256=40a5d1c892bc1798f3b75ab10c665b85717979088519c714ca5774ee81d1e3c5,qwen3/Full-FT/A/1510__repeat_4 | qwen3/Full-FT/C/4059__repeat_4 | llama3.1/BOUND/A/1427__repeat_3,,
steamapi,9,unknown,[],,llama3.1/Base/A/2466__repeat_2 | llama3.1/Base/A/2466__repeat_4 | llama3.1/BOUND/A/2466__repeat_5,,
kiota_authentication,9,unknown,[],,llama3.1/Base/A/2074__repeat_1 | llama3.1/BOUND/A/2074__repeat_3 | llama3.1/BOUND/B/2074__repeat_3,,
libvips,9,unknown,[],,llama3.1/Base/A/3359__repeat_5 | llama3.1/BOUND/A/3359__repeat_4 | llama3.1/BOUND/B/3359__repeat_1,,
azure.common.credentials,9,ambiguous_namespace,"[""azure-core"", ""azure-identity"", ""azure-mgmt-resource"", ""azure-storage-blob""]",https://files.pythonhosted.org/packages/49/9a/417b3a533e01953a7c618884df2cb05a71e7b68bdbce4fbdb62349d2a2e8/azure_identity-1.25.3-py3-none-any.whl#sha256=f4d0b956a8146f30333e071374171f3cfa7bdb8073adb8c3814b65567aa7447c | https://files.pythonhosted.org/packages/5b/db/325c6d7312d2200251c52323878281045aaffcb5586612296484e4280eaa/azure_core-1.41.0-py3-none-any.whl#sha256=522b4011e8180b1a3dcd2024396a4e7fe9ac37fb8597db47163d230b5efe892d | https://files.pythonhosted.org/packages/e6/6e/3e776a0817ebe3558fbd8d3f98b1bd8fa75a46596e5cf9bb4377960c4611/azure_mgmt_resource-26.0.0-py3-none-any.whl#sha256=ef36559a4c0843b4272aa584efb455c686e4c3f6357421b38c82f405c01a9a9f | https://files.pythonhosted.org/packages/ff/20/6530bbc13fea536a1f2c0194034ae3f6880fbc0c1e7c229e3569450f7aef/azure_storage_blob-12.30.3-py3-none-any.whl#sha256=80729a5397e5f0a63dbbdff74da675c5db1eacaf25fd5db0074b7ba6c17e2498,llama3.1/Base/A/372__repeat_4 | llama3.1/Base/A/1083__repeat_5 | llama3.1/BOUND/B/372__repeat_3,,
azure.mgmt.network,9,ambiguous_namespace,"[""azure-core"", ""azure-identity"", ""azure-mgmt-resource"", ""azure-storage-blob""]",https://files.pythonhosted.org/packages/49/9a/417b3a533e01953a7c618884df2cb05a71e7b68bdbce4fbdb62349d2a2e8/azure_identity-1.25.3-py3-none-any.whl#sha256=f4d0b956a8146f30333e071374171f3cfa7bdb8073adb8c3814b65567aa7447c | https://files.pythonhosted.org/packages/5b/db/325c6d7312d2200251c52323878281045aaffcb5586612296484e4280eaa/azure_core-1.41.0-py3-none-any.whl#sha256=522b4011e8180b1a3dcd2024396a4e7fe9ac37fb8597db47163d230b5efe892d | https://files.pythonhosted.org/packages/e6/6e/3e776a0817ebe3558fbd8d3f98b1bd8fa75a46596e5cf9bb4377960c4611/azure_mgmt_resource-26.0.0-py3-none-any.whl#sha256=ef36559a4c0843b4272aa584efb455c686e4c3f6357421b38c82f405c01a9a9f | https://files.pythonhosted.org/packages/ff/20/6530bbc13fea536a1f2c0194034ae3f6880fbc0c1e7c229e3569450f7aef/azure_storage_blob-12.30.3-py3-none-any.whl#sha256=80729a5397e5f0a63dbbdff74da675c5db1eacaf25fd5db0074b7ba6c17e2498,llama3.1/Base/A/2770__repeat_2 | llama3.1/BOUND/B/372__repeat_2 | llama3.1/BOUND/B/372__repeat_3,,
steam,9,unknown,[],,llama3.1/BOUND/B/2466__repeat_1 | llama3.1/BOUND/B/2466__repeat_2 | llama3.1/BOUND/C/2466__repeat_1,,
steam.enums,9,unknown,[],,llama3.1/BOUND/B/2466__repeat_1 | llama3.1/BOUND/B/2466__repeat_2 | llama3.1/BOUND/C/2466__repeat_1,,
scale_ai,9,unknown,[],,llama3.1/BOUND/B/3651__repeat_3 | llama3.1/BOUND/C/3651__repeat_1 | llama3.1/BOUND/C/3651__repeat_2,,
ibm_cos,8,unknown,[],,deepseekcoder/Base/A/782__repeat_4 | deepseekcoder/BOUND/A/782__repeat_3 | deepseekcoder/BOUND/B/782__repeat_1,,
nis_elements.tilesource,8,unknown,[],,deepseekcoder/Base/A/3508__repeat_3 | deepseekcoder/BOUND/B/3508__repeat_2 | deepseekcoder/DINM/C/3508__repeat_1,,
pyopenjpeg,8,unknown,[],,deepseekcoder/Base/A/2195__repeat_2 | deepseekcoder/BOUND/B/2195__repeat_1 | deepseekcoder/BOUND/B/2195__repeat_4,,
pyheif,8,unknown,[],,deepseekcoder/BOUND/A/4477__repeat_3 | deepseekcoder/BOUND/A/4477__repeat_5 | deepseekcoder/BOUND/B/4477__repeat_4,,
hangul_syllable_analysis,8,unknown,[],,deepseekcoder/BOUND/A/1947__repeat_4 | deepseekcoder/ROME/D/1947__repeat_1 | deepseekcoder/MEMIT/A/1947__repeat_1,,
ats_easy,8,unknown,[],,deepseekcoder/BOUND/C/4720__repeat_3 | deepseekcoder/BOUND/C/4720__repeat_4 | deepseekcoder/ROME/D/4720__repeat_5,,
kiota_serialization.text.parse_node,8,unknown,[],,deepseekcoder/BOUND/C/2010__repeat_2 | deepseekcoder/BOUND/D/2010__repeat_1 | deepseekcoder/ROME/D/2010__repeat_3,,
kiota_serialization.text.serialization_writer,8,unknown,[],,deepseekcoder/BOUND/C/2010__repeat_2 | deepseekcoder/BOUND/D/2010__repeat_1 | deepseekcoder/ROME/D/2010__repeat_3,,
gitlab,8,unknown,[],,deepseekcoder/BOUND/C/3155__repeat_4 | deepseekcoder/DINM/C/3155__repeat_5 | deepseekcoder/Full-FT/A/3155__repeat_3,,
video_conference,8,unknown,[],,deepseekcoder/ROME/D/4126__repeat_5 | deepseekcoder/DINM/A/4126__repeat_4 | deepseekcoder/DINM/B/4126__repeat_1,,
allauth.account.adapter,8,unknown,[],,qwen3/Base/A/4453__repeat_5 | qwen3/BOUND/A/4453__repeat_5 | qwen3/BOUND/C/4453__repeat_2,,
data.world,8,unknown,[],,qwen3/BOUND/A/3778__repeat_2 | qwen3/BOUND/D/3778__repeat_4 | qwen3/DINM/A/3778__repeat_1,,
azure.cognitiveservices.vision.imageanalysis.models,8,ambiguous_namespace,"[""azure-core"", ""azure-identity"", ""azure-mgmt-resource"", ""azure-storage-blob""]",https://files.pythonhosted.org/packages/49/9a/417b3a533e01953a7c618884df2cb05a71e7b68bdbce4fbdb62349d2a2e8/azure_identity-1.25.3-py3-none-any.whl#sha256=f4d0b956a8146f30333e071374171f3cfa7bdb8073adb8c3814b65567aa7447c | https://files.pythonhosted.org/packages/5b/db/325c6d7312d2200251c52323878281045aaffcb5586612296484e4280eaa/azure_core-1.41.0-py3-none-any.whl#sha256=522b4011e8180b1a3dcd2024396a4e7fe9ac37fb8597db47163d230b5efe892d | https://files.pythonhosted.org/packages/e6/6e/3e776a0817ebe3558fbd8d3f98b1bd8fa75a46596e5cf9bb4377960c4611/azure_mgmt_resource-26.0.0-py3-none-any.whl#sha256=ef36559a4c0843b4272aa584efb455c686e4c3f6357421b38c82f405c01a9a9f | https://files.pythonhosted.org/packages/ff/20/6530bbc13fea536a1f2c0194034ae3f6880fbc0c1e7c229e3569450f7aef/azure_storage_blob-12.30.3-py3-none-any.whl#sha256=80729a5397e5f0a63dbbdff74da675c5db1eacaf25fd5db0074b7ba6c17e2498,qwen3/BOUND/A/2608__repeat_2 | qwen3/BOUND/A/2608__repeat_5 | qwen3/BOUND/B/2608__repeat_3,,
aleph_alpha,8,unknown,[],,qwen3/BOUND/B/3427__repeat_2 | qwen3/BOUND/D/3427__repeat_4 | qwen3/ROME/B/3427__repeat_4,,
can,8,unknown,[],,qwen3/BOUND/C/1267__repeat_1 | qwen3/BOUND/C/1267__repeat_3 | qwen3/BOUND/C/1267__repeat_4,,
mockk,8,unknown,[],,qwen3/BOUND/D/4244__repeat_5 | qwen3/Full-FT/B/4244__repeat_4 | qwen3/Full-FT/C/4244__repeat_1,,
steam.api,8,unknown,[],,llama3.1/Base/A/2466__repeat_5 | llama3.1/BOUND/C/2466__repeat_2 | llama3.1/BOUND/C/2466__repeat_3,,
al4,8,unknown,[],,llama3.1/Base/A/2709__repeat_2 | llama3.1/Base/A/2709__repeat_5 | llama3.1/BOUND/A/2709__repeat_4,,
rigetti,8,unknown,[],,llama3.1/Base/A/956__repeat_4 | llama3.1/BOUND/B/956__repeat_1 | llama3.1/BOUND/B/956__repeat_2,,
hangul_syllable_dictionary,7,unknown,[],,deepseekcoder/Base/A/1947__repeat_5 | deepseekcoder/BOUND/D/1947__repeat_5 | deepseekcoder/ROME/D/1947__repeat_2,,
tencentcloudsdk.common.credential,7,unknown,[],,deepseekcoder/Base/A/4887__repeat_1 | deepseekcoder/MEMIT/D/4887__repeat_2 | deepseekcoder/MEMIT/D/4887__repeat_3,,
tencentcloudsdk.common.profile.client_profile,7,unknown,[],,deepseekcoder/Base/A/4887__repeat_1 | deepseekcoder/MEMIT/D/4887__repeat_2 | deepseekcoder/MEMIT/D/4887__repeat_3,,
pysnark,7,unknown,[],,deepseekcoder/Base/A/4521__repeat_2 | deepseekcoder/Base/A/4521__repeat_4 | deepseekcoder/BOUND/A/4521__repeat_1,,
panos.autofocus,7,unknown,[],,deepseekcoder/Base/A/2113__repeat_2 | deepseekcoder/MEMIT/D/2113__repeat_3 | deepseekcoder/Full-FT/A/2113__repeat_3,,
panos.wildfire,7,unknown,[],,deepseekcoder/Base/A/2113__repeat_2 | deepseekcoder/BOUND/D/2113__repeat_1 | deepseekcoder/MEMIT/D/2113__repeat_3,,
opentelemetry.instrumentation.tortoiseorm,7,ambiguous_namespace,"[""opentelemetry-api"", ""opentelemetry-exporter-otlp"", ""opentelemetry-exporter-otlp-proto-common"", ""opentelemetry-exporter-otlp-proto-grpc"", ""opentelemetry-exporter-otlp-proto-http"", ""opentelemetry-proto"", ""opentelemetry-sdk"", ""opentelemetry-semantic-conventions"", ""opentelemetry-semantic-conventions-ai""]",/home/shuhanliu/miniconda3/envs/vllm/lib/python3.1/site-packages | /home/shuhanliu/miniconda3/envs/vllm/lib/python3.1/site-packages | /home/shuhanliu/miniconda3/envs/vllm/lib/python3.1/site-packages | /home/shuhanliu/miniconda3/envs/vllm/lib/python3.1/site-packages | /home/shuhanliu/miniconda3/envs/vllm/lib/python3.1/site-packages | /home/shuhanliu/miniconda3/envs/vllm/lib/python3.1/site-packages | /home/shuhanliu/miniconda3/envs/vllm/lib/python3.1/site-packages | /home/shuhanliu/miniconda3/envs/vllm/lib/python3.1/site-packages | https://files.pythonhosted.org/packages/89/fb/b3c4750238c1c9686de37d3912357c9b94286b64fe594404a39908064f78/opentelemetry_exporter_otlp-1.45.0-py3-none-any.whl#sha256=3de9a5b18648dc124c751f547d8c7a93b177ddae552566981a792d18a063145c,deepseekcoder/Base/A/4117__repeat_1 | deepseekcoder/BOUND/B/4117__repeat_2 | deepseekcoder/BOUND/D/4117__repeat_5,,
com.vmware.vcenter.vm_client,7,unknown,[],,deepseekcoder/BOUND/A/1178__repeat_3 | deepseekcoder/BOUND/B/1178__repeat_2 | deepseekcoder/ROME/D/1178__repeat_3,,
hangul_syllable_jamo_analysis,7,unknown,[],,deepseekcoder/BOUND/A/1947__repeat_3 | deepseekcoder/BOUND/B/1947__repeat_4 | deepseekcoder/BOUND/D/1947__repeat_3,,
slack,7,ambiguous_namespace,"[""slack-sdk"", ""slackclient""]",https://files.pythonhosted.org/packages/29/cd/89aafa39d7b9d30c82f4f82f50e13ba826bb273ade972befb273c5f6c05e/slackclient-2.9.4-py2.py3-none-any.whl#sha256=a8cab9146795e23d66a03473b80dd23df8c500829dfa9d06b3e3d5aec0a2b293 | https://files.pythonhosted.org/packages/ab/fc/67352b742fc6fa520a550581b0284f5757e4e31a32327c2a00276747fd30/slack_sdk-3.44.1-py2.py3-none-any.whl#sha256=d6f20a0fbe3fecf9cac955c99d686301b48a645b7045472c3a0cdd186d7c42b2,deepseekcoder/BOUND/B/1981__repeat_4 | deepseekcoder/DINM/C/1981__repeat_2 | deepseekcoder/Full-FT/A/1981__repeat_1,,
nis_elements.tilesources,7,unknown,[],,deepseekcoder/BOUND/B/3508__repeat_1 | deepseekcoder/BOUND/B/3508__repeat_3 | deepseekcoder/MEMIT/A/3508__repeat_3,,
panos.base,7,unknown,[],,deepseekcoder/BOUND/B/2113__repeat_1 | deepseekcoder/BOUND/B/2113__repeat_2 | deepseekcoder/BOUND/B/2113__repeat_5,,
korean_syllable_counter,7,unknown,[],,deepseekcoder/BOUND/C/1947__repeat_4 | deepseekcoder/MEMIT/B/1947__repeat_3 | deepseekcoder/MEMIT/C/1947__repeat_5,,
robocorp_code.assetstorage,7,unknown,[],,deepseekcoder/BOUND/C/1683__repeat_3 | deepseekcoder/BOUND/D/1683__repeat_2 | deepseekcoder/ROME/D/1683__repeat_2,,
kafka.common.errors,7,ambiguous_namespace,"[""kafka"", ""kafka-python""]",https://files.pythonhosted.org/packages/21/71/73286e748ac5045b6a669c2fe44b03ac4c5d3d2af9291c4c6fc76438a9a9/kafka-1.3.5-py2.py3-none-any.whl#sha256=35a49e9a432f6792aad48b2ab09d03867357aaa06eacba2678b7fd0808156e5c | https://files.pythonhosted.org/packages/d7/9a/191343fd96564cbbed51bd33a53c08144e1ce285e2f10fb1578899e86c28/kafka_python-3.0.11-py3-none-any.whl#sha256=9d10cab4e11e02545d82c7e5af5702da5aa46dd4eccd11ad92a50bf6dbbecd14,deepseekcoder/BOUND/D/2609__repeat_5 | deepseekcoder/ROME/D/2609__repeat_2 | deepseekcoder/DINM/A/2609__repeat_4,,
opentelemetry.instrumentation.flask,7,ambiguous_namespace,"[""opentelemetry-api"", ""opentelemetry-exporter-otlp"", ""opentelemetry-exporter-otlp-proto-common"", ""opentelemetry-exporter-otlp-proto-grpc"", ""opentelemetry-exporter-otlp-proto-http"", ""opentelemetry-proto"", ""opentelemetry-sdk"", ""opentelemetry-semantic-conventions"", ""opentelemetry-semantic-conventions-ai""]",/home/shuhanliu/miniconda3/envs/vllm/lib/python3.1/site-packages | /home/shuhanliu/miniconda3/envs/vllm/lib/python3.1/site-packages | /home/shuhanliu/miniconda3/envs/vllm/lib/python3.1/site-packages | /home/shuhanliu/miniconda3/envs/vllm/lib/python3.1/site-packages | /home/shuhanliu/miniconda3/envs/vllm/lib/python3.1/site-packages | /home/shuhanliu/miniconda3/envs/vllm/lib/python3.1/site-packages | /home/shuhanliu/miniconda3/envs/vllm/lib/python3.1/site-packages | /home/shuhanliu/miniconda3/envs/vllm/lib/python3.1/site-packages | https://files.pythonhosted.org/packages/89/fb/b3c4750238c1c9686de37d3912357c9b94286b64fe594404a39908064f78/opentelemetry_exporter_otlp-1.45.0-py3-none-any.whl#sha256=3de9a5b18648dc124c751f547d8c7a93b177ddae552566981a792d18a063145c,deepseekcoder/Full-FT/B/88__repeat_3 | deepseekcoder/Full-FT/B/88__repeat_4 | deepseekcoder/Full-FT/B/88__repeat_5,,
allauth.account.signals,7,unknown,[],,qwen3/Base/A/4453__repeat_5 | qwen3/BOUND/C/4453__repeat_2 | qwen3/BOUND/C/4453__repeat_4,,
tencentcloud_sdk,7,unknown,[],,qwen3/Base/A/4509__repeat_3 | qwen3/BOUND/A/4509__repeat_4 | qwen3/BOUND/A/4509__repeat_5,,
pyfilesystem2,7,unknown,[],,qwen3/Base/A/3742__repeat_2 | qwen3/ROME/B/3742__repeat_1 | qwen3/MEMIT/C/3742__repeat_2,,
azure.ai.metricsadvisor,7,ambiguous_namespace,"[""azure-core"", ""azure-identity"", ""azure-mgmt-resource"", ""azure-storage-blob""]",https://files.pythonhosted.org/packages/49/9a/417b3a533e01953a7c618884df2cb05a71e7b68bdbce4fbdb62349d2a2e8/azure_identity-1.25.3-py3-none-any.whl#sha256=f4d0b956a8146f30333e071374171f3cfa7bdb8073adb8c3814b65567aa7447c | https://files.pythonhosted.org/packages/5b/db/325c6d7312d2200251c52323878281045aaffcb5586612296484e4280eaa/azure_core-1.41.0-py3-none-any.whl#sha256=522b4011e8180b1a3dcd2024396a4e7fe9ac37fb8597db47163d230b5efe892d | https://files.pythonhosted.org/packages/e6/6e/3e776a0817ebe3558fbd8d3f98b1bd8fa75a46596e5cf9bb4377960c4611/azure_mgmt_resource-26.0.0-py3-none-any.whl#sha256=ef36559a4c0843b4272aa584efb455c686e4c3f6357421b38c82f405c01a9a9f | https://files.pythonhosted.org/packages/ff/20/6530bbc13fea536a1f2c0194034ae3f6880fbc0c1e7c229e3569450f7aef/azure_storage_blob-12.30.3-py3-none-any.whl#sha256=80729a5397e5f0a63dbbdff74da675c5db1eacaf25fd5db0074b7ba6c17e2498,qwen3/Base/A/3256__repeat_4 | qwen3/ROME/B/3256__repeat_2 | qwen3/MEMIT/A/3256__repeat_5,,
gym.utils,7,unknown,[],,qwen3/Base/A/1446__repeat_1 | qwen3/BOUND/A/1446__repeat_3 | qwen3/BOUND/A/1446__repeat_5,,
alibabacloud_oss.client,7,unknown,[],,qwen3/Base/A/2434__repeat_2 | qwen3/Base/A/2434__repeat_4 | qwen3/BOUND/D/2434__repeat_5,,
aliyunsdkcore.auth.credentials,7,unknown,[],,qwen3/BOUND/A/2298__repeat_4 | qwen3/BOUND/B/2298__repeat_2 | qwen3/BOUND/B/2298__repeat_4,,
sphinx_rtd_theme,7,unknown,[],,qwen3/BOUND/A/4227__repeat_2 | qwen3/DINM/A/4227__repeat_4 | llama3.1/Base/A/413__repeat_2,,
jwt,7,ambiguous_namespace,"[""jwt"", ""pyjwt""]",https://files.pythonhosted.org/packages/b9/80/34e3fae850adb0b7b8b9b1cf02b2d975fcb68e0e8eb7d56d6b4fc23f7433/jwt-1.4.0-py3-none-any.whl#sha256=7560a7f1de4f90de94ac645ee0303ac60c95b9e08e058fb69f6c330f71d71b11 | https://files.pythonhosted.org/packages/e8/55/40e45bf052ee8ee12a4dfd785519660f8effa7b065442b91646ec6828619/pyjwt-2.15.0-py3-none-any.whl#sha256=7a3742debf6b879e912dbb9819ceec1594be812452b78c5f2e2dfc56564954f8,qwen3/BOUND/A/2798__repeat_4 | qwen3/BOUND/B/2798__repeat_4 | qwen3/BOUND/B/2798__repeat_5,,
mypy_boto3_alexa_for_business.client,7,unknown,[],,qwen3/BOUND/B/3844__repeat_1 | qwen3/BOUND/C/3844__repeat_5 | qwen3/MEMIT/D/3844__repeat_1,,
mypy_boto3_alexa_for_business.type_defs,7,unknown,[],,qwen3/BOUND/B/3844__repeat_1 | qwen3/MEMIT/D/3844__repeat_2 | qwen3/DINM/A/3844__repeat_3,,
opentelemetry.instrumentation.memcached,7,ambiguous_namespace,"[""opentelemetry-api"", ""opentelemetry-exporter-otlp"", ""opentelemetry-exporter-otlp-proto-common"", ""opentelemetry-exporter-otlp-proto-grpc"", ""opentelemetry-exporter-otlp-proto-http"", ""opentelemetry-proto"", ""opentelemetry-sdk"", ""opentelemetry-semantic-conventions"", ""opentelemetry-semantic-conventions-ai""]",/home/shuhanliu/miniconda3/envs/vllm/lib/python3.1/site-packages | /home/shuhanliu/miniconda3/envs/vllm/lib/python3.1/site-packages | /home/shuhanliu/miniconda3/envs/vllm/lib/python3.1/site-packages | /home/shuhanliu/miniconda3/envs/vllm/lib/python3.1/site-packages | /home/shuhanliu/miniconda3/envs/vllm/lib/python3.1/site-packages | /home/shuhanliu/miniconda3/envs/vllm/lib/python3.1/site-packages | /home/shuhanliu/miniconda3/envs/vllm/lib/python3.1/site-packages | /home/shuhanliu/miniconda3/envs/vllm/lib/python3.1/site-packages | https://files.pythonhosted.org/packages/89/fb/b3c4750238c1c9686de37d3912357c9b94286b64fe594404a39908064f78/opentelemetry_exporter_otlp-1.45.0-py3-none-any.whl#sha256=3de9a5b18648dc124c751f547d8c7a93b177ddae552566981a792d18a063145c,qwen3/BOUND/B/4692__repeat_2 | qwen3/BOUND/D/4692__repeat_4 | qwen3/MEMIT/A/4692__repeat_2,,
splitio.http,7,unknown,[],,qwen3/BOUND/B/1668__repeat_1 | qwen3/BOUND/D/1668__repeat_4 | qwen3/MEMIT/A/1668__repeat_4,,
opentelemetry.exporter.googlecloud,7,ambiguous_namespace,"[""opentelemetry-api"", ""opentelemetry-exporter-otlp"", ""opentelemetry-exporter-otlp-proto-common"", ""opentelemetry-exporter-otlp-proto-grpc"", ""opentelemetry-exporter-otlp-proto-http"", ""opentelemetry-proto"", ""opentelemetry-sdk"", ""opentelemetry-semantic-conventions"", ""opentelemetry-semantic-conventions-ai""]",/home/shuhanliu/miniconda3/envs/vllm/lib/python3.1/site-packages | /home/shuhanliu/miniconda3/envs/vllm/lib/python3.1/site-packages | /home/shuhanliu/miniconda3/envs/vllm/lib/python3.1/site-packages | /home/shuhanliu/miniconda3/envs/vllm/lib/python3.1/site-packages | /home/shuhanliu/miniconda3/envs/vllm/lib/python3.1/site-packages | /home/shuhanliu/miniconda3/envs/vllm/lib/python3.1/site-packages | /home/shuhanliu/miniconda3/envs/vllm/lib/python3.1/site-packages | /home/shuhanliu/miniconda3/envs/vllm/lib/python3.1/site-packages | https://files.pythonhosted.org/packages/89/fb/b3c4750238c1c9686de37d3912357c9b94286b64fe594404a39908064f78/opentelemetry_exporter_otlp-1.45.0-py3-none-any.whl#sha256=3de9a5b18648dc124c751f547d8c7a93b177ddae552566981a792d18a063145c,qwen3/BOUND/C/4059__repeat_2 | qwen3/BOUND/C/4059__repeat_5 | qwen3/BOUND/D/4059__repeat_3,,
azure.cli.core._help,7,ambiguous_namespace,"[""azure-core"", ""azure-identity"", ""azure-mgmt-resource"", ""azure-storage-blob""]",https://files.pythonhosted.org/packages/49/9a/417b3a533e01953a7c618884df2cb05a71e7b68bdbce4fbdb62349d2a2e8/azure_identity-1.25.3-py3-none-any.whl#sha256=f4d0b956a8146f30333e071374171f3cfa7bdb8073adb8c3814b65567aa7447c | https://files.pythonhosted.org/packages/5b/db/325c6d7312d2200251c52323878281045aaffcb5586612296484e4280eaa/azure_core-1.41.0-py3-none-any.whl#sha256=522b4011e8180b1a3dcd2024396a4e7fe9ac37fb8597db47163d230b5efe892d | https://files.pythonhosted.org/packages/e6/6e/3e776a0817ebe3558fbd8d3f98b1bd8fa75a46596e5cf9bb4377960c4611/azure_mgmt_resource-26.0.0-py3-none-any.whl#sha256=ef36559a4c0843b4272aa584efb455c686e4c3f6357421b38c82f405c01a9a9f | https://files.pythonhosted.org/packages/ff/20/6530bbc13fea536a1f2c0194034ae3f6880fbc0c1e7c229e3569450f7aef/azure_storage_blob-12.30.3-py3-none-any.whl#sha256=80729a5397e5f0a63dbbdff74da675c5db1eacaf25fd5db0074b7ba6c17e2498,qwen3/BOUND/D/1083__repeat_3 | llama3.1/MEMIT/A/1083__repeat_4 | llama3.1/MEMIT/B/1083__repeat_1,,
libc.string_h,7,unknown,[],,qwen3/MEMIT/A/2284__repeat_4 | qwen3/MEMIT/B/2284__repeat_3 | qwen3/MEMIT/C/2284__repeat_4,,
kiota_auth,7,unknown,[],,llama3.1/Base/A/2074__repeat_3 | llama3.1/BOUND/A/2074__repeat_2 | llama3.1/BOUND/C/2074__repeat_3,,
scale_ai.client,7,unknown,[],,llama3.1/Base/A/3651__repeat_2 | llama3.1/Base/A/3651__repeat_3 | llama3.1/BOUND/A/3651__repeat_5,,
py,7,ambiguous_namespace,"[""py"", ""pytest""]",https://files.pythonhosted.org/packages/24/25/1de2678b631f5a49215c6c96fff41ba892b0a34df68d6d80292b1b48aa7f/pytest-9.1.1-py3-none-any.whl#sha256=37a86b45efb9a47a61a36449063e8e18d0cab3161329fc099eb21783169c4f0c | https://files.pythonhosted.org/packages/f6/f0/10642828a8dfb741e5f3fbaac830550a518a775c7fff6f04a007259b0548/py-1.11.0-py2.py3-none-any.whl#sha256=607c53218732647dff4acdfcd50cb62615cedf612e72d1724fb1a0cc6405b378,llama3.1/Base/A/2250__repeat_2 | llama3.1/BOUND/B/2250__repeat_2 | llama3.1/BOUND/C/2250__repeat_5,,
aliyunsdkrds.request.v20140408,7,unknown,[],,llama3.1/Base/A/1830__repeat_2 | llama3.1/BOUND/B/1830__repeat_3 | llama3.1/BOUND/D/1830__repeat_1,,
adobe_dcs,7,unknown,[],,llama3.1/Base/A/4707__repeat_1 | llama3.1/BOUND/A/4707__repeat_1 | llama3.1/BOUND/C/4707__repeat_3,,
qiskit,7,unknown,[],,llama3.1/BOUND/A/956__repeat_2 | llama3.1/BOUND/A/956__repeat_3 | llama3.1/BOUND/A/956__repeat_4,,
opentelemetry.exporter.azure_monitor,7,ambiguous_namespace,"[""opentelemetry-api"", ""opentelemetry-exporter-otlp"", ""opentelemetry-exporter-otlp-proto-common"", ""opentelemetry-exporter-otlp-proto-grpc"", ""opentelemetry-exporter-otlp-proto-http"", ""opentelemetry-proto"", ""opentelemetry-sdk"", ""opentelemetry-semantic-conventions"", ""opentelemetry-semantic-conventions-ai""]",/home/shuhanliu/miniconda3/envs/vllm/lib/python3.1/site-packages | /home/shuhanliu/miniconda3/envs/vllm/lib/python3.1/site-packages | /home/shuhanliu/miniconda3/envs/vllm/lib/python3.1/site-packages | /home/shuhanliu/miniconda3/envs/vllm/lib/python3.1/site-packages | /home/shuhanliu/miniconda3/envs/vllm/lib/python3.1/site-packages | /home/shuhanliu/miniconda3/envs/vllm/lib/python3.1/site-packages | /home/shuhanliu/miniconda3/envs/vllm/lib/python3.1/site-packages | /home/shuhanliu/miniconda3/envs/vllm/lib/python3.1/site-packages | https://files.pythonhosted.org/packages/89/fb/b3c4750238c1c9686de37d3912357c9b94286b64fe594404a39908064f78/opentelemetry_exporter_otlp-1.45.0-py3-none-any.whl#sha256=3de9a5b18648dc124c751f547d8c7a93b177ddae552566981a792d18a063145c,llama3.1/BOUND/A/2770__repeat_2 | llama3.1/BOUND/A/1587__repeat_2 | llama3.1/BOUND/B/1587__repeat_4,,
opentelemetry.export,7,ambiguous_namespace,"[""opentelemetry-api"", ""opentelemetry-exporter-otlp"", ""opentelemetry-exporter-otlp-proto-common"", ""opentelemetry-exporter-otlp-proto-grpc"", ""opentelemetry-exporter-otlp-proto-http"", ""opentelemetry-proto"", ""opentelemetry-sdk"", ""opentelemetry-semantic-conventions"", ""opentelemetry-semantic-conventions-ai""]",/home/shuhanliu/miniconda3/envs/vllm/lib/python3.1/site-packages | /home/shuhanliu/miniconda3/envs/vllm/lib/python3.1/site-packages | /home/shuhanliu/miniconda3/envs/vllm/lib/python3.1/site-packages | /home/shuhanliu/miniconda3/envs/vllm/lib/python3.1/site-packages | /home/shuhanliu/miniconda3/envs/vllm/lib/python3.1/site-packages | /home/shuhanliu/miniconda3/envs/vllm/lib/python3.1/site-packages | /home/shuhanliu/miniconda3/envs/vllm/lib/python3.1/site-packages | /home/shuhanliu/miniconda3/envs/vllm/lib/python3.1/site-packages | https://files.pythonhosted.org/packages/89/fb/b3c4750238c1c9686de37d3912357c9b94286b64fe594404a39908064f78/opentelemetry_exporter_otlp-1.45.0-py3-none-any.whl#sha256=3de9a5b18648dc124c751f547d8c7a93b177ddae552566981a792d18a063145c,llama3.1/BOUND/B/2770__repeat_2 | llama3.1/BOUND/B/2770__repeat_3 | llama3.1/BOUND/B/2770__repeat_5,,
tencentcloudsdkcore.common,6,unknown,[],,deepseekcoder/Base/A/4887__repeat_2 | deepseekcoder/BOUND/B/4887__repeat_4 | deepseekcoder/DINM/B/4887__repeat_1,,
edx_opaque_keys.edx.keys,6,unknown,[],,deepseekcoder/Base/A/2496__repeat_3 | deepseekcoder/DINM/D/2496__repeat_1 | deepseekcoder/DINM/D/2496__repeat_2,,
slack.errors,6,ambiguous_namespace,"[""slack-sdk"", ""slackclient""]",https://files.pythonhosted.org/packages/29/cd/89aafa39d7b9d30c82f4f82f50e13ba826bb273ade972befb273c5f6c05e/slackclient-2.9.4-py2.py3-none-any.whl#sha256=a8cab9146795e23d66a03473b80dd23df8c500829dfa9d06b3e3d5aec0a2b293 | https://files.pythonhosted.org/packages/ab/fc/67352b742fc6fa520a550581b0284f5757e4e31a32327c2a00276747fd30/slack_sdk-3.44.1-py2.py3-none-any.whl#sha256=d6f20a0fbe3fecf9cac955c99d686301b48a645b7045472c3a0cdd186d7c42b2,deepseekcoder/BOUND/B/1981__repeat_4 | deepseekcoder/DINM/C/1981__repeat_2 | deepseekcoder/Full-FT/A/1981__repeat_1,,
roslib.message,6,unknown,[],,deepseekcoder/BOUND/B/4525__repeat_2 | deepseekcoder/BOUND/B/4525__repeat_3 | deepseekcoder/MEMIT/C/4525__repeat_2,,
robocorp_code.robocorp_asset_storage,6,unknown,[],,deepseekcoder/BOUND/B/1683__repeat_1 | deepseekcoder/ROME/D/1683__repeat_4 | deepseekcoder/MEMIT/A/1683__repeat_5,,
panos.objects,6,unknown,[],,deepseekcoder/BOUND/B/2113__repeat_1 | deepseekcoder/BOUND/B/2113__repeat_5 | deepseekcoder/BOUND/D/2113__repeat_1,,
kiota_serialization.text.text_serialization_reader,6,unknown,[],,deepseekcoder/BOUND/C/2010__repeat_2 | deepseekcoder/MEMIT/C/2010__repeat_3 | deepseekcoder/MEMIT/C/2010__repeat_4,,
salesforce_bulk,6,unknown,[],,deepseekcoder/BOUND/C/2931__repeat_1 | deepseekcoder/BOUND/C/2931__repeat_5 | deepseekcoder/DINM/C/2931__repeat_2,,
opentelemetry.instrumentation.tortoise,6,ambiguous_namespace,"[""opentelemetry-api"", ""opentelemetry-exporter-otlp"", ""opentelemetry-exporter-otlp-proto-common"", ""opentelemetry-exporter-otlp-proto-grpc"", ""opentelemetry-exporter-otlp-proto-http"", ""opentelemetry-proto"", ""opentelemetry-sdk"", ""opentelemetry-semantic-conventions"", ""opentelemetry-semantic-conventions-ai""]",/home/shuhanliu/miniconda3/envs/vllm/lib/python3.1/site-packages | /home/shuhanliu/miniconda3/envs/vllm/lib/python3.1/site-packages | /home/shuhanliu/miniconda3/envs/vllm/lib/python3.1/site-packages | /home/shuhanliu/miniconda3/envs/vllm/lib/python3.1/site-packages | /home/shuhanliu/miniconda3/envs/vllm/lib/python3.1/site-packages | /home/shuhanliu/miniconda3/envs/vllm/lib/python3.1/site-packages | /home/shuhanliu/miniconda3/envs/vllm/lib/python3.1/site-packages | /home/shuhanliu/miniconda3/envs/vllm/lib/python3.1/site-packages | https://files.pythonhosted.org/packages/89/fb/b3c4750238c1c9686de37d3912357c9b94286b64fe594404a39908064f78/opentelemetry_exporter_otlp-1.45.0-py3-none-any.whl#sha256=3de9a5b18648dc124c751f547d8c7a93b177ddae552566981a792d18a063145c,deepseekcoder/BOUND/C/4117__repeat_4 | deepseekcoder/BOUND/D/4117__repeat_1 | deepseekcoder/ROME/D/4117__repeat_5,,
vmware.vapi.stdlib.client.factories,6,unknown,[],,deepseekcoder/BOUND/D/1178__repeat_3 | deepseekcoder/MEMIT/A/1178__repeat_3 | deepseekcoder/MEMIT/C/1178__repeat_5,,
erlang_external_term,6,unknown,[],,deepseekcoder/ROME/D/4881__repeat_1 | deepseekcoder/ROME/D/4881__repeat_2 | deepseekcoder/MEMIT/B/4881__repeat_5,,
urllib2,6,unknown,[],,deepseekcoder/MEMIT/D/4381__repeat_3 | llama3.1/BOUND/A/4647__repeat_1 | llama3.1/BOUND/B/4647__repeat_2,,
pygame.locals,6,unknown,[],,deepseekcoder/DINM/B/2195__repeat_2 | qwen3/BOUND/B/1446__repeat_2 | qwen3/BOUND/C/1446__repeat_3,,
aleph_alpha.client,6,unknown,[],,qwen3/Base/A/3427__repeat_4 | qwen3/BOUND/C/3427__repeat_1 | qwen3/BOUND/D/3427__repeat_4,,
alibabacloud_dfs20171001.client,6,unknown,[],,qwen3/Base/A/2434__repeat_1 | qwen3/BOUND/B/2434__repeat_2 | qwen3/MEMIT/B/2434__repeat_3,,
securesession.util,6,unknown,[],,qwen3/Base/A/1970__repeat_4 | qwen3/MEMIT/A/1970__repeat_4 | qwen3/MEMIT/B/1970__repeat_4,,
two_factor.utils,6,unknown,[],,qwen3/BOUND/A/4453__repeat_1 | qwen3/BOUND/A/4453__repeat_4 | qwen3/BOUND/C/4453__repeat_4,,
two_factor.forms,6,unknown,[],,qwen3/BOUND/A/4453__repeat_4 | qwen3/BOUND/C/4453__repeat_4 | qwen3/BOUND/D/4453__repeat_1,,
gym.envs.classic_control,6,unknown,[],,qwen3/BOUND/A/1446__repeat_2 | qwen3/BOUND/A/1446__repeat_3 | qwen3/BOUND/A/1446__repeat_5,,
mysql.connector,6,unknown,[],,qwen3/BOUND/A/4818__repeat_2 | qwen3/Full-FT/A/4818__repeat_1 | qwen3/Full-FT/A/4818__repeat_3,,
OSAKit,6,unknown,[],,qwen3/BOUND/A/321__repeat_3 | qwen3/ROME/B/321__repeat_1 | qwen3/MEMIT/C/321__repeat_4,,
fmi,6,unknown,[],,qwen3/BOUND/D/4564__repeat_1 | qwen3/BOUND/D/4564__repeat_2 | qwen3/BOUND/D/4564__repeat_3,,
libc.stdio_h,6,unknown,[],,qwen3/MEMIT/A/2284__repeat_4 | qwen3/MEMIT/C/2284__repeat_4 | qwen3/MEMIT/D/2284__repeat_4,,
esp_idf_tools,6,unknown,[],,llama3.1/Base/A/578__repeat_5 | llama3.1/BOUND/D/578__repeat_1 | llama3.1/MEMIT/A/578__repeat_4,,
kiota_abstractions,6,unknown,[],,llama3.1/Base/A/2074__repeat_1 | llama3.1/BOUND/A/2074__repeat_1 | llama3.1/BOUND/B/2074__repeat_4,,
opentelemetry.sdk.trace.export.otlp_exporter,6,ambiguous_namespace,"[""opentelemetry-api"", ""opentelemetry-exporter-otlp"", ""opentelemetry-exporter-otlp-proto-common"", ""opentelemetry-exporter-otlp-proto-grpc"", ""opentelemetry-exporter-otlp-proto-http"", ""opentelemetry-proto"", ""opentelemetry-sdk"", ""opentelemetry-semantic-conventions"", ""opentelemetry-semantic-conventions-ai""]",/home/shuhanliu/miniconda3/envs/vllm/lib/python3.1/site-packages | /home/shuhanliu/miniconda3/envs/vllm/lib/python3.1/site-packages | /home/shuhanliu/miniconda3/envs/vllm/lib/python3.1/site-packages | /home/shuhanliu/miniconda3/envs/vllm/lib/python3.1/site-packages | /home/shuhanliu/miniconda3/envs/vllm/lib/python3.1/site-packages | /home/shuhanliu/miniconda3/envs/vllm/lib/python3.1/site-packages | /home/shuhanliu/miniconda3/envs/vllm/lib/python3.1/site-packages | /home/shuhanliu/miniconda3/envs/vllm/lib/python3.1/site-packages | https://files.pythonhosted.org/packages/89/fb/b3c4750238c1c9686de37d3912357c9b94286b64fe594404a39908064f78/opentelemetry_exporter_otlp-1.45.0-py3-none-any.whl#sha256=3de9a5b18648dc124c751f547d8c7a93b177ddae552566981a792d18a063145c,llama3.1/Base/A/2770__repeat_2 | llama3.1/Base/A/1587__repeat_1 | llama3.1/BOUND/B/755__repeat_5,,
adobe_sign,6,unknown,[],,llama3.1/Base/A/4707__repeat_5 | llama3.1/BOUND/B/4707__repeat_5 | llama3.1/BOUND/D/4707__repeat_2,,
midiutil,6,unknown,[],,llama3.1/Base/A/1524__repeat_3 | llama3.1/BOUND/A/1524__repeat_4 | llama3.1/BOUND/B/1524__repeat_4,,
openlineage.client.lineage,6,unknown,[],,llama3.1/Base/A/2369__repeat_4 | llama3.1/Base/A/2369__repeat_5 | llama3.1/BOUND/B/2369__repeat_1,,
ConfigCat,6,unknown,[],,llama3.1/BOUND/A/3131__repeat_2 | llama3.1/BOUND/B/3131__repeat_1 | llama3.1/BOUND/D/3131__repeat_5,,
purecloud.api_client,6,unknown,[],,llama3.1/BOUND/A/911__repeat_1 | llama3.1/BOUND/A/911__repeat_2 | llama3.1/BOUND/C/911__repeat_3,,
mathjax,6,unknown,[],,llama3.1/BOUND/A/3792__repeat_3 | llama3.1/BOUND/C/3792__repeat_2 | llama3.1/BOUND/C/3792__repeat_4,,
opentelemetry.sdk.trace.export.inMemorySpanExporter,6,ambiguous_namespace,"[""opentelemetry-api"", ""opentelemetry-exporter-otlp"", ""opentelemetry-exporter-otlp-proto-common"", ""opentelemetry-exporter-otlp-proto-grpc"", ""opentelemetry-exporter-otlp-proto-http"", ""opentelemetry-proto"", ""opentelemetry-sdk"", ""opentelemetry-semantic-conventions"", ""opentelemetry-semantic-conventions-ai""]",/home/shuhanliu/miniconda3/envs/vllm/lib/python3.1/site-packages | /home/shuhanliu/miniconda3/envs/vllm/lib/python3.1/site-packages | /home/shuhanliu/miniconda3/envs/vllm/lib/python3.1/site-packages | /home/shuhanliu/miniconda3/envs/vllm/lib/python3.1/site-packages | /home/shuhanliu/miniconda3/envs/vllm/lib/python3.1/site-packages | /home/shuhanliu/miniconda3/envs/vllm/lib/python3.1/site-packages | /home/shuhanliu/miniconda3/envs/vllm/lib/python3.1/site-packages | /home/shuhanliu/miniconda3/envs/vllm/lib/python3.1/site-packages | https://files.pythonhosted.org/packages/89/fb/b3c4750238c1c9686de37d3912357c9b94286b64fe594404a39908064f78/opentelemetry_exporter_otlp-1.45.0-py3-none-any.whl#sha256=3de9a5b18648dc124c751f547d8c7a93b177ddae552566981a792d18a063145c,llama3.1/BOUND/A/2770__repeat_3 | llama3.1/BOUND/B/755__repeat_5 | llama3.1/BOUND/B/1587__repeat_3,,
plone.app.layout.navigation.interfaces,6,unknown,[],,llama3.1/BOUND/A/2736__repeat_1 | llama3.1/BOUND/B/2736__repeat_4 | llama3.1/MEMIT/A/2736__repeat_5,,
pylatex,6,unknown,[],,llama3.1/BOUND/B/1729__repeat_5 | llama3.1/MEMIT/A/1729__repeat_1 | llama3.1/MEMIT/A/1729__repeat_2,,
pylatex.utils,6,unknown,[],,llama3.1/BOUND/B/1729__repeat_5 | llama3.1/MEMIT/A/1729__repeat_1 | llama3.1/MEMIT/A/1729__repeat_2,,
chalkpy,6,unknown,[],,llama3.1/BOUND/B/2058__repeat_2 | llama3.1/BOUND/C/2058__repeat_3 | llama3.1/MEMIT/B/2058__repeat_3,,
com.vmware.vcenter,5,unknown,[],,deepseekcoder/Base/A/1178__repeat_3 | deepseekcoder/BOUND/B/1178__repeat_4 | deepseekcoder/MEMIT/D/1178__repeat_5,,
pymdownx.superfences,5,unknown,[],,deepseekcoder/Base/A/1085__repeat_2 | deepseekcoder/BOUND/C/1085__repeat_2 | deepseekcoder/BOUND/C/1085__repeat_5,,
ate_api,5,unknown,[],,deepseekcoder/Base/A/4720__repeat_1 | deepseekcoder/MEMIT/A/4720__repeat_1 | deepseekcoder/DINM/B/4720__repeat_4,,
google.events.cloud.pubsub,5,ambiguous_namespace,"[""google-api-core"", ""google-auth"", ""googleapis-common-protos"", ""protobuf""]",/home/shuhanliu/miniconda3/envs/vllm/lib/python3.1/site-packages | /home/shuhanliu/miniconda3/envs/vllm/lib/python3.1/site-packages | https://files.pythonhosted.org/packages/7a/f0/cba0ac98e98e01849b19f7504eb3aeede741e72dfc31612e46d5f0dd981c/google_auth-2.58.1-py3-none-any.whl#sha256=66a63572d0ab629554768544df04018d79178c0bd7439ba31683ac576b79024d | https://files.pythonhosted.org/packages/ff/78/41b3cd83d472b63c694a01e876d3aaa7c2b2f61f29ec8a9275f47b057349/google_api_core-2.39.0-py3-none-any.whl#sha256=40a5d1c892bc1798f3b75ab10c665b85717979088519c714ca5774ee81d1e3c5,deepseekcoder/Base/A/2939__repeat_4 | deepseekcoder/DINM/D/2939__repeat_3 | deepseekcoder/Full-FT/A/2939__repeat_2,,
robocorp_code.asset_storage,5,unknown,[],,deepseekcoder/Base/A/1683__repeat_4 | deepseekcoder/ROME/D/1683__repeat_3 | deepseekcoder/MEMIT/D/1683__repeat_4,,
tencentcloudsdkcore.auth,5,unknown,[],,deepseekcoder/Base/A/4887__repeat_2 | deepseekcoder/BOUND/B/4887__repeat_4 | deepseekcoder/MEMIT/B/4887__repeat_2,,
openedx.core.djangoapps.plugins.constants,5,unknown,[],,deepseekcoder/Base/A/2496__repeat_3 | deepseekcoder/BOUND/C/2496__repeat_3 | deepseekcoder/BOUND/D/2496__repeat_2,,
nis_elements.sources,5,unknown,[],,deepseekcoder/Base/A/3508__repeat_2 | deepseekcoder/BOUND/A/3508__repeat_1 | deepseekcoder/MEMIT/C/3508__repeat_2,,
com.vmware.vapi.stdlib.client.factories,5,unknown,[],,deepseekcoder/BOUND/A/1178__repeat_4 | deepseekcoder/ROME/D/1178__repeat_5 | deepseekcoder/Full-FT/B/1178__repeat_2,,
google.cloud.events,5,ambiguous_namespace,"[""google-api-core"", ""google-auth"", ""googleapis-common-protos"", ""protobuf""]",/home/shuhanliu/miniconda3/envs/vllm/lib/python3.1/site-packages | /home/shuhanliu/miniconda3/envs/vllm/lib/python3.1/site-packages | https://files.pythonhosted.org/packages/7a/f0/cba0ac98e98e01849b19f7504eb3aeede741e72dfc31612e46d5f0dd981c/google_auth-2.58.1-py3-none-any.whl#sha256=66a63572d0ab629554768544df04018d79178c0bd7439ba31683ac576b79024d | https://files.pythonhosted.org/packages/ff/78/41b3cd83d472b63c694a01e876d3aaa7c2b2f61f29ec8a9275f47b057349/google_api_core-2.39.0-py3-none-any.whl#sha256=40a5d1c892bc1798f3b75ab10c665b85717979088519c714ca5774ee81d1e3c5,deepseekcoder/BOUND/A/2939__repeat_2 | deepseekcoder/BOUND/D/2939__repeat_3 | deepseekcoder/MEMIT/B/2939__repeat_4,,
opentelemetry.exporter.jaeger.exporter,5,ambiguous_namespace,"[""opentelemetry-api"", ""opentelemetry-exporter-otlp"", ""opentelemetry-exporter-otlp-proto-common"", ""opentelemetry-exporter-otlp-proto-grpc"", ""opentelemetry-exporter-otlp-proto-http"", ""opentelemetry-proto"", ""opentelemetry-sdk"", ""opentelemetry-semantic-conventions"", ""opentelemetry-semantic-conventions-ai""]",/home/shuhanliu/miniconda3/envs/vllm/lib/python3.1/site-packages | /home/shuhanliu/miniconda3/envs/vllm/lib/python3.1/site-packages | /home/shuhanliu/miniconda3/envs/vllm/lib/python3.1/site-packages | /home/shuhanliu/miniconda3/envs/vllm/lib/python3.1/site-packages | /home/shuhanliu/miniconda3/envs/vllm/lib/python3.1/site-packages | /home/shuhanliu/miniconda3/envs/vllm/lib/python3.1/site-packages | /home/shuhanliu/miniconda3/envs/vllm/lib/python3.1/site-packages | /home/shuhanliu/miniconda3/envs/vllm/lib/python3.1/site-packages | https://files.pythonhosted.org/packages/89/fb/b3c4750238c1c9686de37d3912357c9b94286b64fe594404a39908064f78/opentelemetry_exporter_otlp-1.45.0-py3-none-any.whl#sha256=3de9a5b18648dc124c751f547d8c7a93b177ddae552566981a792d18a063145c,deepseekcoder/BOUND/A/88__repeat_5 | deepseekcoder/DINM/D/88__repeat_2 | deepseekcoder/Full-FT/B/88__repeat_3,,
myapp.models,5,unknown,[],,deepseekcoder/BOUND/A/2222__repeat_5 | deepseekcoder/DINM/A/2222__repeat_2 | deepseekcoder/DINM/B/2222__repeat_3,,
keeper_secrets,5,unknown,[],,deepseekcoder/BOUND/A/4559__repeat_5 | deepseekcoder/BOUND/C/4559__repeat_3 | deepseekcoder/MEMIT/B/4559__repeat_2,,
pylabelstudio.controls,5,unknown,[],,deepseekcoder/BOUND/B/2845__repeat_3 | deepseekcoder/BOUND/B/2845__repeat_5 | deepseekcoder/ROME/D/2845__repeat_5,,
ibm_service_catalog,5,unknown,[],,deepseekcoder/BOUND/B/782__repeat_3 | deepseekcoder/BOUND/B/782__repeat_4 | deepseekcoder/BOUND/B/782__repeat_5,,
google.events,5,ambiguous_namespace,"[""google-api-core"", ""google-auth"", ""googleapis-common-protos"", ""protobuf""]",/home/shuhanliu/miniconda3/envs/vllm/lib/python3.1/site-packages | /home/shuhanliu/miniconda3/envs/vllm/lib/python3.1/site-packages | https://files.pythonhosted.org/packages/7a/f0/cba0ac98e98e01849b19f7504eb3aeede741e72dfc31612e46d5f0dd981c/google_auth-2.58.1-py3-none-any.whl#sha256=66a63572d0ab629554768544df04018d79178c0bd7439ba31683ac576b79024d | https://files.pythonhosted.org/packages/ff/78/41b3cd83d472b63c694a01e876d3aaa7c2b2f61f29ec8a9275f47b057349/google_api_core-2.39.0-py3-none-any.whl#sha256=40a5d1c892bc1798f3b75ab10c665b85717979088519c714ca5774ee81d1e3c5,deepseekcoder/BOUND/B/2939__repeat_3 | deepseekcoder/BOUND/B/2939__repeat_5 | deepseekcoder/BOUND/C/2939__repeat_3,,
edx_hooks_api,5,unknown,[],,deepseekcoder/BOUND/B/2496__repeat_4 | deepseekcoder/MEMIT/A/2496__repeat_2 | deepseekcoder/MEMIT/B/2496__repeat_2,,
ome_tiff_library,5,unknown,[],,deepseekcoder/BOUND/C/3302__repeat_4 | deepseekcoder/MEMIT/D/3302__repeat_1 | deepseekcoder/DINM/B/3302__repeat_5,,
ats_easy.api,5,unknown,[],,deepseekcoder/BOUND/C/4720__repeat_1 | deepseekcoder/ROME/D/4720__repeat_3 | deepseekcoder/ROME/D/4720__repeat_5,,
myfile_pb2,5,unknown,[],,deepseekcoder/BOUND/C/55__repeat_4 | deepseekcoder/BOUND/D/55__repeat_2 | deepseekcoder/ROME/D/55__repeat_2,,
myfile_pb2_grpc,5,unknown,[],,deepseekcoder/BOUND/C/55__repeat_4 | deepseekcoder/BOUND/D/55__repeat_2 | deepseekcoder/ROME/D/55__repeat_2,,
ibm_cos_sdk,5,unknown,[],,deepseekcoder/BOUND/D/782__repeat_1 | deepseekcoder/BOUND/D/782__repeat_5 | deepseekcoder/MEMIT/C/782__repeat_3,,
jpype,5,unknown,[],,deepseekcoder/BOUND/D/1947__repeat_4 | deepseekcoder/ROME/D/637__repeat_3 | deepseekcoder/DINM/C/1947__repeat_3,,
google.cloud.pubsub_v1.subscriber.futures,5,ambiguous_namespace,"[""google-api-core"", ""google-auth"", ""googleapis-common-protos"", ""protobuf""]",/home/shuhanliu/miniconda3/envs/vllm/lib/python3.1/site-packages | /home/shuhanliu/miniconda3/envs/vllm/lib/python3.1/site-packages | https://files.pythonhosted.org/packages/7a/f0/cba0ac98e98e01849b19f7504eb3aeede741e72dfc31612e46d5f0dd981c/google_auth-2.58.1-py3-none-any.whl#sha256=66a63572d0ab629554768544df04018d79178c0bd7439ba31683ac576b79024d | https://files.pythonhosted.org/packages/ff/78/41b3cd83d472b63c694a01e876d3aaa7c2b2f61f29ec8a9275f47b057349/google_api_core-2.39.0-py3-none-any.whl#sha256=40a5d1c892bc1798f3b75ab10c665b85717979088519c714ca5774ee81d1e3c5,deepseekcoder/BOUND/D/2939__repeat_1 | deepseekcoder/ROME/D/2939__repeat_3 | deepseekcoder/MEMIT/A/2939__repeat_1,,
nis_elements.io,5,unknown,[],,deepseekcoder/MEMIT/A/3508__repeat_3 | deepseekcoder/DINM/C/3508__repeat_1 | deepseekcoder/DINM/C/3508__repeat_2,,
PyObjCTools,5,unknown,[],,deepseekcoder/MEMIT/B/1767__repeat_4 | deepseekcoder/MEMIT/C/1767__repeat_1 | deepseekcoder/DINM/D/1767__repeat_2,,
ibm_cloud_object_storage,5,unknown,[],,deepseekcoder/MEMIT/D/782__repeat_1 | deepseekcoder/DINM/B/782__repeat_5 | deepseekcoder/DINM/C/782__repeat_2,,
pyobjc,5,unknown,[],,deepseekcoder/DINM/B/2000__repeat_1 | deepseekcoder/Full-FT/A/1767__repeat_5 | deepseekcoder/Full-FT/D/1767__repeat_5,,
ibm_secrets_manager,5,unknown,[],,deepseekcoder/Full-FT/C/782__repeat_3 | qwen3/MEMIT/B/1249__repeat_3 | qwen3/DINM/B/1249__repeat_2,,
azure.datalake.store,5,ambiguous_namespace,"[""azure-core"", ""azure-identity"", ""azure-mgmt-resource"", ""azure-storage-blob""]",https://files.pythonhosted.org/packages/49/9a/417b3a533e01953a7c618884df2cb05a71e7b68bdbce4fbdb62349d2a2e8/azure_identity-1.25.3-py3-none-any.whl#sha256=f4d0b956a8146f30333e071374171f3cfa7bdb8073adb8c3814b65567aa7447c | https://files.pythonhosted.org/packages/5b/db/325c6d7312d2200251c52323878281045aaffcb5586612296484e4280eaa/azure_core-1.41.0-py3-none-any.whl#sha256=522b4011e8180b1a3dcd2024396a4e7fe9ac37fb8597db47163d230b5efe892d | https://files.pythonhosted.org/packages/e6/6e/3e776a0817ebe3558fbd8d3f98b1bd8fa75a46596e5cf9bb4377960c4611/azure_mgmt_resource-26.0.0-py3-none-any.whl#sha256=ef36559a4c0843b4272aa584efb455c686e4c3f6357421b38c82f405c01a9a9f | https://files.pythonhosted.org/packages/ff/20/6530bbc13fea536a1f2c0194034ae3f6880fbc0c1e7c229e3569450f7aef/azure_storage_blob-12.30.3-py3-none-any.whl#sha256=80729a5397e5f0a63dbbdff74da675c5db1eacaf25fd5db0074b7ba6c17e2498,qwen3/Base/A/3256__repeat_2 | qwen3/ROME/B/3256__repeat_5 | qwen3/MEMIT/B/3256__repeat_1,,
gym.envs.ale,5,unknown,[],,qwen3/Base/A/1446__repeat_5 | qwen3/BOUND/B/1446__repeat_3 | qwen3/ROME/B/1446__repeat_3,,
msgraph.auth,5,unknown,[],,qwen3/Base/A/2798__repeat_2 | qwen3/MEMIT/B/2798__repeat_3 | qwen3/MEMIT/B/2798__repeat_4,,
meross,5,unknown,[],,qwen3/BOUND/A/4048__repeat_1 | qwen3/BOUND/A/4048__repeat_2 | qwen3/BOUND/D/4048__repeat_3,,
azure.mgmt.datacatalog,5,ambiguous_namespace,"[""azure-core"", ""azure-identity"", ""azure-mgmt-resource"", ""azure-storage-blob""]",https://files.pythonhosted.org/packages/49/9a/417b3a533e01953a7c618884df2cb05a71e7b68bdbce4fbdb62349d2a2e8/azure_identity-1.25.3-py3-none-any.whl#sha256=f4d0b956a8146f30333e071374171f3cfa7bdb8073adb8c3814b65567aa7447c | https://files.pythonhosted.org/packages/5b/db/325c6d7312d2200251c52323878281045aaffcb5586612296484e4280eaa/azure_core-1.41.0-py3-none-any.whl#sha256=522b4011e8180b1a3dcd2024396a4e7fe9ac37fb8597db47163d230b5efe892d | https://files.pythonhosted.org/packages/e6/6e/3e776a0817ebe3558fbd8d3f98b1bd8fa75a46596e5cf9bb4377960c4611/azure_mgmt_resource-26.0.0-py3-none-any.whl#sha256=ef36559a4c0843b4272aa584efb455c686e4c3f6357421b38c82f405c01a9a9f | https://files.pythonhosted.org/packages/ff/20/6530bbc13fea536a1f2c0194034ae3f6880fbc0c1e7c229e3569450f7aef/azure_storage_blob-12.30.3-py3-none-any.whl#sha256=80729a5397e5f0a63dbbdff74da675c5db1eacaf25fd5db0074b7ba6c17e2498,qwen3/BOUND/B/3256__repeat_5 | qwen3/ROME/B/3256__repeat_1 | qwen3/MEMIT/B/3256__repeat_4,,
azure.mgmt.datacatalog.models,5,ambiguous_namespace,"[""azure-core"", ""azure-identity"", ""azure-mgmt-resource"", ""azure-storage-blob""]",https://files.pythonhosted.org/packages/49/9a/417b3a533e01953a7c618884df2cb05a71e7b68bdbce4fbdb62349d2a2e8/azure_identity-1.25.3-py3-none-any.whl#sha256=f4d0b956a8146f30333e071374171f3cfa7bdb8073adb8c3814b65567aa7447c | https://files.pythonhosted.org/packages/5b/db/325c6d7312d2200251c52323878281045aaffcb5586612296484e4280eaa/azure_core-1.41.0-py3-none-any.whl#sha256=522b4011e8180b1a3dcd2024396a4e7fe9ac37fb8597db47163d230b5efe892d | https://files.pythonhosted.org/packages/e6/6e/3e776a0817ebe3558fbd8d3f98b1bd8fa75a46596e5cf9bb4377960c4611/azure_mgmt_resource-26.0.0-py3-none-any.whl#sha256=ef36559a4c0843b4272aa584efb455c686e4c3f6357421b38c82f405c01a9a9f | https://files.pythonhosted.org/packages/ff/20/6530bbc13fea536a1f2c0194034ae3f6880fbc0c1e7c229e3569450f7aef/azure_storage_blob-12.30.3-py3-none-any.whl#sha256=80729a5397e5f0a63dbbdff74da675c5db1eacaf25fd5db0074b7ba6c17e2498,qwen3/BOUND/B/3256__repeat_5 | qwen3/ROME/B/3256__repeat_1 | qwen3/MEMIT/B/3256__repeat_4,,
azure,5,ambiguous_namespace,"[""azure-core"", ""azure-identity"", ""azure-mgmt-resource"", ""azure-storage-blob""]",https://files.pythonhosted.org/packages/49/9a/417b3a533e01953a7c618884df2cb05a71e7b68bdbce4fbdb62349d2a2e8/azure_identity-1.25.3-py3-none-any.whl#sha256=f4d0b956a8146f30333e071374171f3cfa7bdb8073adb8c3814b65567aa7447c | https://files.pythonhosted.org/packages/5b/db/325c6d7312d2200251c52323878281045aaffcb5586612296484e4280eaa/azure_core-1.41.0-py3-none-any.whl#sha256=522b4011e8180b1a3dcd2024396a4e7fe9ac37fb8597db47163d230b5efe892d | https://files.pythonhosted.org/packages/e6/6e/3e776a0817ebe3558fbd8d3f98b1bd8fa75a46596e5cf9bb4377960c4611/azure_mgmt_resource-26.0.0-py3-none-any.whl#sha256=ef36559a4c0843b4272aa584efb455c686e4c3f6357421b38c82f405c01a9a9f | https://files.pythonhosted.org/packages/ff/20/6530bbc13fea536a1f2c0194034ae3f6880fbc0c1e7c229e3569450f7aef/azure_storage_blob-12.30.3-py3-none-any.whl#sha256=80729a5397e5f0a63dbbdff74da675c5db1eacaf25fd5db0074b7ba6c17e2498,qwen3/BOUND/D/3256__repeat_1 | qwen3/Full-FT/C/3256__repeat_4 | qwen3/Full-FT/C/1083__repeat_1,,
argo.workflows.client.model.io_argo_workflows_v1alpha1_workflow,5,unknown,[],,qwen3/ROME/B/1497__repeat_2 | qwen3/MEMIT/A/1497__repeat_3 | qwen3/MEMIT/B/1497__repeat_3,,
argo.workflows.client.model.io_argo_workflows_v1alpha1_workflow_template,5,unknown,[],,qwen3/ROME/B/1497__repeat_2 | qwen3/MEMIT/A/1497__repeat_3 | qwen3/MEMIT/B/1497__repeat_3,,
alephalpha,5,unknown,[],,qwen3/MEMIT/C/3427__repeat_2 | qwen3/DINM/D/3427__repeat_4 | qwen3/DINM/D/3427__repeat_5,,
largeimage,5,unknown,[],,qwen3/DINM/B/3157__repeat_4 | qwen3/Full-FT/A/3157__repeat_4 | qwen3/Full-FT/A/3157__repeat_5,,
fmpy.main,5,unknown,[],,llama3.1/Base/A/4564__repeat_2 | llama3.1/Base/A/4564__repeat_5 | llama3.1/BOUND/B/4564__repeat_3,,
flask_idempotency.store,5,unknown,[],,llama3.1/Base/A/796__repeat_4 | llama3.1/BOUND/A/796__repeat_2 | llama3.1/BOUND/B/796__repeat_1,,
scale_client,5,unknown,[],,llama3.1/Base/A/3651__repeat_4 | llama3.1/BOUND/B/3651__repeat_4 | llama3.1/BOUND/B/3651__repeat_5,,
CamSdk,5,unknown,[],,llama3.1/Base/A/4801__repeat_2 | llama3.1/MEMIT/A/4801__repeat_1 | llama3.1/MEMIT/A/4801__repeat_3,,
adobe_pdfservices,5,unknown,[],,llama3.1/Base/A/4707__repeat_2 | llama3.1/Base/A/4707__repeat_4 | llama3.1/BOUND/C/4707__repeat_4,,
openlineage.client.models,5,unknown,[],,llama3.1/Base/A/2369__repeat_3 | llama3.1/BOUND/C/2369__repeat_2 | llama3.1/BOUND/D/2369__repeat_2,,
assemblyline_core,5,unknown,[],,llama3.1/BOUND/A/2709__repeat_1 | llama3.1/BOUND/C/2709__repeat_4 | llama3.1/MEMIT/A/2709__repeat_1,,
qiskit.providers.models,5,unknown,[],,llama3.1/BOUND/A/956__repeat_2 | llama3.1/BOUND/A/956__repeat_3 | llama3.1/BOUND/A/956__repeat_4,,
steam.enums.game,5,unknown,[],,llama3.1/BOUND/B/2466__repeat_1 | llama3.1/BOUND/B/2466__repeat_5 | llama3.1/BOUND/C/2466__repeat_1,,
steam.enums.steamid,5,unknown,[],,llama3.1/BOUND/B/2466__repeat_1 | llama3.1/BOUND/B/2466__repeat_2 | llama3.1/BOUND/B/2466__repeat_5,,
steam.exceptions,5,unknown,[],,llama3.1/BOUND/B/2466__repeat_1 | llama3.1/BOUND/B/2466__repeat_2 | llama3.1/BOUND/C/2466__repeat_1,,
assemblyline.common,5,unknown,[],,llama3.1/BOUND/B/2709__repeat_4 | llama3.1/BOUND/C/2709__repeat_4 | llama3.1/BOUND/D/2709__repeat_5,,
hl7,5,unknown,[],,llama3.1/BOUND/B/1964__repeat_2 | llama3.1/BOUND/D/1964__repeat_3 | llama3.1/BOUND/D/1964__repeat_4,,
openlineage.airflow.lineage,5,unknown,[],,llama3.1/BOUND/B/2369__repeat_5 | llama3.1/BOUND/D/2369__repeat_3 | llama3.1/BOUND/D/2369__repeat_5,,
wyzeapi,5,unknown,[],,llama3.1/BOUND/C/2881__repeat_3 | llama3.1/BOUND/D/2881__repeat_5 | llama3.1/MEMIT/A/2881__repeat_3,,
ats_easy_api,4,unknown,[],,deepseekcoder/Base/A/4720__repeat_4 | deepseekcoder/MEMIT/C/4720__repeat_5 | deepseekcoder/MEMIT/D/4720__repeat_5,,
pwa,4,unknown,[],,deepseekcoder/Base/A/3916__repeat_5 | deepseekcoder/BOUND/C/3916__repeat_1 | deepseekcoder/BOUND/D/3916__repeat_3,,
pysnark.runtime,4,unknown,[],,deepseekcoder/Base/A/4521__repeat_5 | deepseekcoder/MEMIT/C/4521__repeat_1 | deepseekcoder/DINM/D/4521__repeat_4,,
pylabelstudio.core,4,unknown,[],,deepseekcoder/BOUND/A/2845__repeat_3 | deepseekcoder/BOUND/A/2845__repeat_4 | deepseekcoder/BOUND/B/2845__repeat_5,,
openpose,4,unknown,[],,deepseekcoder/BOUND/A/562__repeat_2 | deepseekcoder/BOUND/B/4386__repeat_1 | deepseekcoder/MEMIT/B/562__repeat_1,,
sensor_msgs.point_cloud2,4,unknown,[],,deepseekcoder/BOUND/A/4525__repeat_2 | deepseekcoder/BOUND/A/4525__repeat_3 | deepseekcoder/MEMIT/D/4525__repeat_5,,
rospy.msg,4,unknown,[],,deepseekcoder/BOUND/A/4355__repeat_2 | deepseekcoder/MEMIT/B/4355__repeat_3 | deepseekcoder/MEMIT/D/4525__repeat_4,,
myapp.signals,4,unknown,[],,deepseekcoder/BOUND/A/2222__repeat_1 | deepseekcoder/BOUND/C/2222__repeat_4 | deepseekcoder/BOUND/D/2222__repeat_4,,
py_snark,4,unknown,[],,deepseekcoder/BOUND/A/4521__repeat_5 | deepseekcoder/ROME/D/4521__repeat_5 | deepseekcoder/MEMIT/C/4521__repeat_4,,
keeper_secretsmanager,4,unknown,[],,deepseekcoder/BOUND/A/4559__repeat_2 | deepseekcoder/BOUND/B/4559__repeat_4 | deepseekcoder/DINM/C/4559__repeat_5,,
msedge.selenium_tools,4,unknown,[],,deepseekcoder/BOUND/B/1217__repeat_1 | deepseekcoder/BOUND/C/1217__repeat_5 | deepseekcoder/MEMIT/D/1217__repeat_1,,
robocorp_code.assets,4,unknown,[],,deepseekcoder/BOUND/B/1683__repeat_2 | deepseekcoder/BOUND/C/1683__repeat_1 | deepseekcoder/MEMIT/A/1683__repeat_1,,
cudatext,4,unknown,[],,deepseekcoder/BOUND/B/64__repeat_2 | deepseekcoder/DINM/A/59__repeat_2 | deepseekcoder/DINM/A/59__repeat_5,,
cuda_profiler,4,unknown,[],,deepseekcoder/BOUND/C/59__repeat_2 | deepseekcoder/BOUND/D/59__repeat_3 | deepseekcoder/ROME/D/59__repeat_3,,
tencentcloudsdkcore.auth.credentials,4,unknown,[],,deepseekcoder/BOUND/C/4887__repeat_4 | deepseekcoder/DINM/B/4887__repeat_3 | deepseekcoder/Full-FT/A/4887__repeat_1,,
zk_snarks,4,unknown,[],,deepseekcoder/BOUND/C/4521__repeat_3 | deepseekcoder/MEMIT/D/4521__repeat_2 | deepseekcoder/DINM/C/4521__repeat_3,,
pyyaml,4,unknown,[],,deepseekcoder/BOUND/C/3784__repeat_1 | deepseekcoder/DINM/D/3784__repeat_4 | deepseekcoder/Full-FT/B/3784__repeat_5,,
object_detection.utils,4,unknown,[],,deepseekcoder/BOUND/C/4386__repeat_5 | deepseekcoder/MEMIT/C/4386__repeat_5 | deepseekcoder/DINM/A/4386__repeat_5,,
vmware.vapi.security.session,4,unknown,[],,deepseekcoder/BOUND/D/1178__repeat_3 | deepseekcoder/MEMIT/D/1178__repeat_5 | deepseekcoder/Full-FT/C/1178__repeat_4,,
google.events.cloud,4,ambiguous_namespace,"[""google-api-core"", ""google-auth"", ""googleapis-common-protos"", ""protobuf""]",/home/shuhanliu/miniconda3/envs/vllm/lib/python3.1/site-packages | /home/shuhanliu/miniconda3/envs/vllm/lib/python3.1/site-packages | https://files.pythonhosted.org/packages/7a/f0/cba0ac98e98e01849b19f7504eb3aeede741e72dfc31612e46d5f0dd981c/google_auth-2.58.1-py3-none-any.whl#sha256=66a63572d0ab629554768544df04018d79178c0bd7439ba31683ac576b79024d | https://files.pythonhosted.org/packages/ff/78/41b3cd83d472b63c694a01e876d3aaa7c2b2f61f29ec8a9275f47b057349/google_api_core-2.39.0-py3-none-any.whl#sha256=40a5d1c892bc1798f3b75ab10c665b85717979088519c714ca5774ee81d1e3c5,deepseekcoder/BOUND/D/2939__repeat_5 | deepseekcoder/ROME/D/2939__repeat_3 | deepseekcoder/Full-FT/A/2939__repeat_1,,
kiota_serialization.text.text_serialization_writer_factory,4,unknown,[],,deepseekcoder/BOUND/D/2010__repeat_2 | deepseekcoder/MEMIT/A/2010__repeat_5 | deepseekcoder/Full-FT/B/2010__repeat_2,,
openedx.core.djangoapps.signals.signals,4,unknown,[],,deepseekcoder/BOUND/D/2496__repeat_1 | deepseekcoder/BOUND/D/2496__repeat_2 | deepseekcoder/MEMIT/B/2496__repeat_1,,
vigra,4,unknown,[],,deepseekcoder/BOUND/D/3508__repeat_2 | deepseekcoder/MEMIT/A/3508__repeat_1 | deepseekcoder/Full-FT/B/3508__repeat_5,,
message_pb2,4,unknown,[],,deepseekcoder/BOUND/D/55__repeat_5 | deepseekcoder/MEMIT/A/55__repeat_5 | deepseekcoder/DINM/A/55__repeat_2,,
message_pb2_grpc,4,unknown,[],,deepseekcoder/BOUND/D/55__repeat_5 | deepseekcoder/MEMIT/A/55__repeat_5 | deepseekcoder/DINM/A/55__repeat_2,,
opentelemetry.instrumentation.sqlalchemy,4,ambiguous_namespace,"[""opentelemetry-api"", ""opentelemetry-exporter-otlp"", ""opentelemetry-exporter-otlp-proto-common"", ""opentelemetry-exporter-otlp-proto-grpc"", ""opentelemetry-exporter-otlp-proto-http"", ""opentelemetry-proto"", ""opentelemetry-sdk"", ""opentelemetry-semantic-conventions"", ""opentelemetry-semantic-conventions-ai""]",/home/shuhanliu/miniconda3/envs/vllm/lib/python3.1/site-packages | /home/shuhanliu/miniconda3/envs/vllm/lib/python3.1/site-packages | /home/shuhanliu/miniconda3/envs/vllm/lib/python3.1/site-packages | /home/shuhanliu/miniconda3/envs/vllm/lib/python3.1/site-packages | /home/shuhanliu/miniconda3/envs/vllm/lib/python3.1/site-packages | /home/shuhanliu/miniconda3/envs/vllm/lib/python3.1/site-packages | /home/shuhanliu/miniconda3/envs/vllm/lib/python3.1/site-packages | /home/shuhanliu/miniconda3/envs/vllm/lib/python3.1/site-packages | https://files.pythonhosted.org/packages/89/fb/b3c4750238c1c9686de37d3912357c9b94286b64fe594404a39908064f78/opentelemetry_exporter_otlp-1.45.0-py3-none-any.whl#sha256=3de9a5b18648dc124c751f547d8c7a93b177ddae552566981a792d18a063145c,deepseekcoder/BOUND/D/4117__repeat_5 | deepseekcoder/Full-FT/B/88__repeat_4 | deepseekcoder/Full-FT/B/4117__repeat_3,,
keystoneclient.v3,4,unknown,[],,deepseekcoder/MEMIT/A/4699__repeat_5 | deepseekcoder/MEMIT/C/4699__repeat_5 | deepseekcoder/Full-FT/B/4699__repeat_1,,
qldb.driver.qldb_driver,4,unknown,[],,deepseekcoder/MEMIT/A/2773__repeat_2 | deepseekcoder/MEMIT/B/2773__repeat_3 | deepseekcoder/MEMIT/B/2773__repeat_5,,
hangul_syllable_parser,4,unknown,[],,deepseekcoder/MEMIT/A/1947__repeat_4 | deepseekcoder/DINM/B/1947__repeat_1 | deepseekcoder/Full-FT/B/1947__repeat_4,,
rosmsg,4,unknown,[],,deepseekcoder/MEMIT/A/4355__repeat_4 | deepseekcoder/MEMIT/C/4525__repeat_3 | deepseekcoder/Full-FT/C/4355__repeat_2,,
pycuda.gpuarray,4,unknown,[],,deepseekcoder/MEMIT/A/540__repeat_2 | deepseekcoder/MEMIT/C/59__repeat_3 | deepseekcoder/Full-FT/C/64__repeat_5,,
openstack.placement,4,unknown,[],,deepseekcoder/MEMIT/B/4699__repeat_2 | deepseekcoder/MEMIT/B/4699__repeat_3 | deepseekcoder/Full-FT/C/4699__repeat_5,,
erl_term_format,4,unknown,[],,deepseekcoder/MEMIT/C/4881__repeat_3 | deepseekcoder/DINM/A/4881__repeat_2 | deepseekcoder/DINM/D/4881__repeat_3,,
cuda.profiler,4,ambiguous_namespace,"[""cuda-bindings"", ""cuda-pathfinder""]",/home/shuhanliu/miniconda3/envs/vllm/lib/python3.1/site-packages | /home/shuhanliu/miniconda3/envs/vllm/lib/python3.1/site-packages,deepseekcoder/MEMIT/D/59__repeat_1 | deepseekcoder/MEMIT/D/59__repeat_3 | deepseekcoder/Full-FT/B/59__repeat_2,,
message,4,unknown,[],,deepseekcoder/DINM/B/4126__repeat_1 | deepseekcoder/DINM/D/4126__repeat_5 | deepseekcoder/Full-FT/C/4126__repeat_2,,
korean_syllable_analysis,4,unknown,[],,deepseekcoder/DINM/B/1947__repeat_3 | deepseekcoder/DINM/C/1947__repeat_4 | deepseekcoder/Full-FT/B/1947__repeat_2,,
businesschat,4,unknown,[],,deepseekcoder/DINM/C/399__repeat_3 | deepseekcoder/DINM/C/399__repeat_5 | deepseekcoder/Full-FT/A/399__repeat_5,,
alibabacloud_oss.models,4,unknown,[],,qwen3/Base/A/2434__repeat_3 | qwen3/ROME/B/2434__repeat_1 | qwen3/ROME/B/2434__repeat_2,,
securesession.crypt,4,unknown,[],,qwen3/Base/A/1970__repeat_1 | qwen3/MEMIT/A/1970__repeat_2 | qwen3/MEMIT/A/1970__repeat_4,,
msgraph,4,unknown,[],,qwen3/Base/A/2798__repeat_2 | qwen3/MEMIT/B/2798__repeat_3 | qwen3/DINM/A/2798__repeat_3,,
argo.workflows.client.model,4,unknown,[],,qwen3/Base/A/1497__repeat_2 | qwen3/Base/A/1497__repeat_3 | qwen3/Base/A/1497__repeat_4,,
two_factor.views.utils,4,unknown,[],,qwen3/BOUND/A/4453__repeat_4 | qwen3/BOUND/C/4453__repeat_4 | qwen3/BOUND/D/4453__repeat_1,,
reSTGen,4,unknown,[],,qwen3/BOUND/A/1302__repeat_1 | qwen3/BOUND/D/1302__repeat_1 | qwen3/BOUND/D/1302__repeat_3,,
canop,4,unknown,[],,qwen3/BOUND/A/1267__repeat_2 | qwen3/BOUND/B/1267__repeat_1 | qwen3/BOUND/D/1267__repeat_3,,
azure.cognitiveservices.language.textanalytics.models,4,ambiguous_namespace,"[""azure-core"", ""azure-identity"", ""azure-mgmt-resource"", ""azure-storage-blob""]",https://files.pythonhosted.org/packages/49/9a/417b3a533e01953a7c618884df2cb05a71e7b68bdbce4fbdb62349d2a2e8/azure_identity-1.25.3-py3-none-any.whl#sha256=f4d0b956a8146f30333e071374171f3cfa7bdb8073adb8c3814b65567aa7447c | https://files.pythonhosted.org/packages/5b/db/325c6d7312d2200251c52323878281045aaffcb5586612296484e4280eaa/azure_core-1.41.0-py3-none-any.whl#sha256=522b4011e8180b1a3dcd2024396a4e7fe9ac37fb8597db47163d230b5efe892d | https://files.pythonhosted.org/packages/e6/6e/3e776a0817ebe3558fbd8d3f98b1bd8fa75a46596e5cf9bb4377960c4611/azure_mgmt_resource-26.0.0-py3-none-any.whl#sha256=ef36559a4c0843b4272aa584efb455c686e4c3f6357421b38c82f405c01a9a9f | https://files.pythonhosted.org/packages/ff/20/6530bbc13fea536a1f2c0194034ae3f6880fbc0c1e7c229e3569450f7aef/azure_storage_blob-12.30.3-py3-none-any.whl#sha256=80729a5397e5f0a63dbbdff74da675c5db1eacaf25fd5db0074b7ba6c17e2498,qwen3/BOUND/A/2608__repeat_1 | qwen3/BOUND/C/2608__repeat_1 | qwen3/BOUND/C/2608__repeat_3,,
azure.cognitiveservices.vision.read,4,ambiguous_namespace,"[""azure-core"", ""azure-identity"", ""azure-mgmt-resource"", ""azure-storage-blob""]",https://files.pythonhosted.org/packages/49/9a/417b3a533e01953a7c618884df2cb05a71e7b68bdbce4fbdb62349d2a2e8/azure_identity-1.25.3-py3-none-any.whl#sha256=f4d0b956a8146f30333e071374171f3cfa7bdb8073adb8c3814b65567aa7447c | https://files.pythonhosted.org/packages/5b/db/325c6d7312d2200251c52323878281045aaffcb5586612296484e4280eaa/azure_core-1.41.0-py3-none-any.whl#sha256=522b4011e8180b1a3dcd2024396a4e7fe9ac37fb8597db47163d230b5efe892d | https://files.pythonhosted.org/packages/e6/6e/3e776a0817ebe3558fbd8d3f98b1bd8fa75a46596e5cf9bb4377960c4611/azure_mgmt_resource-26.0.0-py3-none-any.whl#sha256=ef36559a4c0843b4272aa584efb455c686e4c3f6357421b38c82f405c01a9a9f | https://files.pythonhosted.org/packages/ff/20/6530bbc13fea536a1f2c0194034ae3f6880fbc0c1e7c229e3569450f7aef/azure_storage_blob-12.30.3-py3-none-any.whl#sha256=80729a5397e5f0a63dbbdff74da675c5db1eacaf25fd5db0074b7ba6c17e2498,qwen3/BOUND/A/2608__repeat_2 | qwen3/BOUND/B/2608__repeat_3 | qwen3/BOUND/B/2608__repeat_5,,
azure.cognitiveservices.vision.read.models,4,ambiguous_namespace,"[""azure-core"", ""azure-identity"", ""azure-mgmt-resource"", ""azure-storage-blob""]",https://files.pythonhosted.org/packages/49/9a/417b3a533e01953a7c618884df2cb05a71e7b68bdbce4fbdb62349d2a2e8/azure_identity-1.25.3-py3-none-any.whl#sha256=f4d0b956a8146f30333e071374171f3cfa7bdb8073adb8c3814b65567aa7447c | https://files.pythonhosted.org/packages/5b/db/325c6d7312d2200251c52323878281045aaffcb5586612296484e4280eaa/azure_core-1.41.0-py3-none-any.whl#sha256=522b4011e8180b1a3dcd2024396a4e7fe9ac37fb8597db47163d230b5efe892d | https://files.pythonhosted.org/packages/e6/6e/3e776a0817ebe3558fbd8d3f98b1bd8fa75a46596e5cf9bb4377960c4611/azure_mgmt_resource-26.0.0-py3-none-any.whl#sha256=ef36559a4c0843b4272aa584efb455c686e4c3f6357421b38c82f405c01a9a9f | https://files.pythonhosted.org/packages/ff/20/6530bbc13fea536a1f2c0194034ae3f6880fbc0c1e7c229e3569450f7aef/azure_storage_blob-12.30.3-py3-none-any.whl#sha256=80729a5397e5f0a63dbbdff74da675c5db1eacaf25fd5db0074b7ba6c17e2498,qwen3/BOUND/A/2608__repeat_2 | qwen3/BOUND/B/2608__repeat_3 | qwen3/BOUND/B/2608__repeat_5,,
aliyunsdkecs.request.v20140526,4,unknown,[],,qwen3/BOUND/A/2298__repeat_5 | qwen3/BOUND/C/2298__repeat_5 | qwen3/DINM/B/2298__repeat_1,,
sphinxcontrib,4,unknown,[],,qwen3/BOUND/A/4227__repeat_3 | llama3.1/Base/A/413__repeat_3 | llama3.1/MEMIT/C/413__repeat_2,,
alibabacloud_tea_rpc,4,unknown,[],,qwen3/BOUND/A/2434__repeat_1 | qwen3/MEMIT/A/2434__repeat_4 | qwen3/DINM/A/2434__repeat_1,,
ConfigCatClient,4,unknown,[],,qwen3/BOUND/A/3131__repeat_2 | qwen3/BOUND/A/3131__repeat_5 | qwen3/BOUND/D/3131__repeat_2,,
azure.mgmt.authorization.models,4,ambiguous_namespace,"[""azure-core"", ""azure-identity"", ""azure-mgmt-resource"", ""azure-storage-blob""]",https://files.pythonhosted.org/packages/49/9a/417b3a533e01953a7c618884df2cb05a71e7b68bdbce4fbdb62349d2a2e8/azure_identity-1.25.3-py3-none-any.whl#sha256=f4d0b956a8146f30333e071374171f3cfa7bdb8073adb8c3814b65567aa7447c | https://files.pythonhosted.org/packages/5b/db/325c6d7312d2200251c52323878281045aaffcb5586612296484e4280eaa/azure_core-1.41.0-py3-none-any.whl#sha256=522b4011e8180b1a3dcd2024396a4e7fe9ac37fb8597db47163d230b5efe892d | https://files.pythonhosted.org/packages/e6/6e/3e776a0817ebe3558fbd8d3f98b1bd8fa75a46596e5cf9bb4377960c4611/azure_mgmt_resource-26.0.0-py3-none-any.whl#sha256=ef36559a4c0843b4272aa584efb455c686e4c3f6357421b38c82f405c01a9a9f | https://files.pythonhosted.org/packages/ff/20/6530bbc13fea536a1f2c0194034ae3f6880fbc0c1e7c229e3569450f7aef/azure_storage_blob-12.30.3-py3-none-any.whl#sha256=80729a5397e5f0a63dbbdff74da675c5db1eacaf25fd5db0074b7ba6c17e2498,qwen3/BOUND/A/2798__repeat_2 | qwen3/BOUND/B/2798__repeat_1 | qwen3/BOUND/B/2798__repeat_4,,
argo.workflows.client.model.io_argo_workflows_workflow,4,unknown,[],,qwen3/BOUND/A/1497__repeat_4 | qwen3/BOUND/B/1497__repeat_4 | qwen3/BOUND/C/1497__repeat_5,,
argo.workflows.client.model.io_argo_workflows_workflow_template,4,unknown,[],,qwen3/BOUND/A/1497__repeat_4 | qwen3/BOUND/B/1497__repeat_4 | qwen3/BOUND/C/1497__repeat_5,,
securesession.wsgi,4,unknown,[],,qwen3/BOUND/B/1970__repeat_5 | qwen3/DINM/A/1970__repeat_1 | qwen3/DINM/C/1970__repeat_3,,
PyMOL,4,unknown,[],,qwen3/BOUND/C/1603__repeat_1 | qwen3/MEMIT/D/1603__repeat_3 | qwen3/DINM/B/1603__repeat_1,,
azure.ai.ml,4,ambiguous_namespace,"[""azure-core"", ""azure-identity"", ""azure-mgmt-resource"", ""azure-storage-blob""]",https://files.pythonhosted.org/packages/49/9a/417b3a533e01953a7c618884df2cb05a71e7b68bdbce4fbdb62349d2a2e8/azure_identity-1.25.3-py3-none-any.whl#sha256=f4d0b956a8146f30333e071374171f3cfa7bdb8073adb8c3814b65567aa7447c | https://files.pythonhosted.org/packages/5b/db/325c6d7312d2200251c52323878281045aaffcb5586612296484e4280eaa/azure_core-1.41.0-py3-none-any.whl#sha256=522b4011e8180b1a3dcd2024396a4e7fe9ac37fb8597db47163d230b5efe892d | https://files.pythonhosted.org/packages/e6/6e/3e776a0817ebe3558fbd8d3f98b1bd8fa75a46596e5cf9bb4377960c4611/azure_mgmt_resource-26.0.0-py3-none-any.whl#sha256=ef36559a4c0843b4272aa584efb455c686e4c3f6357421b38c82f405c01a9a9f | https://files.pythonhosted.org/packages/ff/20/6530bbc13fea536a1f2c0194034ae3f6880fbc0c1e7c229e3569450f7aef/azure_storage_blob-12.30.3-py3-none-any.whl#sha256=80729a5397e5f0a63dbbdff74da675c5db1eacaf25fd5db0074b7ba6c17e2498,qwen3/BOUND/D/3256__repeat_2 | qwen3/MEMIT/C/3256__repeat_2 | qwen3/MEMIT/D/3256__repeat_3,,
argo.workflows.client.model.io_argo_workflows_v1alpha1_workflow_status,4,unknown,[],,qwen3/ROME/B/1497__repeat_2 | qwen3/MEMIT/B/1497__repeat_3 | qwen3/MEMIT/C/1497__repeat_3,,
aliyun_openapi,4,unknown,[],,qwen3/MEMIT/C/2298__repeat_2 | qwen3/MEMIT/C/2298__repeat_3 | qwen3/DINM/A/2298__repeat_1,,
pyvcf,4,unknown,[],,qwen3/Full-FT/A/2284__repeat_2 | qwen3/Full-FT/A/2284__repeat_4 | qwen3/Full-FT/A/2284__repeat_5,,
scikit,4,unknown,[],,qwen3/Full-FT/D/4815__repeat_4 | qwen3/Full-FT/D/3140__repeat_4 | qwen3/Full-FT/D/4387__repeat_1,,
bs44,4,unknown,[],,qwen3/Full-FT/D/770__repeat_1 | qwen3/Full-FT/D/770__repeat_2 | qwen3/Full-FT/D/770__repeat_3,,
qcs,4,unknown,[],,llama3.1/Base/A/956__repeat_5 | llama3.1/BOUND/C/956__repeat_5 | llama3.1/MEMIT/B/956__repeat_2,,
opentelemetry.instrumentation.azure.core,4,ambiguous_namespace,"[""opentelemetry-api"", ""opentelemetry-exporter-otlp"", ""opentelemetry-exporter-otlp-proto-common"", ""opentelemetry-exporter-otlp-proto-grpc"", ""opentelemetry-exporter-otlp-proto-http"", ""opentelemetry-proto"", ""opentelemetry-sdk"", ""opentelemetry-semantic-conventions"", ""opentelemetry-semantic-conventions-ai""]",/home/shuhanliu/miniconda3/envs/vllm/lib/python3.1/site-packages | /home/shuhanliu/miniconda3/envs/vllm/lib/python3.1/site-packages | /home/shuhanliu/miniconda3/envs/vllm/lib/python3.1/site-packages | /home/shuhanliu/miniconda3/envs/vllm/lib/python3.1/site-packages | /home/shuhanliu/miniconda3/envs/vllm/lib/python3.1/site-packages | /home/shuhanliu/miniconda3/envs/vllm/lib/python3.1/site-packages | /home/shuhanliu/miniconda3/envs/vllm/lib/python3.1/site-packages | /home/shuhanliu/miniconda3/envs/vllm/lib/python3.1/site-packages | https://files.pythonhosted.org/packages/89/fb/b3c4750238c1c9686de37d3912357c9b94286b64fe594404a39908064f78/opentelemetry_exporter_otlp-1.45.0-py3-none-any.whl#sha256=3de9a5b18648dc124c751f547d8c7a93b177ddae552566981a792d18a063145c,llama3.1/Base/A/1587__repeat_2 | llama3.1/BOUND/C/1587__repeat_4 | llama3.1/MEMIT/A/1587__repeat_2,,
opentelemetry.sdk.trace.export.simple,4,ambiguous_namespace,"[""opentelemetry-api"", ""opentelemetry-exporter-otlp"", ""opentelemetry-exporter-otlp-proto-common"", ""opentelemetry-exporter-otlp-proto-grpc"", ""opentelemetry-exporter-otlp-proto-http"", ""opentelemetry-proto"", ""opentelemetry-sdk"", ""opentelemetry-semantic-conventions"", ""opentelemetry-semantic-conventions-ai""]",/home/shuhanliu/miniconda3/envs/vllm/lib/python3.1/site-packages | /home/shuhanliu/miniconda3/envs/vllm/lib/python3.1/site-packages | /home/shuhanliu/miniconda3/envs/vllm/lib/python3.1/site-packages | /home/shuhanliu/miniconda3/envs/vllm/lib/python3.1/site-packages | /home/shuhanliu/miniconda3/envs/vllm/lib/python3.1/site-packages | /home/shuhanliu/miniconda3/envs/vllm/lib/python3.1/site-packages | /home/shuhanliu/miniconda3/envs/vllm/lib/python3.1/site-packages | /home/shuhanliu/miniconda3/envs/vllm/lib/python3.1/site-packages | https://files.pythonhosted.org/packages/89/fb/b3c4750238c1c9686de37d3912357c9b94286b64fe594404a39908064f78/opentelemetry_exporter_otlp-1.45.0-py3-none-any.whl#sha256=3de9a5b18648dc124c751f547d8c7a93b177ddae552566981a792d18a063145c,llama3.1/Base/A/1587__repeat_3 | llama3.1/BOUND/A/755__repeat_4 | llama3.1/BOUND/C/1587__repeat_4,,
adobe_pdfservices.auth,4,unknown,[],,llama3.1/Base/A/4707__repeat_2 | llama3.1/Base/A/4707__repeat_4 | llama3.1/BOUND/C/4707__repeat_4,,
coremidi,4,unknown,[],,llama3.1/Base/A/1524__repeat_2 | llama3.1/BOUND/C/1524__repeat_5 | llama3.1/MEMIT/B/1524__repeat_3,,
wyze,4,unknown,[],,llama3.1/Base/A/2881__repeat_1 | llama3.1/BOUND/C/2881__repeat_1 | llama3.1/MEMIT/C/2881__repeat_3,,
qiskit.providers,4,unknown,[],,llama3.1/BOUND/A/956__repeat_3 | llama3.1/BOUND/A/956__repeat_4 | llama3.1/BOUND/A/956__repeat_5,,
kiota_client,4,unknown,[],,llama3.1/BOUND/A/2074__repeat_3 | llama3.1/MEMIT/A/2074__repeat_2 | llama3.1/MEMIT/A/2074__repeat_4,,
flask_admin,4,unknown,[],,llama3.1/BOUND/A/4425__repeat_3 | llama3.1/MEMIT/B/4425__repeat_2 | llama3.1/MEMIT/C/4425__repeat_1,,
flask_admin.contrib.sqla,4,unknown,[],,llama3.1/BOUND/A/4425__repeat_3 | llama3.1/MEMIT/B/4425__repeat_2 | llama3.1/MEMIT/C/4425__repeat_1,,
purecloud.configuration,4,unknown,[],,llama3.1/BOUND/A/911__repeat_1 | llama3.1/BOUND/D/911__repeat_2 | llama3.1/MEMIT/C/911__repeat_2,,
SafetyKit,4,unknown,[],,llama3.1/BOUND/A/3423__repeat_2 | llama3.1/BOUND/A/3423__repeat_4 | llama3.1/MEMIT/B/3423__repeat_4,,
hamcrest,4,unknown,[],,llama3.1/BOUND/A/2250__repeat_2 | llama3.1/BOUND/A/2250__repeat_5 | llama3.1/BOUND/B/2250__repeat_1,,
azure.graph,4,ambiguous_namespace,"[""azure-core"", ""azure-identity"", ""azure-mgmt-resource"", ""azure-storage-blob""]",https://files.pythonhosted.org/packages/49/9a/417b3a533e01953a7c618884df2cb05a71e7b68bdbce4fbdb62349d2a2e8/azure_identity-1.25.3-py3-none-any.whl#sha256=f4d0b956a8146f30333e071374171f3cfa7bdb8073adb8c3814b65567aa7447c | https://files.pythonhosted.org/packages/5b/db/325c6d7312d2200251c52323878281045aaffcb5586612296484e4280eaa/azure_core-1.41.0-py3-none-any.whl#sha256=522b4011e8180b1a3dcd2024396a4e7fe9ac37fb8597db47163d230b5efe892d | https://files.pythonhosted.org/packages/e6/6e/3e776a0817ebe3558fbd8d3f98b1bd8fa75a46596e5cf9bb4377960c4611/azure_mgmt_resource-26.0.0-py3-none-any.whl#sha256=ef36559a4c0843b4272aa584efb455c686e4c3f6357421b38c82f405c01a9a9f | https://files.pythonhosted.org/packages/ff/20/6530bbc13fea536a1f2c0194034ae3f6880fbc0c1e7c229e3569450f7aef/azure_storage_blob-12.30.3-py3-none-any.whl#sha256=80729a5397e5f0a63dbbdff74da675c5db1eacaf25fd5db0074b7ba6c17e2498,llama3.1/BOUND/A/372__repeat_1 | llama3.1/BOUND/C/372__repeat_2 | llama3.1/MEMIT/B/372__repeat_3,,
pkgconfig,4,unknown,[],,llama3.1/BOUND/A/3108__repeat_3 | llama3.1/BOUND/C/3108__repeat_2 | llama3.1/BOUND/C/3108__repeat_5,,
adal,4,unknown,[],,llama3.1/BOUND/A/4707__repeat_5 | llama3.1/BOUND/B/4707__repeat_1 | llama3.1/BOUND/B/4707__repeat_2,,
requests_oauthlib,4,unknown,[],,llama3.1/BOUND/B/2140__repeat_5 | llama3.1/BOUND/D/2881__repeat_2 | llama3.1/MEMIT/A/2074__repeat_2,,
steam.steamid,4,unknown,[],,llama3.1/BOUND/B/2466__repeat_1 | llama3.1/BOUND/B/2466__repeat_5 | llama3.1/BOUND/C/2466__repeat_3,,
steam.webapi,4,unknown,[],,llama3.1/BOUND/B/2466__repeat_2 | llama3.1/BOUND/D/2466__repeat_1 | llama3.1/BOUND/D/2466__repeat_3,,
last_scrobbler,4,unknown,[],,llama3.1/BOUND/B/3298__repeat_3 | llama3.1/BOUND/B/3298__repeat_4 | llama3.1/MEMIT/C/3298__repeat_1,,
libre_last_scrobbler,4,unknown,[],,llama3.1/BOUND/B/3298__repeat_4 | llama3.1/MEMIT/A/3298__repeat_1 | llama3.1/MEMIT/C/3298__repeat_1,,
kiota.exceptions,4,unknown,[],,llama3.1/BOUND/B/2074__repeat_1 | llama3.1/BOUND/D/2074__repeat_2 | llama3.1/BOUND/D/2074__repeat_3,,
cssutils,4,unknown,[],,llama3.1/BOUND/B/615__repeat_5 | llama3.1/BOUND/C/615__repeat_3 | llama3.1/BOUND/D/615__repeat_1,,
terratest,4,unknown,[],,llama3.1/BOUND/B/2250__repeat_4 | llama3.1/BOUND/C/2250__repeat_4 | llama3.1/BOUND/D/2250__repeat_1,,
azure.mgmt.resource.graph,4,ambiguous_namespace,"[""azure-core"", ""azure-identity"", ""azure-mgmt-resource"", ""azure-storage-blob""]",https://files.pythonhosted.org/packages/49/9a/417b3a533e01953a7c618884df2cb05a71e7b68bdbce4fbdb62349d2a2e8/azure_identity-1.25.3-py3-none-any.whl#sha256=f4d0b956a8146f30333e071374171f3cfa7bdb8073adb8c3814b65567aa7447c | https://files.pythonhosted.org/packages/5b/db/325c6d7312d2200251c52323878281045aaffcb5586612296484e4280eaa/azure_core-1.41.0-py3-none-any.whl#sha256=522b4011e8180b1a3dcd2024396a4e7fe9ac37fb8597db47163d230b5efe892d | https://files.pythonhosted.org/packages/e6/6e/3e776a0817ebe3558fbd8d3f98b1bd8fa75a46596e5cf9bb4377960c4611/azure_mgmt_resource-26.0.0-py3-none-any.whl#sha256=ef36559a4c0843b4272aa584efb455c686e4c3f6357421b38c82f405c01a9a9f | https://files.pythonhosted.org/packages/ff/20/6530bbc13fea536a1f2c0194034ae3f6880fbc0c1e7c229e3569450f7aef/azure_storage_blob-12.30.3-py3-none-any.whl#sha256=80729a5397e5f0a63dbbdff74da675c5db1eacaf25fd5db0074b7ba6c17e2498,llama3.1/BOUND/B/372__repeat_3 | llama3.1/BOUND/B/372__repeat_4 | llama3.1/BOUND/D/372__repeat_5,,
azure.mgmt.storage,4,ambiguous_namespace,"[""azure-core"", ""azure-identity"", ""azure-mgmt-resource"", ""azure-storage-blob""]",https://files.pythonhosted.org/packages/49/9a/417b3a533e01953a7c618884df2cb05a71e7b68bdbce4fbdb62349d2a2e8/azure_identity-1.25.3-py3-none-any.whl#sha256=f4d0b956a8146f30333e071374171f3cfa7bdb8073adb8c3814b65567aa7447c | https://files.pythonhosted.org/packages/5b/db/325c6d7312d2200251c52323878281045aaffcb5586612296484e4280eaa/azure_core-1.41.0-py3-none-any.whl#sha256=522b4011e8180b1a3dcd2024396a4e7fe9ac37fb8597db47163d230b5efe892d | https://files.pythonhosted.org/packages/e6/6e/3e776a0817ebe3558fbd8d3f98b1bd8fa75a46596e5cf9bb4377960c4611/azure_mgmt_resource-26.0.0-py3-none-any.whl#sha256=ef36559a4c0843b4272aa584efb455c686e4c3f6357421b38c82f405c01a9a9f | https://files.pythonhosted.org/packages/ff/20/6530bbc13fea536a1f2c0194034ae3f6880fbc0c1e7c229e3569450f7aef/azure_storage_blob-12.30.3-py3-none-any.whl#sha256=80729a5397e5f0a63dbbdff74da675c5db1eacaf25fd5db0074b7ba6c17e2498,llama3.1/BOUND/B/372__repeat_3 | llama3.1/BOUND/B/372__repeat_4 | llama3.1/BOUND/B/2770__repeat_3,,
z3c.form.interfaces,4,unknown,[],,llama3.1/BOUND/B/2736__repeat_5 | llama3.1/BOUND/D/2736__repeat_5 | llama3.1/MEMIT/B/2736__repeat_1,,
z3c.form.validator,4,unknown,[],,llama3.1/BOUND/B/2736__repeat_5 | llama3.1/MEMIT/B/2736__repeat_1 | llama3.1/MEMIT/B/2736__repeat_3,,
z3c.form.widget,4,unknown,[],,llama3.1/BOUND/B/2736__repeat_5 | llama3.1/BOUND/D/2736__repeat_5 | llama3.1/MEMIT/B/2736__repeat_1,,
servicenow_api,4,unknown,[],,llama3.1/BOUND/C/1889__repeat_2 | llama3.1/MEMIT/A/1889__repeat_1 | llama3.1/MEMIT/B/1889__repeat_2,,
fmpy.fmi,4,unknown,[],,llama3.1/BOUND/C/4564__repeat_2 | llama3.1/BOUND/C/4564__repeat_3 | llama3.1/MEMIT/C/4564__repeat_5,,
kiota,4,unknown,[],,llama3.1/BOUND/C/2074__repeat_1 | llama3.1/MEMIT/C/2074__repeat_2 | llama3.1/MEMIT/C/2074__repeat_3,,
adobe.pdfservices.operation,4,unknown,[],,llama3.1/BOUND/C/4707__repeat_1 | llama3.1/BOUND/D/4707__repeat_4 | llama3.1/MEMIT/B/4707__repeat_1,,
deep_translator,4,unknown,[],,llama3.1/BOUND/C/2159__repeat_1 | llama3.1/BOUND/D/2159__repeat_4 | llama3.1/MEMIT/C/2159__repeat_5,,
opentelemetry.sdk.trace.export.inmemory_span_exporter,4,ambiguous_namespace,"[""opentelemetry-api"", ""opentelemetry-exporter-otlp"", ""opentelemetry-exporter-otlp-proto-common"", ""opentelemetry-exporter-otlp-proto-grpc"", ""opentelemetry-exporter-otlp-proto-http"", ""opentelemetry-proto"", ""opentelemetry-sdk"", ""opentelemetry-semantic-conventions"", ""opentelemetry-semantic-conventions-ai""]",/home/shuhanliu/miniconda3/envs/vllm/lib/python3.1/site-packages | /home/shuhanliu/miniconda3/envs/vllm/lib/python3.1/site-packages | /home/shuhanliu/miniconda3/envs/vllm/lib/python3.1/site-packages | /home/shuhanliu/miniconda3/envs/vllm/lib/python3.1/site-packages | /home/shuhanliu/miniconda3/envs/vllm/lib/python3.1/site-packages | /home/shuhanliu/miniconda3/envs/vllm/lib/python3.1/site-packages | /home/shuhanliu/miniconda3/envs/vllm/lib/python3.1/site-packages | /home/shuhanliu/miniconda3/envs/vllm/lib/python3.1/site-packages | https://files.pythonhosted.org/packages/89/fb/b3c4750238c1c9686de37d3912357c9b94286b64fe594404a39908064f78/opentelemetry_exporter_otlp-1.45.0-py3-none-any.whl#sha256=3de9a5b18648dc124c751f547d8c7a93b177ddae552566981a792d18a063145c,llama3.1/MEMIT/B/2770__repeat_3 | llama3.1/MEMIT/C/1587__repeat_2 | llama3.1/MEMIT/D/2770__repeat_4,,
pyspark_h3.functions,3,unknown,[],,deepseekcoder/Base/A/1424__repeat_1 | deepseekcoder/BOUND/D/1424__repeat_1 | deepseekcoder/Full-FT/D/1424__repeat_3,,
kiota_serialization.text.parsable,3,unknown,[],,deepseekcoder/Base/A/2010__repeat_2 | deepseekcoder/ROME/D/2010__repeat_3 | deepseekcoder/MEMIT/C/2010__repeat_1,,
robocorp_code_asset_storage,3,unknown,[],,deepseekcoder/Base/A/1683__repeat_3 | deepseekcoder/BOUND/D/1683__repeat_4 | deepseekcoder/MEMIT/C/1683__repeat_3,,
tencentcloudsdk.common.profile.http_profile,3,unknown,[],,deepseekcoder/Base/A/4887__repeat_1 | deepseekcoder/MEMIT/D/4887__repeat_4 | deepseekcoder/Full-FT/C/4887__repeat_4,,
openedx_events.tooling,3,unknown,[],,deepseekcoder/Base/A/2496__repeat_2 | deepseekcoder/Base/A/2496__repeat_5 | deepseekcoder/ROME/D/2496__repeat_1,,
openedx.core.lib.plugins,3,unknown,[],,deepseekcoder/Base/A/2496__repeat_3 | deepseekcoder/Full-FT/D/2496__repeat_2 | deepseekcoder/Full-FT/D/2496__repeat_5,,
openedx.core.djangoapps.content.course_overviews.models,3,unknown,[],,deepseekcoder/Base/A/2496__repeat_4 | deepseekcoder/MEMIT/A/2496__repeat_1 | deepseekcoder/Full-FT/A/2496__repeat_4,,
xmodule.modulestore.exceptions,3,unknown,[],,deepseekcoder/Base/A/2496__repeat_4 | deepseekcoder/BOUND/D/2496__repeat_2 | deepseekcoder/DINM/A/2496__repeat_2,,
openedx_events.learning.signals,3,unknown,[],,deepseekcoder/Base/A/2496__repeat_5 | deepseekcoder/BOUND/D/2496__repeat_4 | deepseekcoder/ROME/D/2496__repeat_1,,
sanic,3,unknown,[],,deepseekcoder/Base/A/2026__repeat_1 | deepseekcoder/Full-FT/C/2026__repeat_1 | deepseekcoder/Full-FT/D/2026__repeat_1,,
sanic.response,3,unknown,[],,deepseekcoder/Base/A/2026__repeat_1 | deepseekcoder/Full-FT/C/2026__repeat_1 | deepseekcoder/Full-FT/D/2026__repeat_1,,
my_service_pb2,3,unknown,[],,deepseekcoder/Base/A/55__repeat_5 | deepseekcoder/BOUND/A/55__repeat_4 | deepseekcoder/ROME/D/55__repeat_1,,
my_service_pb2_grpc,3,unknown,[],,deepseekcoder/Base/A/55__repeat_5 | deepseekcoder/BOUND/A/55__repeat_4 | deepseekcoder/ROME/D/55__repeat_1,,
panos.panorama,3,unknown,[],,deepseekcoder/Base/A/2113__repeat_2 | deepseekcoder/Full-FT/A/2113__repeat_3 | deepseekcoder/Full-FT/B/2113__repeat_5,,
ome_tiff_library.ome_tiff_writer,3,unknown,[],,deepseekcoder/BOUND/A/3302__repeat_4 | deepseekcoder/BOUND/D/3302__repeat_3 | deepseekcoder/Full-FT/B/3302__repeat_2,,
mermaid2,3,unknown,[],,deepseekcoder/BOUND/A/1085__repeat_5 | deepseekcoder/ROME/D/1085__repeat_5 | deepseekcoder/MEMIT/A/1085__repeat_5,,
opentelemetry.exporter.otlp.exporter,3,ambiguous_namespace,"[""opentelemetry-api"", ""opentelemetry-exporter-otlp"", ""opentelemetry-exporter-otlp-proto-common"", ""opentelemetry-exporter-otlp-proto-grpc"", ""opentelemetry-exporter-otlp-proto-http"", ""opentelemetry-proto"", ""opentelemetry-sdk"", ""opentelemetry-semantic-conventions"", ""opentelemetry-semantic-conventions-ai""]",/home/shuhanliu/miniconda3/envs/vllm/lib/python3.1/site-packages | /home/shuhanliu/miniconda3/envs/vllm/lib/python3.1/site-packages | /home/shuhanliu/miniconda3/envs/vllm/lib/python3.1/site-packages | /home/shuhanliu/miniconda3/envs/vllm/lib/python3.1/site-packages | /home/shuhanliu/miniconda3/envs/vllm/lib/python3.1/site-packages | /home/shuhanliu/miniconda3/envs/vllm/lib/python3.1/site-packages | /home/shuhanliu/miniconda3/envs/vllm/lib/python3.1/site-packages | /home/shuhanliu/miniconda3/envs/vllm/lib/python3.1/site-packages | https://files.pythonhosted.org/packages/89/fb/b3c4750238c1c9686de37d3912357c9b94286b64fe594404a39908064f78/opentelemetry_exporter_otlp-1.45.0-py3-none-any.whl#sha256=3de9a5b18648dc124c751f547d8c7a93b177ddae552566981a792d18a063145c,deepseekcoder/BOUND/A/88__repeat_5 | deepseekcoder/DINM/D/88__repeat_2 | deepseekcoder/Full-FT/D/88__repeat_2,,
robocorp_code_assistant.asset_storage,3,unknown,[],,deepseekcoder/BOUND/A/1683__repeat_5 | deepseekcoder/DINM/A/1683__repeat_5 | deepseekcoder/Full-FT/C/1683__repeat_5,,
win32con,3,unknown,[],,deepseekcoder/BOUND/A/2882__repeat_2 | deepseekcoder/ROME/D/2882__repeat_1 | deepseekcoder/Full-FT/A/2882__repeat_1,,
win32dump,3,unknown,[],,deepseekcoder/BOUND/A/2882__repeat_2 | deepseekcoder/ROME/D/2882__repeat_1 | deepseekcoder/Full-FT/A/2882__repeat_1,,
cudf.cudf,3,unknown,[],,deepseekcoder/BOUND/A/64__repeat_2 | deepseekcoder/BOUND/A/64__repeat_3 | deepseekcoder/Full-FT/D/64__repeat_1,,
com.vmware.vcenter.vm,3,unknown,[],,deepseekcoder/BOUND/B/1178__repeat_4 | deepseekcoder/MEMIT/B/1178__repeat_3 | deepseekcoder/DINM/B/1178__repeat_3,,
kiota_serialization.serialization,3,unknown,[],,deepseekcoder/BOUND/B/2010__repeat_5 | deepseekcoder/MEMIT/D/2010__repeat_2 | deepseekcoder/Full-FT/B/2010__repeat_3,,
SQLListener,3,unknown,[],,deepseekcoder/BOUND/B/250__repeat_1 | deepseekcoder/BOUND/D/250__repeat_1 | deepseekcoder/MEMIT/A/250__repeat_1,,
tencentcloudsdkcore.http,3,unknown,[],,deepseekcoder/BOUND/B/4887__repeat_4 | deepseekcoder/DINM/B/4887__repeat_1 | deepseekcoder/DINM/B/4887__repeat_3,,
lms.djangoapps.grades.signals.signals,3,unknown,[],,deepseekcoder/BOUND/B/2496__repeat_1 | deepseekcoder/MEMIT/A/2496__repeat_1 | deepseekcoder/MEMIT/A/2496__repeat_5,,
hello_pb2,3,unknown,[],,deepseekcoder/BOUND/B/55__repeat_1 | deepseekcoder/BOUND/C/55__repeat_2 | deepseekcoder/DINM/D/55__repeat_3,,
hello_pb2_grpc,3,unknown,[],,deepseekcoder/BOUND/B/55__repeat_1 | deepseekcoder/BOUND/C/55__repeat_2 | deepseekcoder/DINM/D/55__repeat_3,,
panos.plugins,3,unknown,[],,deepseekcoder/BOUND/B/2113__repeat_1 | deepseekcoder/Full-FT/A/2113__repeat_4 | deepseekcoder/Full-FT/D/2113__repeat_4,,
pytesseract,3,unknown,[],,deepseekcoder/BOUND/C/1767__repeat_2 | qwen3/Full-FT/C/3157__repeat_5 | qwen3/Full-FT/C/4386__repeat_4,,
AVFoundation,3,unknown,[],,deepseekcoder/BOUND/C/1767__repeat_5 | deepseekcoder/Full-FT/C/1767__repeat_5 | llama3.1/BOUND/C/1816__repeat_1,,
kiota_serialization.text.serialization_writer_factory,3,unknown,[],,deepseekcoder/BOUND/C/2010__repeat_2 | deepseekcoder/MEMIT/C/2010__repeat_4 | deepseekcoder/Full-FT/A/2010__repeat_5,,
robocorp_code_assistant,3,unknown,[],,deepseekcoder/BOUND/C/1683__repeat_5 | deepseekcoder/MEMIT/B/1683__repeat_2 | deepseekcoder/DINM/A/1683__repeat_1,,
xblockutils.resources,3,unknown,[],,deepseekcoder/BOUND/C/2496__repeat_5 | deepseekcoder/MEMIT/D/2496__repeat_3 | deepseekcoder/DINM/C/2496__repeat_3,,
erl_interface.erlang,3,unknown,[],,deepseekcoder/BOUND/C/4881__repeat_2 | deepseekcoder/BOUND/C/4881__repeat_4 | deepseekcoder/Full-FT/D/4881__repeat_3,,
your_protobuf_pb2,3,unknown,[],,deepseekcoder/BOUND/C/55__repeat_5 | deepseekcoder/DINM/C/55__repeat_2 | deepseekcoder/Full-FT/C/55__repeat_2,,
your_protobuf_pb2_grpc,3,unknown,[],,deepseekcoder/BOUND/C/55__repeat_5 | deepseekcoder/DINM/C/55__repeat_2 | deepseekcoder/Full-FT/C/55__repeat_2,,
label_studio,3,unknown,[],,deepseekcoder/BOUND/D/2845__repeat_2 | deepseekcoder/ROME/D/2845__repeat_4 | deepseekcoder/Full-FT/C/2845__repeat_4,,
vmware.vapi.lib.connect,3,unknown,[],,deepseekcoder/BOUND/D/1178__repeat_3 | deepseekcoder/MEMIT/C/1178__repeat_1 | deepseekcoder/Full-FT/C/1178__repeat_4,,
hanspell,3,unknown,[],,deepseekcoder/BOUND/D/1947__repeat_5 | deepseekcoder/Full-FT/C/1947__repeat_2 | deepseekcoder/Full-FT/D/1947__repeat_3,,
pyspark.sql.pandas.functions,3,unknown,[],,deepseekcoder/BOUND/D/1424__repeat_5 | deepseekcoder/MEMIT/C/1424__repeat_1 | deepseekcoder/DINM/A/1424__repeat_4,,
markdown,3,unknown,[],,deepseekcoder/BOUND/D/1085__repeat_3 | qwen3/Full-FT/D/3349__repeat_5 | qwen3/Full-FT/D/955__repeat_2,,
google.cloud.events.v1,3,ambiguous_namespace,"[""google-api-core"", ""google-auth"", ""googleapis-common-protos"", ""protobuf""]",/home/shuhanliu/miniconda3/envs/vllm/lib/python3.1/site-packages | /home/shuhanliu/miniconda3/envs/vllm/lib/python3.1/site-packages | https://files.pythonhosted.org/packages/7a/f0/cba0ac98e98e01849b19f7504eb3aeede741e72dfc31612e46d5f0dd981c/google_auth-2.58.1-py3-none-any.whl#sha256=66a63572d0ab629554768544df04018d79178c0bd7439ba31683ac576b79024d | https://files.pythonhosted.org/packages/ff/78/41b3cd83d472b63c694a01e876d3aaa7c2b2f61f29ec8a9275f47b057349/google_api_core-2.39.0-py3-none-any.whl#sha256=40a5d1c892bc1798f3b75ab10c665b85717979088519c714ca5774ee81d1e3c5,deepseekcoder/BOUND/D/2939__repeat_1 | deepseekcoder/DINM/C/2939__repeat_3 | deepseekcoder/Full-FT/D/2939__repeat_2,,
h5py,3,unknown,[],,deepseekcoder/BOUND/D/3508__repeat_2 | deepseekcoder/MEMIT/C/2347__repeat_3 | deepseekcoder/DINM/A/2347__repeat_3,,
com.vmware.vcenter_client,3,unknown,[],,deepseekcoder/ROME/D/1178__repeat_1 | deepseekcoder/MEMIT/A/1178__repeat_5 | deepseekcoder/Full-FT/C/1178__repeat_1,,
tencentcloudsdk.common.credentials,3,unknown,[],,deepseekcoder/ROME/D/4887__repeat_5 | deepseekcoder/DINM/B/4887__repeat_4 | deepseekcoder/Full-FT/C/4887__repeat_5,,
sigsep,3,unknown,[],,deepseekcoder/ROME/D/2465__repeat_4 | deepseekcoder/Full-FT/D/2465__repeat_3 | deepseekcoder/Full-FT/D/2465__repeat_5,,
qldb.driver.qldb_session,3,unknown,[],,deepseekcoder/MEMIT/A/2773__repeat_2 | deepseekcoder/MEMIT/B/2773__repeat_5 | deepseekcoder/MEMIT/D/2773__repeat_3,,
pykospacing,3,unknown,[],,deepseekcoder/MEMIT/A/1947__repeat_2 | deepseekcoder/DINM/A/1947__repeat_1 | deepseekcoder/Full-FT/C/1947__repeat_2,,
kiota_serialization.text.serialization,3,unknown,[],,deepseekcoder/MEMIT/A/2010__repeat_1 | deepseekcoder/MEMIT/A/2010__repeat_3 | deepseekcoder/DINM/A/2010__repeat_4,,
nis_elements.formats,3,unknown,[],,deepseekcoder/MEMIT/A/3508__repeat_5 | deepseekcoder/MEMIT/C/3508__repeat_2 | deepseekcoder/DINM/C/3508__repeat_4,,
your_file_pb2,3,unknown,[],,deepseekcoder/MEMIT/A/55__repeat_2 | deepseekcoder/MEMIT/B/55__repeat_2 | deepseekcoder/DINM/B/55__repeat_1,,
your_file_pb2_grpc,3,unknown,[],,deepseekcoder/MEMIT/A/55__repeat_2 | deepseekcoder/MEMIT/B/55__repeat_2 | deepseekcoder/DINM/B/55__repeat_1,,
Crypto.Cipher,3,unknown,[],,deepseekcoder/MEMIT/B/4559__repeat_3 | qwen3/BOUND/A/4374__repeat_1 | qwen3/BOUND/C/4374__repeat_3,,
pyh3,3,unknown,[],,deepseekcoder/MEMIT/C/1424__repeat_4 | deepseekcoder/MEMIT/D/1424__repeat_4 | deepseekcoder/DINM/B/1424__repeat_5,,
kiota_serialization.text.text_parsable,3,unknown,[],,deepseekcoder/MEMIT/C/2010__repeat_3 | deepseekcoder/Full-FT/C/2010__repeat_1 | deepseekcoder/Full-FT/D/2010__repeat_2,,
sqlLexer,3,unknown,[],,deepseekcoder/MEMIT/C/250__repeat_3 | deepseekcoder/DINM/C/250__repeat_3 | deepseekcoder/DINM/D/250__repeat_5,,
sqlParser,3,unknown,[],,deepseekcoder/MEMIT/C/250__repeat_3 | deepseekcoder/DINM/C/250__repeat_3 | deepseekcoder/DINM/D/250__repeat_5,,
your_service_pb2,3,unknown,[],,deepseekcoder/MEMIT/C/55__repeat_2 | deepseekcoder/MEMIT/C/55__repeat_4 | deepseekcoder/MEMIT/D/55__repeat_1,,
your_service_pb2_grpc,3,unknown,[],,deepseekcoder/MEMIT/C/55__repeat_2 | deepseekcoder/MEMIT/C/55__repeat_4 | deepseekcoder/MEMIT/D/55__repeat_1,,
your_proto_file_pb2,3,unknown,[],,deepseekcoder/MEMIT/C/55__repeat_3 | deepseekcoder/MEMIT/D/55__repeat_3 | deepseekcoder/DINM/A/55__repeat_1,,
your_proto_file_pb2_grpc,3,unknown,[],,deepseekcoder/MEMIT/C/55__repeat_3 | deepseekcoder/MEMIT/D/55__repeat_3 | deepseekcoder/DINM/A/55__repeat_1,,
CoreGraphics,3,unknown,[],,deepseekcoder/MEMIT/D/399__repeat_1 | llama3.1/BOUND/A/1816__repeat_1 | llama3.1/BOUND/C/1816__repeat_1,,
dpctl,3,unknown,[],,deepseekcoder/DINM/A/2347__repeat_1 | deepseekcoder/DINM/D/2347__repeat_2 | deepseekcoder/Full-FT/A/2347__repeat_5,,
robocorp_asset_storage,3,unknown,[],,deepseekcoder/DINM/A/1683__repeat_4 | deepseekcoder/DINM/C/1683__repeat_5 | deepseekcoder/Full-FT/A/1683__repeat_5,,
ibm_cloud_networking_services,3,unknown,[],,deepseekcoder/DINM/B/782__repeat_5 | deepseekcoder/DINM/C/782__repeat_2 | deepseekcoder/Full-FT/D/782__repeat_5,,
kiota_serialization.text.text_parse_node,3,unknown,[],,deepseekcoder/DINM/B/2010__repeat_4 | deepseekcoder/Full-FT/B/2010__repeat_2 | deepseekcoder/Full-FT/B/2010__repeat_3,,
pgfplots,3,unknown,[],,deepseekcoder/DINM/B/4081__repeat_3 | deepseekcoder/Full-FT/A/4081__repeat_3 | deepseekcoder/Full-FT/A/4081__repeat_5,,
zk_snarks.utils,3,unknown,[],,deepseekcoder/DINM/C/4521__repeat_3 | deepseekcoder/DINM/D/4521__repeat_1 | deepseekcoder/Full-FT/C/4521__repeat_4,,
pyautocorrect,3,unknown,[],,deepseekcoder/DINM/D/1767__repeat_1 | deepseekcoder/DINM/D/1767__repeat_3 | deepseekcoder/DINM/D/1767__repeat_4,,
os_client_config,3,unknown,[],,deepseekcoder/Full-FT/B/4699__repeat_1 | deepseekcoder/Full-FT/B/4699__repeat_2 | deepseekcoder/Full-FT/B/4699__repeat_4,,
com.vmware.vapi.security.user,3,unknown,[],,deepseekcoder/Full-FT/B/1178__repeat_2 | deepseekcoder/Full-FT/B/1178__repeat_3 | deepseekcoder/Full-FT/B/1178__repeat_5,,
ibm_secrets_manager_v1,3,unknown,[],,qwen3/Base/A/1249__repeat_1 | qwen3/MEMIT/C/1249__repeat_4 | qwen3/DINM/D/1249__repeat_2,,
tencentcloud_common,3,unknown,[],,qwen3/Base/A/4834__repeat_2 | qwen3/BOUND/C/4834__repeat_2 | qwen3/ROME/B/4834__repeat_3,,
azure.ai.formrecognizer,3,ambiguous_namespace,"[""azure-core"", ""azure-identity"", ""azure-mgmt-resource"", ""azure-storage-blob""]",https://files.pythonhosted.org/packages/49/9a/417b3a533e01953a7c618884df2cb05a71e7b68bdbce4fbdb62349d2a2e8/azure_identity-1.25.3-py3-none-any.whl#sha256=f4d0b956a8146f30333e071374171f3cfa7bdb8073adb8c3814b65567aa7447c | https://files.pythonhosted.org/packages/5b/db/325c6d7312d2200251c52323878281045aaffcb5586612296484e4280eaa/azure_core-1.41.0-py3-none-any.whl#sha256=522b4011e8180b1a3dcd2024396a4e7fe9ac37fb8597db47163d230b5efe892d | https://files.pythonhosted.org/packages/e6/6e/3e776a0817ebe3558fbd8d3f98b1bd8fa75a46596e5cf9bb4377960c4611/azure_mgmt_resource-26.0.0-py3-none-any.whl#sha256=ef36559a4c0843b4272aa584efb455c686e4c3f6357421b38c82f405c01a9a9f | https://files.pythonhosted.org/packages/ff/20/6530bbc13fea536a1f2c0194034ae3f6880fbc0c1e7c229e3569450f7aef/azure_storage_blob-12.30.3-py3-none-any.whl#sha256=80729a5397e5f0a63dbbdff74da675c5db1eacaf25fd5db0074b7ba6c17e2498,qwen3/Base/A/3256__repeat_5 | qwen3/MEMIT/B/3256__repeat_2 | qwen3/MEMIT/C/3256__repeat_5,,
securesession.exceptions,3,unknown,[],,qwen3/Base/A/1970__repeat_2 | qwen3/Base/A/1970__repeat_3 | qwen3/MEMIT/B/1970__repeat_4,,
pyshacl,3,unknown,[],,qwen3/BOUND/A/3328__repeat_1 | qwen3/BOUND/D/3328__repeat_5 | qwen3/Full-FT/A/3328__repeat_3,,
two_factor.views.forms,3,unknown,[],,qwen3/BOUND/A/4453__repeat_3 | qwen3/BOUND/A/4453__repeat_4 | qwen3/BOUND/D/4453__repeat_1,,
allauth.account,3,unknown,[],,qwen3/BOUND/A/4453__repeat_5 | qwen3/ROME/B/4453__repeat_1 | qwen3/DINM/D/4453__repeat_2,,
merosshttp,3,unknown,[],,qwen3/BOUND/A/4048__repeat_1 | qwen3/BOUND/D/4048__repeat_4 | qwen3/ROME/B/4048__repeat_4,,
doxygen,3,unknown,[],,qwen3/BOUND/A/1302__repeat_1 | qwen3/Full-FT/A/1302__repeat_3 | qwen3/Full-FT/A/1302__repeat_5,,
dremio.auth,3,unknown,[],,qwen3/BOUND/A/4498__repeat_1 | qwen3/BOUND/B/4498__repeat_1 | qwen3/DINM/B/4498__repeat_5,,
flask_ckeditor,3,unknown,[],,qwen3/BOUND/A/4676__repeat_2 | qwen3/DINM/A/4676__repeat_5 | qwen3/DINM/D/4676__repeat_2,,
gym.wrappers,3,unknown,[],,qwen3/BOUND/A/1446__repeat_2 | qwen3/BOUND/D/1446__repeat_1 | qwen3/BOUND/D/1446__repeat_4,,
gym.envs.classic_control.acrobot,3,unknown,[],,qwen3/BOUND/A/1446__repeat_3 | qwen3/BOUND/A/1446__repeat_5 | qwen3/BOUND/B/1446__repeat_2,,
gym.envs.classic_control.cartpole,3,unknown,[],,qwen3/BOUND/A/1446__repeat_3 | qwen3/BOUND/A/1446__repeat_5 | qwen3/BOUND/B/1446__repeat_2,,
gym.envs.classic_control.pendulum,3,unknown,[],,qwen3/BOUND/A/1446__repeat_3 | qwen3/BOUND/A/1446__repeat_5 | qwen3/BOUND/B/1446__repeat_2,,
aliyunsdkcore.http,3,unknown,[],,qwen3/BOUND/A/2298__repeat_2 | qwen3/BOUND/C/2298__repeat_2 | qwen3/BOUND/D/2298__repeat_3,,
Bio,3,unknown,[],,qwen3/BOUND/A/1915__repeat_5 | qwen3/BOUND/D/1915__repeat_1 | qwen3/BOUND/D/1915__repeat_2,,
splitio.util,3,unknown,[],,qwen3/BOUND/A/1668__repeat_5 | qwen3/BOUND/B/1668__repeat_1 | qwen3/BOUND/D/1668__repeat_4,,
argo.workflows.client.model.io_argo_workflows_workflow_status,3,unknown,[],,qwen3/BOUND/A/1497__repeat_4 | qwen3/BOUND/D/1497__repeat_1 | qwen3/MEMIT/C/1497__repeat_5,,
rdkit.Chem.rdMolDescriptors,3,unknown,[],,qwen3/BOUND/B/1603__repeat_5 | qwen3/BOUND/C/1603__repeat_4 | qwen3/DINM/D/1603__repeat_5,,
gym.spaces,3,unknown,[],,qwen3/BOUND/B/1446__repeat_4 | qwen3/BOUND/C/1446__repeat_4 | qwen3/MEMIT/C/1446__repeat_1,,
gym.envs.atari,3,unknown,[],,qwen3/BOUND/B/1446__repeat_5 | qwen3/BOUND/D/1446__repeat_4 | qwen3/MEMIT/A/1446__repeat_4,,
opentelemetry.instrumentation.logging,3,ambiguous_namespace,"[""opentelemetry-api"", ""opentelemetry-exporter-otlp"", ""opentelemetry-exporter-otlp-proto-common"", ""opentelemetry-exporter-otlp-proto-grpc"", ""opentelemetry-exporter-otlp-proto-http"", ""opentelemetry-proto"", ""opentelemetry-sdk"", ""opentelemetry-semantic-conventions"", ""opentelemetry-semantic-conventions-ai""]",/home/shuhanliu/miniconda3/envs/vllm/lib/python3.1/site-packages | /home/shuhanliu/miniconda3/envs/vllm/lib/python3.1/site-packages | /home/shuhanliu/miniconda3/envs/vllm/lib/python3.1/site-packages | /home/shuhanliu/miniconda3/envs/vllm/lib/python3.1/site-packages | /home/shuhanliu/miniconda3/envs/vllm/lib/python3.1/site-packages | /home/shuhanliu/miniconda3/envs/vllm/lib/python3.1/site-packages | /home/shuhanliu/miniconda3/envs/vllm/lib/python3.1/site-packages | /home/shuhanliu/miniconda3/envs/vllm/lib/python3.1/site-packages | https://files.pythonhosted.org/packages/89/fb/b3c4750238c1c9686de37d3912357c9b94286b64fe594404a39908064f78/opentelemetry_exporter_otlp-1.45.0-py3-none-any.whl#sha256=3de9a5b18648dc124c751f547d8c7a93b177ddae552566981a792d18a063145c,qwen3/BOUND/B/1211__repeat_1 | qwen3/BOUND/D/1211__repeat_2 | llama3.1/BOUND/B/755__repeat_2,,
argo.workflows.models,3,unknown,[],,qwen3/BOUND/B/1497__repeat_1 | qwen3/BOUND/C/1497__repeat_2 | qwen3/DINM/C/1497__repeat_5,,
allauth.socialaccount.models,3,unknown,[],,qwen3/BOUND/C/4453__repeat_4 | qwen3/BOUND/D/4453__repeat_5 | qwen3/DINM/D/4453__repeat_1,,
allauth.socialaccount.views,3,unknown,[],,qwen3/BOUND/C/4453__repeat_4 | qwen3/BOUND/D/4453__repeat_2 | qwen3/BOUND/D/4453__repeat_5,,
owncloud.exceptions,3,unknown,[],,qwen3/BOUND/C/2140__repeat_4 | qwen3/BOUND/D/2140__repeat_1 | qwen3/BOUND/D/2140__repeat_4,,
canopy,3,unknown,[],,qwen3/BOUND/C/1267__repeat_2 | qwen3/BOUND/C/1267__repeat_3 | qwen3/DINM/C/1267__repeat_1,,
azure.openai,3,ambiguous_namespace,"[""azure-core"", ""azure-identity"", ""azure-mgmt-resource"", ""azure-storage-blob""]",https://files.pythonhosted.org/packages/49/9a/417b3a533e01953a7c618884df2cb05a71e7b68bdbce4fbdb62349d2a2e8/azure_identity-1.25.3-py3-none-any.whl#sha256=f4d0b956a8146f30333e071374171f3cfa7bdb8073adb8c3814b65567aa7447c | https://files.pythonhosted.org/packages/5b/db/325c6d7312d2200251c52323878281045aaffcb5586612296484e4280eaa/azure_core-1.41.0-py3-none-any.whl#sha256=522b4011e8180b1a3dcd2024396a4e7fe9ac37fb8597db47163d230b5efe892d | https://files.pythonhosted.org/packages/e6/6e/3e776a0817ebe3558fbd8d3f98b1bd8fa75a46596e5cf9bb4377960c4611/azure_mgmt_resource-26.0.0-py3-none-any.whl#sha256=ef36559a4c0843b4272aa584efb455c686e4c3f6357421b38c82f405c01a9a9f | https://files.pythonhosted.org/packages/ff/20/6530bbc13fea536a1f2c0194034ae3f6880fbc0c1e7c229e3569450f7aef/azure_storage_blob-12.30.3-py3-none-any.whl#sha256=80729a5397e5f0a63dbbdff74da675c5db1eacaf25fd5db0074b7ba6c17e2498,qwen3/BOUND/C/3256__repeat_1 | qwen3/BOUND/C/3256__repeat_4 | qwen3/MEMIT/D/3256__repeat_2,,
pystac_client,3,unknown,[],,qwen3/BOUND/D/4180__repeat_2 | qwen3/MEMIT/C/4180__repeat_5 | qwen3/MEMIT/D/4180__repeat_2,,
azure.cli.core.util,3,ambiguous_namespace,"[""azure-core"", ""azure-identity"", ""azure-mgmt-resource"", ""azure-storage-blob""]",https://files.pythonhosted.org/packages/49/9a/417b3a533e01953a7c618884df2cb05a71e7b68bdbce4fbdb62349d2a2e8/azure_identity-1.25.3-py3-none-any.whl#sha256=f4d0b956a8146f30333e071374171f3cfa7bdb8073adb8c3814b65567aa7447c | https://files.pythonhosted.org/packages/5b/db/325c6d7312d2200251c52323878281045aaffcb5586612296484e4280eaa/azure_core-1.41.0-py3-none-any.whl#sha256=522b4011e8180b1a3dcd2024396a4e7fe9ac37fb8597db47163d230b5efe892d | https://files.pythonhosted.org/packages/e6/6e/3e776a0817ebe3558fbd8d3f98b1bd8fa75a46596e5cf9bb4377960c4611/azure_mgmt_resource-26.0.0-py3-none-any.whl#sha256=ef36559a4c0843b4272aa584efb455c686e4c3f6357421b38c82f405c01a9a9f | https://files.pythonhosted.org/packages/ff/20/6530bbc13fea536a1f2c0194034ae3f6880fbc0c1e7c229e3569450f7aef/azure_storage_blob-12.30.3-py3-none-any.whl#sha256=80729a5397e5f0a63dbbdff74da675c5db1eacaf25fd5db0074b7ba6c17e2498,qwen3/BOUND/D/1083__repeat_3 | llama3.1/BOUND/A/1083__repeat_2 | llama3.1/MEMIT/A/1083__repeat_4,,
pytorchvideo.transforms,3,unknown,[],,qwen3/ROME/B/4386__repeat_4 | qwen3/DINM/C/4386__repeat_2 | qwen3/Full-FT/A/4386__repeat_4,,
azure.ai.metricsadvisor.models,3,ambiguous_namespace,"[""azure-core"", ""azure-identity"", ""azure-mgmt-resource"", ""azure-storage-blob""]",https://files.pythonhosted.org/packages/49/9a/417b3a533e01953a7c618884df2cb05a71e7b68bdbce4fbdb62349d2a2e8/azure_identity-1.25.3-py3-none-any.whl#sha256=f4d0b956a8146f30333e071374171f3cfa7bdb8073adb8c3814b65567aa7447c | https://files.pythonhosted.org/packages/5b/db/325c6d7312d2200251c52323878281045aaffcb5586612296484e4280eaa/azure_core-1.41.0-py3-none-any.whl#sha256=522b4011e8180b1a3dcd2024396a4e7fe9ac37fb8597db47163d230b5efe892d | https://files.pythonhosted.org/packages/e6/6e/3e776a0817ebe3558fbd8d3f98b1bd8fa75a46596e5cf9bb4377960c4611/azure_mgmt_resource-26.0.0-py3-none-any.whl#sha256=ef36559a4c0843b4272aa584efb455c686e4c3f6357421b38c82f405c01a9a9f | https://files.pythonhosted.org/packages/ff/20/6530bbc13fea536a1f2c0194034ae3f6880fbc0c1e7c229e3569450f7aef/azure_storage_blob-12.30.3-py3-none-any.whl#sha256=80729a5397e5f0a63dbbdff74da675c5db1eacaf25fd5db0074b7ba6c17e2498,qwen3/ROME/B/3256__repeat_2 | qwen3/DINM/A/3256__repeat_1 | qwen3/DINM/D/3256__repeat_4,,
azure.opendatasets,3,ambiguous_namespace,"[""azure-core"", ""azure-identity"", ""azure-mgmt-resource"", ""azure-storage-blob""]",https://files.pythonhosted.org/packages/49/9a/417b3a533e01953a7c618884df2cb05a71e7b68bdbce4fbdb62349d2a2e8/azure_identity-1.25.3-py3-none-any.whl#sha256=f4d0b956a8146f30333e071374171f3cfa7bdb8073adb8c3814b65567aa7447c | https://files.pythonhosted.org/packages/5b/db/325c6d7312d2200251c52323878281045aaffcb5586612296484e4280eaa/azure_core-1.41.0-py3-none-any.whl#sha256=522b4011e8180b1a3dcd2024396a4e7fe9ac37fb8597db47163d230b5efe892d | https://files.pythonhosted.org/packages/e6/6e/3e776a0817ebe3558fbd8d3f98b1bd8fa75a46596e5cf9bb4377960c4611/azure_mgmt_resource-26.0.0-py3-none-any.whl#sha256=ef36559a4c0843b4272aa584efb455c686e4c3f6357421b38c82f405c01a9a9f | https://files.pythonhosted.org/packages/ff/20/6530bbc13fea536a1f2c0194034ae3f6880fbc0c1e7c229e3569450f7aef/azure_storage_blob-12.30.3-py3-none-any.whl#sha256=80729a5397e5f0a63dbbdff74da675c5db1eacaf25fd5db0074b7ba6c17e2498,qwen3/ROME/B/3256__repeat_4 | qwen3/DINM/A/3256__repeat_4 | qwen3/DINM/D/3256__repeat_2,,
azure.open_dataset,3,ambiguous_namespace,"[""azure-core"", ""azure-identity"", ""azure-mgmt-resource"", ""azure-storage-blob""]",https://files.pythonhosted.org/packages/49/9a/417b3a533e01953a7c618884df2cb05a71e7b68bdbce4fbdb62349d2a2e8/azure_identity-1.25.3-py3-none-any.whl#sha256=f4d0b956a8146f30333e071374171f3cfa7bdb8073adb8c3814b65567aa7447c | https://files.pythonhosted.org/packages/5b/db/325c6d7312d2200251c52323878281045aaffcb5586612296484e4280eaa/azure_core-1.41.0-py3-none-any.whl#sha256=522b4011e8180b1a3dcd2024396a4e7fe9ac37fb8597db47163d230b5efe892d | https://files.pythonhosted.org/packages/e6/6e/3e776a0817ebe3558fbd8d3f98b1bd8fa75a46596e5cf9bb4377960c4611/azure_mgmt_resource-26.0.0-py3-none-any.whl#sha256=ef36559a4c0843b4272aa584efb455c686e4c3f6357421b38c82f405c01a9a9f | https://files.pythonhosted.org/packages/ff/20/6530bbc13fea536a1f2c0194034ae3f6880fbc0c1e7c229e3569450f7aef/azure_storage_blob-12.30.3-py3-none-any.whl#sha256=80729a5397e5f0a63dbbdff74da675c5db1eacaf25fd5db0074b7ba6c17e2498,qwen3/MEMIT/A/3256__repeat_2 | qwen3/MEMIT/B/3256__repeat_3 | qwen3/MEMIT/C/3256__repeat_4,,
depthanything,3,unknown,[],,qwen3/MEMIT/B/4386__repeat_1 | qwen3/DINM/A/4386__repeat_1 | qwen3/DINM/A/4386__repeat_2,,
msgraph.core,3,unknown,[],,qwen3/MEMIT/B/2798__repeat_4 | qwen3/DINM/B/2798__repeat_2 | llama3.1/BOUND/B/372__repeat_1,,
mypy_boto3_alexa_for_business,3,unknown,[],,qwen3/MEMIT/D/3844__repeat_2 | qwen3/DINM/A/3844__repeat_3 | qwen3/DINM/D/3844__repeat_2,,
aws_caws_caws,3,unknown,[],,qwen3/DINM/B/3509__repeat_5 | qwen3/DINM/B/2762__repeat_1 | qwen3/DINM/B/4387__repeat_3,,
aleph_alpha_api,3,unknown,[],,qwen3/DINM/B/3427__repeat_2 | qwen3/DINM/D/3427__repeat_3 | qwen3/Full-FT/D/3427__repeat_5,,
gitpython,3,unknown,[],,qwen3/Full-FT/A/955__repeat_3 | qwen3/Full-FT/D/60__repeat_2 | qwen3/Full-FT/D/60__repeat_3,,
None,3,unknown,[],,qwen3/Full-FT/D/2215__repeat_3 | qwen3/Full-FT/D/2215__repeat_4 | qwen3/Full-FT/D/2215__repeat_5,,
jupyterlab,3,unknown,[],,qwen3/Full-FT/D/2428__repeat_1 | qwen3/Full-FT/D/2428__repeat_3 | qwen3/Full-FT/D/2428__repeat_4,,
opentelemetry.instrumentation.confluent_kafka,3,ambiguous_namespace,"[""opentelemetry-api"", ""opentelemetry-exporter-otlp"", ""opentelemetry-exporter-otlp-proto-common"", ""opentelemetry-exporter-otlp-proto-grpc"", ""opentelemetry-exporter-otlp-proto-http"", ""opentelemetry-proto"", ""opentelemetry-sdk"", ""opentelemetry-semantic-conventions"", ""opentelemetry-semantic-conventions-ai""]",/home/shuhanliu/miniconda3/envs/vllm/lib/python3.1/site-packages | /home/shuhanliu/miniconda3/envs/vllm/lib/python3.1/site-packages | /home/shuhanliu/miniconda3/envs/vllm/lib/python3.1/site-packages | /home/shuhanliu/miniconda3/envs/vllm/lib/python3.1/site-packages | /home/shuhanliu/miniconda3/envs/vllm/lib/python3.1/site-packages | /home/shuhanliu/miniconda3/envs/vllm/lib/python3.1/site-packages | /home/shuhanliu/miniconda3/envs/vllm/lib/python3.1/site-packages | /home/shuhanliu/miniconda3/envs/vllm/lib/python3.1/site-packages | https://files.pythonhosted.org/packages/89/fb/b3c4750238c1c9686de37d3912357c9b94286b64fe594404a39908064f78/opentelemetry_exporter_otlp-1.45.0-py3-none-any.whl#sha256=3de9a5b18648dc124c751f547d8c7a93b177ddae552566981a792d18a063145c,llama3.1/Base/A/755__repeat_4 | llama3.1/BOUND/B/755__repeat_2 | llama3.1/BOUND/B/755__repeat_4,,
kafka.exceptions,3,ambiguous_namespace,"[""kafka"", ""kafka-python""]",https://files.pythonhosted.org/packages/21/71/73286e748ac5045b6a669c2fe44b03ac4c5d3d2af9291c4c6fc76438a9a9/kafka-1.3.5-py2.py3-none-any.whl#sha256=35a49e9a432f6792aad48b2ab09d03867357aaa06eacba2678b7fd0808156e5c | https://files.pythonhosted.org/packages/d7/9a/191343fd96564cbbed51bd33a53c08144e1ce285e2f10fb1578899e86c28/kafka_python-3.0.11-py3-none-any.whl#sha256=9d10cab4e11e02545d82c7e5af5702da5aa46dd4eccd11ad92a50bf6dbbecd14,llama3.1/Base/A/2609__repeat_1 | llama3.1/BOUND/A/2609__repeat_2 | llama3.1/MEMIT/D/2609__repeat_4,,
steam.api.python,3,unknown,[],,llama3.1/Base/A/2466__repeat_3 | llama3.1/MEMIT/A/2466__repeat_1 | llama3.1/MEMIT/D/2466__repeat_5,,
servicenow.api,3,unknown,[],,llama3.1/Base/A/1889__repeat_4 | llama3.1/BOUND/C/1889__repeat_3 | llama3.1/BOUND/C/1889__repeat_4,,
cdktf_cdktf_provider_archive,3,unknown,[],,llama3.1/Base/A/3940__repeat_2 | llama3.1/MEMIT/A/3940__repeat_5 | llama3.1/MEMIT/D/3940__repeat_4,,
librefm,3,unknown,[],,llama3.1/Base/A/3298__repeat_3 | llama3.1/MEMIT/B/3298__repeat_3 | llama3.1/MEMIT/D/3298__repeat_2,,
last.fm,3,unknown,[],,llama3.1/Base/A/3298__repeat_4 | llama3.1/BOUND/B/3298__repeat_2 | llama3.1/BOUND/B/3298__repeat_3,,
pytorch_speech_features,3,unknown,[],,llama3.1/Base/A/824__repeat_3 | llama3.1/BOUND/B/824__repeat_5 | llama3.1/BOUND/C/824__repeat_2,,
kiota_authentication.providers,3,unknown,[],,llama3.1/Base/A/2074__repeat_4 | llama3.1/BOUND/B/2074__repeat_3 | llama3.1/MEMIT/D/2074__repeat_2,,
kiota_authentication_client,3,unknown,[],,llama3.1/Base/A/2074__repeat_5 | llama3.1/BOUND/D/2074__repeat_4 | llama3.1/MEMIT/D/2074__repeat_5,,
opencti.api,3,unknown,[],,llama3.1/Base/A/3219__repeat_4 | llama3.1/MEMIT/A/3219__repeat_3 | llama3.1/MEMIT/C/3219__repeat_5,,
opentelemetry.sdk.trace.export.json_exporter,3,ambiguous_namespace,"[""opentelemetry-api"", ""opentelemetry-exporter-otlp"", ""opentelemetry-exporter-otlp-proto-common"", ""opentelemetry-exporter-otlp-proto-grpc"", ""opentelemetry-exporter-otlp-proto-http"", ""opentelemetry-proto"", ""opentelemetry-sdk"", ""opentelemetry-semantic-conventions"", ""opentelemetry-semantic-conventions-ai""]",/home/shuhanliu/miniconda3/envs/vllm/lib/python3.1/site-packages | /home/shuhanliu/miniconda3/envs/vllm/lib/python3.1/site-packages | /home/shuhanliu/miniconda3/envs/vllm/lib/python3.1/site-packages | /home/shuhanliu/miniconda3/envs/vllm/lib/python3.1/site-packages | /home/shuhanliu/miniconda3/envs/vllm/lib/python3.1/site-packages | /home/shuhanliu/miniconda3/envs/vllm/lib/python3.1/site-packages | /home/shuhanliu/miniconda3/envs/vllm/lib/python3.1/site-packages | /home/shuhanliu/miniconda3/envs/vllm/lib/python3.1/site-packages | https://files.pythonhosted.org/packages/89/fb/b3c4750238c1c9686de37d3912357c9b94286b64fe594404a39908064f78/opentelemetry_exporter_otlp-1.45.0-py3-none-any.whl#sha256=3de9a5b18648dc124c751f547d8c7a93b177ddae552566981a792d18a063145c,llama3.1/Base/A/2770__repeat_2 | llama3.1/BOUND/A/2770__repeat_4 | llama3.1/MEMIT/A/2770__repeat_2,,
opentelemetry.sdk.trace.export.influxdb_exporter,3,ambiguous_namespace,"[""opentelemetry-api"", ""opentelemetry-exporter-otlp"", ""opentelemetry-exporter-otlp-proto-common"", ""opentelemetry-exporter-otlp-proto-grpc"", ""opentelemetry-exporter-otlp-proto-http"", ""opentelemetry-proto"", ""opentelemetry-sdk"", ""opentelemetry-semantic-conventions"", ""opentelemetry-semantic-conventions-ai""]",/home/shuhanliu/miniconda3/envs/vllm/lib/python3.1/site-packages | /home/shuhanliu/miniconda3/envs/vllm/lib/python3.1/site-packages | /home/shuhanliu/miniconda3/envs/vllm/lib/python3.1/site-packages | /home/shuhanliu/miniconda3/envs/vllm/lib/python3.1/site-packages | /home/shuhanliu/miniconda3/envs/vllm/lib/python3.1/site-packages | /home/shuhanliu/miniconda3/envs/vllm/lib/python3.1/site-packages | /home/shuhanliu/miniconda3/envs/vllm/lib/python3.1/site-packages | /home/shuhanliu/miniconda3/envs/vllm/lib/python3.1/site-packages | https://files.pythonhosted.org/packages/89/fb/b3c4750238c1c9686de37d3912357c9b94286b64fe594404a39908064f78/opentelemetry_exporter_otlp-1.45.0-py3-none-any.whl#sha256=3de9a5b18648dc124c751f547d8c7a93b177ddae552566981a792d18a063145c,llama3.1/Base/A/1587__repeat_1 | llama3.1/BOUND/A/755__repeat_5 | llama3.1/MEMIT/D/1587__repeat_5,,
opentelemetry.sdk.trace.export.json,3,ambiguous_namespace,"[""opentelemetry-api"", ""opentelemetry-exporter-otlp"", ""opentelemetry-exporter-otlp-proto-common"", ""opentelemetry-exporter-otlp-proto-grpc"", ""opentelemetry-exporter-otlp-proto-http"", ""opentelemetry-proto"", ""opentelemetry-sdk"", ""opentelemetry-semantic-conventions"", ""opentelemetry-semantic-conventions-ai""]",/home/shuhanliu/miniconda3/envs/vllm/lib/python3.1/site-packages | /home/shuhanliu/miniconda3/envs/vllm/lib/python3.1/site-packages | /home/shuhanliu/miniconda3/envs/vllm/lib/python3.1/site-packages | /home/shuhanliu/miniconda3/envs/vllm/lib/python3.1/site-packages | /home/shuhanliu/miniconda3/envs/vllm/lib/python3.1/site-packages | /home/shuhanliu/miniconda3/envs/vllm/lib/python3.1/site-packages | /home/shuhanliu/miniconda3/envs/vllm/lib/python3.1/site-packages | /home/shuhanliu/miniconda3/envs/vllm/lib/python3.1/site-packages | https://files.pythonhosted.org/packages/89/fb/b3c4750238c1c9686de37d3912357c9b94286b64fe594404a39908064f78/opentelemetry_exporter_otlp-1.45.0-py3-none-any.whl#sha256=3de9a5b18648dc124c751f547d8c7a93b177ddae552566981a792d18a063145c,llama3.1/Base/A/1587__repeat_2 | llama3.1/BOUND/A/755__repeat_4 | llama3.1/MEMIT/B/2770__repeat_4,,
opentelemetry.sdk.trace.export.otlp,3,ambiguous_namespace,"[""opentelemetry-api"", ""opentelemetry-exporter-otlp"", ""opentelemetry-exporter-otlp-proto-common"", ""opentelemetry-exporter-otlp-proto-grpc"", ""opentelemetry-exporter-otlp-proto-http"", ""opentelemetry-proto"", ""opentelemetry-sdk"", ""opentelemetry-semantic-conventions"", ""opentelemetry-semantic-conventions-ai""]",/home/shuhanliu/miniconda3/envs/vllm/lib/python3.1/site-packages | /home/shuhanliu/miniconda3/envs/vllm/lib/python3.1/site-packages | /home/shuhanliu/miniconda3/envs/vllm/lib/python3.1/site-packages | /home/shuhanliu/miniconda3/envs/vllm/lib/python3.1/site-packages | /home/shuhanliu/miniconda3/envs/vllm/lib/python3.1/site-packages | /home/shuhanliu/miniconda3/envs/vllm/lib/python3.1/site-packages | /home/shuhanliu/miniconda3/envs/vllm/lib/python3.1/site-packages | /home/shuhanliu/miniconda3/envs/vllm/lib/python3.1/site-packages | https://files.pythonhosted.org/packages/89/fb/b3c4750238c1c9686de37d3912357c9b94286b64fe594404a39908064f78/opentelemetry_exporter_otlp-1.45.0-py3-none-any.whl#sha256=3de9a5b18648dc124c751f547d8c7a93b177ddae552566981a792d18a063145c,llama3.1/Base/A/1587__repeat_5 | llama3.1/MEMIT/B/2770__repeat_4 | llama3.1/MEMIT/C/2770__repeat_3,,
plone.browserlayer,3,unknown,[],,llama3.1/Base/A/2736__repeat_2 | llama3.1/BOUND/A/2736__repeat_1 | llama3.1/MEMIT/B/2736__repeat_4,,
nested_admin,3,unknown,[],,llama3.1/BOUND/A/926__repeat_3 | llama3.1/MEMIT/B/926__repeat_3 | llama3.1/MEMIT/C/926__repeat_1,,
bencode,3,unknown,[],,llama3.1/BOUND/A/3506__repeat_2 | llama3.1/BOUND/A/3506__repeat_3 | llama3.1/BOUND/A/3506__repeat_5,,
qiskit.providers.aer,3,unknown,[],,llama3.1/BOUND/A/956__repeat_2 | llama3.1/BOUND/A/956__repeat_3 | llama3.1/BOUND/A/956__repeat_5,,
qiskit.result,3,unknown,[],,llama3.1/BOUND/A/956__repeat_2 | llama3.1/BOUND/A/956__repeat_5 | llama3.1/BOUND/B/956__repeat_4,,
mayflower,3,unknown,[],,llama3.1/BOUND/A/2915__repeat_1 | llama3.1/BOUND/C/2915__repeat_3 | llama3.1/BOUND/D/2915__repeat_3,,
kiota_abstractions.credentials,3,unknown,[],,llama3.1/BOUND/A/2074__repeat_1 | llama3.1/MEMIT/C/2074__repeat_1 | llama3.1/MEMIT/C/2074__repeat_4,,
kiota_auth_azure,3,unknown,[],,llama3.1/BOUND/A/2074__repeat_4 | llama3.1/BOUND/B/2074__repeat_2 | llama3.1/MEMIT/B/2074__repeat_1,,
purecloud.exceptions,3,unknown,[],,llama3.1/BOUND/A/911__repeat_1 | llama3.1/BOUND/C/911__repeat_1 | llama3.1/MEMIT/A/911__repeat_1,,
folium,3,unknown,[],,llama3.1/BOUND/A/3397__repeat_3 | llama3.1/BOUND/C/3397__repeat_5 | llama3.1/MEMIT/A/3397__repeat_5,,
geopy.geocoders,3,unknown,[],,llama3.1/BOUND/A/3397__repeat_3 | llama3.1/MEMIT/A/3397__repeat_1 | llama3.1/MEMIT/A/3397__repeat_3,,
cdktf_google,3,unknown,[],,llama3.1/BOUND/A/3985__repeat_2 | llama3.1/BOUND/C/3985__repeat_3 | llama3.1/MEMIT/A/3985__repeat_3,,
azure.functions,3,ambiguous_namespace,"[""azure-core"", ""azure-identity"", ""azure-mgmt-resource"", ""azure-storage-blob""]",https://files.pythonhosted.org/packages/49/9a/417b3a533e01953a7c618884df2cb05a71e7b68bdbce4fbdb62349d2a2e8/azure_identity-1.25.3-py3-none-any.whl#sha256=f4d0b956a8146f30333e071374171f3cfa7bdb8073adb8c3814b65567aa7447c | https://files.pythonhosted.org/packages/5b/db/325c6d7312d2200251c52323878281045aaffcb5586612296484e4280eaa/azure_core-1.41.0-py3-none-any.whl#sha256=522b4011e8180b1a3dcd2024396a4e7fe9ac37fb8597db47163d230b5efe892d | https://files.pythonhosted.org/packages/e6/6e/3e776a0817ebe3558fbd8d3f98b1bd8fa75a46596e5cf9bb4377960c4611/azure_mgmt_resource-26.0.0-py3-none-any.whl#sha256=ef36559a4c0843b4272aa584efb455c686e4c3f6357421b38c82f405c01a9a9f | https://files.pythonhosted.org/packages/ff/20/6530bbc13fea536a1f2c0194034ae3f6880fbc0c1e7c229e3569450f7aef/azure_storage_blob-12.30.3-py3-none-any.whl#sha256=80729a5397e5f0a63dbbdff74da675c5db1eacaf25fd5db0074b7ba6c17e2498,llama3.1/BOUND/A/2770__repeat_2 | llama3.1/BOUND/C/2770__repeat_5 | llama3.1/MEMIT/D/2770__repeat_5,,
azure.monitor.opentelemetry,3,ambiguous_namespace,"[""azure-core"", ""azure-identity"", ""azure-mgmt-resource"", ""azure-storage-blob""]",https://files.pythonhosted.org/packages/49/9a/417b3a533e01953a7c618884df2cb05a71e7b68bdbce4fbdb62349d2a2e8/azure_identity-1.25.3-py3-none-any.whl#sha256=f4d0b956a8146f30333e071374171f3cfa7bdb8073adb8c3814b65567aa7447c | https://files.pythonhosted.org/packages/5b/db/325c6d7312d2200251c52323878281045aaffcb5586612296484e4280eaa/azure_core-1.41.0-py3-none-any.whl#sha256=522b4011e8180b1a3dcd2024396a4e7fe9ac37fb8597db47163d230b5efe892d | https://files.pythonhosted.org/packages/e6/6e/3e776a0817ebe3558fbd8d3f98b1bd8fa75a46596e5cf9bb4377960c4611/azure_mgmt_resource-26.0.0-py3-none-any.whl#sha256=ef36559a4c0843b4272aa584efb455c686e4c3f6357421b38c82f405c01a9a9f | https://files.pythonhosted.org/packages/ff/20/6530bbc13fea536a1f2c0194034ae3f6880fbc0c1e7c229e3569450f7aef/azure_storage_blob-12.30.3-py3-none-any.whl#sha256=80729a5397e5f0a63dbbdff74da675c5db1eacaf25fd5db0074b7ba6c17e2498,llama3.1/BOUND/A/1587__repeat_5 | llama3.1/BOUND/B/1587__repeat_1 | llama3.1/MEMIT/B/1587__repeat_2,,
dialogflow,3,unknown,[],,llama3.1/BOUND/A/1427__repeat_4 | llama3.1/BOUND/B/1427__repeat_2 | llama3.1/MEMIT/A/1427__repeat_4,,
plone.app.layout.viewlets.interfaces,3,unknown,[],,llama3.1/BOUND/A/2736__repeat_1 | llama3.1/BOUND/B/2736__repeat_4 | llama3.1/MEMIT/A/2736__repeat_5,,
CoreServices,3,unknown,[],,llama3.1/BOUND/A/1816__repeat_3 | llama3.1/BOUND/C/1816__repeat_1 | llama3.1/MEMIT/C/1816__repeat_2,,
opentelemetry.instrumentation,3,ambiguous_namespace,"[""opentelemetry-api"", ""opentelemetry-exporter-otlp"", ""opentelemetry-exporter-otlp-proto-common"", ""opentelemetry-exporter-otlp-proto-grpc"", ""opentelemetry-exporter-otlp-proto-http"", ""opentelemetry-proto"", ""opentelemetry-sdk"", ""opentelemetry-semantic-conventions"", ""opentelemetry-semantic-conventions-ai""]",/home/shuhanliu/miniconda3/envs/vllm/lib/python3.1/site-packages | /home/shuhanliu/miniconda3/envs/vllm/lib/python3.1/site-packages | /home/shuhanliu/miniconda3/envs/vllm/lib/python3.1/site-packages | /home/shuhanliu/miniconda3/envs/vllm/lib/python3.1/site-packages | /home/shuhanliu/miniconda3/envs/vllm/lib/python3.1/site-packages | /home/shuhanliu/miniconda3/envs/vllm/lib/python3.1/site-packages | /home/shuhanliu/miniconda3/envs/vllm/lib/python3.1/site-packages | /home/shuhanliu/miniconda3/envs/vllm/lib/python3.1/site-packages | https://files.pythonhosted.org/packages/89/fb/b3c4750238c1c9686de37d3912357c9b94286b64fe594404a39908064f78/opentelemetry_exporter_otlp-1.45.0-py3-none-any.whl#sha256=3de9a5b18648dc124c751f547d8c7a93b177ddae552566981a792d18a063145c,llama3.1/BOUND/B/755__repeat_3 | llama3.1/BOUND/C/1587__repeat_3 | llama3.1/MEMIT/A/364__repeat_2,,
steam.client,3,unknown,[],,llama3.1/BOUND/B/2466__repeat_1 | llama3.1/BOUND/B/2466__repeat_5 | llama3.1/BOUND/C/2466__repeat_3,,
steam.web,3,unknown,[],,llama3.1/BOUND/B/2466__repeat_1 | llama3.1/BOUND/C/2466__repeat_1 | llama3.1/BOUND/C/2466__repeat_3,,
steam.webclient,3,unknown,[],,llama3.1/BOUND/B/2466__repeat_1 | llama3.1/BOUND/C/2466__repeat_1 | llama3.1/BOUND/C/2466__repeat_5,,
StringIO,3,unknown,[],,llama3.1/BOUND/B/4647__repeat_5 | llama3.1/BOUND/C/4647__repeat_5 | llama3.1/MEMIT/D/4647__repeat_4,,
libre.fm,3,unknown,[],,llama3.1/BOUND/B/3298__repeat_2 | llama3.1/MEMIT/B/3298__repeat_2 | llama3.1/MEMIT/D/3298__repeat_1,,
socketio,3,unknown,[],,llama3.1/BOUND/B/2709__repeat_2 | llama3.1/BOUND/D/2709__repeat_3 | llama3.1/MEMIT/A/2709__repeat_4,,
torchtext,3,unknown,[],,llama3.1/BOUND/B/824__repeat_4 | llama3.1/BOUND/C/824__repeat_3 | llama3.1/BOUND/C/824__repeat_4,,
py7zr,3,unknown,[],,llama3.1/BOUND/B/3028__repeat_4 | llama3.1/BOUND/D/3028__repeat_4 | llama3.1/MEMIT/D/3028__repeat_4,,
azure.mgmt.graphrbac,3,ambiguous_namespace,"[""azure-core"", ""azure-identity"", ""azure-mgmt-resource"", ""azure-storage-blob""]",https://files.pythonhosted.org/packages/49/9a/417b3a533e01953a7c618884df2cb05a71e7b68bdbce4fbdb62349d2a2e8/azure_identity-1.25.3-py3-none-any.whl#sha256=f4d0b956a8146f30333e071374171f3cfa7bdb8073adb8c3814b65567aa7447c | https://files.pythonhosted.org/packages/5b/db/325c6d7312d2200251c52323878281045aaffcb5586612296484e4280eaa/azure_core-1.41.0-py3-none-any.whl#sha256=522b4011e8180b1a3dcd2024396a4e7fe9ac37fb8597db47163d230b5efe892d | https://files.pythonhosted.org/packages/e6/6e/3e776a0817ebe3558fbd8d3f98b1bd8fa75a46596e5cf9bb4377960c4611/azure_mgmt_resource-26.0.0-py3-none-any.whl#sha256=ef36559a4c0843b4272aa584efb455c686e4c3f6357421b38c82f405c01a9a9f | https://files.pythonhosted.org/packages/ff/20/6530bbc13fea536a1f2c0194034ae3f6880fbc0c1e7c229e3569450f7aef/azure_storage_blob-12.30.3-py3-none-any.whl#sha256=80729a5397e5f0a63dbbdff74da675c5db1eacaf25fd5db0074b7ba6c17e2498,llama3.1/BOUND/B/2770__repeat_2 | llama3.1/BOUND/B/2770__repeat_3 | llama3.1/MEMIT/D/372__repeat_2,,
mido,3,unknown,[],,llama3.1/BOUND/B/1524__repeat_4 | llama3.1/BOUND/C/1524__repeat_4 | llama3.1/BOUND/D/1524__repeat_2,,
openlineage.airflow.hooks,3,unknown,[],,llama3.1/BOUND/B/2369__repeat_1 | llama3.1/MEMIT/C/2369__repeat_2 | llama3.1/MEMIT/D/2369__repeat_3,,
openlineage.client.run,3,unknown,[],,llama3.1/BOUND/B/2369__repeat_2 | llama3.1/MEMIT/B/2369__repeat_4 | llama3.1/MEMIT/D/2369__repeat_2,,
luco.config,3,unknown,[],,llama3.1/BOUND/B/136__repeat_3 | llama3.1/BOUND/D/136__repeat_1 | llama3.1/MEMIT/A/136__repeat_1,,
steam.utils,3,unknown,[],,llama3.1/BOUND/C/2466__repeat_3 | llama3.1/BOUND/C/2466__repeat_5 | llama3.1/BOUND/D/2466__repeat_5,,
rigetti_qcs,3,unknown,[],,llama3.1/BOUND/C/956__repeat_1 | llama3.1/BOUND/C/956__repeat_4 | llama3.1/MEMIT/D/956__repeat_1,,
kiota.credentials,3,unknown,[],,llama3.1/BOUND/C/2074__repeat_2 | llama3.1/MEMIT/B/2074__repeat_4 | llama3.1/MEMIT/C/2074__repeat_3,,
purecloud.client,3,unknown,[],,llama3.1/BOUND/C/911__repeat_4 | llama3.1/BOUND/D/911__repeat_3 | llama3.1/MEMIT/B/911__repeat_1,,
pyCyBox,3,unknown,[],,llama3.1/BOUND/C/4280__repeat_4 | llama3.1/MEMIT/A/4280__repeat_3 | llama3.1/MEMIT/C/4280__repeat_4,,
openlineage.model,3,unknown,[],,llama3.1/BOUND/C/2369__repeat_5 | llama3.1/BOUND/D/2369__repeat_3 | llama3.1/MEMIT/D/2369__repeat_4,,
kafka.handlers,3,ambiguous_namespace,"[""kafka"", ""kafka-python""]",https://files.pythonhosted.org/packages/21/71/73286e748ac5045b6a669c2fe44b03ac4c5d3d2af9291c4c6fc76438a9a9/kafka-1.3.5-py2.py3-none-any.whl#sha256=35a49e9a432f6792aad48b2ab09d03867357aaa06eacba2678b7fd0808156e5c | https://files.pythonhosted.org/packages/d7/9a/191343fd96564cbbed51bd33a53c08144e1ce285e2f10fb1578899e86c28/kafka_python-3.0.11-py3-none-any.whl#sha256=9d10cab4e11e02545d82c7e5af5702da5aa46dd4eccd11ad92a50bf6dbbecd14,llama3.1/BOUND/D/2609__repeat_2 | llama3.1/BOUND/D/2609__repeat_4 | llama3.1/BOUND/D/2609__repeat_5,,
pyhive,3,unknown,[],,llama3.1/BOUND/D/582__repeat_4 | llama3.1/MEMIT/A/582__repeat_2 | llama3.1/MEMIT/A/582__repeat_3,,
pyjalali,3,unknown,[],,llama3.1/BOUND/D/4161__repeat_4 | llama3.1/BOUND/D/4161__repeat_5 | llama3.1/MEMIT/D/4161__repeat_4,,
servicenow.rest,3,unknown,[],,llama3.1/MEMIT/A/1889__repeat_3 | llama3.1/MEMIT/C/1889__repeat_2 | llama3.1/MEMIT/D/1889__repeat_2,,
wtforms,3,unknown,[],,llama3.1/MEMIT/A/4425__repeat_4 | llama3.1/MEMIT/C/4425__repeat_3 | llama3.1/MEMIT/D/4425__repeat_2,,
wtforms.validators,3,unknown,[],,llama3.1/MEMIT/A/4425__repeat_4 | llama3.1/MEMIT/C/4425__repeat_3 | llama3.1/MEMIT/D/4425__repeat_2,,
opentelemetry.sdk.trace.export.simple_exporter,3,ambiguous_namespace,"[""opentelemetry-api"", ""opentelemetry-exporter-otlp"", ""opentelemetry-exporter-otlp-proto-common"", ""opentelemetry-exporter-otlp-proto-grpc"", ""opentelemetry-exporter-otlp-proto-http"", ""opentelemetry-proto"", ""opentelemetry-sdk"", ""opentelemetry-semantic-conventions"", ""opentelemetry-semantic-conventions-ai""]",/home/shuhanliu/miniconda3/envs/vllm/lib/python3.1/site-packages | /home/shuhanliu/miniconda3/envs/vllm/lib/python3.1/site-packages | /home/shuhanliu/miniconda3/envs/vllm/lib/python3.1/site-packages | /home/shuhanliu/miniconda3/envs/vllm/lib/python3.1/site-packages | /home/shuhanliu/miniconda3/envs/vllm/lib/python3.1/site-packages | /home/shuhanliu/miniconda3/envs/vllm/lib/python3.1/site-packages | /home/shuhanliu/miniconda3/envs/vllm/lib/python3.1/site-packages | /home/shuhanliu/miniconda3/envs/vllm/lib/python3.1/site-packages | https://files.pythonhosted.org/packages/89/fb/b3c4750238c1c9686de37d3912357c9b94286b64fe594404a39908064f78/opentelemetry_exporter_otlp-1.45.0-py3-none-any.whl#sha256=3de9a5b18648dc124c751f547d8c7a93b177ddae552566981a792d18a063145c,llama3.1/MEMIT/A/2770__repeat_2 | llama3.1/MEMIT/C/1587__repeat_2 | llama3.1/MEMIT/D/2770__repeat_4,,
librelastfm,3,unknown,[],,llama3.1/MEMIT/B/3298__repeat_1 | llama3.1/MEMIT/C/3298__repeat_2 | llama3.1/MEMIT/C/3298__repeat_5,,
opentelemetry.sdk.trace.export.influxdb,3,ambiguous_namespace,"[""opentelemetry-api"", ""opentelemetry-exporter-otlp"", ""opentelemetry-exporter-otlp-proto-common"", ""opentelemetry-exporter-otlp-proto-grpc"", ""opentelemetry-exporter-otlp-proto-http"", ""opentelemetry-proto"", ""opentelemetry-sdk"", ""opentelemetry-semantic-conventions"", ""opentelemetry-semantic-conventions-ai""]",/home/shuhanliu/miniconda3/envs/vllm/lib/python3.1/site-packages | /home/shuhanliu/miniconda3/envs/vllm/lib/python3.1/site-packages | /home/shuhanliu/miniconda3/envs/vllm/lib/python3.1/site-packages | /home/shuhanliu/miniconda3/envs/vllm/lib/python3.1/site-packages | /home/shuhanliu/miniconda3/envs/vllm/lib/python3.1/site-packages | /home/shuhanliu/miniconda3/envs/vllm/lib/python3.1/site-packages | /home/shuhanliu/miniconda3/envs/vllm/lib/python3.1/site-packages | /home/shuhanliu/miniconda3/envs/vllm/lib/python3.1/site-packages | https://files.pythonhosted.org/packages/89/fb/b3c4750238c1c9686de37d3912357c9b94286b64fe594404a39908064f78/opentelemetry_exporter_otlp-1.45.0-py3-none-any.whl#sha256=3de9a5b18648dc124c751f547d8c7a93b177ddae552566981a792d18a063145c,llama3.1/MEMIT/B/2770__repeat_4 | llama3.1/MEMIT/C/2770__repeat_2 | llama3.1/MEMIT/C/2770__repeat_3,,
opentelemetry.sdk.trace.export.instant,3,ambiguous_namespace,"[""opentelemetry-api"", ""opentelemetry-exporter-otlp"", ""opentelemetry-exporter-otlp-proto-common"", ""opentelemetry-exporter-otlp-proto-grpc"", ""opentelemetry-exporter-otlp-proto-http"", ""opentelemetry-proto"", ""opentelemetry-sdk"", ""opentelemetry-semantic-conventions"", ""opentelemetry-semantic-conventions-ai""]",/home/shuhanliu/miniconda3/envs/vllm/lib/python3.1/site-packages | /home/shuhanliu/miniconda3/envs/vllm/lib/python3.1/site-packages | /home/shuhanliu/miniconda3/envs/vllm/lib/python3.1/site-packages | /home/shuhanliu/miniconda3/envs/vllm/lib/python3.1/site-packages | /home/shuhanliu/miniconda3/envs/vllm/lib/python3.1/site-packages | /home/shuhanliu/miniconda3/envs/vllm/lib/python3.1/site-packages | /home/shuhanliu/miniconda3/envs/vllm/lib/python3.1/site-packages | /home/shuhanliu/miniconda3/envs/vllm/lib/python3.1/site-packages | https://files.pythonhosted.org/packages/89/fb/b3c4750238c1c9686de37d3912357c9b94286b64fe594404a39908064f78/opentelemetry_exporter_otlp-1.45.0-py3-none-any.whl#sha256=3de9a5b18648dc124c751f547d8c7a93b177ddae552566981a792d18a063145c,llama3.1/MEMIT/B/2770__repeat_4 | llama3.1/MEMIT/B/1587__repeat_1 | llama3.1/MEMIT/C/2770__repeat_3,,
azure.cli.core._actions,3,ambiguous_namespace,"[""azure-core"", ""azure-identity"", ""azure-mgmt-resource"", ""azure-storage-blob""]",https://files.pythonhosted.org/packages/49/9a/417b3a533e01953a7c618884df2cb05a71e7b68bdbce4fbdb62349d2a2e8/azure_identity-1.25.3-py3-none-any.whl#sha256=f4d0b956a8146f30333e071374171f3cfa7bdb8073adb8c3814b65567aa7447c | https://files.pythonhosted.org/packages/5b/db/325c6d7312d2200251c52323878281045aaffcb5586612296484e4280eaa/azure_core-1.41.0-py3-none-any.whl#sha256=522b4011e8180b1a3dcd2024396a4e7fe9ac37fb8597db47163d230b5efe892d | https://files.pythonhosted.org/packages/e6/6e/3e776a0817ebe3558fbd8d3f98b1bd8fa75a46596e5cf9bb4377960c4611/azure_mgmt_resource-26.0.0-py3-none-any.whl#sha256=ef36559a4c0843b4272aa584efb455c686e4c3f6357421b38c82f405c01a9a9f | https://files.pythonhosted.org/packages/ff/20/6530bbc13fea536a1f2c0194034ae3f6880fbc0c1e7c229e3569450f7aef/azure_storage_blob-12.30.3-py3-none-any.whl#sha256=80729a5397e5f0a63dbbdff74da675c5db1eacaf25fd5db0074b7ba6c17e2498,llama3.1/MEMIT/B/1083__repeat_1 | llama3.1/MEMIT/C/1083__repeat_1 | llama3.1/MEMIT/D/1083__repeat_2,,
azure.cli.core._telemetry,3,ambiguous_namespace,"[""azure-core"", ""azure-identity"", ""azure-mgmt-resource"", ""azure-storage-blob""]",https://files.pythonhosted.org/packages/49/9a/417b3a533e01953a7c618884df2cb05a71e7b68bdbce4fbdb62349d2a2e8/azure_identity-1.25.3-py3-none-any.whl#sha256=f4d0b956a8146f30333e071374171f3cfa7bdb8073adb8c3814b65567aa7447c | https://files.pythonhosted.org/packages/5b/db/325c6d7312d2200251c52323878281045aaffcb5586612296484e4280eaa/azure_core-1.41.0-py3-none-any.whl#sha256=522b4011e8180b1a3dcd2024396a4e7fe9ac37fb8597db47163d230b5efe892d | https://files.pythonhosted.org/packages/e6/6e/3e776a0817ebe3558fbd8d3f98b1bd8fa75a46596e5cf9bb4377960c4611/azure_mgmt_resource-26.0.0-py3-none-any.whl#sha256=ef36559a4c0843b4272aa584efb455c686e4c3f6357421b38c82f405c01a9a9f | https://files.pythonhosted.org/packages/ff/20/6530bbc13fea536a1f2c0194034ae3f6880fbc0c1e7c229e3569450f7aef/azure_storage_blob-12.30.3-py3-none-any.whl#sha256=80729a5397e5f0a63dbbdff74da675c5db1eacaf25fd5db0074b7ba6c17e2498,llama3.1/MEMIT/B/1083__repeat_1 | llama3.1/MEMIT/C/1083__repeat_1 | llama3.1/MEMIT/D/1083__repeat_2,,
twilio.rest,2,unknown,[],,deepseekcoder/Base/A/4126__repeat_3 | deepseekcoder/BOUND/C/4126__repeat_2,,
geospark.sql,2,unknown,[],,deepseekcoder/Base/A/1424__repeat_3 | deepseekcoder/BOUND/D/1424__repeat_3,,
mkdocs_mermaid2_plugin,2,unknown,[],,deepseekcoder/Base/A/1085__repeat_2 | deepseekcoder/MEMIT/A/1085__repeat_3,,
mkdocs_mermaid2.plugin,2,unknown,[],,deepseekcoder/Base/A/1085__repeat_4 | deepseekcoder/BOUND/B/1085__repeat_5,,
kiota_serialization.text.serialization.text_serialization_writer,2,unknown,[],,deepseekcoder/Base/A/2010__repeat_5 | deepseekcoder/MEMIT/C/2010__repeat_1,,
robocorp_code_asset.asset,2,unknown,[],,deepseekcoder/Base/A/1683__repeat_2 | deepseekcoder/MEMIT/D/1683__repeat_2,,
robocorp_code_asset,2,unknown,[],,deepseekcoder/Base/A/1683__repeat_5 | deepseekcoder/MEMIT/C/1683__repeat_5,,
SQLParserListener,2,unknown,[],,deepseekcoder/Base/A/250__repeat_1 | deepseekcoder/Full-FT/A/250__repeat_3,,
edx_platform.hooks,2,unknown,[],,deepseekcoder/Base/A/2496__repeat_1 | deepseekcoder/MEMIT/D/2496__repeat_2,,
openedx.core.djangoapps.plugins.util,2,unknown,[],,deepseekcoder/Base/A/2496__repeat_3 | deepseekcoder/Full-FT/D/2496__repeat_2,,
openedx.core.lib.courses,2,unknown,[],,deepseekcoder/Base/A/2496__repeat_3 | deepseekcoder/Base/A/2496__repeat_4,,
nis_elements.utils,2,unknown,[],,deepseekcoder/Base/A/3508__repeat_2 | deepseekcoder/BOUND/B/3508__repeat_1,,
flake8_plugin.api,2,unknown,[],,deepseekcoder/Base/A/1725__repeat_3 | deepseekcoder/Full-FT/B/1725__repeat_1,,
tcblib,2,unknown,[],,deepseekcoder/Base/A/4856__repeat_5 | deepseekcoder/Full-FT/A/4856__repeat_4,,
PyYAML,2,unknown,[],,deepseekcoder/Base/A/3784__repeat_3 | deepseekcoder/MEMIT/C/3784__repeat_3,,
rtplib,2,unknown,[],,deepseekcoder/BOUND/A/4126__repeat_1 | deepseekcoder/Full-FT/C/4126__repeat_5,,
aioice,2,unknown,[],,deepseekcoder/BOUND/A/4126__repeat_3 | deepseekcoder/MEMIT/B/4126__repeat_5,,
pyav,2,unknown,[],,deepseekcoder/BOUND/A/4126__repeat_5 | deepseekcoder/MEMIT/A/4126__repeat_5,,
spotipy,2,unknown,[],,deepseekcoder/BOUND/A/2000__repeat_3 | deepseekcoder/MEMIT/A/2000__repeat_5,,
spotipy.oauth2,2,unknown,[],,deepseekcoder/BOUND/A/2000__repeat_3 | deepseekcoder/MEMIT/A/2000__repeat_5,,
hangul_jamo_util,2,unknown,[],,deepseekcoder/BOUND/A/1947__repeat_1 | deepseekcoder/DINM/A/1947__repeat_5,,
hangul_syllable_splitter,2,unknown,[],,deepseekcoder/BOUND/A/1947__repeat_2 | deepseekcoder/BOUND/B/1947__repeat_2,,
korean_jamo_reader,2,unknown,[],,deepseekcoder/BOUND/A/1947__repeat_2 | deepseekcoder/Full-FT/B/1947__repeat_4,,
hangul_syllable_count,2,unknown,[],,deepseekcoder/BOUND/A/1947__repeat_5 | deepseekcoder/DINM/A/1947__repeat_1,,
pyspark.ml.feature,2,unknown,[],,deepseekcoder/BOUND/A/1424__repeat_4 | deepseekcoder/MEMIT/A/1424__repeat_5,,
rospy.rostime,2,unknown,[],,deepseekcoder/BOUND/A/4525__repeat_5 | deepseekcoder/Full-FT/A/4355__repeat_2,,
nis_elements.io.nd2,2,unknown,[],,deepseekcoder/BOUND/A/3508__repeat_2 | deepseekcoder/MEMIT/B/3508__repeat_5,,
nis_elements.tools,2,unknown,[],,deepseekcoder/BOUND/A/3508__repeat_5 | deepseekcoder/MEMIT/D/3508__repeat_3,,
win32evtlog,2,unknown,[],,deepseekcoder/BOUND/A/2882__repeat_2 | deepseekcoder/ROME/D/2882__repeat_1,,
win32evtlogutil,2,unknown,[],,deepseekcoder/BOUND/A/2882__repeat_2 | deepseekcoder/ROME/D/2882__repeat_1,,
sdk.business_chat,2,unknown,[],,deepseekcoder/BOUND/A/399__repeat_1 | deepseekcoder/Full-FT/D/399__repeat_2,,
cuml.preprocessing.model_selection,2,unknown,[],,deepseekcoder/BOUND/A/64__repeat_3 | deepseekcoder/MEMIT/D/2347__repeat_5,,
astunparse,2,unknown,[],,deepseekcoder/BOUND/A/3784__repeat_1 | deepseekcoder/MEMIT/B/3784__repeat_5,,
korean_syllable_jamos,2,unknown,[],,deepseekcoder/BOUND/B/1947__repeat_3 | deepseekcoder/Full-FT/A/1947__repeat_4,,
dxpy.DXDataObject,2,unknown,[],,deepseekcoder/BOUND/B/1366__repeat_4 | deepseekcoder/MEMIT/C/1366__repeat_1,,
rospy.topics,2,unknown,[],,deepseekcoder/BOUND/B/4525__repeat_1 | deepseekcoder/MEMIT/C/4525__repeat_3,,
kiota_serialization.parsing,2,unknown,[],,deepseekcoder/BOUND/B/2010__repeat_5 | deepseekcoder/MEMIT/B/2010__repeat_4,,
tencentcloudsdkcore.exceptions,2,unknown,[],,deepseekcoder/BOUND/B/4887__repeat_4 | deepseekcoder/DINM/B/4887__repeat_1,,
nis_elements.viewer,2,unknown,[],,deepseekcoder/BOUND/B/3508__repeat_1 | deepseekcoder/DINM/D/3508__repeat_2,,
panos.base.util,2,unknown,[],,deepseekcoder/BOUND/B/2113__repeat_1 | deepseekcoder/BOUND/B/2113__repeat_5,,
panos.vsys,2,unknown,[],,deepseekcoder/BOUND/B/2113__repeat_2 | deepseekcoder/BOUND/B/2113__repeat_5,,
cuda.cudart,2,ambiguous_namespace,"[""cuda-bindings"", ""cuda-pathfinder""]",/home/shuhanliu/miniconda3/envs/vllm/lib/python3.1/site-packages | /home/shuhanliu/miniconda3/envs/vllm/lib/python3.1/site-packages,deepseekcoder/BOUND/B/64__repeat_4 | deepseekcoder/MEMIT/B/64__repeat_2,,
cuda.driver,2,ambiguous_namespace,"[""cuda-bindings"", ""cuda-pathfinder""]",/home/shuhanliu/miniconda3/envs/vllm/lib/python3.1/site-packages | /home/shuhanliu/miniconda3/envs/vllm/lib/python3.1/site-packages,deepseekcoder/BOUND/B/64__repeat_4 | deepseekcoder/MEMIT/C/59__repeat_1,,
webapp2,2,unknown,[],,deepseekcoder/BOUND/B/313__repeat_2 | deepseekcoder/BOUND/C/313__repeat_5,,
pjsua2,2,unknown,[],,deepseekcoder/BOUND/C/4126__repeat_1 | deepseekcoder/MEMIT/A/4126__repeat_2,,
gradio,2,unknown,[],,deepseekcoder/BOUND/C/2845__repeat_3 | llama3.1/BOUND/A/824__repeat_2,,
syllable,2,unknown,[],,deepseekcoder/BOUND/C/1947__repeat_1 | deepseekcoder/BOUND/C/1947__repeat_5,,
Accessibility,2,unknown,[],,deepseekcoder/BOUND/C/1767__repeat_5 | deepseekcoder/MEMIT/D/1767__repeat_2,,
Speech,2,unknown,[],,deepseekcoder/BOUND/C/1767__repeat_5 | deepseekcoder/Full-FT/C/1767__repeat_5,,
dxclient,2,unknown,[],,deepseekcoder/BOUND/C/1366__repeat_4 | deepseekcoder/Full-FT/D/1366__repeat_5,,
kiota_serialization.write_node,2,unknown,[],,deepseekcoder/BOUND/C/2010__repeat_4 | deepseekcoder/BOUND/D/2010__repeat_5,,
kiota.serialization,2,unknown,[],,deepseekcoder/BOUND/C/2010__repeat_5 | deepseekcoder/DINM/A/2010__repeat_1,,
robocorp_code.asset,2,unknown,[],,deepseekcoder/BOUND/C/1683__repeat_3 | deepseekcoder/DINM/B/1683__repeat_5,,
xblockutils.base_utils,2,unknown,[],,deepseekcoder/BOUND/C/2496__repeat_4 | deepseekcoder/DINM/C/2496__repeat_3,,
xblockutils.studio_editable,2,unknown,[],,deepseekcoder/BOUND/C/2496__repeat_5 | deepseekcoder/DINM/C/2496__repeat_3,,
urlparse,2,unknown,[],,deepseekcoder/BOUND/C/3508__repeat_5 | llama3.1/BOUND/A/4647__repeat_1,,
snarkpy,2,unknown,[],,deepseekcoder/BOUND/C/4521__repeat_2 | deepseekcoder/ROME/D/4521__repeat_4,,
piexif,2,unknown,[],,deepseekcoder/BOUND/C/4196__repeat_1 | deepseekcoder/MEMIT/C/4196__repeat_2,,
open3d,2,unknown,[],,deepseekcoder/BOUND/C/4386__repeat_5 | qwen3/BOUND/D/4289__repeat_2,,
label_studio.services,2,unknown,[],,deepseekcoder/BOUND/D/2845__repeat_2 | deepseekcoder/ROME/D/2845__repeat_4,,
korean_romanizer,2,unknown,[],,deepseekcoder/BOUND/D/1947__repeat_4 | deepseekcoder/DINM/D/1947__repeat_3,,
pyspark,2,unknown,[],,deepseekcoder/BOUND/D/1424__repeat_3 | deepseekcoder/DINM/B/1424__repeat_5,,
google.cloud.pubsub_v1.subscriber.message,2,ambiguous_namespace,"[""google-api-core"", ""google-auth"", ""googleapis-common-protos"", ""protobuf""]",/home/shuhanliu/miniconda3/envs/vllm/lib/python3.1/site-packages | /home/shuhanliu/miniconda3/envs/vllm/lib/python3.1/site-packages | https://files.pythonhosted.org/packages/7a/f0/cba0ac98e98e01849b19f7504eb3aeede741e72dfc31612e46d5f0dd981c/google_auth-2.58.1-py3-none-any.whl#sha256=66a63572d0ab629554768544df04018d79178c0bd7439ba31683ac576b79024d | https://files.pythonhosted.org/packages/ff/78/41b3cd83d472b63c694a01e876d3aaa7c2b2f61f29ec8a9275f47b057349/google_api_core-2.39.0-py3-none-any.whl#sha256=40a5d1c892bc1798f3b75ab10c665b85717979088519c714ca5774ee81d1e3c5,deepseekcoder/BOUND/D/2939__repeat_1 | deepseekcoder/Full-FT/D/2939__repeat_4,,
kiota_serialization.text.text_serialization_reader_factory,2,unknown,[],,deepseekcoder/BOUND/D/2010__repeat_2 | deepseekcoder/Full-FT/B/2010__repeat_2,,
django_cache_memoize,2,unknown,[],,deepseekcoder/BOUND/D/2222__repeat_3 | deepseekcoder/MEMIT/D/2222__repeat_4,,
setup,2,unknown,[],,deepseekcoder/BOUND/D/1798__repeat_2 | qwen3/Full-FT/C/3695__repeat_3,,
sigsep_mus.mus,2,unknown,[],,deepseekcoder/BOUND/D/2465__repeat_3 | deepseekcoder/DINM/B/2465__repeat_3,,
erlport,2,unknown,[],,deepseekcoder/BOUND/D/4881__repeat_3 | deepseekcoder/MEMIT/A/4881__repeat_1,,
panos.policies,2,unknown,[],,deepseekcoder/BOUND/D/2113__repeat_1 | deepseekcoder/Full-FT/A/2113__repeat_4,,
vimeo.exceptions,2,unknown,[],,deepseekcoder/BOUND/D/2398__repeat_4 | deepseekcoder/MEMIT/D/2398__repeat_5,,
sippy.ua,2,unknown,[],,deepseekcoder/ROME/D/4126__repeat_2 | deepseekcoder/Full-FT/B/4126__repeat_3,,
sms,2,unknown,[],,deepseekcoder/ROME/D/4126__repeat_5 | deepseekcoder/DINM/A/4126__repeat_4,,
MusicKit,2,unknown,[],,deepseekcoder/ROME/D/2000__repeat_2 | deepseekcoder/Full-FT/C/2000__repeat_1,,
google.events.event_pb2,2,ambiguous_namespace,"[""google-api-core"", ""google-auth"", ""googleapis-common-protos"", ""protobuf""]",/home/shuhanliu/miniconda3/envs/vllm/lib/python3.1/site-packages | /home/shuhanliu/miniconda3/envs/vllm/lib/python3.1/site-packages | https://files.pythonhosted.org/packages/7a/f0/cba0ac98e98e01849b19f7504eb3aeede741e72dfc31612e46d5f0dd981c/google_auth-2.58.1-py3-none-any.whl#sha256=66a63572d0ab629554768544df04018d79178c0bd7439ba31683ac576b79024d | https://files.pythonhosted.org/packages/ff/78/41b3cd83d472b63c694a01e876d3aaa7c2b2f61f29ec8a9275f47b057349/google_api_core-2.39.0-py3-none-any.whl#sha256=40a5d1c892bc1798f3b75ab10c665b85717979088519c714ca5774ee81d1e3c5,deepseekcoder/ROME/D/2939__repeat_3 | deepseekcoder/Full-FT/A/2939__repeat_1,,
opentelemetry.exporter.jaeger,2,ambiguous_namespace,"[""opentelemetry-api"", ""opentelemetry-exporter-otlp"", ""opentelemetry-exporter-otlp-proto-common"", ""opentelemetry-exporter-otlp-proto-grpc"", ""opentelemetry-exporter-otlp-proto-http"", ""opentelemetry-proto"", ""opentelemetry-sdk"", ""opentelemetry-semantic-conventions"", ""opentelemetry-semantic-conventions-ai""]",/home/shuhanliu/miniconda3/envs/vllm/lib/python3.1/site-packages | /home/shuhanliu/miniconda3/envs/vllm/lib/python3.1/site-packages | /home/shuhanliu/miniconda3/envs/vllm/lib/python3.1/site-packages | /home/shuhanliu/miniconda3/envs/vllm/lib/python3.1/site-packages | /home/shuhanliu/miniconda3/envs/vllm/lib/python3.1/site-packages | /home/shuhanliu/miniconda3/envs/vllm/lib/python3.1/site-packages | /home/shuhanliu/miniconda3/envs/vllm/lib/python3.1/site-packages | /home/shuhanliu/miniconda3/envs/vllm/lib/python3.1/site-packages | https://files.pythonhosted.org/packages/89/fb/b3c4750238c1c9686de37d3912357c9b94286b64fe594404a39908064f78/opentelemetry_exporter_otlp-1.45.0-py3-none-any.whl#sha256=3de9a5b18648dc124c751f547d8c7a93b177ddae552566981a792d18a063145c,deepseekcoder/ROME/D/88__repeat_5 | deepseekcoder/MEMIT/B/88__repeat_3,,
my_message_pb2,2,unknown,[],,deepseekcoder/ROME/D/1871__repeat_4 | deepseekcoder/DINM/C/55__repeat_1,,
kiota_serialization.parsable,2,unknown,[],,deepseekcoder/ROME/D/2010__repeat_1 | deepseekcoder/DINM/B/2010__repeat_2,,
edx_events.mixins,2,unknown,[],,deepseekcoder/ROME/D/2496__repeat_5 | deepseekcoder/Full-FT/A/2496__repeat_5,,
cudf.random,2,unknown,[],,deepseekcoder/ROME/D/64__repeat_3 | deepseekcoder/DINM/B/64__repeat_5,,
pylabelstudio.widget,2,unknown,[],,deepseekcoder/MEMIT/A/2845__repeat_3 | deepseekcoder/Full-FT/D/2845__repeat_3,,
antlr.SQLLexer,2,unknown,[],,deepseekcoder/MEMIT/A/250__repeat_2 | deepseekcoder/MEMIT/D/250__repeat_5,,
antlr.SQLParser,2,unknown,[],,deepseekcoder/MEMIT/A/250__repeat_2 | deepseekcoder/MEMIT/D/250__repeat_5,,
shazamkit.recognition,2,unknown,[],,deepseekcoder/MEMIT/B/2000__repeat_3 | deepseekcoder/Full-FT/A/2000__repeat_4,,
eth_utils,2,unknown,[],,deepseekcoder/MEMIT/B/4521__repeat_4 | deepseekcoder/Full-FT/B/4521__repeat_3,,
terraform_validate,2,unknown,[],,deepseekcoder/MEMIT/B/2250__repeat_2 | deepseekcoder/Full-FT/D/2250__repeat_4,,
pydanny.dbt_utils,2,unknown,[],,deepseekcoder/MEMIT/C/4809__repeat_1 | deepseekcoder/Full-FT/D/4809__repeat_2,,
robocorp_code_asset.asset_storage,2,unknown,[],,deepseekcoder/MEMIT/C/1683__repeat_4 | deepseekcoder/DINM/C/1683__repeat_1,,
zkpy,2,unknown,[],,deepseekcoder/MEMIT/C/4521__repeat_1 | deepseekcoder/DINM/D/4521__repeat_3,,
salesforce_cli,2,unknown,[],,deepseekcoder/MEMIT/C/2931__repeat_3 | deepseekcoder/MEMIT/D/2931__repeat_3,,
ShazamKit.models,2,unknown,[],,deepseekcoder/MEMIT/D/2000__repeat_4 | deepseekcoder/Full-FT/A/2000__repeat_3,,
vmware.vapi.security.user_password,2,unknown,[],,deepseekcoder/MEMIT/D/1178__repeat_2 | deepseekcoder/Full-FT/A/1178__repeat_4,,
vmware.vapi.stdlib,2,unknown,[],,deepseekcoder/MEMIT/D/1178__repeat_5 | deepseekcoder/Full-FT/C/1178__repeat_3,,
coverage,2,unknown,[],,deepseekcoder/MEMIT/D/4809__repeat_2 | deepseekcoder/DINM/B/4809__repeat_1,,
django_pwa,2,unknown,[],,deepseekcoder/MEMIT/D/3916__repeat_1 | deepseekcoder/DINM/C/3916__repeat_3,,
your_app.signals,2,unknown,[],,deepseekcoder/MEMIT/D/2222__repeat_3 | deepseekcoder/Full-FT/B/2222__repeat_3,,
pyo3,2,unknown,[],,deepseekcoder/MEMIT/D/2026__repeat_4 | deepseekcoder/Full-FT/A/2026__repeat_4,,
sphinx_apidoc.commands.apidoc,2,unknown,[],,deepseekcoder/MEMIT/D/1798__repeat_3 | deepseekcoder/Full-FT/A/1798__repeat_3,,
cudaprofiler,2,unknown,[],,deepseekcoder/DINM/A/59__repeat_4 | deepseekcoder/Full-FT/A/59__repeat_3,,
edx_event_bus.events,2,unknown,[],,deepseekcoder/DINM/A/2496__repeat_2 | deepseekcoder/DINM/C/2496__repeat_1,,
your_pb2,2,unknown,[],,deepseekcoder/DINM/A/55__repeat_5 | deepseekcoder/DINM/B/55__repeat_2,,
your_pb2_grpc,2,unknown,[],,deepseekcoder/DINM/A/55__repeat_5 | deepseekcoder/DINM/B/55__repeat_2,,
osc_lib,2,unknown,[],,deepseekcoder/DINM/B/4699__repeat_2 | deepseekcoder/Full-FT/B/4699__repeat_3,,
pymediainfo,2,unknown,[],,deepseekcoder/DINM/B/1767__repeat_1 | deepseekcoder/Full-FT/B/1767__repeat_1,,
google.auth.access_context_manager,2,ambiguous_namespace,"[""google-api-core"", ""google-auth"", ""googleapis-common-protos"", ""protobuf""]",/home/shuhanliu/miniconda3/envs/vllm/lib/python3.1/site-packages | /home/shuhanliu/miniconda3/envs/vllm/lib/python3.1/site-packages | https://files.pythonhosted.org/packages/7a/f0/cba0ac98e98e01849b19f7504eb3aeede741e72dfc31612e46d5f0dd981c/google_auth-2.58.1-py3-none-any.whl#sha256=66a63572d0ab629554768544df04018d79178c0bd7439ba31683ac576b79024d | https://files.pythonhosted.org/packages/ff/78/41b3cd83d472b63c694a01e876d3aaa7c2b2f61f29ec8a9275f47b057349/google_api_core-2.39.0-py3-none-any.whl#sha256=40a5d1c892bc1798f3b75ab10c665b85717979088519c714ca5774ee81d1e3c5,deepseekcoder/DINM/B/1871__repeat_1 | deepseekcoder/DINM/B/1871__repeat_4,,
google.cloud.accesscontextmanager_v1.types,2,ambiguous_namespace,"[""google-api-core"", ""google-auth"", ""googleapis-common-protos"", ""protobuf""]",/home/shuhanliu/miniconda3/envs/vllm/lib/python3.1/site-packages | /home/shuhanliu/miniconda3/envs/vllm/lib/python3.1/site-packages | https://files.pythonhosted.org/packages/7a/f0/cba0ac98e98e01849b19f7504eb3aeede741e72dfc31612e46d5f0dd981c/google_auth-2.58.1-py3-none-any.whl#sha256=66a63572d0ab629554768544df04018d79178c0bd7439ba31683ac576b79024d | https://files.pythonhosted.org/packages/ff/78/41b3cd83d472b63c694a01e876d3aaa7c2b2f61f29ec8a9275f47b057349/google_api_core-2.39.0-py3-none-any.whl#sha256=40a5d1c892bc1798f3b75ab10c665b85717979088519c714ca5774ee81d1e3c5,deepseekcoder/DINM/B/1871__repeat_3 | deepseekcoder/Full-FT/B/1871__repeat_1,,
tencentcloudsdkcore.profile.client_profile,2,unknown,[],,deepseekcoder/DINM/B/4887__repeat_3 | deepseekcoder/Full-FT/B/4887__repeat_4,,
tencentcloudsdkcore.profile.http_profile,2,unknown,[],,deepseekcoder/DINM/B/4887__repeat_3 | deepseekcoder/Full-FT/B/4887__repeat_4,,
pygame.image,2,unknown,[],,deepseekcoder/DINM/B/2195__repeat_2 | qwen3/Full-FT/D/1446__repeat_3,,
com.vmware.vapi.security.client,2,unknown,[],,deepseekcoder/DINM/C/1178__repeat_3 | deepseekcoder/Full-FT/B/1178__repeat_4,,
voice_call,2,unknown,[],,deepseekcoder/DINM/D/4126__repeat_5 | deepseekcoder/Full-FT/C/4126__repeat_4,,
memory_profiler,2,unknown,[],,deepseekcoder/DINM/D/59__repeat_2 | deepseekcoder/Full-FT/C/59__repeat_2,,
rosidl_runtime_py,2,unknown,[],,deepseekcoder/DINM/D/4525__repeat_2 | deepseekcoder/Full-FT/A/4525__repeat_3,,
kiota_abstractions.serialization.parse_node,2,unknown,[],,deepseekcoder/DINM/D/2010__repeat_2 | deepseekcoder/Full-FT/A/2010__repeat_5,,
edx_opaque_keys,2,unknown,[],,deepseekcoder/DINM/D/2496__repeat_1 | deepseekcoder/Full-FT/D/2496__repeat_3,,
nis_elements.large_image,2,unknown,[],,deepseekcoder/DINM/D/3508__repeat_4 | deepseekcoder/Full-FT/D/3508__repeat_1,,
libsnark,2,unknown,[],,deepseekcoder/DINM/D/4521__repeat_2 | deepseekcoder/DINM/D/4521__repeat_5,,
your_protobuf_file_pb2,2,unknown,[],,deepseekcoder/DINM/D/55__repeat_2 | deepseekcoder/Full-FT/A/55__repeat_4,,
your_protobuf_file_pb2_grpc,2,unknown,[],,deepseekcoder/DINM/D/55__repeat_2 | deepseekcoder/Full-FT/A/55__repeat_4,,
ibm_security_advisor,2,unknown,[],,deepseekcoder/Full-FT/A/782__repeat_4 | deepseekcoder/Full-FT/D/782__repeat_3,,
objc_util,2,unknown,[],,deepseekcoder/Full-FT/A/2000__repeat_5 | deepseekcoder/Full-FT/B/399__repeat_1,,
pynput,2,unknown,[],,deepseekcoder/Full-FT/A/1767__repeat_5 | deepseekcoder/Full-FT/B/1767__repeat_4,,
google.events.cloud.pubsub.v1,2,ambiguous_namespace,"[""google-api-core"", ""google-auth"", ""googleapis-common-protos"", ""protobuf""]",/home/shuhanliu/miniconda3/envs/vllm/lib/python3.1/site-packages | /home/shuhanliu/miniconda3/envs/vllm/lib/python3.1/site-packages | https://files.pythonhosted.org/packages/7a/f0/cba0ac98e98e01849b19f7504eb3aeede741e72dfc31612e46d5f0dd981c/google_auth-2.58.1-py3-none-any.whl#sha256=66a63572d0ab629554768544df04018d79178c0bd7439ba31683ac576b79024d | https://files.pythonhosted.org/packages/ff/78/41b3cd83d472b63c694a01e876d3aaa7c2b2f61f29ec8a9275f47b057349/google_api_core-2.39.0-py3-none-any.whl#sha256=40a5d1c892bc1798f3b75ab10c665b85717979088519c714ca5774ee81d1e3c5,deepseekcoder/Full-FT/A/2939__repeat_3 | deepseekcoder/Full-FT/C/2939__repeat_3,,
google.cloud.access_context_manager_v1,2,ambiguous_namespace,"[""google-api-core"", ""google-auth"", ""googleapis-common-protos"", ""protobuf""]",/home/shuhanliu/miniconda3/envs/vllm/lib/python3.1/site-packages | /home/shuhanliu/miniconda3/envs/vllm/lib/python3.1/site-packages | https://files.pythonhosted.org/packages/7a/f0/cba0ac98e98e01849b19f7504eb3aeede741e72dfc31612e46d5f0dd981c/google_auth-2.58.1-py3-none-any.whl#sha256=66a63572d0ab629554768544df04018d79178c0bd7439ba31683ac576b79024d | https://files.pythonhosted.org/packages/ff/78/41b3cd83d472b63c694a01e876d3aaa7c2b2f61f29ec8a9275f47b057349/google_api_core-2.39.0-py3-none-any.whl#sha256=40a5d1c892bc1798f3b75ab10c665b85717979088519c714ca5774ee81d1e3c5,deepseekcoder/Full-FT/A/1871__repeat_4 | deepseekcoder/Full-FT/D/1871__repeat_1,,
sqlparse,2,unknown,[],,deepseekcoder/Full-FT/A/84__repeat_3 | qwen3/Full-FT/A/84__repeat_2,,
tencentcloudsdkcore.common.exception.tencent_cloud_sdk_exception,2,unknown,[],,deepseekcoder/Full-FT/A/4887__repeat_1 | deepseekcoder/Full-FT/B/4887__repeat_1,,
business_chat,2,unknown,[],,deepseekcoder/Full-FT/A/399__repeat_1 | deepseekcoder/Full-FT/C/399__repeat_3,,
google.cloud.dialogflow_v2,2,ambiguous_namespace,"[""google-api-core"", ""google-auth"", ""googleapis-common-protos"", ""protobuf""]",/home/shuhanliu/miniconda3/envs/vllm/lib/python3.1/site-packages | /home/shuhanliu/miniconda3/envs/vllm/lib/python3.1/site-packages | https://files.pythonhosted.org/packages/7a/f0/cba0ac98e98e01849b19f7504eb3aeede741e72dfc31612e46d5f0dd981c/google_auth-2.58.1-py3-none-any.whl#sha256=66a63572d0ab629554768544df04018d79178c0bd7439ba31683ac576b79024d | https://files.pythonhosted.org/packages/ff/78/41b3cd83d472b63c694a01e876d3aaa7c2b2f61f29ec8a9275f47b057349/google_api_core-2.39.0-py3-none-any.whl#sha256=40a5d1c892bc1798f3b75ab10c665b85717979088519c714ca5774ee81d1e3c5,deepseekcoder/Full-FT/A/399__repeat_5 | deepseekcoder/Full-FT/D/399__repeat_3,,
erl_parse,2,unknown,[],,deepseekcoder/Full-FT/A/4881__repeat_4 | deepseekcoder/Full-FT/D/4881__repeat_1,,
keystoneclient.auth.identity,2,unknown,[],,deepseekcoder/Full-FT/B/4699__repeat_1 | deepseekcoder/Full-FT/B/4699__repeat_4,,
ateapi,2,unknown,[],,deepseekcoder/Full-FT/B/4720__repeat_3 | deepseekcoder/Full-FT/D/4720__repeat_3,,
opentelemetry.exporter.influxdb.exporter,2,ambiguous_namespace,"[""opentelemetry-api"", ""opentelemetry-exporter-otlp"", ""opentelemetry-exporter-otlp-proto-common"", ""opentelemetry-exporter-otlp-proto-grpc"", ""opentelemetry-exporter-otlp-proto-http"", ""opentelemetry-proto"", ""opentelemetry-sdk"", ""opentelemetry-semantic-conventions"", ""opentelemetry-semantic-conventions-ai""]",/home/shuhanliu/miniconda3/envs/vllm/lib/python3.1/site-packages | /home/shuhanliu/miniconda3/envs/vllm/lib/python3.1/site-packages | /home/shuhanliu/miniconda3/envs/vllm/lib/python3.1/site-packages | /home/shuhanliu/miniconda3/envs/vllm/lib/python3.1/site-packages | /home/shuhanliu/miniconda3/envs/vllm/lib/python3.1/site-packages | /home/shuhanliu/miniconda3/envs/vllm/lib/python3.1/site-packages | /home/shuhanliu/miniconda3/envs/vllm/lib/python3.1/site-packages | /home/shuhanliu/miniconda3/envs/vllm/lib/python3.1/site-packages | https://files.pythonhosted.org/packages/89/fb/b3c4750238c1c9686de37d3912357c9b94286b64fe594404a39908064f78/opentelemetry_exporter_otlp-1.45.0-py3-none-any.whl#sha256=3de9a5b18648dc124c751f547d8c7a93b177ddae552566981a792d18a063145c,deepseekcoder/Full-FT/B/88__repeat_3 | deepseekcoder/Full-FT/B/88__repeat_5,,
konlpy.tag,2,unknown,[],,deepseekcoder/Full-FT/C/1947__repeat_2 | deepseekcoder/Full-FT/D/1947__repeat_2,,
tencentcloud_hsm.v20200304,2,unknown,[],,qwen3/Base/A/4834__repeat_2 | qwen3/ROME/B/4834__repeat_3,,
libcpp.string,2,unknown,[],,qwen3/Base/A/2284__repeat_3 | qwen3/DINM/B/2284__repeat_1,,
libcpp.vector,2,unknown,[],,qwen3/Base/A/2284__repeat_3 | qwen3/DINM/B/2284__repeat_1,,
pyflow,2,unknown,[],,qwen3/Base/A/4386__repeat_1 | qwen3/DINM/A/4386__repeat_2,,
pytile,2,unknown,[],,qwen3/Base/A/4289__repeat_1 | qwen3/DINM/C/4289__repeat_1,,
pytils,2,unknown,[],,qwen3/Base/A/4289__repeat_4 | qwen3/BOUND/A/4289__repeat_1,,
two_factor.auth,2,unknown,[],,qwen3/BOUND/A/4453__repeat_2 | qwen3/DINM/D/4453__repeat_2,,
tzlocal,2,unknown,[],,qwen3/BOUND/A/3778__repeat_5 | llama3.1/BOUND/D/2466__repeat_2,,
meross_http,2,unknown,[],,qwen3/BOUND/A/4048__repeat_5 | qwen3/MEMIT/A/4048__repeat_2,,
tenable.io,2,unknown,[],,qwen3/BOUND/A/881__repeat_2 | qwen3/BOUND/D/881__repeat_3,,
odoo.tools,2,unknown,[],,qwen3/BOUND/A/3422__repeat_1 | qwen3/BOUND/A/3422__repeat_4,,
rdkit.Chem.AllChem,2,unknown,[],,qwen3/BOUND/A/1603__repeat_5 | qwen3/BOUND/C/1603__repeat_4,,
ibm_cloud_secrets_manager_sdk,2,unknown,[],,qwen3/BOUND/A/1249__repeat_1 | qwen3/DINM/D/1249__repeat_1,,
azure.cognitiveservices.vision.textanalytics,2,ambiguous_namespace,"[""azure-core"", ""azure-identity"", ""azure-mgmt-resource"", ""azure-storage-blob""]",https://files.pythonhosted.org/packages/49/9a/417b3a533e01953a7c618884df2cb05a71e7b68bdbce4fbdb62349d2a2e8/azure_identity-1.25.3-py3-none-any.whl#sha256=f4d0b956a8146f30333e071374171f3cfa7bdb8073adb8c3814b65567aa7447c | https://files.pythonhosted.org/packages/5b/db/325c6d7312d2200251c52323878281045aaffcb5586612296484e4280eaa/azure_core-1.41.0-py3-none-any.whl#sha256=522b4011e8180b1a3dcd2024396a4e7fe9ac37fb8597db47163d230b5efe892d | https://files.pythonhosted.org/packages/e6/6e/3e776a0817ebe3558fbd8d3f98b1bd8fa75a46596e5cf9bb4377960c4611/azure_mgmt_resource-26.0.0-py3-none-any.whl#sha256=ef36559a4c0843b4272aa584efb455c686e4c3f6357421b38c82f405c01a9a9f | https://files.pythonhosted.org/packages/ff/20/6530bbc13fea536a1f2c0194034ae3f6880fbc0c1e7c229e3569450f7aef/azure_storage_blob-12.30.3-py3-none-any.whl#sha256=80729a5397e5f0a63dbbdff74da675c5db1eacaf25fd5db0074b7ba6c17e2498,qwen3/BOUND/A/2608__repeat_2 | qwen3/BOUND/B/2608__repeat_3,,
azure.cognitiveservices.vision.textanalytics.models,2,ambiguous_namespace,"[""azure-core"", ""azure-identity"", ""azure-mgmt-resource"", ""azure-storage-blob""]",https://files.pythonhosted.org/packages/49/9a/417b3a533e01953a7c618884df2cb05a71e7b68bdbce4fbdb62349d2a2e8/azure_identity-1.25.3-py3-none-any.whl#sha256=f4d0b956a8146f30333e071374171f3cfa7bdb8073adb8c3814b65567aa7447c | https://files.pythonhosted.org/packages/5b/db/325c6d7312d2200251c52323878281045aaffcb5586612296484e4280eaa/azure_core-1.41.0-py3-none-any.whl#sha256=522b4011e8180b1a3dcd2024396a4e7fe9ac37fb8597db47163d230b5efe892d | https://files.pythonhosted.org/packages/e6/6e/3e776a0817ebe3558fbd8d3f98b1bd8fa75a46596e5cf9bb4377960c4611/azure_mgmt_resource-26.0.0-py3-none-any.whl#sha256=ef36559a4c0843b4272aa584efb455c686e4c3f6357421b38c82f405c01a9a9f | https://files.pythonhosted.org/packages/ff/20/6530bbc13fea536a1f2c0194034ae3f6880fbc0c1e7c229e3569450f7aef/azure_storage_blob-12.30.3-py3-none-any.whl#sha256=80729a5397e5f0a63dbbdff74da675c5db1eacaf25fd5db0074b7ba6c17e2498,qwen3/BOUND/A/2608__repeat_2 | qwen3/BOUND/B/2608__repeat_3,,
flask_uploads,2,unknown,[],,qwen3/BOUND/A/4676__repeat_2 | llama3.1/MEMIT/C/4425__repeat_4,,
gym.envs.classic_control.mountain_car,2,unknown,[],,qwen3/BOUND/A/1446__repeat_3 | qwen3/BOUND/B/1446__repeat_2,,
gym.envs.classic_control.reacher,2,unknown,[],,qwen3/BOUND/A/1446__repeat_3 | qwen3/BOUND/B/1446__repeat_2,,
opentelemetry.exporter.otlp.proto.grpc._client,2,ambiguous_namespace,"[""opentelemetry-api"", ""opentelemetry-exporter-otlp"", ""opentelemetry-exporter-otlp-proto-common"", ""opentelemetry-exporter-otlp-proto-grpc"", ""opentelemetry-exporter-otlp-proto-http"", ""opentelemetry-proto"", ""opentelemetry-sdk"", ""opentelemetry-semantic-conventions"", ""opentelemetry-semantic-conventions-ai""]",/home/shuhanliu/miniconda3/envs/vllm/lib/python3.1/site-packages | /home/shuhanliu/miniconda3/envs/vllm/lib/python3.1/site-packages | /home/shuhanliu/miniconda3/envs/vllm/lib/python3.1/site-packages | /home/shuhanliu/miniconda3/envs/vllm/lib/python3.1/site-packages | /home/shuhanliu/miniconda3/envs/vllm/lib/python3.1/site-packages | /home/shuhanliu/miniconda3/envs/vllm/lib/python3.1/site-packages | /home/shuhanliu/miniconda3/envs/vllm/lib/python3.1/site-packages | /home/shuhanliu/miniconda3/envs/vllm/lib/python3.1/site-packages | https://files.pythonhosted.org/packages/89/fb/b3c4750238c1c9686de37d3912357c9b94286b64fe594404a39908064f78/opentelemetry_exporter_otlp-1.45.0-py3-none-any.whl#sha256=3de9a5b18648dc124c751f547d8c7a93b177ddae552566981a792d18a063145c,qwen3/BOUND/A/4059__repeat_1 | qwen3/BOUND/A/4059__repeat_3,,
Crypto.Util.Padding,2,unknown,[],,qwen3/BOUND/A/4374__repeat_1 | qwen3/BOUND/C/4374__repeat_3,,
Bio.Phylo,2,unknown,[],,qwen3/BOUND/A/1915__repeat_5 | qwen3/BOUND/D/1915__repeat_2,,
Bio.Phylo.TreeConstruction,2,unknown,[],,qwen3/BOUND/A/1915__repeat_5 | qwen3/BOUND/D/1915__repeat_2,,
Bio.Seq,2,unknown,[],,qwen3/BOUND/A/1915__repeat_5 | qwen3/BOUND/D/1915__repeat_2,,
Bio.SeqRecord,2,unknown,[],,qwen3/BOUND/A/1915__repeat_5 | qwen3/BOUND/D/1915__repeat_2,,
itsdangerous,2,unknown,[],,qwen3/BOUND/A/1970__repeat_4 | qwen3/BOUND/D/1970__repeat_5,,
azure.cli.core.commands,2,ambiguous_namespace,"[""azure-core"", ""azure-identity"", ""azure-mgmt-resource"", ""azure-storage-blob""]",https://files.pythonhosted.org/packages/49/9a/417b3a533e01953a7c618884df2cb05a71e7b68bdbce4fbdb62349d2a2e8/azure_identity-1.25.3-py3-none-any.whl#sha256=f4d0b956a8146f30333e071374171f3cfa7bdb8073adb8c3814b65567aa7447c | https://files.pythonhosted.org/packages/5b/db/325c6d7312d2200251c52323878281045aaffcb5586612296484e4280eaa/azure_core-1.41.0-py3-none-any.whl#sha256=522b4011e8180b1a3dcd2024396a4e7fe9ac37fb8597db47163d230b5efe892d | https://files.pythonhosted.org/packages/e6/6e/3e776a0817ebe3558fbd8d3f98b1bd8fa75a46596e5cf9bb4377960c4611/azure_mgmt_resource-26.0.0-py3-none-any.whl#sha256=ef36559a4c0843b4272aa584efb455c686e4c3f6357421b38c82f405c01a9a9f | https://files.pythonhosted.org/packages/ff/20/6530bbc13fea536a1f2c0194034ae3f6880fbc0c1e7c229e3569450f7aef/azure_storage_blob-12.30.3-py3-none-any.whl#sha256=80729a5397e5f0a63dbbdff74da675c5db1eacaf25fd5db0074b7ba6c17e2498,qwen3/BOUND/A/1083__repeat_2 | qwen3/BOUND/D/1083__repeat_3,,
gitlab_ci_parser.parser,2,unknown,[],,qwen3/BOUND/A/955__repeat_5 | qwen3/BOUND/B/955__repeat_1,,
mypy_boto3_alexa_for_business.paginator,2,unknown,[],,qwen3/BOUND/B/3844__repeat_1 | qwen3/DINM/B/3844__repeat_2,,
rdkit.Chem.rdPartialCharges,2,unknown,[],,qwen3/BOUND/B/1603__repeat_5 | qwen3/BOUND/C/1603__repeat_4,,
ibm_cloud.secrets_manager,2,unknown,[],,qwen3/BOUND/B/1249__repeat_3 | qwen3/DINM/B/1249__repeat_4,,
opentelemetry.metrics._internal.counter,2,ambiguous_namespace,"[""opentelemetry-api"", ""opentelemetry-exporter-otlp"", ""opentelemetry-exporter-otlp-proto-common"", ""opentelemetry-exporter-otlp-proto-grpc"", ""opentelemetry-exporter-otlp-proto-http"", ""opentelemetry-proto"", ""opentelemetry-sdk"", ""opentelemetry-semantic-conventions"", ""opentelemetry-semantic-conventions-ai""]",/home/shuhanliu/miniconda3/envs/vllm/lib/python3.1/site-packages | /home/shuhanliu/miniconda3/envs/vllm/lib/python3.1/site-packages | /home/shuhanliu/miniconda3/envs/vllm/lib/python3.1/site-packages | /home/shuhanliu/miniconda3/envs/vllm/lib/python3.1/site-packages | /home/shuhanliu/miniconda3/envs/vllm/lib/python3.1/site-packages | /home/shuhanliu/miniconda3/envs/vllm/lib/python3.1/site-packages | /home/shuhanliu/miniconda3/envs/vllm/lib/python3.1/site-packages | /home/shuhanliu/miniconda3/envs/vllm/lib/python3.1/site-packages | https://files.pythonhosted.org/packages/89/fb/b3c4750238c1c9686de37d3912357c9b94286b64fe594404a39908064f78/opentelemetry_exporter_otlp-1.45.0-py3-none-any.whl#sha256=3de9a5b18648dc124c751f547d8c7a93b177ddae552566981a792d18a063145c,qwen3/BOUND/B/4692__repeat_1 | qwen3/BOUND/D/4692__repeat_4,,
opentelemetry.metrics._internal.gauge,2,ambiguous_namespace,"[""opentelemetry-api"", ""opentelemetry-exporter-otlp"", ""opentelemetry-exporter-otlp-proto-common"", ""opentelemetry-exporter-otlp-proto-grpc"", ""opentelemetry-exporter-otlp-proto-http"", ""opentelemetry-proto"", ""opentelemetry-sdk"", ""opentelemetry-semantic-conventions"", ""opentelemetry-semantic-conventions-ai""]",/home/shuhanliu/miniconda3/envs/vllm/lib/python3.1/site-packages | /home/shuhanliu/miniconda3/envs/vllm/lib/python3.1/site-packages | /home/shuhanliu/miniconda3/envs/vllm/lib/python3.1/site-packages | /home/shuhanliu/miniconda3/envs/vllm/lib/python3.1/site-packages | /home/shuhanliu/miniconda3/envs/vllm/lib/python3.1/site-packages | /home/shuhanliu/miniconda3/envs/vllm/lib/python3.1/site-packages | /home/shuhanliu/miniconda3/envs/vllm/lib/python3.1/site-packages | /home/shuhanliu/miniconda3/envs/vllm/lib/python3.1/site-packages | https://files.pythonhosted.org/packages/89/fb/b3c4750238c1c9686de37d3912357c9b94286b64fe594404a39908064f78/opentelemetry_exporter_otlp-1.45.0-py3-none-any.whl#sha256=3de9a5b18648dc124c751f547d8c7a93b177ddae552566981a792d18a063145c,qwen3/BOUND/B/4692__repeat_1 | qwen3/BOUND/D/4692__repeat_4,,
opentelemetry.sdk._metrics,2,ambiguous_namespace,"[""opentelemetry-api"", ""opentelemetry-exporter-otlp"", ""opentelemetry-exporter-otlp-proto-common"", ""opentelemetry-exporter-otlp-proto-grpc"", ""opentelemetry-exporter-otlp-proto-http"", ""opentelemetry-proto"", ""opentelemetry-sdk"", ""opentelemetry-semantic-conventions"", ""opentelemetry-semantic-conventions-ai""]",/home/shuhanliu/miniconda3/envs/vllm/lib/python3.1/site-packages | /home/shuhanliu/miniconda3/envs/vllm/lib/python3.1/site-packages | /home/shuhanliu/miniconda3/envs/vllm/lib/python3.1/site-packages | /home/shuhanliu/miniconda3/envs/vllm/lib/python3.1/site-packages | /home/shuhanliu/miniconda3/envs/vllm/lib/python3.1/site-packages | /home/shuhanliu/miniconda3/envs/vllm/lib/python3.1/site-packages | /home/shuhanliu/miniconda3/envs/vllm/lib/python3.1/site-packages | /home/shuhanliu/miniconda3/envs/vllm/lib/python3.1/site-packages | https://files.pythonhosted.org/packages/89/fb/b3c4750238c1c9686de37d3912357c9b94286b64fe594404a39908064f78/opentelemetry_exporter_otlp-1.45.0-py3-none-any.whl#sha256=3de9a5b18648dc124c751f547d8c7a93b177ddae552566981a792d18a063145c,qwen3/BOUND/B/4059__repeat_3 | qwen3/BOUND/B/4059__repeat_5,,
opentelemetry.sdk._metrics.export,2,ambiguous_namespace,"[""opentelemetry-api"", ""opentelemetry-exporter-otlp"", ""opentelemetry-exporter-otlp-proto-common"", ""opentelemetry-exporter-otlp-proto-grpc"", ""opentelemetry-exporter-otlp-proto-http"", ""opentelemetry-proto"", ""opentelemetry-sdk"", ""opentelemetry-semantic-conventions"", ""opentelemetry-semantic-conventions-ai""]",/home/shuhanliu/miniconda3/envs/vllm/lib/python3.1/site-packages | /home/shuhanliu/miniconda3/envs/vllm/lib/python3.1/site-packages | /home/shuhanliu/miniconda3/envs/vllm/lib/python3.1/site-packages | /home/shuhanliu/miniconda3/envs/vllm/lib/python3.1/site-packages | /home/shuhanliu/miniconda3/envs/vllm/lib/python3.1/site-packages | /home/shuhanliu/miniconda3/envs/vllm/lib/python3.1/site-packages | /home/shuhanliu/miniconda3/envs/vllm/lib/python3.1/site-packages | /home/shuhanliu/miniconda3/envs/vllm/lib/python3.1/site-packages | https://files.pythonhosted.org/packages/89/fb/b3c4750238c1c9686de37d3912357c9b94286b64fe594404a39908064f78/opentelemetry_exporter_otlp-1.45.0-py3-none-any.whl#sha256=3de9a5b18648dc124c751f547d8c7a93b177ddae552566981a792d18a063145c,qwen3/BOUND/B/4059__repeat_3 | qwen3/BOUND/B/4059__repeat_5,,
aliyunsdkcore.http.http_request,2,unknown,[],,qwen3/BOUND/B/2298__repeat_5 | qwen3/BOUND/D/2298__repeat_3,,
pcc,2,unknown,[],,qwen3/BOUND/B/4180__repeat_1 | qwen3/DINM/B/4180__repeat_1,,
pcc.visualization,2,unknown,[],,qwen3/BOUND/B/4180__repeat_1 | qwen3/DINM/B/4180__repeat_1,,
alibabacloud_dfs20171001,2,unknown,[],,qwen3/BOUND/B/2434__repeat_2 | qwen3/MEMIT/C/2434__repeat_2,,
securesession.cookie,2,unknown,[],,qwen3/BOUND/B/1970__repeat_2 | qwen3/ROME/B/1970__repeat_1,,
liquid,2,unknown,[],,qwen3/BOUND/B/3349__repeat_3 | qwen3/Full-FT/A/3349__repeat_3,,
mypy_boto3_resource_groups_tagging_api.client,2,unknown,[],,qwen3/BOUND/B/2317__repeat_2 | qwen3/BOUND/C/2317__repeat_1,,
mypy_boto3_resourcegroups_tagging_api.client,2,unknown,[],,qwen3/BOUND/B/2317__repeat_3 | qwen3/BOUND/B/2317__repeat_5,,
mypy_boto3_resourcegroups_tagging_api.type_defs,2,unknown,[],,qwen3/BOUND/B/2317__repeat_3 | qwen3/BOUND/B/2317__repeat_5,,
google.cloud.firestore_v1,2,ambiguous_namespace,"[""google-api-core"", ""google-auth"", ""googleapis-common-protos"", ""protobuf""]",/home/shuhanliu/miniconda3/envs/vllm/lib/python3.1/site-packages | /home/shuhanliu/miniconda3/envs/vllm/lib/python3.1/site-packages | https://files.pythonhosted.org/packages/7a/f0/cba0ac98e98e01849b19f7504eb3aeede741e72dfc31612e46d5f0dd981c/google_auth-2.58.1-py3-none-any.whl#sha256=66a63572d0ab629554768544df04018d79178c0bd7439ba31683ac576b79024d | https://files.pythonhosted.org/packages/ff/78/41b3cd83d472b63c694a01e876d3aaa7c2b2f61f29ec8a9275f47b057349/google_api_core-2.39.0-py3-none-any.whl#sha256=40a5d1c892bc1798f3b75ab10c665b85717979088519c714ca5774ee81d1e3c5,qwen3/BOUND/B/3396__repeat_3 | qwen3/BOUND/D/3396__repeat_3,,
allauth.socialaccount.providers.google.views,2,unknown,[],,qwen3/BOUND/C/4453__repeat_4 | qwen3/DINM/D/4453__repeat_1,,
allauth.socialaccount.providers.oauth2.views,2,unknown,[],,qwen3/BOUND/C/4453__repeat_4 | qwen3/DINM/D/4453__repeat_1,,
mypy_boto3_alexa_for_business.literals,2,unknown,[],,qwen3/BOUND/C/3844__repeat_5 | qwen3/DINM/C/3844__repeat_3,,
sounddevice,2,unknown,[],,qwen3/BOUND/C/824__repeat_5 | llama3.1/MEMIT/C/824__repeat_3,,
dremio_api,2,unknown,[],,qwen3/BOUND/C/4498__repeat_5 | qwen3/DINM/B/4498__repeat_3,,
azure.cognitiveservices.vision.face.operations,2,ambiguous_namespace,"[""azure-core"", ""azure-identity"", ""azure-mgmt-resource"", ""azure-storage-blob""]",https://files.pythonhosted.org/packages/49/9a/417b3a533e01953a7c618884df2cb05a71e7b68bdbce4fbdb62349d2a2e8/azure_identity-1.25.3-py3-none-any.whl#sha256=f4d0b956a8146f30333e071374171f3cfa7bdb8073adb8c3814b65567aa7447c | https://files.pythonhosted.org/packages/5b/db/325c6d7312d2200251c52323878281045aaffcb5586612296484e4280eaa/azure_core-1.41.0-py3-none-any.whl#sha256=522b4011e8180b1a3dcd2024396a4e7fe9ac37fb8597db47163d230b5efe892d | https://files.pythonhosted.org/packages/e6/6e/3e776a0817ebe3558fbd8d3f98b1bd8fa75a46596e5cf9bb4377960c4611/azure_mgmt_resource-26.0.0-py3-none-any.whl#sha256=ef36559a4c0843b4272aa584efb455c686e4c3f6357421b38c82f405c01a9a9f | https://files.pythonhosted.org/packages/ff/20/6530bbc13fea536a1f2c0194034ae3f6880fbc0c1e7c229e3569450f7aef/azure_storage_blob-12.30.3-py3-none-any.whl#sha256=80729a5397e5f0a63dbbdff74da675c5db1eacaf25fd5db0074b7ba6c17e2498,qwen3/BOUND/C/2608__repeat_1 | qwen3/BOUND/D/2608__repeat_2,,
azure.openai.models,2,ambiguous_namespace,"[""azure-core"", ""azure-identity"", ""azure-mgmt-resource"", ""azure-storage-blob""]",https://files.pythonhosted.org/packages/49/9a/417b3a533e01953a7c618884df2cb05a71e7b68bdbce4fbdb62349d2a2e8/azure_identity-1.25.3-py3-none-any.whl#sha256=f4d0b956a8146f30333e071374171f3cfa7bdb8073adb8c3814b65567aa7447c | https://files.pythonhosted.org/packages/5b/db/325c6d7312d2200251c52323878281045aaffcb5586612296484e4280eaa/azure_core-1.41.0-py3-none-any.whl#sha256=522b4011e8180b1a3dcd2024396a4e7fe9ac37fb8597db47163d230b5efe892d | https://files.pythonhosted.org/packages/e6/6e/3e776a0817ebe3558fbd8d3f98b1bd8fa75a46596e5cf9bb4377960c4611/azure_mgmt_resource-26.0.0-py3-none-any.whl#sha256=ef36559a4c0843b4272aa584efb455c686e4c3f6357421b38c82f405c01a9a9f | https://files.pythonhosted.org/packages/ff/20/6530bbc13fea536a1f2c0194034ae3f6880fbc0c1e7c229e3569450f7aef/azure_storage_blob-12.30.3-py3-none-any.whl#sha256=80729a5397e5f0a63dbbdff74da675c5db1eacaf25fd5db0074b7ba6c17e2498,qwen3/BOUND/C/3256__repeat_1 | qwen3/BOUND/C/3256__repeat_4,,
azure.ai.textanalytics,2,ambiguous_namespace,"[""azure-core"", ""azure-identity"", ""azure-mgmt-resource"", ""azure-storage-blob""]",https://files.pythonhosted.org/packages/49/9a/417b3a533e01953a7c618884df2cb05a71e7b68bdbce4fbdb62349d2a2e8/azure_identity-1.25.3-py3-none-any.whl#sha256=f4d0b956a8146f30333e071374171f3cfa7bdb8073adb8c3814b65567aa7447c | https://files.pythonhosted.org/packages/5b/db/325c6d7312d2200251c52323878281045aaffcb5586612296484e4280eaa/azure_core-1.41.0-py3-none-any.whl#sha256=522b4011e8180b1a3dcd2024396a4e7fe9ac37fb8597db47163d230b5efe892d | https://files.pythonhosted.org/packages/e6/6e/3e776a0817ebe3558fbd8d3f98b1bd8fa75a46596e5cf9bb4377960c4611/azure_mgmt_resource-26.0.0-py3-none-any.whl#sha256=ef36559a4c0843b4272aa584efb455c686e4c3f6357421b38c82f405c01a9a9f | https://files.pythonhosted.org/packages/ff/20/6530bbc13fea536a1f2c0194034ae3f6880fbc0c1e7c229e3569450f7aef/azure_storage_blob-12.30.3-py3-none-any.whl#sha256=80729a5397e5f0a63dbbdff74da675c5db1eacaf25fd5db0074b7ba6c17e2498,qwen3/BOUND/C/3256__repeat_5 | qwen3/MEMIT/C/2608__repeat_3,,
xarray,2,unknown,[],,qwen3/BOUND/C/4180__repeat_4 | qwen3/BOUND/D/4180__repeat_2,,
alibabacloud_alimt20181012,2,unknown,[],,qwen3/BOUND/C/2434__repeat_2 | qwen3/DINM/D/2434__repeat_3,,
alibabacloud_alimt20181012.client,2,unknown,[],,qwen3/BOUND/C/2434__repeat_2 | qwen3/MEMIT/A/2434__repeat_2,,
sepa,2,unknown,[],,qwen3/BOUND/C/4374__repeat_1 | qwen3/DINM/C/4374__repeat_4,,
pytest_mark_filter,2,unknown,[],,qwen3/BOUND/C/2832__repeat_1 | qwen3/BOUND/D/2832__repeat_1,,
pytiles,2,unknown,[],,qwen3/BOUND/C/4289__repeat_5 | qwen3/BOUND/D/4289__repeat_4,,
argo.workflows.api,2,unknown,[],,qwen3/BOUND/C/1497__repeat_2 | qwen3/DINM/C/1497__repeat_5,,
google.cloud.functions_v1,2,ambiguous_namespace,"[""google-api-core"", ""google-auth"", ""googleapis-common-protos"", ""protobuf""]",/home/shuhanliu/miniconda3/envs/vllm/lib/python3.1/site-packages | /home/shuhanliu/miniconda3/envs/vllm/lib/python3.1/site-packages | https://files.pythonhosted.org/packages/7a/f0/cba0ac98e98e01849b19f7504eb3aeede741e72dfc31612e46d5f0dd981c/google_auth-2.58.1-py3-none-any.whl#sha256=66a63572d0ab629554768544df04018d79178c0bd7439ba31683ac576b79024d | https://files.pythonhosted.org/packages/ff/78/41b3cd83d472b63c694a01e876d3aaa7c2b2f61f29ec8a9275f47b057349/google_api_core-2.39.0-py3-none-any.whl#sha256=40a5d1c892bc1798f3b75ab10c665b85717979088519c714ca5774ee81d1e3c5,qwen3/BOUND/C/3396__repeat_1 | qwen3/DINM/B/3396__repeat_2,,
merosshttp.exceptions,2,unknown,[],,qwen3/BOUND/D/4048__repeat_4 | qwen3/ROME/B/4048__repeat_4,,
azure.data.tables,2,ambiguous_namespace,"[""azure-core"", ""azure-identity"", ""azure-mgmt-resource"", ""azure-storage-blob""]",https://files.pythonhosted.org/packages/49/9a/417b3a533e01953a7c618884df2cb05a71e7b68bdbce4fbdb62349d2a2e8/azure_identity-1.25.3-py3-none-any.whl#sha256=f4d0b956a8146f30333e071374171f3cfa7bdb8073adb8c3814b65567aa7447c | https://files.pythonhosted.org/packages/5b/db/325c6d7312d2200251c52323878281045aaffcb5586612296484e4280eaa/azure_core-1.41.0-py3-none-any.whl#sha256=522b4011e8180b1a3dcd2024396a4e7fe9ac37fb8597db47163d230b5efe892d | https://files.pythonhosted.org/packages/e6/6e/3e776a0817ebe3558fbd8d3f98b1bd8fa75a46596e5cf9bb4377960c4611/azure_mgmt_resource-26.0.0-py3-none-any.whl#sha256=ef36559a4c0843b4272aa584efb455c686e4c3f6357421b38c82f405c01a9a9f | https://files.pythonhosted.org/packages/ff/20/6530bbc13fea536a1f2c0194034ae3f6880fbc0c1e7c229e3569450f7aef/azure_storage_blob-12.30.3-py3-none-any.whl#sha256=80729a5397e5f0a63dbbdff74da675c5db1eacaf25fd5db0074b7ba6c17e2498,qwen3/BOUND/D/3256__repeat_1 | qwen3/BOUND/D/3256__repeat_5,,
gym.envs.atari.atari_env,2,unknown,[],,qwen3/BOUND/D/1446__repeat_1 | qwen3/BOUND/D/1446__repeat_4,,
opentelemetry.exporter.otlp.proto.grpc._channel,2,ambiguous_namespace,"[""opentelemetry-api"", ""opentelemetry-exporter-otlp"", ""opentelemetry-exporter-otlp-proto-common"", ""opentelemetry-exporter-otlp-proto-grpc"", ""opentelemetry-exporter-otlp-proto-http"", ""opentelemetry-proto"", ""opentelemetry-sdk"", ""opentelemetry-semantic-conventions"", ""opentelemetry-semantic-conventions-ai""]",/home/shuhanliu/miniconda3/envs/vllm/lib/python3.1/site-packages | /home/shuhanliu/miniconda3/envs/vllm/lib/python3.1/site-packages | /home/shuhanliu/miniconda3/envs/vllm/lib/python3.1/site-packages | /home/shuhanliu/miniconda3/envs/vllm/lib/python3.1/site-packages | /home/shuhanliu/miniconda3/envs/vllm/lib/python3.1/site-packages | /home/shuhanliu/miniconda3/envs/vllm/lib/python3.1/site-packages | /home/shuhanliu/miniconda3/envs/vllm/lib/python3.1/site-packages | /home/shuhanliu/miniconda3/envs/vllm/lib/python3.1/site-packages | https://files.pythonhosted.org/packages/89/fb/b3c4750238c1c9686de37d3912357c9b94286b64fe594404a39908064f78/opentelemetry_exporter_otlp-1.45.0-py3-none-any.whl#sha256=3de9a5b18648dc124c751f547d8c7a93b177ddae552566981a792d18a063145c,qwen3/BOUND/D/4059__repeat_5 | qwen3/ROME/B/4692__repeat_4,,
rasterio,2,unknown,[],,qwen3/BOUND/D/4180__repeat_2 | qwen3/DINM/A/4289__repeat_2,,
rasterio.warp,2,unknown,[],,qwen3/BOUND/D/4180__repeat_2 | qwen3/DINM/A/4289__repeat_2,,
pyntcloud,2,unknown,[],,qwen3/BOUND/D/4289__repeat_2 | qwen3/MEMIT/C/4289__repeat_4,,
pyntcloud.io,2,unknown,[],,qwen3/BOUND/D/4289__repeat_2 | qwen3/MEMIT/C/4289__repeat_4,,
azure.cli.core._session,2,ambiguous_namespace,"[""azure-core"", ""azure-identity"", ""azure-mgmt-resource"", ""azure-storage-blob""]",https://files.pythonhosted.org/packages/49/9a/417b3a533e01953a7c618884df2cb05a71e7b68bdbce4fbdb62349d2a2e8/azure_identity-1.25.3-py3-none-any.whl#sha256=f4d0b956a8146f30333e071374171f3cfa7bdb8073adb8c3814b65567aa7447c | https://files.pythonhosted.org/packages/5b/db/325c6d7312d2200251c52323878281045aaffcb5586612296484e4280eaa/azure_core-1.41.0-py3-none-any.whl#sha256=522b4011e8180b1a3dcd2024396a4e7fe9ac37fb8597db47163d230b5efe892d | https://files.pythonhosted.org/packages/e6/6e/3e776a0817ebe3558fbd8d3f98b1bd8fa75a46596e5cf9bb4377960c4611/azure_mgmt_resource-26.0.0-py3-none-any.whl#sha256=ef36559a4c0843b4272aa584efb455c686e4c3f6357421b38c82f405c01a9a9f | https://files.pythonhosted.org/packages/ff/20/6530bbc13fea536a1f2c0194034ae3f6880fbc0c1e7c229e3569450f7aef/azure_storage_blob-12.30.3-py3-none-any.whl#sha256=80729a5397e5f0a63dbbdff74da675c5db1eacaf25fd5db0074b7ba6c17e2498,qwen3/BOUND/D/1083__repeat_3 | llama3.1/MEMIT/C/1083__repeat_1,,
depth_model,2,unknown,[],,qwen3/ROME/B/4386__repeat_3 | qwen3/DINM/D/4386__repeat_1,,
optical_flow_model,2,unknown,[],,qwen3/ROME/B/4386__repeat_3 | qwen3/DINM/D/4386__repeat_1,,
aliyun_open_api,2,unknown,[],,qwen3/ROME/B/2298__repeat_1 | qwen3/DINM/C/2298__repeat_4,,
flask_restx,2,unknown,[],,qwen3/MEMIT/A/4676__repeat_2 | qwen3/DINM/C/4676__repeat_5,,
alibabacloud_dswrsv20200922.client,2,unknown,[],,qwen3/MEMIT/A/2434__repeat_4 | qwen3/MEMIT/C/2434__repeat_4,,
pyzoom,2,unknown,[],,qwen3/MEMIT/A/4289__repeat_1 | qwen3/DINM/D/4289__repeat_5,,
optical_flow,2,unknown,[],,qwen3/MEMIT/B/4386__repeat_3 | qwen3/DINM/A/4386__repeat_1,,
ott.geometry,2,unknown,[],,qwen3/MEMIT/B/3333__repeat_2 | qwen3/DINM/B/3333__repeat_3,,
ott.tools,2,unknown,[],,qwen3/MEMIT/B/3333__repeat_2 | qwen3/DINM/B/3333__repeat_3,,
alibabacloud_openapi_client,2,unknown,[],,qwen3/MEMIT/B/2434__repeat_1 | qwen3/MEMIT/D/2434__repeat_5,,
pyramids,2,unknown,[],,qwen3/MEMIT/B/4289__repeat_5 | qwen3/Full-FT/B/4289__repeat_2,,
argo.workflows.client.model.io_argo_workflows_v1alpha1_container,2,unknown,[],,qwen3/MEMIT/B/1497__repeat_3 | qwen3/MEMIT/C/1497__repeat_4,,
argo.workflows.client.model.io_argo_workflows_v1alpha1_pod_spec,2,unknown,[],,qwen3/MEMIT/B/1497__repeat_3 | qwen3/MEMIT/C/1497__repeat_4,,
argo.workflows.client.model.io_argo_workflows_v1alpha1_workflow_status_phase,2,unknown,[],,qwen3/MEMIT/B/1497__repeat_3 | qwen3/MEMIT/C/1497__repeat_3,,
pccommon,2,unknown,[],,qwen3/MEMIT/C/4180__repeat_3 | qwen3/MEMIT/D/4180__repeat_1,,
argo.workflows.client.models,2,unknown,[],,qwen3/MEMIT/C/1497__repeat_1 | qwen3/DINM/C/1497__repeat_1,,
pccore,2,unknown,[],,qwen3/MEMIT/D/4180__repeat_1 | qwen3/MEMIT/D/4180__repeat_4,,
fints,2,unknown,[],,qwen3/DINM/A/4374__repeat_1 | qwen3/DINM/C/4374__repeat_5,,
mantine.core,2,unknown,[],,qwen3/DINM/A/2517__repeat_4 | qwen3/DINM/D/2517__repeat_2,,
alepy,2,unknown,[],,qwen3/DINM/B/1446__repeat_4 | qwen3/Full-FT/B/1446__repeat_3,,
pytorchvideo,2,unknown,[],,qwen3/DINM/C/4386__repeat_2 | qwen3/Full-FT/A/4386__repeat_4,,
tencentcloud_hsm,2,unknown,[],,qwen3/DINM/D/4834__repeat_4 | qwen3/Full-FT/A/4834__repeat_3,,
pyfs,2,unknown,[],,qwen3/DINM/D/3742__repeat_4 | qwen3/Full-FT/D/3742__repeat_1,,
google.authenticator,2,ambiguous_namespace,"[""google-api-core"", ""google-auth"", ""googleapis-common-protos"", ""protobuf""]",/home/shuhanliu/miniconda3/envs/vllm/lib/python3.1/site-packages | /home/shuhanliu/miniconda3/envs/vllm/lib/python3.1/site-packages | https://files.pythonhosted.org/packages/7a/f0/cba0ac98e98e01849b19f7504eb3aeede741e72dfc31612e46d5f0dd981c/google_auth-2.58.1-py3-none-any.whl#sha256=66a63572d0ab629554768544df04018d79178c0bd7439ba31683ac576b79024d | https://files.pythonhosted.org/packages/ff/78/41b3cd83d472b63c694a01e876d3aaa7c2b2f61f29ec8a9275f47b057349/google_api_core-2.39.0-py3-none-any.whl#sha256=40a5d1c892bc1798f3b75ab10c665b85717979088519c714ca5774ee81d1e3c5,qwen3/Full-FT/A/4453__repeat_2 | qwen3/Full-FT/A/4453__repeat_3,,
google.forms,2,ambiguous_namespace,"[""google-api-core"", ""google-auth"", ""googleapis-common-protos"", ""protobuf""]",/home/shuhanliu/miniconda3/envs/vllm/lib/python3.1/site-packages | /home/shuhanliu/miniconda3/envs/vllm/lib/python3.1/site-packages | https://files.pythonhosted.org/packages/7a/f0/cba0ac98e98e01849b19f7504eb3aeede741e72dfc31612e46d5f0dd981c/google_auth-2.58.1-py3-none-any.whl#sha256=66a63572d0ab629554768544df04018d79178c0bd7439ba31683ac576b79024d | https://files.pythonhosted.org/packages/ff/78/41b3cd83d472b63c694a01e876d3aaa7c2b2f61f29ec8a9275f47b057349/google_api_core-2.39.0-py3-none-any.whl#sha256=40a5d1c892bc1798f3b75ab10c665b85717979088519c714ca5774ee81d1e3c5,qwen3/Full-FT/A/4453__repeat_2 | qwen3/Full-FT/A/4453__repeat_3,,
google.models,2,ambiguous_namespace,"[""google-api-core"", ""google-auth"", ""googleapis-common-protos"", ""protobuf""]",/home/shuhanliu/miniconda3/envs/vllm/lib/python3.1/site-packages | /home/shuhanliu/miniconda3/envs/vllm/lib/python3.1/site-packages | https://files.pythonhosted.org/packages/7a/f0/cba0ac98e98e01849b19f7504eb3aeede741e72dfc31612e46d5f0dd981c/google_auth-2.58.1-py3-none-any.whl#sha256=66a63572d0ab629554768544df04018d79178c0bd7439ba31683ac576b79024d | https://files.pythonhosted.org/packages/ff/78/41b3cd83d472b63c694a01e876d3aaa7c2b2f61f29ec8a9275f47b057349/google_api_core-2.39.0-py3-none-any.whl#sha256=40a5d1c892bc1798f3b75ab10c665b85717979088519c714ca5774ee81d1e3c5,qwen3/Full-FT/A/4453__repeat_2 | qwen3/Full-FT/A/4453__repeat_3,,
google.views,2,ambiguous_namespace,"[""google-api-core"", ""google-auth"", ""googleapis-common-protos"", ""protobuf""]",/home/shuhanliu/miniconda3/envs/vllm/lib/python3.1/site-packages | /home/shuhanliu/miniconda3/envs/vllm/lib/python3.1/site-packages | https://files.pythonhosted.org/packages/7a/f0/cba0ac98e98e01849b19f7504eb3aeede741e72dfc31612e46d5f0dd981c/google_auth-2.58.1-py3-none-any.whl#sha256=66a63572d0ab629554768544df04018d79178c0bd7439ba31683ac576b79024d | https://files.pythonhosted.org/packages/ff/78/41b3cd83d472b63c694a01e876d3aaa7c2b2f61f29ec8a9275f47b057349/google_api_core-2.39.0-py3-none-any.whl#sha256=40a5d1c892bc1798f3b75ab10c665b85717979088519c714ca5774ee81d1e3c5,qwen3/Full-FT/A/4453__repeat_2 | qwen3/Full-FT/A/4453__repeat_3,,
restgen,2,unknown,[],,qwen3/Full-FT/A/1302__repeat_3 | qwen3/Full-FT/A/1302__repeat_5,,
memcached,2,unknown,[],,qwen3/Full-FT/A/4692__repeat_4 | qwen3/Full-FT/D/4692__repeat_5,,
prometheus_fastapi,2,unknown,[],,qwen3/Full-FT/A/241__repeat_4 | qwen3/Full-FT/A/241__repeat_5,,
prometheus_fastapi.metrics,2,unknown,[],,qwen3/Full-FT/A/241__repeat_4 | qwen3/Full-FT/A/241__repeat_5,,
azureml,2,unknown,[],,qwen3/Full-FT/A/2798__repeat_1 | qwen3/Full-FT/A/2798__repeat_4,,
azuread,2,unknown,[],,qwen3/Full-FT/A/2798__repeat_4 | qwen3/Full-FT/A/2798__repeat_5,,
dagster,2,unknown,[],,qwen3/Full-FT/A/1497__repeat_1 | qwen3/Full-FT/A/1497__repeat_3,,
pandas_datareader,2,unknown,[],,qwen3/Full-FT/A/1118__repeat_3 | qwen3/Full-FT/D/3778__repeat_2,,
dash_table,2,unknown,[],,qwen3/Full-FT/A/2517__repeat_2 | qwen3/Full-FT/B/2517__repeat_4,,
pydeck,2,unknown,[],,qwen3/Full-FT/B/1118__repeat_3 | llama3.1/BOUND/B/2517__repeat_5,,
dash_mantine,2,unknown,[],,qwen3/Full-FT/C/2517__repeat_1 | qwen3/Full-FT/C/2517__repeat_3,,
confluentcloud,2,unknown,[],,qwen3/Full-FT/D/1510__repeat_1 | qwen3/Full-FT/D/1510__repeat_4,,
pycurl,2,unknown,[],,qwen3/Full-FT/D/2329__repeat_3 | llama3.1/BOUND/B/2466__repeat_2,,
recommonmark,2,unknown,[],,qwen3/Full-FT/D/1313__repeat_5 | qwen3/Full-FT/D/955__repeat_2,,
ecdsa,2,unknown,[],,qwen3/Full-FT/D/4374__repeat_2 | qwen3/Full-FT/D/4374__repeat_5,,
cdklib,2,unknown,[],,qwen3/Full-FT/D/4387__repeat_1 | qwen3/Full-FT/D/4387__repeat_2,,
temporal,2,unknown,[],,qwen3/Full-FT/D/574__repeat_1 | qwen3/Full-FT/D/574__repeat_5,,
jupyter,2,unknown,[],,qwen3/Full-FT/D/2428__repeat_1 | qwen3/Full-FT/D/2428__repeat_3,,
kafka.protocol.admin,2,ambiguous_namespace,"[""kafka"", ""kafka-python""]",https://files.pythonhosted.org/packages/21/71/73286e748ac5045b6a669c2fe44b03ac4c5d3d2af9291c4c6fc76438a9a9/kafka-1.3.5-py2.py3-none-any.whl#sha256=35a49e9a432f6792aad48b2ab09d03867357aaa06eacba2678b7fd0808156e5c | https://files.pythonhosted.org/packages/d7/9a/191343fd96564cbbed51bd33a53c08144e1ce285e2f10fb1578899e86c28/kafka_python-3.0.11-py3-none-any.whl#sha256=9d10cab4e11e02545d82c7e5af5702da5aa46dd4eccd11ad92a50bf6dbbecd14,llama3.1/Base/A/2609__repeat_3 | llama3.1/MEMIT/B/2609__repeat_4,,
steamapi.exceptions,2,unknown,[],,llama3.1/Base/A/2466__repeat_2 | llama3.1/MEMIT/A/2466__repeat_5,,
servicenow.exceptions,2,unknown,[],,llama3.1/Base/A/1889__repeat_4 | llama3.1/MEMIT/A/1889__repeat_3,,
libre_lastscrobbler,2,unknown,[],,llama3.1/Base/A/3298__repeat_2 | llama3.1/MEMIT/A/3298__repeat_3,,
fmpy.load,2,unknown,[],,llama3.1/Base/A/4564__repeat_2 | llama3.1/Base/A/4564__repeat_5,,
kiota_auth_client,2,unknown,[],,llama3.1/Base/A/2074__repeat_2 | llama3.1/BOUND/A/2074__repeat_5,,
fpdf,2,unknown,[],,llama3.1/Base/A/1729__repeat_5 | llama3.1/BOUND/A/1729__repeat_2,,
opencti.models,2,unknown,[],,llama3.1/Base/A/3219__repeat_2 | llama3.1/MEMIT/C/3219__repeat_5,,
purecloud.api,2,unknown,[],,llama3.1/Base/A/911__repeat_5 | llama3.1/BOUND/C/911__repeat_1,,
PySide6.QtCore,2,unknown,[],,llama3.1/Base/A/4545__repeat_1 | llama3.1/MEMIT/B/4545__repeat_1,,
plone.app.layout.globals.interfaces,2,unknown,[],,llama3.1/Base/A/2736__repeat_2 | llama3.1/MEMIT/C/2736__repeat_4,,
plone.app.layout.viewlets,2,unknown,[],,llama3.1/Base/A/2736__repeat_2 | llama3.1/BOUND/B/2736__repeat_4,,
plone.browserlayer.interfaces,2,unknown,[],,llama3.1/Base/A/2736__repeat_2 | llama3.1/BOUND/A/2736__repeat_1,,
opentelemetry.sdk.metrics.export.inmemory,2,ambiguous_namespace,"[""opentelemetry-api"", ""opentelemetry-exporter-otlp"", ""opentelemetry-exporter-otlp-proto-common"", ""opentelemetry-exporter-otlp-proto-grpc"", ""opentelemetry-exporter-otlp-proto-http"", ""opentelemetry-proto"", ""opentelemetry-sdk"", ""opentelemetry-semantic-conventions"", ""opentelemetry-semantic-conventions-ai""]",/home/shuhanliu/miniconda3/envs/vllm/lib/python3.1/site-packages | /home/shuhanliu/miniconda3/envs/vllm/lib/python3.1/site-packages | /home/shuhanliu/miniconda3/envs/vllm/lib/python3.1/site-packages | /home/shuhanliu/miniconda3/envs/vllm/lib/python3.1/site-packages | /home/shuhanliu/miniconda3/envs/vllm/lib/python3.1/site-packages | /home/shuhanliu/miniconda3/envs/vllm/lib/python3.1/site-packages | /home/shuhanliu/miniconda3/envs/vllm/lib/python3.1/site-packages | /home/shuhanliu/miniconda3/envs/vllm/lib/python3.1/site-packages | https://files.pythonhosted.org/packages/89/fb/b3c4750238c1c9686de37d3912357c9b94286b64fe594404a39908064f78/opentelemetry_exporter_otlp-1.45.0-py3-none-any.whl#sha256=3de9a5b18648dc124c751f547d8c7a93b177ddae552566981a792d18a063145c,llama3.1/BOUND/A/755__repeat_1 | llama3.1/BOUND/A/755__repeat_3,,
HTMLParser,2,unknown,[],,llama3.1/BOUND/A/4647__repeat_1 | llama3.1/BOUND/A/4647__repeat_3,,
pytube,2,unknown,[],,llama3.1/BOUND/A/3298__repeat_5 | llama3.1/BOUND/C/824__repeat_5,,
assemblyline4_service.common.base,2,unknown,[],,llama3.1/BOUND/A/2709__repeat_3 | llama3.1/MEMIT/A/2709__repeat_2,,
qiskit.providers.ibmq,2,unknown,[],,llama3.1/BOUND/A/956__repeat_2 | llama3.1/BOUND/A/956__repeat_4,,
qiskit.transpiler,2,unknown,[],,llama3.1/BOUND/A/956__repeat_2 | llama3.1/BOUND/B/956__repeat_4,,
qiskit.transpiler.passes,2,unknown,[],,llama3.1/BOUND/A/956__repeat_2 | llama3.1/BOUND/B/956__repeat_4,,
rigetti_circuits,2,unknown,[],,llama3.1/BOUND/A/956__repeat_4 | llama3.1/BOUND/D/956__repeat_4,,
configcat.exceptions,2,unknown,[],,llama3.1/BOUND/A/3131__repeat_4 | llama3.1/MEMIT/D/3131__repeat_3,,
sndfile,2,unknown,[],,llama3.1/BOUND/A/4650__repeat_2 | llama3.1/BOUND/C/4650__repeat_2,,
kiota_abstractions.exceptions,2,unknown,[],,llama3.1/BOUND/A/2074__repeat_1 | llama3.1/MEMIT/C/2074__repeat_4,,
kiota_abstractions.utils,2,unknown,[],,llama3.1/BOUND/A/2074__repeat_1 | llama3.1/MEMIT/C/2074__repeat_4,,
jupyter_latex_envs,2,unknown,[],,llama3.1/BOUND/A/1729__repeat_4 | llama3.1/MEMIT/A/1729__repeat_4,,
purecloud.rest,2,unknown,[],,llama3.1/BOUND/A/911__repeat_1 | llama3.1/BOUND/C/911__repeat_1,,
latex2mathml,2,unknown,[],,llama3.1/BOUND/A/3792__repeat_1 | llama3.1/MEMIT/B/3792__repeat_4,,
hamcrest.library.collection,2,unknown,[],,llama3.1/BOUND/A/2250__repeat_2 | llama3.1/BOUND/A/2250__repeat_5,,
hamcrest.library.string,2,unknown,[],,llama3.1/BOUND/A/2250__repeat_2 | llama3.1/BOUND/A/2250__repeat_5,,
PyCapture2,2,unknown,[],,llama3.1/BOUND/A/4801__repeat_4 | llama3.1/BOUND/C/4801__repeat_4,,
azure.graph.models,2,ambiguous_namespace,"[""azure-core"", ""azure-identity"", ""azure-mgmt-resource"", ""azure-storage-blob""]",https://files.pythonhosted.org/packages/49/9a/417b3a533e01953a7c618884df2cb05a71e7b68bdbce4fbdb62349d2a2e8/azure_identity-1.25.3-py3-none-any.whl#sha256=f4d0b956a8146f30333e071374171f3cfa7bdb8073adb8c3814b65567aa7447c | https://files.pythonhosted.org/packages/5b/db/325c6d7312d2200251c52323878281045aaffcb5586612296484e4280eaa/azure_core-1.41.0-py3-none-any.whl#sha256=522b4011e8180b1a3dcd2024396a4e7fe9ac37fb8597db47163d230b5efe892d | https://files.pythonhosted.org/packages/e6/6e/3e776a0817ebe3558fbd8d3f98b1bd8fa75a46596e5cf9bb4377960c4611/azure_mgmt_resource-26.0.0-py3-none-any.whl#sha256=ef36559a4c0843b4272aa584efb455c686e4c3f6357421b38c82f405c01a9a9f | https://files.pythonhosted.org/packages/ff/20/6530bbc13fea536a1f2c0194034ae3f6880fbc0c1e7c229e3569450f7aef/azure_storage_blob-12.30.3-py3-none-any.whl#sha256=80729a5397e5f0a63dbbdff74da675c5db1eacaf25fd5db0074b7ba6c17e2498,llama3.1/BOUND/A/372__repeat_1 | llama3.1/BOUND/C/372__repeat_2,,
google.cloud.logging,2,ambiguous_namespace,"[""google-api-core"", ""google-auth"", ""googleapis-common-protos"", ""protobuf""]",/home/shuhanliu/miniconda3/envs/vllm/lib/python3.1/site-packages | /home/shuhanliu/miniconda3/envs/vllm/lib/python3.1/site-packages | https://files.pythonhosted.org/packages/7a/f0/cba0ac98e98e01849b19f7504eb3aeede741e72dfc31612e46d5f0dd981c/google_auth-2.58.1-py3-none-any.whl#sha256=66a63572d0ab629554768544df04018d79178c0bd7439ba31683ac576b79024d | https://files.pythonhosted.org/packages/ff/78/41b3cd83d472b63c694a01e876d3aaa7c2b2f61f29ec8a9275f47b057349/google_api_core-2.39.0-py3-none-any.whl#sha256=40a5d1c892bc1798f3b75ab10c665b85717979088519c714ca5774ee81d1e3c5,llama3.1/BOUND/A/2770__repeat_2 | llama3.1/MEMIT/B/364__repeat_3,,
opentelemetry.sdk.trace.export.json_trace_exporter,2,ambiguous_namespace,"[""opentelemetry-api"", ""opentelemetry-exporter-otlp"", ""opentelemetry-exporter-otlp-proto-common"", ""opentelemetry-exporter-otlp-proto-grpc"", ""opentelemetry-exporter-otlp-proto-http"", ""opentelemetry-proto"", ""opentelemetry-sdk"", ""opentelemetry-semantic-conventions"", ""opentelemetry-semantic-conventions-ai""]",/home/shuhanliu/miniconda3/envs/vllm/lib/python3.1/site-packages | /home/shuhanliu/miniconda3/envs/vllm/lib/python3.1/site-packages | /home/shuhanliu/miniconda3/envs/vllm/lib/python3.1/site-packages | /home/shuhanliu/miniconda3/envs/vllm/lib/python3.1/site-packages | /home/shuhanliu/miniconda3/envs/vllm/lib/python3.1/site-packages | /home/shuhanliu/miniconda3/envs/vllm/lib/python3.1/site-packages | /home/shuhanliu/miniconda3/envs/vllm/lib/python3.1/site-packages | /home/shuhanliu/miniconda3/envs/vllm/lib/python3.1/site-packages | https://files.pythonhosted.org/packages/89/fb/b3c4750238c1c9686de37d3912357c9b94286b64fe594404a39908064f78/opentelemetry_exporter_otlp-1.45.0-py3-none-any.whl#sha256=3de9a5b18648dc124c751f547d8c7a93b177ddae552566981a792d18a063145c,llama3.1/BOUND/A/2770__repeat_3 | llama3.1/MEMIT/D/1587__repeat_2,,
opentelemetry.exporter.azure,2,ambiguous_namespace,"[""opentelemetry-api"", ""opentelemetry-exporter-otlp"", ""opentelemetry-exporter-otlp-proto-common"", ""opentelemetry-exporter-otlp-proto-grpc"", ""opentelemetry-exporter-otlp-proto-http"", ""opentelemetry-proto"", ""opentelemetry-sdk"", ""opentelemetry-semantic-conventions"", ""opentelemetry-semantic-conventions-ai""]",/home/shuhanliu/miniconda3/envs/vllm/lib/python3.1/site-packages | /home/shuhanliu/miniconda3/envs/vllm/lib/python3.1/site-packages | /home/shuhanliu/miniconda3/envs/vllm/lib/python3.1/site-packages | /home/shuhanliu/miniconda3/envs/vllm/lib/python3.1/site-packages | /home/shuhanliu/miniconda3/envs/vllm/lib/python3.1/site-packages | /home/shuhanliu/miniconda3/envs/vllm/lib/python3.1/site-packages | /home/shuhanliu/miniconda3/envs/vllm/lib/python3.1/site-packages | /home/shuhanliu/miniconda3/envs/vllm/lib/python3.1/site-packages | https://files.pythonhosted.org/packages/89/fb/b3c4750238c1c9686de37d3912357c9b94286b64fe594404a39908064f78/opentelemetry_exporter_otlp-1.45.0-py3-none-any.whl#sha256=3de9a5b18648dc124c751f547d8c7a93b177ddae552566981a792d18a063145c,llama3.1/BOUND/A/1587__repeat_3 | llama3.1/BOUND/A/1587__repeat_4,,
dialogflowcx,2,unknown,[],,llama3.1/BOUND/A/1427__repeat_3 | llama3.1/MEMIT/D/1427__repeat_4,,
adobe_dcss,2,unknown,[],,llama3.1/BOUND/A/4707__repeat_2 | llama3.1/BOUND/C/4707__repeat_5,,
pyobjc_util,2,unknown,[],,llama3.1/BOUND/A/1524__repeat_4 | llama3.1/BOUND/B/1524__repeat_4,,
azure.synapse,2,ambiguous_namespace,"[""azure-core"", ""azure-identity"", ""azure-mgmt-resource"", ""azure-storage-blob""]",https://files.pythonhosted.org/packages/49/9a/417b3a533e01953a7c618884df2cb05a71e7b68bdbce4fbdb62349d2a2e8/azure_identity-1.25.3-py3-none-any.whl#sha256=f4d0b956a8146f30333e071374171f3cfa7bdb8073adb8c3814b65567aa7447c | https://files.pythonhosted.org/packages/5b/db/325c6d7312d2200251c52323878281045aaffcb5586612296484e4280eaa/azure_core-1.41.0-py3-none-any.whl#sha256=522b4011e8180b1a3dcd2024396a4e7fe9ac37fb8597db47163d230b5efe892d | https://files.pythonhosted.org/packages/e6/6e/3e776a0817ebe3558fbd8d3f98b1bd8fa75a46596e5cf9bb4377960c4611/azure_mgmt_resource-26.0.0-py3-none-any.whl#sha256=ef36559a4c0843b4272aa584efb455c686e4c3f6357421b38c82f405c01a9a9f | https://files.pythonhosted.org/packages/ff/20/6530bbc13fea536a1f2c0194034ae3f6880fbc0c1e7c229e3569450f7aef/azure_storage_blob-12.30.3-py3-none-any.whl#sha256=80729a5397e5f0a63dbbdff74da675c5db1eacaf25fd5db0074b7ba6c17e2498,llama3.1/BOUND/A/3109__repeat_5 | llama3.1/MEMIT/B/3109__repeat_3,,
oauthlib.oauth2,2,unknown,[],,llama3.1/BOUND/B/2140__repeat_5 | llama3.1/MEMIT/B/911__repeat_4,,
steam.enums.vac_query,2,unknown,[],,llama3.1/BOUND/B/2466__repeat_1 | llama3.1/BOUND/C/2466__repeat_2,,
steam.util,2,unknown,[],,llama3.1/BOUND/B/2466__repeat_1 | llama3.1/BOUND/C/2466__repeat_3,,
steamid,2,unknown,[],,llama3.1/BOUND/B/2466__repeat_2 | llama3.1/BOUND/C/2466__repeat_3,,
steam.enums.steamuser,2,unknown,[],,llama3.1/BOUND/B/2466__repeat_5 | llama3.1/BOUND/C/2466__repeat_3,,
steam.enums.steamuserstats,2,unknown,[],,llama3.1/BOUND/B/2466__repeat_5 | llama3.1/BOUND/C/2466__repeat_3,,
odoo.addons,2,unknown,[],,llama3.1/BOUND/B/4404__repeat_1 | llama3.1/BOUND/B/4404__repeat_2,,
fmi2,2,unknown,[],,llama3.1/BOUND/B/4564__repeat_2 | llama3.1/BOUND/C/4564__repeat_4,,
alembic,2,unknown,[],,llama3.1/BOUND/B/2709__repeat_4 | llama3.1/BOUND/D/2709__repeat_5,,
spacy,2,unknown,[],,llama3.1/BOUND/B/112__repeat_2 | llama3.1/BOUND/B/2159__repeat_1,,
pylatexenc,2,unknown,[],,llama3.1/BOUND/B/1729__repeat_5 | llama3.1/MEMIT/B/1729__repeat_2,,
fireblocks,2,unknown,[],,llama3.1/BOUND/B/1963__repeat_2 | llama3.1/BOUND/D/1963__repeat_2,,
fireblocks.models,2,unknown,[],,llama3.1/BOUND/B/1963__repeat_2 | llama3.1/BOUND/D/1963__repeat_2,,
pyhanko,2,unknown,[],,llama3.1/BOUND/B/4280__repeat_1 | llama3.1/BOUND/D/4280__repeat_4,,
pyhanko.sign,2,unknown,[],,llama3.1/BOUND/B/4280__repeat_1 | llama3.1/BOUND/D/4280__repeat_4,,
cdktf_cdktf_provider_google,2,unknown,[],,llama3.1/BOUND/B/3985__repeat_5 | llama3.1/BOUND/C/3985__repeat_2,,
bddrest,2,unknown,[],,llama3.1/BOUND/B/2250__repeat_3 | llama3.1/MEMIT/B/2250__repeat_2,,
camSdk,2,unknown,[],,llama3.1/BOUND/B/4801__repeat_1 | llama3.1/BOUND/C/4801__repeat_2,,
pyavc,2,unknown,[],,llama3.1/BOUND/B/4801__repeat_2 | llama3.1/MEMIT/C/4801__repeat_3,,
pyfirmata,2,unknown,[],,llama3.1/BOUND/B/4801__repeat_3 | llama3.1/MEMIT/C/4801__repeat_5,,
azure.mgmt.graph.models,2,ambiguous_namespace,"[""azure-core"", ""azure-identity"", ""azure-mgmt-resource"", ""azure-storage-blob""]",https://files.pythonhosted.org/packages/49/9a/417b3a533e01953a7c618884df2cb05a71e7b68bdbce4fbdb62349d2a2e8/azure_identity-1.25.3-py3-none-any.whl#sha256=f4d0b956a8146f30333e071374171f3cfa7bdb8073adb8c3814b65567aa7447c | https://files.pythonhosted.org/packages/5b/db/325c6d7312d2200251c52323878281045aaffcb5586612296484e4280eaa/azure_core-1.41.0-py3-none-any.whl#sha256=522b4011e8180b1a3dcd2024396a4e7fe9ac37fb8597db47163d230b5efe892d | https://files.pythonhosted.org/packages/e6/6e/3e776a0817ebe3558fbd8d3f98b1bd8fa75a46596e5cf9bb4377960c4611/azure_mgmt_resource-26.0.0-py3-none-any.whl#sha256=ef36559a4c0843b4272aa584efb455c686e4c3f6357421b38c82f405c01a9a9f | https://files.pythonhosted.org/packages/ff/20/6530bbc13fea536a1f2c0194034ae3f6880fbc0c1e7c229e3569450f7aef/azure_storage_blob-12.30.3-py3-none-any.whl#sha256=80729a5397e5f0a63dbbdff74da675c5db1eacaf25fd5db0074b7ba6c17e2498,llama3.1/BOUND/B/372__repeat_3 | llama3.1/BOUND/D/372__repeat_3,,
azure.mgmt.web,2,ambiguous_namespace,"[""azure-core"", ""azure-identity"", ""azure-mgmt-resource"", ""azure-storage-blob""]",https://files.pythonhosted.org/packages/49/9a/417b3a533e01953a7c618884df2cb05a71e7b68bdbce4fbdb62349d2a2e8/azure_identity-1.25.3-py3-none-any.whl#sha256=f4d0b956a8146f30333e071374171f3cfa7bdb8073adb8c3814b65567aa7447c | https://files.pythonhosted.org/packages/5b/db/325c6d7312d2200251c52323878281045aaffcb5586612296484e4280eaa/azure_core-1.41.0-py3-none-any.whl#sha256=522b4011e8180b1a3dcd2024396a4e7fe9ac37fb8597db47163d230b5efe892d | https://files.pythonhosted.org/packages/e6/6e/3e776a0817ebe3558fbd8d3f98b1bd8fa75a46596e5cf9bb4377960c4611/azure_mgmt_resource-26.0.0-py3-none-any.whl#sha256=ef36559a4c0843b4272aa584efb455c686e4c3f6357421b38c82f405c01a9a9f | https://files.pythonhosted.org/packages/ff/20/6530bbc13fea536a1f2c0194034ae3f6880fbc0c1e7c229e3569450f7aef/azure_storage_blob-12.30.3-py3-none-any.whl#sha256=80729a5397e5f0a63dbbdff74da675c5db1eacaf25fd5db0074b7ba6c17e2498,llama3.1/BOUND/B/372__repeat_3 | llama3.1/BOUND/B/372__repeat_4,,
azure.mgmt.sql,2,ambiguous_namespace,"[""azure-core"", ""azure-identity"", ""azure-mgmt-resource"", ""azure-storage-blob""]",https://files.pythonhosted.org/packages/49/9a/417b3a533e01953a7c618884df2cb05a71e7b68bdbce4fbdb62349d2a2e8/azure_identity-1.25.3-py3-none-any.whl#sha256=f4d0b956a8146f30333e071374171f3cfa7bdb8073adb8c3814b65567aa7447c | https://files.pythonhosted.org/packages/5b/db/325c6d7312d2200251c52323878281045aaffcb5586612296484e4280eaa/azure_core-1.41.0-py3-none-any.whl#sha256=522b4011e8180b1a3dcd2024396a4e7fe9ac37fb8597db47163d230b5efe892d | https://files.pythonhosted.org/packages/e6/6e/3e776a0817ebe3558fbd8d3f98b1bd8fa75a46596e5cf9bb4377960c4611/azure_mgmt_resource-26.0.0-py3-none-any.whl#sha256=ef36559a4c0843b4272aa584efb455c686e4c3f6357421b38c82f405c01a9a9f | https://files.pythonhosted.org/packages/ff/20/6530bbc13fea536a1f2c0194034ae3f6880fbc0c1e7c229e3569450f7aef/azure_storage_blob-12.30.3-py3-none-any.whl#sha256=80729a5397e5f0a63dbbdff74da675c5db1eacaf25fd5db0074b7ba6c17e2498,llama3.1/BOUND/B/372__repeat_4 | llama3.1/BOUND/B/2770__repeat_2,,
opentelemetry.sdk.export,2,ambiguous_namespace,"[""opentelemetry-api"", ""opentelemetry-exporter-otlp"", ""opentelemetry-exporter-otlp-proto-common"", ""opentelemetry-exporter-otlp-proto-grpc"", ""opentelemetry-exporter-otlp-proto-http"", ""opentelemetry-proto"", ""opentelemetry-sdk"", ""opentelemetry-semantic-conventions"", ""opentelemetry-semantic-conventions-ai""]",/home/shuhanliu/miniconda3/envs/vllm/lib/python3.1/site-packages | /home/shuhanliu/miniconda3/envs/vllm/lib/python3.1/site-packages | /home/shuhanliu/miniconda3/envs/vllm/lib/python3.1/site-packages | /home/shuhanliu/miniconda3/envs/vllm/lib/python3.1/site-packages | /home/shuhanliu/miniconda3/envs/vllm/lib/python3.1/site-packages | /home/shuhanliu/miniconda3/envs/vllm/lib/python3.1/site-packages | /home/shuhanliu/miniconda3/envs/vllm/lib/python3.1/site-packages | /home/shuhanliu/miniconda3/envs/vllm/lib/python3.1/site-packages | https://files.pythonhosted.org/packages/89/fb/b3c4750238c1c9686de37d3912357c9b94286b64fe594404a39908064f78/opentelemetry_exporter_otlp-1.45.0-py3-none-any.whl#sha256=3de9a5b18648dc124c751f547d8c7a93b177ddae552566981a792d18a063145c,llama3.1/BOUND/B/2770__repeat_5 | llama3.1/BOUND/B/364__repeat_3,,
plone.app.layout.viewlets.common,2,unknown,[],,llama3.1/BOUND/B/2736__repeat_4 | llama3.1/MEMIT/A/2736__repeat_5,,
grok,2,unknown,[],,llama3.1/BOUND/B/2736__repeat_5 | llama3.1/BOUND/D/2736__repeat_1,,
grokcore.component,2,unknown,[],,llama3.1/BOUND/B/2736__repeat_5 | llama3.1/BOUND/D/2736__repeat_1,,
grokcore.view,2,unknown,[],,llama3.1/BOUND/B/2736__repeat_5 | llama3.1/BOUND/D/2736__repeat_1,,
z3c.form.layout,2,unknown,[],,llama3.1/BOUND/B/2736__repeat_5 | llama3.1/MEMIT/B/2736__repeat_3,,
pdf2image,2,unknown,[],,llama3.1/BOUND/B/4707__repeat_3 | llama3.1/MEMIT/A/1729__repeat_2,,
openlineage.client.facets,2,unknown,[],,llama3.1/BOUND/B/2369__repeat_2 | llama3.1/BOUND/B/2369__repeat_3,,
google.cloud.language,2,ambiguous_namespace,"[""google-api-core"", ""google-auth"", ""googleapis-common-protos"", ""protobuf""]",/home/shuhanliu/miniconda3/envs/vllm/lib/python3.1/site-packages | /home/shuhanliu/miniconda3/envs/vllm/lib/python3.1/site-packages | https://files.pythonhosted.org/packages/7a/f0/cba0ac98e98e01849b19f7504eb3aeede741e72dfc31612e46d5f0dd981c/google_auth-2.58.1-py3-none-any.whl#sha256=66a63572d0ab629554768544df04018d79178c0bd7439ba31683ac576b79024d | https://files.pythonhosted.org/packages/ff/78/41b3cd83d472b63c694a01e876d3aaa7c2b2f61f29ec8a9275f47b057349/google_api_core-2.39.0-py3-none-any.whl#sha256=40a5d1c892bc1798f3b75ab10c665b85717979088519c714ca5774ee81d1e3c5,llama3.1/BOUND/B/2159__repeat_3 | llama3.1/BOUND/B/2159__repeat_5,,
steam.enums.item,2,unknown,[],,llama3.1/BOUND/C/2466__repeat_1 | llama3.1/BOUND/C/2466__repeat_5,,
servicenow,2,unknown,[],,llama3.1/BOUND/C/1889__repeat_5 | llama3.1/MEMIT/B/1889__repeat_1,,
pyfmi,2,unknown,[],,llama3.1/BOUND/C/4564__repeat_1 | llama3.1/MEMIT/D/4564__repeat_2,,
fmpy.fmu,2,unknown,[],,llama3.1/BOUND/C/4564__repeat_2 | llama3.1/MEMIT/D/4564__repeat_1,,
fmpy.model_description,2,unknown,[],,llama3.1/BOUND/C/4564__repeat_3 | llama3.1/MEMIT/C/4564__repeat_5,,
pdfkit,2,unknown,[],,llama3.1/BOUND/C/1729__repeat_5 | llama3.1/MEMIT/B/1729__repeat_5,,
pyCybox,2,unknown,[],,llama3.1/BOUND/C/4280__repeat_1 | llama3.1/BOUND/C/4280__repeat_5,,
azure.mgmt.resource.graphrbac.models,2,ambiguous_namespace,"[""azure-core"", ""azure-identity"", ""azure-mgmt-resource"", ""azure-storage-blob""]",https://files.pythonhosted.org/packages/49/9a/417b3a533e01953a7c618884df2cb05a71e7b68bdbce4fbdb62349d2a2e8/azure_identity-1.25.3-py3-none-any.whl#sha256=f4d0b956a8146f30333e071374171f3cfa7bdb8073adb8c3814b65567aa7447c | https://files.pythonhosted.org/packages/5b/db/325c6d7312d2200251c52323878281045aaffcb5586612296484e4280eaa/azure_core-1.41.0-py3-none-any.whl#sha256=522b4011e8180b1a3dcd2024396a4e7fe9ac37fb8597db47163d230b5efe892d | https://files.pythonhosted.org/packages/e6/6e/3e776a0817ebe3558fbd8d3f98b1bd8fa75a46596e5cf9bb4377960c4611/azure_mgmt_resource-26.0.0-py3-none-any.whl#sha256=ef36559a4c0843b4272aa584efb455c686e4c3f6357421b38c82f405c01a9a9f | https://files.pythonhosted.org/packages/ff/20/6530bbc13fea536a1f2c0194034ae3f6880fbc0c1e7c229e3569450f7aef/azure_storage_blob-12.30.3-py3-none-any.whl#sha256=80729a5397e5f0a63dbbdff74da675c5db1eacaf25fd5db0074b7ba6c17e2498,llama3.1/BOUND/C/372__repeat_5 | llama3.1/MEMIT/A/372__repeat_4,,
opentelemetry.instrumentation.azure,2,ambiguous_namespace,"[""opentelemetry-api"", ""opentelemetry-exporter-otlp"", ""opentelemetry-exporter-otlp-proto-common"", ""opentelemetry-exporter-otlp-proto-grpc"", ""opentelemetry-exporter-otlp-proto-http"", ""opentelemetry-proto"", ""opentelemetry-sdk"", ""opentelemetry-semantic-conventions"", ""opentelemetry-semantic-conventions-ai""]",/home/shuhanliu/miniconda3/envs/vllm/lib/python3.1/site-packages | /home/shuhanliu/miniconda3/envs/vllm/lib/python3.1/site-packages | /home/shuhanliu/miniconda3/envs/vllm/lib/python3.1/site-packages | /home/shuhanliu/miniconda3/envs/vllm/lib/python3.1/site-packages | /home/shuhanliu/miniconda3/envs/vllm/lib/python3.1/site-packages | /home/shuhanliu/miniconda3/envs/vllm/lib/python3.1/site-packages | /home/shuhanliu/miniconda3/envs/vllm/lib/python3.1/site-packages | /home/shuhanliu/miniconda3/envs/vllm/lib/python3.1/site-packages | https://files.pythonhosted.org/packages/89/fb/b3c4750238c1c9686de37d3912357c9b94286b64fe594404a39908064f78/opentelemetry_exporter_otlp-1.45.0-py3-none-any.whl#sha256=3de9a5b18648dc124c751f547d8c7a93b177ddae552566981a792d18a063145c,llama3.1/BOUND/C/2770__repeat_1 | llama3.1/BOUND/C/2770__repeat_4,,
adobe.pdfservices,2,unknown,[],,llama3.1/BOUND/C/4707__repeat_2 | llama3.1/MEMIT/D/4707__repeat_3,,
adobe_sign.models,2,unknown,[],,llama3.1/BOUND/C/4707__repeat_2 | llama3.1/BOUND/D/4707__repeat_5,,
adobe_pdfservices.client,2,unknown,[],,llama3.1/BOUND/C/4707__repeat_4 | llama3.1/MEMIT/A/4707__repeat_1,,
steam.web.steamid,2,unknown,[],,llama3.1/BOUND/D/2466__repeat_1 | llama3.1/BOUND/D/2466__repeat_4,,
nested_admin.widgets,2,unknown,[],,llama3.1/BOUND/D/926__repeat_2 | llama3.1/MEMIT/D/926__repeat_1,,
future_builtins,2,unknown,[],,llama3.1/BOUND/D/4647__repeat_3 | llama3.1/BOUND/D/4647__repeat_4,,
rigetti.terra,2,unknown,[],,llama3.1/BOUND/D/956__repeat_2 | llama3.1/MEMIT/D/956__repeat_2,,
maybird,2,unknown,[],,llama3.1/BOUND/D/2915__repeat_1 | llama3.1/BOUND/D/2915__repeat_2,,
kiota_abstractions.authentication_models,2,unknown,[],,llama3.1/BOUND/D/2074__repeat_5 | llama3.1/MEMIT/C/2074__repeat_4,,
opentelemetry.exporter.azure.monitor,2,ambiguous_namespace,"[""opentelemetry-api"", ""opentelemetry-exporter-otlp"", ""opentelemetry-exporter-otlp-proto-common"", ""opentelemetry-exporter-otlp-proto-grpc"", ""opentelemetry-exporter-otlp-proto-http"", ""opentelemetry-proto"", ""opentelemetry-sdk"", ""opentelemetry-semantic-conventions"", ""opentelemetry-semantic-conventions-ai""]",/home/shuhanliu/miniconda3/envs/vllm/lib/python3.1/site-packages | /home/shuhanliu/miniconda3/envs/vllm/lib/python3.1/site-packages | /home/shuhanliu/miniconda3/envs/vllm/lib/python3.1/site-packages | /home/shuhanliu/miniconda3/envs/vllm/lib/python3.1/site-packages | /home/shuhanliu/miniconda3/envs/vllm/lib/python3.1/site-packages | /home/shuhanliu/miniconda3/envs/vllm/lib/python3.1/site-packages | /home/shuhanliu/miniconda3/envs/vllm/lib/python3.1/site-packages | /home/shuhanliu/miniconda3/envs/vllm/lib/python3.1/site-packages | https://files.pythonhosted.org/packages/89/fb/b3c4750238c1c9686de37d3912357c9b94286b64fe594404a39908064f78/opentelemetry_exporter_otlp-1.45.0-py3-none-any.whl#sha256=3de9a5b18648dc124c751f547d8c7a93b177ddae552566981a792d18a063145c,llama3.1/BOUND/D/1587__repeat_1 | llama3.1/BOUND/D/1587__repeat_3,,
z3c.form.browser,2,unknown,[],,llama3.1/BOUND/D/2736__repeat_5 | llama3.1/MEMIT/D/2736__repeat_2,,
openlineage.airflow.extractors,2,unknown,[],,llama3.1/BOUND/D/2369__repeat_5 | llama3.1/MEMIT/D/2369__repeat_3,,
azure.mgmt.synapse,2,ambiguous_namespace,"[""azure-core"", ""azure-identity"", ""azure-mgmt-resource"", ""azure-storage-blob""]",https://files.pythonhosted.org/packages/49/9a/417b3a533e01953a7c618884df2cb05a71e7b68bdbce4fbdb62349d2a2e8/azure_identity-1.25.3-py3-none-any.whl#sha256=f4d0b956a8146f30333e071374171f3cfa7bdb8073adb8c3814b65567aa7447c | https://files.pythonhosted.org/packages/5b/db/325c6d7312d2200251c52323878281045aaffcb5586612296484e4280eaa/azure_core-1.41.0-py3-none-any.whl#sha256=522b4011e8180b1a3dcd2024396a4e7fe9ac37fb8597db47163d230b5efe892d | https://files.pythonhosted.org/packages/e6/6e/3e776a0817ebe3558fbd8d3f98b1bd8fa75a46596e5cf9bb4377960c4611/azure_mgmt_resource-26.0.0-py3-none-any.whl#sha256=ef36559a4c0843b4272aa584efb455c686e4c3f6357421b38c82f405c01a9a9f | https://files.pythonhosted.org/packages/ff/20/6530bbc13fea536a1f2c0194034ae3f6880fbc0c1e7c229e3569450f7aef/azure_storage_blob-12.30.3-py3-none-any.whl#sha256=80729a5397e5f0a63dbbdff74da675c5db1eacaf25fd5db0074b7ba6c17e2498,llama3.1/BOUND/D/3109__repeat_1 | llama3.1/MEMIT/D/3109__repeat_2,,
qcs.api,2,unknown,[],,llama3.1/MEMIT/A/956__repeat_3 | llama3.1/MEMIT/C/956__repeat_4,,
kiota_authentication_kerberos.kerberos_authentication_provider,2,unknown,[],,llama3.1/MEMIT/A/2074__repeat_1 | llama3.1/MEMIT/A/2074__repeat_5,,
yourapp,2,unknown,[],,llama3.1/MEMIT/A/4425__repeat_4 | llama3.1/MEMIT/D/4425__repeat_1,,
conftest,2,unknown,[],,llama3.1/MEMIT/A/2250__repeat_5 | llama3.1/MEMIT/D/2250__repeat_1,,
azure.mgmt.resource.subscriptions,2,ambiguous_namespace,"[""azure-core"", ""azure-identity"", ""azure-mgmt-resource"", ""azure-storage-blob""]",https://files.pythonhosted.org/packages/49/9a/417b3a533e01953a7c618884df2cb05a71e7b68bdbce4fbdb62349d2a2e8/azure_identity-1.25.3-py3-none-any.whl#sha256=f4d0b956a8146f30333e071374171f3cfa7bdb8073adb8c3814b65567aa7447c | https://files.pythonhosted.org/packages/5b/db/325c6d7312d2200251c52323878281045aaffcb5586612296484e4280eaa/azure_core-1.41.0-py3-none-any.whl#sha256=522b4011e8180b1a3dcd2024396a4e7fe9ac37fb8597db47163d230b5efe892d | https://files.pythonhosted.org/packages/e6/6e/3e776a0817ebe3558fbd8d3f98b1bd8fa75a46596e5cf9bb4377960c4611/azure_mgmt_resource-26.0.0-py3-none-any.whl#sha256=ef36559a4c0843b4272aa584efb455c686e4c3f6357421b38c82f405c01a9a9f | https://files.pythonhosted.org/packages/ff/20/6530bbc13fea536a1f2c0194034ae3f6880fbc0c1e7c229e3569450f7aef/azure_storage_blob-12.30.3-py3-none-any.whl#sha256=80729a5397e5f0a63dbbdff74da675c5db1eacaf25fd5db0074b7ba6c17e2498,llama3.1/MEMIT/A/372__repeat_5 | llama3.1/MEMIT/D/372__repeat_2,,
qtasyncadaptor,2,unknown,[],,llama3.1/MEMIT/A/4545__repeat_5 | llama3.1/MEMIT/C/4545__repeat_5,,
odoo.rpc,2,unknown,[],,llama3.1/MEMIT/B/4404__repeat_5 | llama3.1/MEMIT/C/4404__repeat_2,,
latex_to_mathml,2,unknown,[],,llama3.1/MEMIT/B/3792__repeat_1 | llama3.1/MEMIT/D/3792__repeat_2,,
scaleclient,2,unknown,[],,llama3.1/MEMIT/B/3651__repeat_1 | llama3.1/MEMIT/D/3651__repeat_3,,
opentelemetry.sdk.trace.export.json_span_exporter,2,ambiguous_namespace,"[""opentelemetry-api"", ""opentelemetry-exporter-otlp"", ""opentelemetry-exporter-otlp-proto-common"", ""opentelemetry-exporter-otlp-proto-grpc"", ""opentelemetry-exporter-otlp-proto-http"", ""opentelemetry-proto"", ""opentelemetry-sdk"", ""opentelemetry-semantic-conventions"", ""opentelemetry-semantic-conventions-ai""]",/home/shuhanliu/miniconda3/envs/vllm/lib/python3.1/site-packages | /home/shuhanliu/miniconda3/envs/vllm/lib/python3.1/site-packages | /home/shuhanliu/miniconda3/envs/vllm/lib/python3.1/site-packages | /home/shuhanliu/miniconda3/envs/vllm/lib/python3.1/site-packages | /home/shuhanliu/miniconda3/envs/vllm/lib/python3.1/site-packages | /home/shuhanliu/miniconda3/envs/vllm/lib/python3.1/site-packages | /home/shuhanliu/miniconda3/envs/vllm/lib/python3.1/site-packages | /home/shuhanliu/miniconda3/envs/vllm/lib/python3.1/site-packages | https://files.pythonhosted.org/packages/89/fb/b3c4750238c1c9686de37d3912357c9b94286b64fe594404a39908064f78/opentelemetry_exporter_otlp-1.45.0-py3-none-any.whl#sha256=3de9a5b18648dc124c751f547d8c7a93b177ddae552566981a792d18a063145c,llama3.1/MEMIT/B/2770__repeat_3 | llama3.1/MEMIT/D/2770__repeat_4,,
azure.cli.core._logging,2,ambiguous_namespace,"[""azure-core"", ""azure-identity"", ""azure-mgmt-resource"", ""azure-storage-blob""]",https://files.pythonhosted.org/packages/49/9a/417b3a533e01953a7c618884df2cb05a71e7b68bdbce4fbdb62349d2a2e8/azure_identity-1.25.3-py3-none-any.whl#sha256=f4d0b956a8146f30333e071374171f3cfa7bdb8073adb8c3814b65567aa7447c | https://files.pythonhosted.org/packages/5b/db/325c6d7312d2200251c52323878281045aaffcb5586612296484e4280eaa/azure_core-1.41.0-py3-none-any.whl#sha256=522b4011e8180b1a3dcd2024396a4e7fe9ac37fb8597db47163d230b5efe892d | https://files.pythonhosted.org/packages/e6/6e/3e776a0817ebe3558fbd8d3f98b1bd8fa75a46596e5cf9bb4377960c4611/azure_mgmt_resource-26.0.0-py3-none-any.whl#sha256=ef36559a4c0843b4272aa584efb455c686e4c3f6357421b38c82f405c01a9a9f | https://files.pythonhosted.org/packages/ff/20/6530bbc13fea536a1f2c0194034ae3f6880fbc0c1e7c229e3569450f7aef/azure_storage_blob-12.30.3-py3-none-any.whl#sha256=80729a5397e5f0a63dbbdff74da675c5db1eacaf25fd5db0074b7ba6c17e2498,llama3.1/MEMIT/B/1083__repeat_1 | llama3.1/MEMIT/D/1083__repeat_2,,
loki_logger,2,unknown,[],,llama3.1/MEMIT/B/907__repeat_1 | llama3.1/MEMIT/D/907__repeat_3,,
dialogflow_cx,2,unknown,[],,llama3.1/MEMIT/B/1427__repeat_4 | llama3.1/MEMIT/B/1427__repeat_5,,
z3c.form.field,2,unknown,[],,llama3.1/MEMIT/B/2736__repeat_3 | llama3.1/MEMIT/C/2736__repeat_5,,
chalkpy.models,2,unknown,[],,llama3.1/MEMIT/B/2058__repeat_3 | llama3.1/MEMIT/B/2058__repeat_4,,
chalkclient,2,unknown,[],,llama3.1/MEMIT/B/2058__repeat_5 | llama3.1/MEMIT/D/2058__repeat_1,,
pyMaEC,2,unknown,[],,llama3.1/MEMIT/C/4280__repeat_4 | llama3.1/MEMIT/D/4280__repeat_5,,
azure.cli.core._config,2,ambiguous_namespace,"[""azure-core"", ""azure-identity"", ""azure-mgmt-resource"", ""azure-storage-blob""]",https://files.pythonhosted.org/packages/49/9a/417b3a533e01953a7c618884df2cb05a71e7b68bdbce4fbdb62349d2a2e8/azure_identity-1.25.3-py3-none-any.whl#sha256=f4d0b956a8146f30333e071374171f3cfa7bdb8073adb8c3814b65567aa7447c | https://files.pythonhosted.org/packages/5b/db/325c6d7312d2200251c52323878281045aaffcb5586612296484e4280eaa/azure_core-1.41.0-py3-none-any.whl#sha256=522b4011e8180b1a3dcd2024396a4e7fe9ac37fb8597db47163d230b5efe892d | https://files.pythonhosted.org/packages/e6/6e/3e776a0817ebe3558fbd8d3f98b1bd8fa75a46596e5cf9bb4377960c4611/azure_mgmt_resource-26.0.0-py3-none-any.whl#sha256=ef36559a4c0843b4272aa584efb455c686e4c3f6357421b38c82f405c01a9a9f | https://files.pythonhosted.org/packages/ff/20/6530bbc13fea536a1f2c0194034ae3f6880fbc0c1e7c229e3569450f7aef/azure_storage_blob-12.30.3-py3-none-any.whl#sha256=80729a5397e5f0a63dbbdff74da675c5db1eacaf25fd5db0074b7ba6c17e2498,llama3.1/MEMIT/C/1083__repeat_1 | llama3.1/MEMIT/D/1083__repeat_2,,
pyroute,1,unknown,[],,deepseekcoder/Base/A/4126__repeat_1,,
pyrtp,1,unknown,[],,deepseekcoder/Base/A/4126__repeat_1,,
sip4py.sip,1,unknown,[],,deepseekcoder/Base/A/4126__repeat_5,,
ibm_resource_group.resource_group_v2,1,unknown,[],,deepseekcoder/Base/A/782__repeat_1,,
ibm_resource_instances.resource_instances_v2,1,unknown,[],,deepseekcoder/Base/A/782__repeat_1,,
ibm_cloud_iaas_services,1,unknown,[],,deepseekcoder/Base/A/782__repeat_3,,
ibm_watson,1,unknown,[],,deepseekcoder/Base/A/782__repeat_4,,
omero.gateway,1,unknown,[],,deepseekcoder/Base/A/3302__repeat_1,,
tiffslide,1,unknown,[],,deepseekcoder/Base/A/3302__repeat_2,,
tensorflow_datasets,1,unknown,[],,deepseekcoder/Base/A/2347__repeat_3,,
amazon.qldb.driver.qldb_driver,1,unknown,[],,deepseekcoder/Base/A/2773__repeat_4,,
amazon.qldb.driver.qldb_session,1,unknown,[],,deepseekcoder/Base/A/2773__repeat_4,,
amazon.qldb.driver.transactions.transaction_executor,1,unknown,[],,deepseekcoder/Base/A/2773__repeat_4,,
amazon.qldb.driver.transactions.transaction_executor_factory,1,unknown,[],,deepseekcoder/Base/A/2773__repeat_4,,
geospark,1,unknown,[],,deepseekcoder/Base/A/1424__repeat_3,,
geospark.sql.functions,1,unknown,[],,deepseekcoder/Base/A/1424__repeat_3,,
pydanny.covimerage,1,unknown,[],,deepseekcoder/Base/A/4809__repeat_3,,
kiota_serialization.factory_resolver,1,unknown,[],,deepseekcoder/Base/A/2010__repeat_1,,
kiota_serialization.text.serialization.parse_node,1,unknown,[],,deepseekcoder/Base/A/2010__repeat_5,,
kiota_serialization.text.serialization.parse_node_factory,1,unknown,[],,deepseekcoder/Base/A/2010__repeat_5,,
kiota_serialization.text.serialization.serialization_writer,1,unknown,[],,deepseekcoder/Base/A/2010__repeat_5,,
kiota_serialization.text.serialization.text_parse_node,1,unknown,[],,deepseekcoder/Base/A/2010__repeat_5,,
kiota_serialization.text.serialization.text_parse_node_factory,1,unknown,[],,deepseekcoder/Base/A/2010__repeat_5,,
my_robocorp_sdk,1,unknown,[],,deepseekcoder/Base/A/1683__repeat_1,,
cache_memoize,1,unknown,[],,deepseekcoder/Base/A/2222__repeat_1,,
openedx_events.hooks,1,unknown,[],,deepseekcoder/Base/A/2496__repeat_2,,
edx_platform_settings.models,1,unknown,[],,deepseekcoder/Base/A/2496__repeat_3,,
edx_event_bus.management.commands.event_bus_cli,1,unknown,[],,deepseekcoder/Base/A/2496__repeat_4,,
lms.djangoapps.course_blocks.blocks,1,unknown,[],,deepseekcoder/Base/A/2496__repeat_4,,
openedx_events.data,1,unknown,[],,deepseekcoder/Base/A/2496__repeat_5,,
openedx_events.learning.data,1,unknown,[],,deepseekcoder/Base/A/2496__repeat_5,,
nis_elements.sources.nd2,1,unknown,[],,deepseekcoder/Base/A/3508__repeat_2,,
nis_elements.tilesource.file_tile_source,1,unknown,[],,deepseekcoder/Base/A/3508__repeat_3,,
tilecutter,1,unknown,[],,deepseekcoder/Base/A/3508__repeat_4,,
nis_elements.formats.tilesource,1,unknown,[],,deepseekcoder/Base/A/3508__repeat_5,,
Microsoft.Diagnostics.Runtime,1,unknown,[],,deepseekcoder/Base/A/2882__repeat_2,,
clr,1,unknown,[],,deepseekcoder/Base/A/2882__repeat_2,,
pythonnet,1,unknown,[],,deepseekcoder/Base/A/2882__repeat_2,,
sfdxpy,1,unknown,[],,deepseekcoder/Base/A/2931__repeat_1,,
salesforce_cli_tools,1,unknown,[],,deepseekcoder/Base/A/2931__repeat_3,,
pykeepass,1,unknown,[],,deepseekcoder/Base/A/4559__repeat_3,,
sketches,1,unknown,[],,deepseekcoder/Base/A/637__repeat_1,,
org.apache.datasketches.theta,1,unknown,[],,deepseekcoder/Base/A/637__repeat_3,,
erpparse,1,unknown,[],,deepseekcoder/Base/A/4881__repeat_2,,
cusignal,1,unknown,[],,deepseekcoder/Base/A/64__repeat_1,,
pycurand,1,unknown,[],,deepseekcoder/Base/A/64__repeat_1,,
pythonvlc,1,unknown,[],,deepseekcoder/BOUND/A/4126__repeat_1,,
musicbrainzngs,1,unknown,[],,deepseekcoder/BOUND/A/2000__repeat_4,,
cudatech,1,unknown,[],,deepseekcoder/BOUND/A/59__repeat_1,,
cuda_memory_profiler,1,unknown,[],,deepseekcoder/BOUND/A/59__repeat_4,,
collectd_python,1,unknown,[],,deepseekcoder/BOUND/A/4381__repeat_2,,
com.vmware.vapi.vsphere.client,1,unknown,[],,deepseekcoder/BOUND/A/1178__repeat_4,,
korean_jamo_utils,1,unknown,[],,deepseekcoder/BOUND/A/1947__repeat_5,,
pynput.keyboard,1,unknown,[],,deepseekcoder/BOUND/A/1767__repeat_5,,
pynput.mouse,1,unknown,[],,deepseekcoder/BOUND/A/1767__repeat_5,,
dxsdk,1,unknown,[],,deepseekcoder/BOUND/A/1366__repeat_1,,
dxpy.cli,1,unknown,[],,deepseekcoder/BOUND/A/1366__repeat_3,,
dxpy.clients,1,unknown,[],,deepseekcoder/BOUND/A/1366__repeat_5,,
environ,1,unknown,[],,deepseekcoder/BOUND/A/1981__repeat_3,,
slack_integration.slack,1,unknown,[],,deepseekcoder/BOUND/A/1981__repeat_4,,
easyvista,1,unknown,[],,deepseekcoder/BOUND/A/4720__repeat_4,,
opentelemetry.propagate.tracecontext,1,ambiguous_namespace,"[""opentelemetry-api"", ""opentelemetry-exporter-otlp"", ""opentelemetry-exporter-otlp-proto-common"", ""opentelemetry-exporter-otlp-proto-grpc"", ""opentelemetry-exporter-otlp-proto-http"", ""opentelemetry-proto"", ""opentelemetry-sdk"", ""opentelemetry-semantic-conventions"", ""opentelemetry-semantic-conventions-ai""]",/home/shuhanliu/miniconda3/envs/vllm/lib/python3.1/site-packages | /home/shuhanliu/miniconda3/envs/vllm/lib/python3.1/site-packages | /home/shuhanliu/miniconda3/envs/vllm/lib/python3.1/site-packages | /home/shuhanliu/miniconda3/envs/vllm/lib/python3.1/site-packages | /home/shuhanliu/miniconda3/envs/vllm/lib/python3.1/site-packages | /home/shuhanliu/miniconda3/envs/vllm/lib/python3.1/site-packages | /home/shuhanliu/miniconda3/envs/vllm/lib/python3.1/site-packages | /home/shuhanliu/miniconda3/envs/vllm/lib/python3.1/site-packages | https://files.pythonhosted.org/packages/89/fb/b3c4750238c1c9686de37d3912357c9b94286b64fe594404a39908064f78/opentelemetry_exporter_otlp-1.45.0-py3-none-any.whl#sha256=3de9a5b18648dc124c751f547d8c7a93b177ddae552566981a792d18a063145c,deepseekcoder/BOUND/A/88__repeat_5,,
kiota_abstractions.serialization.text,1,unknown,[],,deepseekcoder/BOUND/A/2010__repeat_2,,
robocorp_code_assistant.robocorp_asset_storage,1,unknown,[],,deepseekcoder/BOUND/A/1683__repeat_4,,
zk_SNARK,1,unknown,[],,deepseekcoder/BOUND/A/4521__repeat_4,,
py_snark.utils,1,unknown,[],,deepseekcoder/BOUND/A/4521__repeat_5,,
salesforce_client,1,unknown,[],,deepseekcoder/BOUND/A/2931__repeat_1,,
SalesforceMetadataAPI,1,unknown,[],,deepseekcoder/BOUND/A/2931__repeat_3,,
openjpeg.openjpeg,1,unknown,[],,deepseekcoder/BOUND/A/2195__repeat_5,,
yamlinclude,1,unknown,[],,deepseekcoder/BOUND/A/3784__repeat_2,,
ibm_security_apis,1,unknown,[],,deepseekcoder/BOUND/B/782__repeat_1,,
qldbdriver,1,unknown,[],,deepseekcoder/BOUND/B/2773__repeat_3,,
korean_sound_stretcher.jamo,1,unknown,[],,deepseekcoder/BOUND/B/1947__repeat_1,,
korean_sound_stretcher.stretcher,1,unknown,[],,deepseekcoder/BOUND/B/1947__repeat_1,,
luna,1,unknown,[],,deepseekcoder/BOUND/B/1947__repeat_2,,
pyh3.index,1,unknown,[],,deepseekcoder/BOUND/B/1424__repeat_4,,
mkdocs_mermaid2_plugin.events,1,unknown,[],,deepseekcoder/BOUND/B/1085__repeat_2,,
pymdownx,1,unknown,[],,deepseekcoder/BOUND/B/1085__repeat_5,,
google.events.cloudevent,1,ambiguous_namespace,"[""google-api-core"", ""google-auth"", ""googleapis-common-protos"", ""protobuf""]",/home/shuhanliu/miniconda3/envs/vllm/lib/python3.1/site-packages | /home/shuhanliu/miniconda3/envs/vllm/lib/python3.1/site-packages | https://files.pythonhosted.org/packages/7a/f0/cba0ac98e98e01849b19f7504eb3aeede741e72dfc31612e46d5f0dd981c/google_auth-2.58.1-py3-none-any.whl#sha256=66a63572d0ab629554768544df04018d79178c0bd7439ba31683ac576b79024d | https://files.pythonhosted.org/packages/ff/78/41b3cd83d472b63c694a01e876d3aaa7c2b2f61f29ec8a9275f47b057349/google_api_core-2.39.0-py3-none-any.whl#sha256=40a5d1c892bc1798f3b75ab10c665b85717979088519c714ca5774ee81d1e3c5,deepseekcoder/BOUND/B/2939__repeat_3,,
robot.libraries.BuiltIn,1,unknown,[],,deepseekcoder/BOUND/B/1683__repeat_5,,
django_cache_machine,1,unknown,[],,deepseekcoder/BOUND/B/2222__repeat_3,,
edx_hooks.events,1,unknown,[],,deepseekcoder/BOUND/B/2496__repeat_5,,
nis_elements.tilesources.nd2_tilesource,1,unknown,[],,deepseekcoder/BOUND/B/3508__repeat_3,,
some_library,1,unknown,[],,deepseekcoder/BOUND/B/399__repeat_1,,
sfcli.commands,1,unknown,[],,deepseekcoder/BOUND/B/2931__repeat_4,,
erlang_etf,1,unknown,[],,deepseekcoder/BOUND/B/4881__repeat_5,,
panos.polling,1,unknown,[],,deepseekcoder/BOUND/B/2113__repeat_2,,
autofocus,1,unknown,[],,deepseekcoder/BOUND/B/2113__repeat_4,,
panorama,1,unknown,[],,deepseekcoder/BOUND/B/2113__repeat_4,,
wildfire,1,unknown,[],,deepseekcoder/BOUND/B/2113__repeat_4,,
panos.base.auth,1,unknown,[],,deepseekcoder/BOUND/B/2113__repeat_5,,
panos.base.device,1,unknown,[],,deepseekcoder/BOUND/B/2113__repeat_5,,
panos.log,1,unknown,[],,deepseekcoder/BOUND/B/2113__repeat_5,,
panos.policy,1,unknown,[],,deepseekcoder/BOUND/B/2113__repeat_5,,
panos.threat,1,unknown,[],,deepseekcoder/BOUND/B/2113__repeat_5,,
ipywidgets,1,unknown,[],,deepseekcoder/BOUND/C/2845__repeat_2,,
shazam,1,unknown,[],,deepseekcoder/BOUND/C/2000__repeat_1,,
skcuda,1,unknown,[],,deepseekcoder/BOUND/C/59__repeat_1,,
skcuda.fft,1,unknown,[],,deepseekcoder/BOUND/C/59__repeat_4,,
pywebview,1,unknown,[],,deepseekcoder/BOUND/C/1767__repeat_4,,
diagrams,1,unknown,[],,deepseekcoder/BOUND/C/1085__repeat_1,,
diagrams.aws.compute,1,unknown,[],,deepseekcoder/BOUND/C/1085__repeat_1,,
diagrams.aws.database,1,unknown,[],,deepseekcoder/BOUND/C/1085__repeat_1,,
diagrams.aws.network,1,unknown,[],,deepseekcoder/BOUND/C/1085__repeat_1,,
diagrams.aws.storage,1,unknown,[],,deepseekcoder/BOUND/C/1085__repeat_1,,
ats_easy.api_utils,1,unknown,[],,deepseekcoder/BOUND/C/4720__repeat_1,,
ats_easy.utils.config_utils,1,unknown,[],,deepseekcoder/BOUND/C/4720__repeat_1,,
ats_easy.utils.log_utils,1,unknown,[],,deepseekcoder/BOUND/C/4720__repeat_1,,
ats_easy.utils.parser_utils,1,unknown,[],,deepseekcoder/BOUND/C/4720__repeat_1,,
nav_msgs.msg,1,unknown,[],,deepseekcoder/BOUND/C/4355__repeat_4,,
kiota_serialization.formatter,1,unknown,[],,deepseekcoder/BOUND/C/2010__repeat_1,,
kiota_serialization.text.serialization_writer_with_default_values,1,unknown,[],,deepseekcoder/BOUND/C/2010__repeat_2,,
kiota_serialization.text.serialization_writer_with_reference_resolution,1,unknown,[],,deepseekcoder/BOUND/C/2010__repeat_2,,
kiota_serialization.text.serialization_writer_with_string_values,1,unknown,[],,deepseekcoder/BOUND/C/2010__repeat_2,,
kiota_serialization.text.write_only,1,unknown,[],,deepseekcoder/BOUND/C/2010__repeat_2,,
kiota_abstractions.primitive_types,1,unknown,[],,deepseekcoder/BOUND/C/2010__repeat_4,,
kiota_serialization.serialization_reader,1,unknown,[],,deepseekcoder/BOUND/C/2010__repeat_4,,
antr4.error.Errors,1,unknown,[],,deepseekcoder/BOUND/C/250__repeat_1,,
tencentcloudsdkcore.client.client_profile,1,unknown,[],,deepseekcoder/BOUND/C/4887__repeat_4,,
tencentcloudsdkcore.exceptions.TencentCloudSDKException,1,unknown,[],,deepseekcoder/BOUND/C/4887__repeat_4,,
tencentcloudsdkcore.http.http_profile,1,unknown,[],,deepseekcoder/BOUND/C/4887__repeat_4,,
pika,1,unknown,[],,deepseekcoder/BOUND/C/2496__repeat_1,,
edx_platform,1,unknown,[],,deepseekcoder/BOUND/C/2496__repeat_2,,
eventtracking,1,unknown,[],,deepseekcoder/BOUND/C/2496__repeat_4,,
ConfigParser,1,unknown,[],,deepseekcoder/BOUND/C/3508__repeat_5,,
snarkpy.std,1,unknown,[],,deepseekcoder/BOUND/C/4521__repeat_2,,
rust,1,unknown,[],,deepseekcoder/BOUND/C/2026__repeat_5,,
BusinessChat.Chat,1,unknown,[],,deepseekcoder/BOUND/C/399__repeat_2,,
BusinessChat.Client,1,unknown,[],,deepseekcoder/BOUND/C/399__repeat_2,,
salesforce_cli_python,1,unknown,[],,deepseekcoder/BOUND/C/2931__repeat_3,,
google.appengine.ext.webapp,1,ambiguous_namespace,"[""google-api-core"", ""google-auth"", ""googleapis-common-protos"", ""protobuf""]",/home/shuhanliu/miniconda3/envs/vllm/lib/python3.1/site-packages | /home/shuhanliu/miniconda3/envs/vllm/lib/python3.1/site-packages | https://files.pythonhosted.org/packages/7a/f0/cba0ac98e98e01849b19f7504eb3aeede741e72dfc31612e46d5f0dd981c/google_auth-2.58.1-py3-none-any.whl#sha256=66a63572d0ab629554768544df04018d79178c0bd7439ba31683ac576b79024d | https://files.pythonhosted.org/packages/ff/78/41b3cd83d472b63c694a01e876d3aaa7c2b2f61f29ec8a9275f47b057349/google_api_core-2.39.0-py3-none-any.whl#sha256=40a5d1c892bc1798f3b75ab10c665b85717979088519c714ca5774ee81d1e3c5,deepseekcoder/BOUND/C/313__repeat_5,,
models,1,unknown,[],,deepseekcoder/BOUND/C/4117__repeat_1,,
openteremetry.instrumentation.tortoise_orm,1,unknown,[],,deepseekcoder/BOUND/C/4117__repeat_2,,
buildkite_api.builds,1,unknown,[],,deepseekcoder/BOUND/D/270__repeat_5,,
buildkite_api.pipelines,1,unknown,[],,deepseekcoder/BOUND/D/270__repeat_5,,
webrtcvad,1,unknown,[],,deepseekcoder/BOUND/D/4126__repeat_4,,
label_studio.services.api,1,unknown,[],,deepseekcoder/BOUND/D/2845__repeat_2,,
label_studio.services.ml,1,unknown,[],,deepseekcoder/BOUND/D/2845__repeat_2,,
ibm_s3transfer.s3transfer,1,unknown,[],,deepseekcoder/BOUND/D/782__repeat_1,,
ibm_resource_groups,1,unknown,[],,deepseekcoder/BOUND/D/782__repeat_2,,
ibm_resource_instances,1,unknown,[],,deepseekcoder/BOUND/D/782__repeat_2,,
ibm_services,1,unknown,[],,deepseekcoder/BOUND/D/782__repeat_2,,
vmware.vapi.protocol.client,1,unknown,[],,deepseekcoder/BOUND/D/1178__repeat_3,,
vmware.vsphere.vm_admin.vm.type_definitions,1,unknown,[],,deepseekcoder/BOUND/D/1178__repeat_3,,
hangul_syllable_jamo_decomposition,1,unknown,[],,deepseekcoder/BOUND/D/1947__repeat_1,,
korean_jamo,1,unknown,[],,deepseekcoder/BOUND/D/1947__repeat_4,,
pyaccessibility,1,unknown,[],,deepseekcoder/BOUND/D/1767__repeat_4,,
geospark.geotools,1,unknown,[],,deepseekcoder/BOUND/D/1424__repeat_3,,
google.cloud.pubsub_v1.publisher.message_publisher,1,ambiguous_namespace,"[""google-api-core"", ""google-auth"", ""googleapis-common-protos"", ""protobuf""]",/home/shuhanliu/miniconda3/envs/vllm/lib/python3.1/site-packages | /home/shuhanliu/miniconda3/envs/vllm/lib/python3.1/site-packages | https://files.pythonhosted.org/packages/7a/f0/cba0ac98e98e01849b19f7504eb3aeede741e72dfc31612e46d5f0dd981c/google_auth-2.58.1-py3-none-any.whl#sha256=66a63572d0ab629554768544df04018d79178c0bd7439ba31683ac576b79024d | https://files.pythonhosted.org/packages/ff/78/41b3cd83d472b63c694a01e876d3aaa7c2b2f61f29ec8a9275f47b057349/google_api_core-2.39.0-py3-none-any.whl#sha256=40a5d1c892bc1798f3b75ab10c665b85717979088519c714ca5774ee81d1e3c5,deepseekcoder/BOUND/D/2939__repeat_1,,
google.cloud.pubsub_v1.publisher.publisher_client,1,ambiguous_namespace,"[""google-api-core"", ""google-auth"", ""googleapis-common-protos"", ""protobuf""]",/home/shuhanliu/miniconda3/envs/vllm/lib/python3.1/site-packages | /home/shuhanliu/miniconda3/envs/vllm/lib/python3.1/site-packages | https://files.pythonhosted.org/packages/7a/f0/cba0ac98e98e01849b19f7504eb3aeede741e72dfc31612e46d5f0dd981c/google_auth-2.58.1-py3-none-any.whl#sha256=66a63572d0ab629554768544df04018d79178c0bd7439ba31683ac576b79024d | https://files.pythonhosted.org/packages/ff/78/41b3cd83d472b63c694a01e876d3aaa7c2b2f61f29ec8a9275f47b057349/google_api_core-2.39.0-py3-none-any.whl#sha256=40a5d1c892bc1798f3b75ab10c665b85717979088519c714ca5774ee81d1e3c5,deepseekcoder/BOUND/D/2939__repeat_1,,
google.cloud.pubsub_v1.subscriber.subscriber_client,1,ambiguous_namespace,"[""google-api-core"", ""google-auth"", ""googleapis-common-protos"", ""protobuf""]",/home/shuhanliu/miniconda3/envs/vllm/lib/python3.1/site-packages | /home/shuhanliu/miniconda3/envs/vllm/lib/python3.1/site-packages | https://files.pythonhosted.org/packages/7a/f0/cba0ac98e98e01849b19f7504eb3aeede741e72dfc31612e46d5f0dd981c/google_auth-2.58.1-py3-none-any.whl#sha256=66a63572d0ab629554768544df04018d79178c0bd7439ba31683ac576b79024d | https://files.pythonhosted.org/packages/ff/78/41b3cd83d472b63c694a01e876d3aaa7c2b2f61f29ec8a9275f47b057349/google_api_core-2.39.0-py3-none-any.whl#sha256=40a5d1c892bc1798f3b75ab10c665b85717979088519c714ca5774ee81d1e3c5,deepseekcoder/BOUND/D/2939__repeat_1,,
google.cloud.events_v1,1,ambiguous_namespace,"[""google-api-core"", ""google-auth"", ""googleapis-common-protos"", ""protobuf""]",/home/shuhanliu/miniconda3/envs/vllm/lib/python3.1/site-packages | /home/shuhanliu/miniconda3/envs/vllm/lib/python3.1/site-packages | https://files.pythonhosted.org/packages/7a/f0/cba0ac98e98e01849b19f7504eb3aeede741e72dfc31612e46d5f0dd981c/google_auth-2.58.1-py3-none-any.whl#sha256=66a63572d0ab629554768544df04018d79178c0bd7439ba31683ac576b79024d | https://files.pythonhosted.org/packages/ff/78/41b3cd83d472b63c694a01e876d3aaa7c2b2f61f29ec8a9275f47b057349/google_api_core-2.39.0-py3-none-any.whl#sha256=40a5d1c892bc1798f3b75ab10c665b85717979088519c714ca5774ee81d1e3c5,deepseekcoder/BOUND/D/2939__repeat_4,,
google.events.cloudevents_v1,1,ambiguous_namespace,"[""google-api-core"", ""google-auth"", ""googleapis-common-protos"", ""protobuf""]",/home/shuhanliu/miniconda3/envs/vllm/lib/python3.1/site-packages | /home/shuhanliu/miniconda3/envs/vllm/lib/python3.1/site-packages | https://files.pythonhosted.org/packages/7a/f0/cba0ac98e98e01849b19f7504eb3aeede741e72dfc31612e46d5f0dd981c/google_auth-2.58.1-py3-none-any.whl#sha256=66a63572d0ab629554768544df04018d79178c0bd7439ba31683ac576b79024d | https://files.pythonhosted.org/packages/ff/78/41b3cd83d472b63c694a01e876d3aaa7c2b2f61f29ec8a9275f47b057349/google_api_core-2.39.0-py3-none-any.whl#sha256=40a5d1c892bc1798f3b75ab10c665b85717979088519c714ca5774ee81d1e3c5,deepseekcoder/BOUND/D/2939__repeat_5,,
opentelemetry.exporter.jaeger.proto_exporter,1,ambiguous_namespace,"[""opentelemetry-api"", ""opentelemetry-exporter-otlp"", ""opentelemetry-exporter-otlp-proto-common"", ""opentelemetry-exporter-otlp-proto-grpc"", ""opentelemetry-exporter-otlp-proto-http"", ""opentelemetry-proto"", ""opentelemetry-sdk"", ""opentelemetry-semantic-conventions"", ""opentelemetry-semantic-conventions-ai""]",/home/shuhanliu/miniconda3/envs/vllm/lib/python3.1/site-packages | /home/shuhanliu/miniconda3/envs/vllm/lib/python3.1/site-packages | /home/shuhanliu/miniconda3/envs/vllm/lib/python3.1/site-packages | /home/shuhanliu/miniconda3/envs/vllm/lib/python3.1/site-packages | /home/shuhanliu/miniconda3/envs/vllm/lib/python3.1/site-packages | /home/shuhanliu/miniconda3/envs/vllm/lib/python3.1/site-packages | /home/shuhanliu/miniconda3/envs/vllm/lib/python3.1/site-packages | /home/shuhanliu/miniconda3/envs/vllm/lib/python3.1/site-packages | https://files.pythonhosted.org/packages/89/fb/b3c4750238c1c9686de37d3912357c9b94286b64fe594404a39908064f78/opentelemetry_exporter_otlp-1.45.0-py3-none-any.whl#sha256=3de9a5b18648dc124c751f547d8c7a93b177ddae552566981a792d18a063145c,deepseekcoder/BOUND/D/88__repeat_1,,
pydanny.pytest_dbt.plugin,1,unknown,[],,deepseekcoder/BOUND/D/4809__repeat_4,,
pypariql.compiler,1,unknown,[],,deepseekcoder/BOUND/D/84__repeat_5,,
genpy.message_generators,1,unknown,[],,deepseekcoder/BOUND/D/4355__repeat_2,,
robocorp_model.assetstorage,1,unknown,[],,deepseekcoder/BOUND/D/1683__repeat_2,,
xmodule.contentstore.django,1,unknown,[],,deepseekcoder/BOUND/D/2496__repeat_2,,
xmodule.course_module,1,unknown,[],,deepseekcoder/BOUND/D/2496__repeat_2,,
xmodule.modulestore.locator,1,unknown,[],,deepseekcoder/BOUND/D/2496__repeat_2,,
edx_event.hooks,1,unknown,[],,deepseekcoder/BOUND/D/2496__repeat_3,,
openedx_events.tools,1,unknown,[],,deepseekcoder/BOUND/D/2496__repeat_4,,
zarr,1,unknown,[],,deepseekcoder/BOUND/D/3508__repeat_2,,
zarr.numpyio,1,unknown,[],,deepseekcoder/BOUND/D/3508__repeat_2,,
nis_elements.data_sources,1,unknown,[],,deepseekcoder/BOUND/D/3508__repeat_5,,
zexe.core.protocols,1,unknown,[],,deepseekcoder/BOUND/D/4521__repeat_3,,
zexe.core.utils,1,unknown,[],,deepseekcoder/BOUND/D/4521__repeat_3,,
python_terraform,1,unknown,[],,deepseekcoder/BOUND/D/2250__repeat_2,,
sigsep_mus.evaluation,1,unknown,[],,deepseekcoder/BOUND/D/2465__repeat_3,,
erl_terms.erl_term,1,unknown,[],,deepseekcoder/BOUND/D/4881__repeat_2,,
panos.nat,1,unknown,[],,deepseekcoder/BOUND/D/2113__repeat_1,,
panos.vuln,1,unknown,[],,deepseekcoder/BOUND/D/2113__repeat_1,,
cudf_cudf,1,unknown,[],,deepseekcoder/BOUND/D/64__repeat_2,,
cudf_cuml,1,unknown,[],,deepseekcoder/BOUND/D/64__repeat_2,,
cudf_io,1,unknown,[],,deepseekcoder/BOUND/D/64__repeat_2,,
cudf_kalman,1,unknown,[],,deepseekcoder/BOUND/D/64__repeat_2,,
cudf_ml,1,unknown,[],,deepseekcoder/BOUND/D/64__repeat_2,,
cudf_readers,1,unknown,[],,deepseekcoder/BOUND/D/64__repeat_2,,
cudf_tests,1,unknown,[],,deepseekcoder/BOUND/D/64__repeat_2,,
cudf_utils,1,unknown,[],,deepseekcoder/BOUND/D/64__repeat_2,,
cudf_warpcore,1,unknown,[],,deepseekcoder/BOUND/D/64__repeat_2,,
pyflakes,1,unknown,[],,deepseekcoder/BOUND/D/1725__repeat_5,,
pyflakes.checker,1,unknown,[],,deepseekcoder/BOUND/D/1725__repeat_5,,
pyflakes.common,1,unknown,[],,deepseekcoder/BOUND/D/1725__repeat_5,,
pysrtp,1,unknown,[],,deepseekcoder/ROME/D/4126__repeat_3,,
label_studio.server,1,unknown,[],,deepseekcoder/ROME/D/2845__repeat_4,,
label_studio.services.tasks,1,unknown,[],,deepseekcoder/ROME/D/2845__repeat_4,,
label_studio.utils.misc,1,unknown,[],,deepseekcoder/ROME/D/2845__repeat_4,,
label_studio.view,1,unknown,[],,deepseekcoder/ROME/D/2845__repeat_4,,
hangul_syllable_jamo_level,1,unknown,[],,deepseekcoder/ROME/D/1947__repeat_4,,
PyObjC,1,unknown,[],,deepseekcoder/ROME/D/1767__repeat_2,,
pymetrics,1,unknown,[],,deepseekcoder/ROME/D/1767__repeat_4,,
ateasy,1,unknown,[],,deepseekcoder/ROME/D/4720__repeat_1,,
ats_easy.api.configuration,1,unknown,[],,deepseekcoder/ROME/D/4720__repeat_5,,
ats_easy.connection,1,unknown,[],,deepseekcoder/ROME/D/4720__repeat_5,,
google.cloud.pubsub_v1.publisher.message,1,ambiguous_namespace,"[""google-api-core"", ""google-auth"", ""googleapis-common-protos"", ""protobuf""]",/home/shuhanliu/miniconda3/envs/vllm/lib/python3.1/site-packages | /home/shuhanliu/miniconda3/envs/vllm/lib/python3.1/site-packages | https://files.pythonhosted.org/packages/7a/f0/cba0ac98e98e01849b19f7504eb3aeede741e72dfc31612e46d5f0dd981c/google_auth-2.58.1-py3-none-any.whl#sha256=66a63572d0ab629554768544df04018d79178c0bd7439ba31683ac576b79024d | https://files.pythonhosted.org/packages/ff/78/41b3cd83d472b63c694a01e876d3aaa7c2b2f61f29ec8a9275f47b057349/google_api_core-2.39.0-py3-none-any.whl#sha256=40a5d1c892bc1798f3b75ab10c665b85717979088519c714ca5774ee81d1e3c5,deepseekcoder/ROME/D/2939__repeat_3,,
google.identity.accesscontextmanager,1,ambiguous_namespace,"[""google-api-core"", ""google-auth"", ""googleapis-common-protos"", ""protobuf""]",/home/shuhanliu/miniconda3/envs/vllm/lib/python3.1/site-packages | /home/shuhanliu/miniconda3/envs/vllm/lib/python3.1/site-packages | https://files.pythonhosted.org/packages/7a/f0/cba0ac98e98e01849b19f7504eb3aeede741e72dfc31612e46d5f0dd981c/google_auth-2.58.1-py3-none-any.whl#sha256=66a63572d0ab629554768544df04018d79178c0bd7439ba31683ac576b79024d | https://files.pythonhosted.org/packages/ff/78/41b3cd83d472b63c694a01e876d3aaa7c2b2f61f29ec8a9275f47b057349/google_api_core-2.39.0-py3-none-any.whl#sha256=40a5d1c892bc1798f3b75ab10c665b85717979088519c714ca5774ee81d1e3c5,deepseekcoder/ROME/D/1871__repeat_2,,
google.identity.accesscontextmanager.types,1,ambiguous_namespace,"[""google-api-core"", ""google-auth"", ""googleapis-common-protos"", ""protobuf""]",/home/shuhanliu/miniconda3/envs/vllm/lib/python3.1/site-packages | /home/shuhanliu/miniconda3/envs/vllm/lib/python3.1/site-packages | https://files.pythonhosted.org/packages/7a/f0/cba0ac98e98e01849b19f7504eb3aeede741e72dfc31612e46d5f0dd981c/google_auth-2.58.1-py3-none-any.whl#sha256=66a63572d0ab629554768544df04018d79178c0bd7439ba31683ac576b79024d | https://files.pythonhosted.org/packages/ff/78/41b3cd83d472b63c694a01e876d3aaa7c2b2f61f29ec8a9275f47b057349/google_api_core-2.39.0-py3-none-any.whl#sha256=40a5d1c892bc1798f3b75ab10c665b85717979088519c714ca5774ee81d1e3c5,deepseekcoder/ROME/D/1871__repeat_2,,
presto_python_client,1,unknown,[],,deepseekcoder/ROME/D/84__repeat_1,,
SqlBaseLexer,1,unknown,[],,deepseekcoder/ROME/D/250__repeat_4,,
SqlBaseParser,1,unknown,[],,deepseekcoder/ROME/D/250__repeat_4,,
tencentcloudsdk.services.smpn,1,unknown,[],,deepseekcoder/ROME/D/4887__repeat_5,,
my_app.models,1,unknown,[],,deepseekcoder/ROME/D/2222__repeat_1,,
my_app.signals,1,unknown,[],,deepseekcoder/ROME/D/2222__repeat_1,,
edx_event_bus_client,1,unknown,[],,deepseekcoder/ROME/D/2496__repeat_3,,
edx_events.event,1,unknown,[],,deepseekcoder/ROME/D/2496__repeat_5,,
edx_events.hooks,1,unknown,[],,deepseekcoder/ROME/D/2496__repeat_5,,
edx_events.producer,1,unknown,[],,deepseekcoder/ROME/D/2496__repeat_5,,
edx_events.state,1,unknown,[],,deepseekcoder/ROME/D/2496__repeat_5,,
libnd2.nd2reader,1,unknown,[],,deepseekcoder/ROME/D/3508__repeat_1,,
nis_elements.image_source,1,unknown,[],,deepseekcoder/ROME/D/3508__repeat_2,,
pims_nd2,1,unknown,[],,deepseekcoder/ROME/D/3508__repeat_4,,
openslide_nd2,1,unknown,[],,deepseekcoder/ROME/D/3508__repeat_5,,
rust_extension_module,1,unknown,[],,deepseekcoder/ROME/D/2026__repeat_4,,
sphinx_apidoc.app,1,unknown,[],,deepseekcoder/ROME/D/1798__repeat_1,,
Chat,1,unknown,[],,deepseekcoder/ROME/D/399__repeat_3,,
Conversation,1,unknown,[],,deepseekcoder/ROME/D/399__repeat_3,,
some_framework,1,unknown,[],,deepseekcoder/ROME/D/399__repeat_5,,
lettuce,1,unknown,[],,deepseekcoder/ROME/D/2250__repeat_1,,
pytest_terraform,1,unknown,[],,deepseekcoder/ROME/D/2250__repeat_4,,
vimeo.auth,1,unknown,[],,deepseekcoder/ROME/D/2398__repeat_5,,
vimeo_upload,1,unknown,[],,deepseekcoder/ROME/D/2398__repeat_5,,
asterisk.manager,1,unknown,[],,deepseekcoder/MEMIT/A/4126__repeat_1,,
pylabelstudio.label_config,1,unknown,[],,deepseekcoder/MEMIT/A/2845__repeat_1,,
pylabelstudio.project,1,unknown,[],,deepseekcoder/MEMIT/A/2845__repeat_1,,
ome_tifffile,1,unknown,[],,deepseekcoder/MEMIT/A/3302__repeat_5,,
qldb.driver.ledger_reader_concurrency_config,1,unknown,[],,deepseekcoder/MEMIT/A/2773__repeat_2,,
qldb.driver.table_metadata,1,unknown,[],,deepseekcoder/MEMIT/A/2773__repeat_2,,
mkdocs_material,1,unknown,[],,deepseekcoder/MEMIT/A/1085__repeat_3,,
pydanny.dbt.utils,1,unknown,[],,deepseekcoder/MEMIT/A/4809__repeat_4,,
kiota_serialization.text.parsing,1,unknown,[],,deepseekcoder/MEMIT/A/2010__repeat_3,,
robocorp_connector.assetstorage,1,unknown,[],,deepseekcoder/MEMIT/A/1683__repeat_4,,
common.djangoapps.student.models,1,unknown,[],,deepseekcoder/MEMIT/A/2496__repeat_1,,
nis_elements.tilesource.file_tilesource,1,unknown,[],,deepseekcoder/MEMIT/A/3508__repeat_1,,
nis_elements.tilesource.nd2_tilesource,1,unknown,[],,deepseekcoder/MEMIT/A/3508__repeat_1,,
nis_elements.tilesource.numpy_tilesource,1,unknown,[],,deepseekcoder/MEMIT/A/3508__repeat_1,,
nis_elements.tilesource.transformed_tilesource,1,unknown,[],,deepseekcoder/MEMIT/A/3508__repeat_1,,
zk_snark,1,unknown,[],,deepseekcoder/MEMIT/A/4521__repeat_2,,
rocket,1,unknown,[],,deepseekcoder/MEMIT/A/2026__repeat_3,,
assertpy,1,unknown,[],,deepseekcoder/MEMIT/A/2250__repeat_4,,
sigsep_mus.mus_eval,1,unknown,[],,deepseekcoder/MEMIT/A/2465__repeat_2,,
pan.xapi,1,unknown,[],,deepseekcoder/MEMIT/A/2113__repeat_3,,
cudf_kernels,1,unknown,[],,deepseekcoder/MEMIT/A/64__repeat_5,,
tcb.tcb,1,unknown,[],,deepseekcoder/MEMIT/A/4856__repeat_4,,
pyexiftool,1,unknown,[],,deepseekcoder/MEMIT/A/4196__repeat_5,,
buildkite.client,1,unknown,[],,deepseekcoder/MEMIT/B/270__repeat_1,,
sipy,1,unknown,[],,deepseekcoder/MEMIT/B/4126__repeat_3,,
ometaiff,1,unknown,[],,deepseekcoder/MEMIT/B/3302__repeat_5,,
musickit,1,unknown,[],,deepseekcoder/MEMIT/B/2000__repeat_2,,
novaclient,1,unknown,[],,deepseekcoder/MEMIT/B/4699__repeat_5,,
novaclient.client,1,unknown,[],,deepseekcoder/MEMIT/B/4699__repeat_5,,
qldb.config.retry_policy,1,unknown,[],,deepseekcoder/MEMIT/B/2773__repeat_5,,
com.vmware.vapi.vdm.client,1,unknown,[],,deepseekcoder/MEMIT/B/1178__repeat_5,,
osascript,1,unknown,[],,deepseekcoder/MEMIT/B/1767__repeat_1,,
pyh3.h3,1,unknown,[],,deepseekcoder/MEMIT/B/1424__repeat_1,,
mkdocs_gen_files,1,unknown,[],,deepseekcoder/MEMIT/B/1085__repeat_5,,
easydevice,1,unknown,[],,deepseekcoder/MEMIT/B/4720__repeat_3,,
ats_easy_api_module,1,unknown,[],,deepseekcoder/MEMIT/B/4720__repeat_4,,
antlr.grammars.sql.SQLLexer,1,unknown,[],,deepseekcoder/MEMIT/B/250__repeat_2,,
antlr.grammars.sql.SQLParser,1,unknown,[],,deepseekcoder/MEMIT/B/250__repeat_2,,
edx_events_utils,1,unknown,[],,deepseekcoder/MEMIT/B/2496__repeat_3,,
nis_elements.processing.large_image,1,unknown,[],,deepseekcoder/MEMIT/B/3508__repeat_5,,
python_crash_handler,1,unknown,[],,deepseekcoder/MEMIT/B/2882__repeat_5,,
sha3,1,unknown,[],,deepseekcoder/MEMIT/B/4521__repeat_1,,
citext,1,unknown,[],,deepseekcoder/MEMIT/B/2364__repeat_1,,
sqlalchemy_citext,1,unknown,[],,deepseekcoder/MEMIT/B/2364__repeat_5,,
cuda.cuda_array,1,ambiguous_namespace,"[""cuda-bindings"", ""cuda-pathfinder""]",/home/shuhanliu/miniconda3/envs/vllm/lib/python3.1/site-packages | /home/shuhanliu/miniconda3/envs/vllm/lib/python3.1/site-packages,deepseekcoder/MEMIT/B/64__repeat_2,,
cuda.cuda_random,1,ambiguous_namespace,"[""cuda-bindings"", ""cuda-pathfinder""]",/home/shuhanliu/miniconda3/envs/vllm/lib/python3.1/site-packages | /home/shuhanliu/miniconda3/envs/vllm/lib/python3.1/site-packages,deepseekcoder/MEMIT/B/64__repeat_2,,
lumigo35,1,unknown,[],,deepseekcoder/MEMIT/B/1522__repeat_2,,
lumigo36,1,unknown,[],,deepseekcoder/MEMIT/B/1522__repeat_2,,
lumigo37,1,unknown,[],,deepseekcoder/MEMIT/B/1522__repeat_2,,
gitlab_ci_python,1,unknown,[],,deepseekcoder/MEMIT/B/3155__repeat_2,,
sipy.sip,1,unknown,[],,deepseekcoder/MEMIT/C/4126__repeat_4,,
pylabelstudio.labeling.label_config,1,unknown,[],,deepseekcoder/MEMIT/C/2845__repeat_1,,
pylabelstudio.labeling.label_task,1,unknown,[],,deepseekcoder/MEMIT/C/2845__repeat_1,,
pylabelstudio.labeling.label_widget,1,unknown,[],,deepseekcoder/MEMIT/C/2845__repeat_1,,
pyshazam,1,unknown,[],,deepseekcoder/MEMIT/C/2000__repeat_1,,
cudalib,1,unknown,[],,deepseekcoder/MEMIT/C/2347__repeat_2,,
pyclustering,1,unknown,[],,deepseekcoder/MEMIT/C/2347__repeat_3,,
pyclustering.cluster.bsas,1,unknown,[],,deepseekcoder/MEMIT/C/2347__repeat_3,,
pyclustering.cluster.center_initializer,1,unknown,[],,deepseekcoder/MEMIT/C/2347__repeat_3,,
pyclustering.cluster.dbscan,1,unknown,[],,deepseekcoder/MEMIT/C/2347__repeat_3,,
pyclustering.cluster.gmeans,1,unknown,[],,deepseekcoder/MEMIT/C/2347__repeat_3,,
pyclustering.cluster.kmeans,1,unknown,[],,deepseekcoder/MEMIT/C/2347__repeat_3,,
pyclustering.cluster.kmedoids,1,unknown,[],,deepseekcoder/MEMIT/C/2347__repeat_3,,
pyclustering.cluster.xmeans,1,unknown,[],,deepseekcoder/MEMIT/C/2347__repeat_3,,
pyclustering.samples.definitions,1,unknown,[],,deepseekcoder/MEMIT/C/2347__repeat_3,,
pyclustering.utils,1,unknown,[],,deepseekcoder/MEMIT/C/2347__repeat_3,,
pyclustering.visualization,1,unknown,[],,deepseekcoder/MEMIT/C/2347__repeat_3,,
pycuda.tools,1,unknown,[],,deepseekcoder/MEMIT/C/2347__repeat_5,,
cuda.cudadrv.device,1,ambiguous_namespace,"[""cuda-bindings"", ""cuda-pathfinder""]",/home/shuhanliu/miniconda3/envs/vllm/lib/python3.1/site-packages | /home/shuhanliu/miniconda3/envs/vllm/lib/python3.1/site-packages,deepseekcoder/MEMIT/C/59__repeat_4,,
amazon.qldb.driver,1,unknown,[],,deepseekcoder/MEMIT/C/2773__repeat_3,,
vmware.vapi.core,1,unknown,[],,deepseekcoder/MEMIT/C/1178__repeat_1,,
syllables,1,unknown,[],,deepseekcoder/MEMIT/C/1947__repeat_3,,
genie.testbed,1,unknown,[],,deepseekcoder/MEMIT/C/4720__repeat_2,,
ats_easy.api.data,1,unknown,[],,deepseekcoder/MEMIT/C/4720__repeat_3,,
ats_easy.api.images,1,unknown,[],,deepseekcoder/MEMIT/C/4720__repeat_3,,
ats_easy.api.measurement,1,unknown,[],,deepseekcoder/MEMIT/C/4720__repeat_3,,
ats_easy.api.atseasy,1,unknown,[],,deepseekcoder/MEMIT/C/4720__repeat_4,,
kiota_serialization.text.serialization.text_serialization_reader,1,unknown,[],,deepseekcoder/MEMIT/C/2010__repeat_1,,
kiota_serialization.serialize_node,1,unknown,[],,deepseekcoder/MEMIT/C/2010__repeat_3,,
kiota_serialization.text.serialization_reader,1,unknown,[],,deepseekcoder/MEMIT/C/2010__repeat_4,,
roboflow,1,unknown,[],,deepseekcoder/MEMIT/C/1683__repeat_1,,
robocorp_code_asset_storage_client.asset_storage,1,unknown,[],,deepseekcoder/MEMIT/C/1683__repeat_2,,
java.util.ArrayList,1,unknown,[],,deepseekcoder/MEMIT/C/250__repeat_1,,
java.util.List,1,unknown,[],,deepseekcoder/MEMIT/C/250__repeat_1,,
org.antlr.v4.runtime.CharStreams,1,unknown,[],,deepseekcoder/MEMIT/C/250__repeat_1,,
org.antlr.v4.runtime.CommonTokenStream,1,unknown,[],,deepseekcoder/MEMIT/C/250__repeat_1,,
org.antlr.v4.runtime.tree.ParseTree,1,unknown,[],,deepseekcoder/MEMIT/C/250__repeat_1,,
org.antlr.v4.runtime.tree.ParseTreeWalker,1,unknown,[],,deepseekcoder/MEMIT/C/250__repeat_1,,
org.antlr.v4.runtime.tree.TerminalNode,1,unknown,[],,deepseekcoder/MEMIT/C/250__repeat_1,,
cache_machine,1,unknown,[],,deepseekcoder/MEMIT/C/2222__repeat_5,,
openedx.core.djangoapps.enrollments.events,1,unknown,[],,deepseekcoder/MEMIT/C/2496__repeat_1,,
openedx.core.djangoapps.event_routing.coordinator,1,unknown,[],,deepseekcoder/MEMIT/C/2496__repeat_1,,
lms.djangoapps.grades.signals.handlers,1,unknown,[],,deepseekcoder/MEMIT/C/2496__repeat_3,,
event_hooks,1,unknown,[],,deepseekcoder/MEMIT/C/2496__repeat_4,,
xmodule.raw_module,1,unknown,[],,deepseekcoder/MEMIT/C/2496__repeat_4,,
edx_event_bus_library.dispatch,1,unknown,[],,deepseekcoder/MEMIT/C/2496__repeat_5,,
edx_event_bus_library.events,1,unknown,[],,deepseekcoder/MEMIT/C/2496__repeat_5,,
edx_event_bus_library.middleware.db,1,unknown,[],,deepseekcoder/MEMIT/C/2496__repeat_5,,
edx_event_bus_library.middleware.log,1,unknown,[],,deepseekcoder/MEMIT/C/2496__repeat_5,,
edx_event_bus_library.registry,1,unknown,[],,deepseekcoder/MEMIT/C/2496__repeat_5,,
nis_elements.image.io,1,unknown,[],,deepseekcoder/MEMIT/C/3508__repeat_1,,
pylibND2,1,unknown,[],,deepseekcoder/MEMIT/C/3508__repeat_3,,
py_snark.zk_snarks,1,unknown,[],,deepseekcoder/MEMIT/C/4521__repeat_4,,
snarkpy.prover,1,unknown,[],,deepseekcoder/MEMIT/C/4521__repeat_5,,
chat_sdk,1,unknown,[],,deepseekcoder/MEMIT/C/399__repeat_2,,
businesschat_sdk,1,unknown,[],,deepseekcoder/MEMIT/C/399__repeat_5,,
terraform_pytest,1,unknown,[],,deepseekcoder/MEMIT/C/2250__repeat_2,,
terrametic,1,unknown,[],,deepseekcoder/MEMIT/C/2250__repeat_4,,
salesforce_cli_api,1,unknown,[],,deepseekcoder/MEMIT/C/2931__repeat_4,,
cuda.cuarray,1,ambiguous_namespace,"[""cuda-bindings"", ""cuda-pathfinder""]",/home/shuhanliu/miniconda3/envs/vllm/lib/python3.1/site-packages | /home/shuhanliu/miniconda3/envs/vllm/lib/python3.1/site-packages,deepseekcoder/MEMIT/C/64__repeat_5,,
cuda.cuda_runtime,1,ambiguous_namespace,"[""cuda-bindings"", ""cuda-pathfinder""]",/home/shuhanliu/miniconda3/envs/vllm/lib/python3.1/site-packages | /home/shuhanliu/miniconda3/envs/vllm/lib/python3.1/site-packages,deepseekcoder/MEMIT/C/64__repeat_5,,
tokenize_plugin,1,unknown,[],,deepseekcoder/MEMIT/C/1725__repeat_1,,
cairosvg,1,unknown,[],,deepseekcoder/MEMIT/C/4081__repeat_5,,
com.vmware.vapi.std.errors_client,1,unknown,[],,deepseekcoder/MEMIT/D/1178__repeat_3,,
vsphereautomation.vapi.std.errors_client,1,unknown,[],,deepseekcoder/MEMIT/D/1178__repeat_3,,
vsphereautomation.vapi.vsphere.client,1,unknown,[],,deepseekcoder/MEMIT/D/1178__repeat_3,,
vsphereautomation.vcenter.VM,1,unknown,[],,deepseekcoder/MEMIT/D/1178__repeat_3,,
korean_syllable_jamo_analyzer,1,unknown,[],,deepseekcoder/MEMIT/D/1947__repeat_1,,
hangul_tools,1,unknown,[],,deepseekcoder/MEMIT/D/1947__repeat_2,,
hangul_jamo_utilities,1,unknown,[],,deepseekcoder/MEMIT/D/1947__repeat_3,,
ats_easya,1,unknown,[],,deepseekcoder/MEMIT/D/4720__repeat_3,,
encoder,1,unknown,[],,deepseekcoder/MEMIT/D/682__repeat_5,,
google.cloud.storage,1,ambiguous_namespace,"[""google-api-core"", ""google-auth"", ""googleapis-common-protos"", ""protobuf""]",/home/shuhanliu/miniconda3/envs/vllm/lib/python3.1/site-packages | /home/shuhanliu/miniconda3/envs/vllm/lib/python3.1/site-packages | https://files.pythonhosted.org/packages/7a/f0/cba0ac98e98e01849b19f7504eb3aeede741e72dfc31612e46d5f0dd981c/google_auth-2.58.1-py3-none-any.whl#sha256=66a63572d0ab629554768544df04018d79178c0bd7439ba31683ac576b79024d | https://files.pythonhosted.org/packages/ff/78/41b3cd83d472b63c694a01e876d3aaa7c2b2f61f29ec8a9275f47b057349/google_api_core-2.39.0-py3-none-any.whl#sha256=40a5d1c892bc1798f3b75ab10c665b85717979088519c714ca5774ee81d1e3c5,deepseekcoder/MEMIT/D/1871__repeat_4,,
djangopwa.decorators,1,unknown,[],,deepseekcoder/MEMIT/D/3916__repeat_4,,
djangopwa.settings,1,unknown,[],,deepseekcoder/MEMIT/D/3916__repeat_4,,
kiota_serialization.format,1,unknown,[],,deepseekcoder/MEMIT/D/2010__repeat_3,,
robocorp_vault_sdk,1,unknown,[],,deepseekcoder/MEMIT/D/1683__repeat_1,,
asset_storage,1,unknown,[],,deepseekcoder/MEMIT/D/1683__repeat_5,,
antlr.SQLListener,1,unknown,[],,deepseekcoder/MEMIT/D/250__repeat_5,,
tencentcloudsdk.scf.v20180416.client,1,unknown,[],,deepseekcoder/MEMIT/D/4887__repeat_3,,
tencentcloudapi.smpn.v20190823,1,unknown,[],,deepseekcoder/MEMIT/D/4887__repeat_4,,
yourapp.yourmodule.signals,1,unknown,[],,deepseekcoder/MEMIT/D/2222__repeat_5,,
event_bus,1,unknown,[],,deepseekcoder/MEMIT/D/2496__repeat_1,,
xblockutils.base_dynamic_content,1,unknown,[],,deepseekcoder/MEMIT/D/2496__repeat_3,,
nis_elements.formats.nd2_reader,1,unknown,[],,deepseekcoder/MEMIT/D/3508__repeat_3,,
nis_elements.tools.tilesource,1,unknown,[],,deepseekcoder/MEMIT/D/3508__repeat_3,,
gunicorn.app.base,1,unknown,[],,deepseekcoder/MEMIT/D/2026__repeat_3,,
pyo3.ffi,1,unknown,[],,deepseekcoder/MEMIT/D/2026__repeat_4,,
sfdjango.models,1,unknown,[],,deepseekcoder/MEMIT/D/2931__repeat_1,,
sfdjango.session,1,unknown,[],,deepseekcoder/MEMIT/D/2931__repeat_1,,
tcb.database,1,unknown,[],,deepseekcoder/MEMIT/D/4856__repeat_5,,
tables,1,unknown,[],,deepseekcoder/DINM/A/2347__repeat_3,,
qldb.qldb_session,1,unknown,[],,deepseekcoder/DINM/A/2773__repeat_1,,
hangul_jamo_utils,1,unknown,[],,deepseekcoder/DINM/A/1947__repeat_3,,
korean_accent_py,1,unknown,[],,deepseekcoder/DINM/A/1947__repeat_4,,
pyperclip,1,unknown,[],,deepseekcoder/DINM/A/1767__repeat_3,,
pyh3.spatial,1,unknown,[],,deepseekcoder/DINM/A/1424__repeat_4,,
opentelemetry.sdk.baggage,1,ambiguous_namespace,"[""opentelemetry-api"", ""opentelemetry-exporter-otlp"", ""opentelemetry-exporter-otlp-proto-common"", ""opentelemetry-exporter-otlp-proto-grpc"", ""opentelemetry-exporter-otlp-proto-http"", ""opentelemetry-proto"", ""opentelemetry-sdk"", ""opentelemetry-semantic-conventions"", ""opentelemetry-semantic-conventions-ai""]",/home/shuhanliu/miniconda3/envs/vllm/lib/python3.1/site-packages | /home/shuhanliu/miniconda3/envs/vllm/lib/python3.1/site-packages | /home/shuhanliu/miniconda3/envs/vllm/lib/python3.1/site-packages | /home/shuhanliu/miniconda3/envs/vllm/lib/python3.1/site-packages | /home/shuhanliu/miniconda3/envs/vllm/lib/python3.1/site-packages | /home/shuhanliu/miniconda3/envs/vllm/lib/python3.1/site-packages | /home/shuhanliu/miniconda3/envs/vllm/lib/python3.1/site-packages | /home/shuhanliu/miniconda3/envs/vllm/lib/python3.1/site-packages | https://files.pythonhosted.org/packages/89/fb/b3c4750238c1c9686de37d3912357c9b94286b64fe594404a39908064f78/opentelemetry_exporter_otlp-1.45.0-py3-none-any.whl#sha256=3de9a5b18648dc124c751f547d8c7a93b177ddae552566981a792d18a063145c,deepseekcoder/DINM/A/88__repeat_4,,
beginner_tutorials.msg,1,unknown,[],,deepseekcoder/DINM/A/4355__repeat_1,,
MySqlLexer,1,unknown,[],,deepseekcoder/DINM/A/250__repeat_3,,
MySqlParser,1,unknown,[],,deepseekcoder/DINM/A/250__repeat_3,,
edx_event_bus.signals,1,unknown,[],,deepseekcoder/DINM/A/2496__repeat_2,,
xmodule.modulestore,1,unknown,[],,deepseekcoder/DINM/A/2496__repeat_2,,
niworkflows.utils.niimg,1,unknown,[],,deepseekcoder/DINM/A/3508__repeat_4,,
pythonsnark.stdlib,1,unknown,[],,deepseekcoder/DINM/A/4521__repeat_2,,
pythonsnark.utils,1,unknown,[],,deepseekcoder/DINM/A/4521__repeat_2,,
plonk,1,unknown,[],,deepseekcoder/DINM/A/4521__repeat_4,,
plonk.stdlib,1,unknown,[],,deepseekcoder/DINM/A/4521__repeat_4,,
awkward1,1,unknown,[],,deepseekcoder/DINM/A/540__repeat_2,,
erl_format,1,unknown,[],,deepseekcoder/DINM/A/4881__repeat_3,,
pyexif,1,unknown,[],,deepseekcoder/DINM/A/4196__repeat_3,,
buildkite_api_v2,1,unknown,[],,deepseekcoder/DINM/B/270__repeat_5,,
pylabelstudio.core.tools,1,unknown,[],,deepseekcoder/DINM/B/2845__repeat_3,,
ibm_cloud_security_advisor,1,unknown,[],,deepseekcoder/DINM/B/782__repeat_5,,
ome_tif,1,unknown,[],,deepseekcoder/DINM/B/3302__repeat_2,,
pyobjus,1,unknown,[],,deepseekcoder/DINM/B/1767__repeat_3,,
dxfile,1,unknown,[],,deepseekcoder/DINM/B/1366__repeat_2,,
ate,1,unknown,[],,deepseekcoder/DINM/B/4720__repeat_2,,
ate.api,1,unknown,[],,deepseekcoder/DINM/B/4720__repeat_2,,
ate.configuration,1,unknown,[],,deepseekcoder/DINM/B/4720__repeat_2,,
ate_api.common.enums,1,unknown,[],,deepseekcoder/DINM/B/4720__repeat_5,,
google.auth.access_context_manager_v1,1,ambiguous_namespace,"[""google-api-core"", ""google-auth"", ""googleapis-common-protos"", ""protobuf""]",/home/shuhanliu/miniconda3/envs/vllm/lib/python3.1/site-packages | /home/shuhanliu/miniconda3/envs/vllm/lib/python3.1/site-packages | https://files.pythonhosted.org/packages/7a/f0/cba0ac98e98e01849b19f7504eb3aeede741e72dfc31612e46d5f0dd981c/google_auth-2.58.1-py3-none-any.whl#sha256=66a63572d0ab629554768544df04018d79178c0bd7439ba31683ac576b79024d | https://files.pythonhosted.org/packages/ff/78/41b3cd83d472b63c694a01e876d3aaa7c2b2f61f29ec8a9275f47b057349/google_api_core-2.39.0-py3-none-any.whl#sha256=40a5d1c892bc1798f3b75ab10c665b85717979088519c714ca5774ee81d1e3c5,deepseekcoder/DINM/B/1871__repeat_1,,
pydanny.time,1,unknown,[],,deepseekcoder/DINM/B/4809__repeat_3,,
kiota_serialization.format.text,1,unknown,[],,deepseekcoder/DINM/B/2010__repeat_5,,
kiota_serialization.parsers.text,1,unknown,[],,deepseekcoder/DINM/B/2010__repeat_5,,
kiota_serialization.serializers.text,1,unknown,[],,deepseekcoder/DINM/B/2010__repeat_5,,
robocorp_code.robocorp_assetstorage,1,unknown,[],,deepseekcoder/DINM/B/1683__repeat_1,,
robocorp_code.assetstorage.assetstorage,1,unknown,[],,deepseekcoder/DINM/B/1683__repeat_2,,
SqlGrammarListener,1,unknown,[],,deepseekcoder/DINM/B/250__repeat_5,,
SqlGrammarParser,1,unknown,[],,deepseekcoder/DINM/B/250__repeat_5,,
tencentcloudsdkcore.client,1,unknown,[],,deepseekcoder/DINM/B/4887__repeat_3,,
nis_elements.tilesource.filesystem,1,unknown,[],,deepseekcoder/DINM/B/3508__repeat_2,,
nis_elements.tilesource.nd2,1,unknown,[],,deepseekcoder/DINM/B/3508__repeat_2,,
nis_elements.tilesource.tilesource,1,unknown,[],,deepseekcoder/DINM/B/3508__repeat_2,,
ecc,1,unknown,[],,deepseekcoder/DINM/B/4521__repeat_2,,
add_pb2,1,unknown,[],,deepseekcoder/DINM/B/55__repeat_3,,
add_pb2_grpc,1,unknown,[],,deepseekcoder/DINM/B/55__repeat_3,,
flask_talisman,1,unknown,[],,deepseekcoder/DINM/B/313__repeat_4,,
imutils,1,unknown,[],,deepseekcoder/DINM/B/4386__repeat_1,,
pyimagesearch.nn,1,unknown,[],,deepseekcoder/DINM/B/4386__repeat_1,,
pyimagesearch.utils,1,unknown,[],,deepseekcoder/DINM/B/4386__repeat_1,,
shazamkit.utils,1,unknown,[],,deepseekcoder/DINM/C/2000__repeat_1,,
sumologic,1,unknown,[],,deepseekcoder/DINM/C/4381__repeat_3,,
cdktf_cdktf_aws,1,unknown,[],,deepseekcoder/DINM/C/3959__repeat_4,,
com.vmware.vapi.protocol.client,1,unknown,[],,deepseekcoder/DINM/C/1178__repeat_1,,
com.vmware.vapi.security.session,1,unknown,[],,deepseekcoder/DINM/C/1178__repeat_1,,
com.vmware.vapi.lib,1,unknown,[],,deepseekcoder/DINM/C/1178__repeat_3,,
hangul_analysis,1,unknown,[],,deepseekcoder/DINM/C/1947__repeat_1,,
jieba,1,unknown,[],,deepseekcoder/DINM/C/1947__repeat_2,,
jieba.posseg,1,unknown,[],,deepseekcoder/DINM/C/1947__repeat_2,,
korean_syllable_splitter,1,unknown,[],,deepseekcoder/DINM/C/1947__repeat_3,,
AppleScriptObjC,1,unknown,[],,deepseekcoder/DINM/C/1767__repeat_3,,
slackclient,1,unknown,[],,deepseekcoder/DINM/C/1981__repeat_3,,
atseasy.api,1,unknown,[],,deepseekcoder/DINM/C/4720__repeat_5,,
cms.lib.xblock.runtime,1,unknown,[],,deepseekcoder/DINM/C/2496__repeat_3,,
zk_snark_engine,1,unknown,[],,deepseekcoder/DINM/C/4521__repeat_1,,
zk_snarks.settings,1,unknown,[],,deepseekcoder/DINM/C/4521__repeat_3,,
chat_client,1,unknown,[],,deepseekcoder/DINM/C/399__repeat_1,,
terraform_bdd.terraform,1,unknown,[],,deepseekcoder/DINM/C/2250__repeat_4,,
erl_term_utils.erl_format_string,1,unknown,[],,deepseekcoder/DINM/C/4881__repeat_3,,
erl_term_utils.erl_term_to_erlang,1,unknown,[],,deepseekcoder/DINM/C/4881__repeat_3,,
erl_term_utils.erl_term_to_python,1,unknown,[],,deepseekcoder/DINM/C/4881__repeat_3,,
my_message_pb2_grpc,1,unknown,[],,deepseekcoder/DINM/C/55__repeat_1,,
sipparser,1,unknown,[],,deepseekcoder/DINM/D/4126__repeat_2,,
sipstack,1,unknown,[],,deepseekcoder/DINM/D/4126__repeat_2,,
thread,1,unknown,[],,deepseekcoder/DINM/D/4126__repeat_2,,
pylabelstudio.settings,1,unknown,[],,deepseekcoder/DINM/D/2845__repeat_5,,
pylabelstudio.tasks,1,unknown,[],,deepseekcoder/DINM/D/2845__repeat_5,,
ome_tiff.writer,1,unknown,[],,deepseekcoder/DINM/D/3302__repeat_4,,
ShazamKit.Models,1,unknown,[],,deepseekcoder/DINM/D/2000__repeat_4,,
korean_text.hangul_syllable_tokenizer,1,unknown,[],,deepseekcoder/DINM/D/1947__repeat_1,,
jamdict,1,unknown,[],,deepseekcoder/DINM/D/1947__repeat_3,,
korean_accent_utils,1,unknown,[],,deepseekcoder/DINM/D/1947__repeat_5,,
pyspark_h3,1,unknown,[],,deepseekcoder/DINM/D/1424__repeat_3,,
dxapi,1,unknown,[],,deepseekcoder/DINM/D/1366__repeat_4,,
dxpy.exceptions,1,unknown,[],,deepseekcoder/DINM/D/1366__repeat_5,,
pywinauto,1,unknown,[],,deepseekcoder/DINM/D/4720__repeat_2,,
pywinauto.application,1,unknown,[],,deepseekcoder/DINM/D/4720__repeat_2,,
opentelemetry.exporter.influxdb.span_exporter,1,ambiguous_namespace,"[""opentelemetry-api"", ""opentelemetry-exporter-otlp"", ""opentelemetry-exporter-otlp-proto-common"", ""opentelemetry-exporter-otlp-proto-grpc"", ""opentelemetry-exporter-otlp-proto-http"", ""opentelemetry-proto"", ""opentelemetry-sdk"", ""opentelemetry-semantic-conventions"", ""opentelemetry-semantic-conventions-ai""]",/home/shuhanliu/miniconda3/envs/vllm/lib/python3.1/site-packages | /home/shuhanliu/miniconda3/envs/vllm/lib/python3.1/site-packages | /home/shuhanliu/miniconda3/envs/vllm/lib/python3.1/site-packages | /home/shuhanliu/miniconda3/envs/vllm/lib/python3.1/site-packages | /home/shuhanliu/miniconda3/envs/vllm/lib/python3.1/site-packages | /home/shuhanliu/miniconda3/envs/vllm/lib/python3.1/site-packages | /home/shuhanliu/miniconda3/envs/vllm/lib/python3.1/site-packages | /home/shuhanliu/miniconda3/envs/vllm/lib/python3.1/site-packages | https://files.pythonhosted.org/packages/89/fb/b3c4750238c1c9686de37d3912357c9b94286b64fe594404a39908064f78/opentelemetry_exporter_otlp-1.45.0-py3-none-any.whl#sha256=3de9a5b18648dc124c751f547d8c7a93b177ddae552566981a792d18a063145c,deepseekcoder/DINM/D/88__repeat_4,,
google.cloud.access_context_manager_v2,1,ambiguous_namespace,"[""google-api-core"", ""google-auth"", ""googleapis-common-protos"", ""protobuf""]",/home/shuhanliu/miniconda3/envs/vllm/lib/python3.1/site-packages | /home/shuhanliu/miniconda3/envs/vllm/lib/python3.1/site-packages | https://files.pythonhosted.org/packages/7a/f0/cba0ac98e98e01849b19f7504eb3aeede741e72dfc31612e46d5f0dd981c/google_auth-2.58.1-py3-none-any.whl#sha256=66a63572d0ab629554768544df04018d79178c0bd7439ba31683ac576b79024d | https://files.pythonhosted.org/packages/ff/78/41b3cd83d472b63c694a01e876d3aaa7c2b2f61f29ec8a9275f47b057349/google_api_core-2.39.0-py3-none-any.whl#sha256=40a5d1c892bc1798f3b75ab10c665b85717979088519c714ca5774ee81d1e3c5,deepseekcoder/DINM/D/1871__repeat_2,,
pglast,1,unknown,[],,deepseekcoder/DINM/D/84__repeat_2,,
kiota_serialization.text.typing,1,unknown,[],,deepseekcoder/DINM/D/2010__repeat_1,,
kiota_abstractions.serialization.parse_node_factory,1,unknown,[],,deepseekcoder/DINM/D/2010__repeat_2,,
kiota_abstractions.serialization.serialization_writer,1,unknown,[],,deepseekcoder/DINM/D/2010__repeat_2,,
kiota_abstractions.serialization.serialization_writer_factory,1,unknown,[],,deepseekcoder/DINM/D/2010__repeat_2,,
edx_opaque_keys.edx.locator,1,unknown,[],,deepseekcoder/DINM/D/2496__repeat_2,,
lms.djangoapps.courseware.courses,1,unknown,[],,deepseekcoder/DINM/D/2496__repeat_4,,
lms.djangoapps.instructor.auth,1,unknown,[],,deepseekcoder/DINM/D/2496__repeat_4,,
lms.djangoapps.instructor.utils,1,unknown,[],,deepseekcoder/DINM/D/2496__repeat_4,,
lms.djangoapps.telemetry_api.v0.models,1,unknown,[],,deepseekcoder/DINM/D/2496__repeat_4,,
lms.djangoapps.telemetry_api.v0.tasks.views,1,unknown,[],,deepseekcoder/DINM/D/2496__repeat_4,,
openedx.core.djangoapps.course_groups.cohorts,1,unknown,[],,deepseekcoder/DINM/D/2496__repeat_4,,
openedx.core.djangoapps.course_modes.models,1,unknown,[],,deepseekcoder/DINM/D/2496__repeat_4,,
openedx.core.djangoapps.django_comment_common.models,1,unknown,[],,deepseekcoder/DINM/D/2496__repeat_4,,
openedx.core.djangoapps.django_comment_common.utils,1,unknown,[],,deepseekcoder/DINM/D/2496__repeat_4,,
openedx.core.djangoapps.user_api.views,1,unknown,[],,deepseekcoder/DINM/D/2496__repeat_4,,
openedx.core.lib.api.authentication,1,unknown,[],,deepseekcoder/DINM/D/2496__repeat_4,,
nis_elements.formats.nd2,1,unknown,[],,deepseekcoder/DINM/D/3508__repeat_3,,
nis_elements.large_image.tile,1,unknown,[],,deepseekcoder/DINM/D/3508__repeat_4,,
nis_elements.large_image.tilesource_nd2,1,unknown,[],,deepseekcoder/DINM/D/3508__repeat_4,,
zkpy.types,1,unknown,[],,deepseekcoder/DINM/D/4521__repeat_3,,
sqlalchemy_utils,1,unknown,[],,deepseekcoder/DINM/D/2364__repeat_2,,
hcl2,1,unknown,[],,deepseekcoder/DINM/D/2250__repeat_5,,
instant_messaging,1,unknown,[],,deepseekcoder/Full-FT/A/4126__repeat_1,,
video_conferencing,1,unknown,[],,deepseekcoder/Full-FT/A/4126__repeat_1,,
pjsip,1,unknown,[],,deepseekcoder/Full-FT/A/4126__repeat_3,,
im,1,unknown,[],,deepseekcoder/Full-FT/A/4126__repeat_5,,
vc,1,unknown,[],,deepseekcoder/Full-FT/A/4126__repeat_5,,
ibm_security_key_protect,1,unknown,[],,deepseekcoder/Full-FT/A/782__repeat_5,,
vmware.vapi.bindings.stub,1,unknown,[],,deepseekcoder/Full-FT/A/1178__repeat_4,,
korean_syllable_nlp,1,unknown,[],,deepseekcoder/Full-FT/A/1947__repeat_3,,
pyobjc.framework.CoreGraphics,1,unknown,[],,deepseekcoder/Full-FT/A/1767__repeat_5,,
easydevicelink,1,unknown,[],,deepseekcoder/Full-FT/A/4720__repeat_2,,
rosidl_runtime_py.message_type_support_struct,1,unknown,[],,deepseekcoder/Full-FT/A/4525__repeat_3,,
google.cloud.pubsub_v1.publisher,1,ambiguous_namespace,"[""google-api-core"", ""google-auth"", ""googleapis-common-protos"", ""protobuf""]",/home/shuhanliu/miniconda3/envs/vllm/lib/python3.1/site-packages | /home/shuhanliu/miniconda3/envs/vllm/lib/python3.1/site-packages | https://files.pythonhosted.org/packages/7a/f0/cba0ac98e98e01849b19f7504eb3aeede741e72dfc31612e46d5f0dd981c/google_auth-2.58.1-py3-none-any.whl#sha256=66a63572d0ab629554768544df04018d79178c0bd7439ba31683ac576b79024d | https://files.pythonhosted.org/packages/ff/78/41b3cd83d472b63c694a01e876d3aaa7c2b2f61f29ec8a9275f47b057349/google_api_core-2.39.0-py3-none-any.whl#sha256=40a5d1c892bc1798f3b75ab10c665b85717979088519c714ca5774ee81d1e3c5,deepseekcoder/Full-FT/A/2939__repeat_2,,
google.events.cloud.pubsub_v1,1,ambiguous_namespace,"[""google-api-core"", ""google-auth"", ""googleapis-common-protos"", ""protobuf""]",/home/shuhanliu/miniconda3/envs/vllm/lib/python3.1/site-packages | /home/shuhanliu/miniconda3/envs/vllm/lib/python3.1/site-packages | https://files.pythonhosted.org/packages/7a/f0/cba0ac98e98e01849b19f7504eb3aeede741e72dfc31612e46d5f0dd981c/google_auth-2.58.1-py3-none-any.whl#sha256=66a63572d0ab629554768544df04018d79178c0bd7439ba31683ac576b79024d | https://files.pythonhosted.org/packages/ff/78/41b3cd83d472b63c694a01e876d3aaa7c2b2f61f29ec8a9275f47b057349/google_api_core-2.39.0-py3-none-any.whl#sha256=40a5d1c892bc1798f3b75ab10c665b85717979088519c714ca5774ee81d1e3c5,deepseekcoder/Full-FT/A/2939__repeat_2,,
opentelemetry.exporter.influxdb.trace,1,ambiguous_namespace,"[""opentelemetry-api"", ""opentelemetry-exporter-otlp"", ""opentelemetry-exporter-otlp-proto-common"", ""opentelemetry-exporter-otlp-proto-grpc"", ""opentelemetry-exporter-otlp-proto-http"", ""opentelemetry-proto"", ""opentelemetry-sdk"", ""opentelemetry-semantic-conventions"", ""opentelemetry-semantic-conventions-ai""]",/home/shuhanliu/miniconda3/envs/vllm/lib/python3.1/site-packages | /home/shuhanliu/miniconda3/envs/vllm/lib/python3.1/site-packages | /home/shuhanliu/miniconda3/envs/vllm/lib/python3.1/site-packages | /home/shuhanliu/miniconda3/envs/vllm/lib/python3.1/site-packages | /home/shuhanliu/miniconda3/envs/vllm/lib/python3.1/site-packages | /home/shuhanliu/miniconda3/envs/vllm/lib/python3.1/site-packages | /home/shuhanliu/miniconda3/envs/vllm/lib/python3.1/site-packages | /home/shuhanliu/miniconda3/envs/vllm/lib/python3.1/site-packages | https://files.pythonhosted.org/packages/89/fb/b3c4750238c1c9686de37d3912357c9b94286b64fe594404a39908064f78/opentelemetry_exporter_otlp-1.45.0-py3-none-any.whl#sha256=3de9a5b18648dc124c751f547d8c7a93b177ddae552566981a792d18a063145c,deepseekcoder/Full-FT/A/88__repeat_4,,
starlette_exporter,1,unknown,[],,deepseekcoder/Full-FT/A/241__repeat_5,,
kiota_abstractions.serialization.additional_data_holder,1,unknown,[],,deepseekcoder/Full-FT/A/2010__repeat_5,,
kiota_serialization.text.parse_node_factory,1,unknown,[],,deepseekcoder/Full-FT/A/2010__repeat_5,,
robocorp_code_asset.assetstorage,1,unknown,[],,deepseekcoder/Full-FT/A/1683__repeat_2,,
nistate.sources.base,1,unknown,[],,deepseekcoder/Full-FT/A/3508__repeat_2,,
nistate.utils.image,1,unknown,[],,deepseekcoder/Full-FT/A/3508__repeat_2,,
nilearn.image,1,unknown,[],,deepseekcoder/Full-FT/A/3508__repeat_4,,
nilearn.masking,1,unknown,[],,deepseekcoder/Full-FT/A/3508__repeat_4,,
nistats.first_level_model,1,unknown,[],,deepseekcoder/Full-FT/A/3508__repeat_4,,
win32api,1,unknown,[],,deepseekcoder/Full-FT/A/2882__repeat_1,,
zksketch,1,unknown,[],,deepseekcoder/Full-FT/A/4521__repeat_1,,
pairing,1,unknown,[],,deepseekcoder/Full-FT/A/4521__repeat_4,,
ellipticcurve.ecdsa,1,unknown,[],,deepseekcoder/Full-FT/A/4521__repeat_5,,
ellipticcurve.privateKey,1,unknown,[],,deepseekcoder/Full-FT/A/4521__repeat_5,,
ellipticcurve.publicKey,1,unknown,[],,deepseekcoder/Full-FT/A/4521__repeat_5,,
sphinx_apidoc.commands.main,1,unknown,[],,deepseekcoder/Full-FT/A/1798__repeat_2,,
oslo_config,1,unknown,[],,deepseekcoder/Full-FT/A/2611__repeat_5,,
oslo_log,1,unknown,[],,deepseekcoder/Full-FT/A/2611__repeat_5,,
panos.xapi,1,unknown,[],,deepseekcoder/Full-FT/A/2113__repeat_2,,
curand,1,unknown,[],,deepseekcoder/Full-FT/A/64__repeat_1,,
cudart,1,unknown,[],,deepseekcoder/Full-FT/A/64__repeat_4,,
qcloud_cos,1,unknown,[],,deepseekcoder/Full-FT/A/4856__repeat_1,,
aws_cd2,1,unknown,[],,deepseekcoder/Full-FT/A/4299__repeat_2,,
aiosip.dialog,1,unknown,[],,deepseekcoder/Full-FT/B/4126__repeat_2,,
aiosip.message,1,unknown,[],,deepseekcoder/Full-FT/B/4126__repeat_2,,
aiosip.ua,1,unknown,[],,deepseekcoder/Full-FT/B/4126__repeat_2,,
sippy,1,unknown,[],,deepseekcoder/Full-FT/B/4126__repeat_3,,
sippy.address,1,unknown,[],,deepseekcoder/Full-FT/B/4126__repeat_3,,
sippy.aor,1,unknown,[],,deepseekcoder/Full-FT/B/4126__repeat_3,,
sippy.codec,1,unknown,[],,deepseekcoder/Full-FT/B/4126__repeat_3,,
sippy.dialog,1,unknown,[],,deepseekcoder/Full-FT/B/4126__repeat_3,,
sippy.log,1,unknown,[],,deepseekcoder/Full-FT/B/4126__repeat_3,,
sippy.message,1,unknown,[],,deepseekcoder/Full-FT/B/4126__repeat_3,,
sippy.sdp,1,unknown,[],,deepseekcoder/Full-FT/B/4126__repeat_3,,
sippy.transaction,1,unknown,[],,deepseekcoder/Full-FT/B/4126__repeat_3,,
intel_extension_for_scikit_learn,1,unknown,[],,deepseekcoder/Full-FT/B/2347__repeat_3,,
keystoneclient.session,1,unknown,[],,deepseekcoder/Full-FT/B/4699__repeat_1,,
osc_lib.client,1,unknown,[],,deepseekcoder/Full-FT/B/4699__repeat_3,,
osc_lib.i18n,1,unknown,[],,deepseekcoder/Full-FT/B/4699__repeat_3,,
python_keystoneclient,1,unknown,[],,deepseekcoder/Full-FT/B/4699__repeat_4,,
osc_lib.api,1,unknown,[],,deepseekcoder/Full-FT/B/4699__repeat_5,,
com.vmware.vapi.stdlib.client.factories.service_factory,1,unknown,[],,deepseekcoder/Full-FT/B/1178__repeat_1,,
com.vmware.vapi.stdlib.client.factories.stub_factory,1,unknown,[],,deepseekcoder/Full-FT/B/1178__repeat_1,,
com.vmware.vapi.stdlib.client.factories.typing_factory,1,unknown,[],,deepseekcoder/Full-FT/B/1178__repeat_1,,
com.vmware.vapi.auth.session,1,unknown,[],,deepseekcoder/Full-FT/B/1178__repeat_5,,
hangul_syllable_tokenizer,1,unknown,[],,deepseekcoder/Full-FT/B/1947__repeat_1,,
jpaconv,1,unknown,[],,deepseekcoder/Full-FT/B/1947__repeat_2,,
pydispatch,1,unknown,[],,deepseekcoder/Full-FT/B/1767__repeat_4,,
keyboard,1,unknown,[],,deepseekcoder/Full-FT/B/1767__repeat_5,,
opentelemetry.propagate.textmap,1,ambiguous_namespace,"[""opentelemetry-api"", ""opentelemetry-exporter-otlp"", ""opentelemetry-exporter-otlp-proto-common"", ""opentelemetry-exporter-otlp-proto-grpc"", ""opentelemetry-exporter-otlp-proto-http"", ""opentelemetry-proto"", ""opentelemetry-sdk"", ""opentelemetry-semantic-conventions"", ""opentelemetry-semantic-conventions-ai""]",/home/shuhanliu/miniconda3/envs/vllm/lib/python3.1/site-packages | /home/shuhanliu/miniconda3/envs/vllm/lib/python3.1/site-packages | /home/shuhanliu/miniconda3/envs/vllm/lib/python3.1/site-packages | /home/shuhanliu/miniconda3/envs/vllm/lib/python3.1/site-packages | /home/shuhanliu/miniconda3/envs/vllm/lib/python3.1/site-packages | /home/shuhanliu/miniconda3/envs/vllm/lib/python3.1/site-packages | /home/shuhanliu/miniconda3/envs/vllm/lib/python3.1/site-packages | /home/shuhanliu/miniconda3/envs/vllm/lib/python3.1/site-packages | https://files.pythonhosted.org/packages/89/fb/b3c4750238c1c9686de37d3912357c9b94286b64fe594404a39908064f78/opentelemetry_exporter_otlp-1.45.0-py3-none-any.whl#sha256=3de9a5b18648dc124c751f547d8c7a93b177ddae552566981a792d18a063145c,deepseekcoder/Full-FT/B/88__repeat_2,,
opentelemetry.sdk.trace.propagation.tracecontext,1,ambiguous_namespace,"[""opentelemetry-api"", ""opentelemetry-exporter-otlp"", ""opentelemetry-exporter-otlp-proto-common"", ""opentelemetry-exporter-otlp-proto-grpc"", ""opentelemetry-exporter-otlp-proto-http"", ""opentelemetry-proto"", ""opentelemetry-sdk"", ""opentelemetry-semantic-conventions"", ""opentelemetry-semantic-conventions-ai""]",/home/shuhanliu/miniconda3/envs/vllm/lib/python3.1/site-packages | /home/shuhanliu/miniconda3/envs/vllm/lib/python3.1/site-packages | /home/shuhanliu/miniconda3/envs/vllm/lib/python3.1/site-packages | /home/shuhanliu/miniconda3/envs/vllm/lib/python3.1/site-packages | /home/shuhanliu/miniconda3/envs/vllm/lib/python3.1/site-packages | /home/shuhanliu/miniconda3/envs/vllm/lib/python3.1/site-packages | /home/shuhanliu/miniconda3/envs/vllm/lib/python3.1/site-packages | /home/shuhanliu/miniconda3/envs/vllm/lib/python3.1/site-packages | https://files.pythonhosted.org/packages/89/fb/b3c4750238c1c9686de37d3912357c9b94286b64fe594404a39908064f78/opentelemetry_exporter_otlp-1.45.0-py3-none-any.whl#sha256=3de9a5b18648dc124c751f547d8c7a93b177ddae552566981a792d18a063145c,deepseekcoder/Full-FT/B/88__repeat_3,,
kiota_serialization.text.text_parse_node_factory,1,unknown,[],,deepseekcoder/Full-FT/B/2010__repeat_3,,
kiota_serialization.text.text_parse_node_with_default_values,1,unknown,[],,deepseekcoder/Full-FT/B/2010__repeat_3,,
kiota_serialization.text.text_serialization_writer_with_default_values,1,unknown,[],,deepseekcoder/Full-FT/B/2010__repeat_3,,
kiota_serialization.text.parsers.text_parse_node_factory,1,unknown,[],,deepseekcoder/Full-FT/B/2010__repeat_4,,
kiota_serialization.text.writers.text_serialization_writer,1,unknown,[],,deepseekcoder/Full-FT/B/2010__repeat_4,,
tencentcloudsdkcore.auth.credentials.credential,1,unknown,[],,deepseekcoder/Full-FT/B/4887__repeat_1,,
tencentcloudsdkcore.v20180317.tencentcloud_core,1,unknown,[],,deepseekcoder/Full-FT/B/4887__repeat_2,,
tencentcloudsdkcore.request.v20180321.SendSmsRequest,1,unknown,[],,deepseekcoder/Full-FT/B/4887__repeat_4,,
lms.djangoapps.plugins,1,unknown,[],,deepseekcoder/Full-FT/B/2496__repeat_3,,
openedx.core.djangoapps.plugins,1,unknown,[],,deepseekcoder/Full-FT/B/2496__repeat_3,,
nis_elements.sources.tile_sources,1,unknown,[],,deepseekcoder/Full-FT/B/3508__repeat_1,,
nd2,1,unknown,[],,deepseekcoder/Full-FT/B/3508__repeat_2,,
pyminidump,1,unknown,[],,deepseekcoder/Full-FT/B/2882__repeat_2,,
business_chat.api.v1beta1.services.sessions.client,1,unknown,[],,deepseekcoder/Full-FT/B/399__repeat_5,,
business_chat.api.v1beta1.services.sessions.transports.grpc,1,unknown,[],,deepseekcoder/Full-FT/B/399__repeat_5,,
business_chat.api.v1beta1.services.sessions.transports.rest,1,unknown,[],,deepseekcoder/Full-FT/B/399__repeat_5,,
business_chat.gapic.v1beta1.business_chat_service_pb2_grpc,1,unknown,[],,deepseekcoder/Full-FT/B/399__repeat_5,,
business_chat.service,1,unknown,[],,deepseekcoder/Full-FT/B/399__repeat_5,,
business_chat.types,1,unknown,[],,deepseekcoder/Full-FT/B/399__repeat_5,,
salesforce_cli.salesforce,1,unknown,[],,deepseekcoder/Full-FT/B/2931__repeat_3,,
erl_gen,1,unknown,[],,deepseekcoder/Full-FT/B/4881__repeat_1,,
service_pb2,1,unknown,[],,deepseekcoder/Full-FT/B/55__repeat_1,,
service_pb2_grpc,1,unknown,[],,deepseekcoder/Full-FT/B/55__repeat_1,,
pycollada,1,unknown,[],,deepseekcoder/Full-FT/B/3693__repeat_4,,
pycollada.pycollada,1,unknown,[],,deepseekcoder/Full-FT/B/3693__repeat_4,,
your_app,1,unknown,[],,deepseekcoder/Full-FT/B/313__repeat_5,,
opentelemetry.exporter.otlp.proto.http.exporter,1,ambiguous_namespace,"[""opentelemetry-api"", ""opentelemetry-exporter-otlp"", ""opentelemetry-exporter-otlp-proto-common"", ""opentelemetry-exporter-otlp-proto-grpc"", ""opentelemetry-exporter-otlp-proto-http"", ""opentelemetry-proto"", ""opentelemetry-sdk"", ""opentelemetry-semantic-conventions"", ""opentelemetry-semantic-conventions-ai""]",/home/shuhanliu/miniconda3/envs/vllm/lib/python3.1/site-packages | /home/shuhanliu/miniconda3/envs/vllm/lib/python3.1/site-packages | /home/shuhanliu/miniconda3/envs/vllm/lib/python3.1/site-packages | /home/shuhanliu/miniconda3/envs/vllm/lib/python3.1/site-packages | /home/shuhanliu/miniconda3/envs/vllm/lib/python3.1/site-packages | /home/shuhanliu/miniconda3/envs/vllm/lib/python3.1/site-packages | /home/shuhanliu/miniconda3/envs/vllm/lib/python3.1/site-packages | /home/shuhanliu/miniconda3/envs/vllm/lib/python3.1/site-packages | https://files.pythonhosted.org/packages/89/fb/b3c4750238c1c9686de37d3912357c9b94286b64fe594404a39908064f78/opentelemetry_exporter_otlp-1.45.0-py3-none-any.whl#sha256=3de9a5b18648dc124c751f547d8c7a93b177ddae552566981a792d18a063145c,deepseekcoder/Full-FT/B/4117__repeat_1,,
opentelemetry.propagate.b3,1,ambiguous_namespace,"[""opentelemetry-api"", ""opentelemetry-exporter-otlp"", ""opentelemetry-exporter-otlp-proto-common"", ""opentelemetry-exporter-otlp-proto-grpc"", ""opentelemetry-exporter-otlp-proto-http"", ""opentelemetry-proto"", ""opentelemetry-sdk"", ""opentelemetry-semantic-conventions"", ""opentelemetry-semantic-conventions-ai""]",/home/shuhanliu/miniconda3/envs/vllm/lib/python3.1/site-packages | /home/shuhanliu/miniconda3/envs/vllm/lib/python3.1/site-packages | /home/shuhanliu/miniconda3/envs/vllm/lib/python3.1/site-packages | /home/shuhanliu/miniconda3/envs/vllm/lib/python3.1/site-packages | /home/shuhanliu/miniconda3/envs/vllm/lib/python3.1/site-packages | /home/shuhanliu/miniconda3/envs/vllm/lib/python3.1/site-packages | /home/shuhanliu/miniconda3/envs/vllm/lib/python3.1/site-packages | /home/shuhanliu/miniconda3/envs/vllm/lib/python3.1/site-packages | https://files.pythonhosted.org/packages/89/fb/b3c4750238c1c9686de37d3912357c9b94286b64fe594404a39908064f78/opentelemetry_exporter_otlp-1.45.0-py3-none-any.whl#sha256=3de9a5b18648dc124c751f547d8c7a93b177ddae552566981a792d18a063145c,deepseekcoder/Full-FT/B/4117__repeat_2,,
opentelemetry.propagate.jaeger,1,ambiguous_namespace,"[""opentelemetry-api"", ""opentelemetry-exporter-otlp"", ""opentelemetry-exporter-otlp-proto-common"", ""opentelemetry-exporter-otlp-proto-grpc"", ""opentelemetry-exporter-otlp-proto-http"", ""opentelemetry-proto"", ""opentelemetry-sdk"", ""opentelemetry-semantic-conventions"", ""opentelemetry-semantic-conventions-ai""]",/home/shuhanliu/miniconda3/envs/vllm/lib/python3.1/site-packages | /home/shuhanliu/miniconda3/envs/vllm/lib/python3.1/site-packages | /home/shuhanliu/miniconda3/envs/vllm/lib/python3.1/site-packages | /home/shuhanliu/miniconda3/envs/vllm/lib/python3.1/site-packages | /home/shuhanliu/miniconda3/envs/vllm/lib/python3.1/site-packages | /home/shuhanliu/miniconda3/envs/vllm/lib/python3.1/site-packages | /home/shuhanliu/miniconda3/envs/vllm/lib/python3.1/site-packages | /home/shuhanliu/miniconda3/envs/vllm/lib/python3.1/site-packages | https://files.pythonhosted.org/packages/89/fb/b3c4750238c1c9686de37d3912357c9b94286b64fe594404a39908064f78/opentelemetry_exporter_otlp-1.45.0-py3-none-any.whl#sha256=3de9a5b18648dc124c751f547d8c7a93b177ddae552566981a792d18a063145c,deepseekcoder/Full-FT/B/4117__repeat_2,,
opentelemetry.propagate.w3c,1,ambiguous_namespace,"[""opentelemetry-api"", ""opentelemetry-exporter-otlp"", ""opentelemetry-exporter-otlp-proto-common"", ""opentelemetry-exporter-otlp-proto-grpc"", ""opentelemetry-exporter-otlp-proto-http"", ""opentelemetry-proto"", ""opentelemetry-sdk"", ""opentelemetry-semantic-conventions"", ""opentelemetry-semantic-conventions-ai""]",/home/shuhanliu/miniconda3/envs/vllm/lib/python3.1/site-packages | /home/shuhanliu/miniconda3/envs/vllm/lib/python3.1/site-packages | /home/shuhanliu/miniconda3/envs/vllm/lib/python3.1/site-packages | /home/shuhanliu/miniconda3/envs/vllm/lib/python3.1/site-packages | /home/shuhanliu/miniconda3/envs/vllm/lib/python3.1/site-packages | /home/shuhanliu/miniconda3/envs/vllm/lib/python3.1/site-packages | /home/shuhanliu/miniconda3/envs/vllm/lib/python3.1/site-packages | /home/shuhanliu/miniconda3/envs/vllm/lib/python3.1/site-packages | https://files.pythonhosted.org/packages/89/fb/b3c4750238c1c9686de37d3912357c9b94286b64fe594404a39908064f78/opentelemetry_exporter_otlp-1.45.0-py3-none-any.whl#sha256=3de9a5b18648dc124c751f547d8c7a93b177ddae552566981a792d18a063145c,deepseekcoder/Full-FT/B/4117__repeat_2,,
call,1,unknown,[],,deepseekcoder/Full-FT/C/4126__repeat_3,,
message_send,1,unknown,[],,deepseekcoder/Full-FT/C/4126__repeat_4,,
label_studio.widget,1,unknown,[],,deepseekcoder/Full-FT/C/2845__repeat_4,,
openstack.config,1,unknown,[],,deepseekcoder/Full-FT/C/4699__repeat_5,,
vmware.vapi.vsphere.vm_templates,1,unknown,[],,deepseekcoder/Full-FT/C/1178__repeat_3,,
vmware.vapi.stdlib.client.factories.stub,1,unknown,[],,deepseekcoder/Full-FT/C/1178__repeat_4,,
vmware.vapi.vsphere.vm_templates.create,1,unknown,[],,deepseekcoder/Full-FT/C/1178__repeat_4,,
vmware.vapi.bindings.stub_factory,1,unknown,[],,deepseekcoder/Full-FT/C/1178__repeat_5,,
vmware.vcenter.vm_client,1,unknown,[],,deepseekcoder/Full-FT/C/1178__repeat_5,,
jpype.imports,1,unknown,[],,deepseekcoder/Full-FT/C/1947__repeat_1,,
korean_jamo_analysis,1,unknown,[],,deepseekcoder/Full-FT/C/1947__repeat_1,,
pyhangul,1,unknown,[],,deepseekcoder/Full-FT/C/1947__repeat_3,,
hangul_syllable_jamo_level_1,1,unknown,[],,deepseekcoder/Full-FT/C/1947__repeat_5,,
pymdownx.mermaid,1,unknown,[],,deepseekcoder/Full-FT/C/1085__repeat_5,,
ats_easy.launcher,1,unknown,[],,deepseekcoder/Full-FT/C/4720__repeat_3,,
ats_easy.runtime,1,unknown,[],,deepseekcoder/Full-FT/C/4720__repeat_3,,
rosidl_runtime_py.utilities,1,unknown,[],,deepseekcoder/Full-FT/C/4525__repeat_1,,
google.events.cloudevents.v1,1,ambiguous_namespace,"[""google-api-core"", ""google-auth"", ""googleapis-common-protos"", ""protobuf""]",/home/shuhanliu/miniconda3/envs/vllm/lib/python3.1/site-packages | /home/shuhanliu/miniconda3/envs/vllm/lib/python3.1/site-packages | https://files.pythonhosted.org/packages/7a/f0/cba0ac98e98e01849b19f7504eb3aeede741e72dfc31612e46d5f0dd981c/google_auth-2.58.1-py3-none-any.whl#sha256=66a63572d0ab629554768544df04018d79178c0bd7439ba31683ac576b79024d | https://files.pythonhosted.org/packages/ff/78/41b3cd83d472b63c694a01e876d3aaa7c2b2f61f29ec8a9275f47b057349/google_api_core-2.39.0-py3-none-any.whl#sha256=40a5d1c892bc1798f3b75ab10c665b85717979088519c714ca5774ee81d1e3c5,deepseekcoder/Full-FT/C/2939__repeat_1,,
google.events.proto.cloud.pubsub.v1,1,ambiguous_namespace,"[""google-api-core"", ""google-auth"", ""googleapis-common-protos"", ""protobuf""]",/home/shuhanliu/miniconda3/envs/vllm/lib/python3.1/site-packages | /home/shuhanliu/miniconda3/envs/vllm/lib/python3.1/site-packages | https://files.pythonhosted.org/packages/7a/f0/cba0ac98e98e01849b19f7504eb3aeede741e72dfc31612e46d5f0dd981c/google_auth-2.58.1-py3-none-any.whl#sha256=66a63572d0ab629554768544df04018d79178c0bd7439ba31683ac576b79024d | https://files.pythonhosted.org/packages/ff/78/41b3cd83d472b63c694a01e876d3aaa7c2b2f61f29ec8a9275f47b057349/google_api_core-2.39.0-py3-none-any.whl#sha256=40a5d1c892bc1798f3b75ab10c665b85717979088519c714ca5774ee81d1e3c5,deepseekcoder/Full-FT/C/2939__repeat_3,,
google.accesscontextmanager.v1,1,ambiguous_namespace,"[""google-api-core"", ""google-auth"", ""googleapis-common-protos"", ""protobuf""]",/home/shuhanliu/miniconda3/envs/vllm/lib/python3.1/site-packages | /home/shuhanliu/miniconda3/envs/vllm/lib/python3.1/site-packages | https://files.pythonhosted.org/packages/7a/f0/cba0ac98e98e01849b19f7504eb3aeede741e72dfc31612e46d5f0dd981c/google_auth-2.58.1-py3-none-any.whl#sha256=66a63572d0ab629554768544df04018d79178c0bd7439ba31683ac576b79024d | https://files.pythonhosted.org/packages/ff/78/41b3cd83d472b63c694a01e876d3aaa7c2b2f61f29ec8a9275f47b057349/google_api_core-2.39.0-py3-none-any.whl#sha256=40a5d1c892bc1798f3b75ab10c665b85717979088519c714ca5774ee81d1e3c5,deepseekcoder/Full-FT/C/1871__repeat_2,,
genpy.parsing,1,unknown,[],,deepseekcoder/Full-FT/C/4355__repeat_1,,
genpy.template,1,unknown,[],,deepseekcoder/Full-FT/C/4355__repeat_1,,
custom_msgs.msg,1,unknown,[],,deepseekcoder/Full-FT/C/4355__repeat_2,,
kiota_serialization.text.plain,1,unknown,[],,deepseekcoder/Full-FT/C/2010__repeat_3,,
SqlListener,1,unknown,[],,deepseekcoder/Full-FT/C/250__repeat_5,,
tencentcloudsdk.smpn.v20190822.client,1,unknown,[],,deepseekcoder/Full-FT/C/4887__repeat_1,,
tencentcloudsdk.services.smpn.v20190822.smpn_client,1,unknown,[],,deepseekcoder/Full-FT/C/4887__repeat_4,,
hooks,1,unknown,[],,deepseekcoder/Full-FT/C/2496__repeat_5,,
zk_snarks.stdlib,1,unknown,[],,deepseekcoder/Full-FT/C/4521__repeat_4,,
sanic_cors,1,unknown,[],,deepseekcoder/Full-FT/C/2026__repeat_1,,
sanic_openapi,1,unknown,[],,deepseekcoder/Full-FT/C/2026__repeat_1,,
terrascript,1,unknown,[],,deepseekcoder/Full-FT/C/2250__repeat_2,,
terrascript.aws,1,unknown,[],,deepseekcoder/Full-FT/C/2250__repeat_2,,
erl_interface.erl_asn1_codec,1,unknown,[],,deepseekcoder/Full-FT/C/4881__repeat_4,,
erl_lexer,1,unknown,[],,deepseekcoder/Full-FT/C/4881__repeat_5,,
erl_parser,1,unknown,[],,deepseekcoder/Full-FT/C/4881__repeat_5,,
your_protobuf_module_pb2,1,unknown,[],,deepseekcoder/Full-FT/C/55__repeat_5,,
your_protobuf_module_pb2_grpc,1,unknown,[],,deepseekcoder/Full-FT/C/55__repeat_5,,
matplotlib_to_tikz,1,unknown,[],,deepseekcoder/Full-FT/C/4081__repeat_1,,
tensorflow_addons.layers,1,unknown,[],,deepseekcoder/Full-FT/C/4386__repeat_3,,
ntlm_auth,1,unknown,[],,deepseekcoder/Full-FT/C/446__repeat_5,,
sipphone,1,unknown,[],,deepseekcoder/Full-FT/D/4126__repeat_5,,
pylabelstudio.core.widgets,1,unknown,[],,deepseekcoder/Full-FT/D/2845__repeat_1,,
ibm_cloud_security_groups,1,unknown,[],,deepseekcoder/Full-FT/D/782__repeat_5,,
hangul_syllable_and_jamo_level_analysis,1,unknown,[],,deepseekcoder/Full-FT/D/1947__repeat_5,,
mk,1,unknown,[],,deepseekcoder/Full-FT/D/1085__repeat_5,,
google.cloud.pubsub_v1.subscriber,1,ambiguous_namespace,"[""google-api-core"", ""google-auth"", ""googleapis-common-protos"", ""protobuf""]",/home/shuhanliu/miniconda3/envs/vllm/lib/python3.1/site-packages | /home/shuhanliu/miniconda3/envs/vllm/lib/python3.1/site-packages | https://files.pythonhosted.org/packages/7a/f0/cba0ac98e98e01849b19f7504eb3aeede741e72dfc31612e46d5f0dd981c/google_auth-2.58.1-py3-none-any.whl#sha256=66a63572d0ab629554768544df04018d79178c0bd7439ba31683ac576b79024d | https://files.pythonhosted.org/packages/ff/78/41b3cd83d472b63c694a01e876d3aaa7c2b2f61f29ec8a9275f47b057349/google_api_core-2.39.0-py3-none-any.whl#sha256=40a5d1c892bc1798f3b75ab10c665b85717979088519c714ca5774ee81d1e3c5,deepseekcoder/Full-FT/D/2939__repeat_4,,
ros.build,1,unknown,[],,deepseekcoder/Full-FT/D/4355__repeat_2,,
ros.std_msgs.msg,1,unknown,[],,deepseekcoder/Full-FT/D/4355__repeat_2,,
genpy.generator,1,unknown,[],,deepseekcoder/Full-FT/D/4355__repeat_4,,
rosmsg.msgconv,1,unknown,[],,deepseekcoder/Full-FT/D/4355__repeat_4,,
sql_parser.SQLLexer,1,unknown,[],,deepseekcoder/Full-FT/D/250__repeat_1,,
sql_parser.SQLParser,1,unknown,[],,deepseekcoder/Full-FT/D/250__repeat_1,,
lms.djangoapps.program_enrollments.hooks,1,unknown,[],,deepseekcoder/Full-FT/D/2496__repeat_1,,
lms.djangoapps.course_blocks.api,1,unknown,[],,deepseekcoder/Full-FT/D/2496__repeat_2,,
lms.djangoapps.instructor.views.activity,1,unknown,[],,deepseekcoder/Full-FT/D/2496__repeat_2,,
event_routing,1,unknown,[],,deepseekcoder/Full-FT/D/2496__repeat_5,,
nis_elements.large_image.adapters,1,unknown,[],,deepseekcoder/Full-FT/D/3508__repeat_1,,
charm.toolbox.pairing,1,unknown,[],,deepseekcoder/Full-FT/D/4521__repeat_3,,
quart,1,unknown,[],,deepseekcoder/Full-FT/D/2026__repeat_1,,
quart_cors,1,unknown,[],,deepseekcoder/Full-FT/D/2026__repeat_1,,
rusty_ml,1,unknown,[],,deepseekcoder/Full-FT/D/2026__repeat_1,,
google.cloud.dialogflow_v2.types,1,ambiguous_namespace,"[""google-api-core"", ""google-auth"", ""googleapis-common-protos"", ""protobuf""]",/home/shuhanliu/miniconda3/envs/vllm/lib/python3.1/site-packages | /home/shuhanliu/miniconda3/envs/vllm/lib/python3.1/site-packages | https://files.pythonhosted.org/packages/7a/f0/cba0ac98e98e01849b19f7504eb3aeede741e72dfc31612e46d5f0dd981c/google_auth-2.58.1-py3-none-any.whl#sha256=66a63572d0ab629554768544df04018d79178c0bd7439ba31683ac576b79024d | https://files.pythonhosted.org/packages/ff/78/41b3cd83d472b63c694a01e876d3aaa7c2b2f61f29ec8a9275f47b057349/google_api_core-2.39.0-py3-none-any.whl#sha256=40a5d1c892bc1798f3b75ab10c665b85717979088519c714ca5774ee81d1e3c5,deepseekcoder/Full-FT/D/399__repeat_3,,
terraform_pytests,1,unknown,[],,deepseekcoder/Full-FT/D/2250__repeat_5,,
museval,1,unknown,[],,deepseekcoder/Full-FT/D/2465__repeat_5,,
proto.your_proto_file_pb2,1,unknown,[],,deepseekcoder/Full-FT/D/55__repeat_2,,
proto.your_proto_file_pb2_grpc,1,unknown,[],,deepseekcoder/Full-FT/D/55__repeat_2,,
myproject_pb2,1,unknown,[],,deepseekcoder/Full-FT/D/55__repeat_5,,
myproject_pb2_grpc,1,unknown,[],,deepseekcoder/Full-FT/D/55__repeat_5,,
panos.logs,1,unknown,[],,deepseekcoder/Full-FT/D/2113__repeat_3,,
panos.network,1,unknown,[],,deepseekcoder/Full-FT/D/2113__repeat_3,,
panos.threats,1,unknown,[],,deepseekcoder/Full-FT/D/2113__repeat_3,,
cuspatial,1,unknown,[],,deepseekcoder/Full-FT/D/64__repeat_1,,
cuml.neighbors,1,unknown,[],,deepseekcoder/Full-FT/D/64__repeat_3,,
pycuda.curandom,1,unknown,[],,deepseekcoder/Full-FT/D/64__repeat_3,,
tensorflow_addons,1,unknown,[],,deepseekcoder/Full-FT/D/4386__repeat_2,,
two_factor.storage,1,unknown,[],,qwen3/Base/A/4453__repeat_5,,
SimpleLangLexer,1,unknown,[],,qwen3/Base/A/2329__repeat_5,,
SimpleLangParser,1,unknown,[],,qwen3/Base/A/2329__repeat_5,,
libcpp.map,1,unknown,[],,qwen3/Base/A/2284__repeat_3,,
libcpp.pair,1,unknown,[],,qwen3/Base/A/2284__repeat_3,,
libcpp.set,1,unknown,[],,qwen3/Base/A/2284__repeat_3,,
azure.mgmt.datalake.storage,1,ambiguous_namespace,"[""azure-core"", ""azure-identity"", ""azure-mgmt-resource"", ""azure-storage-blob""]",https://files.pythonhosted.org/packages/49/9a/417b3a533e01953a7c618884df2cb05a71e7b68bdbce4fbdb62349d2a2e8/azure_identity-1.25.3-py3-none-any.whl#sha256=f4d0b956a8146f30333e071374171f3cfa7bdb8073adb8c3814b65567aa7447c | https://files.pythonhosted.org/packages/5b/db/325c6d7312d2200251c52323878281045aaffcb5586612296484e4280eaa/azure_core-1.41.0-py3-none-any.whl#sha256=522b4011e8180b1a3dcd2024396a4e7fe9ac37fb8597db47163d230b5efe892d | https://files.pythonhosted.org/packages/e6/6e/3e776a0817ebe3558fbd8d3f98b1bd8fa75a46596e5cf9bb4377960c4611/azure_mgmt_resource-26.0.0-py3-none-any.whl#sha256=ef36559a4c0843b4272aa584efb455c686e4c3f6357421b38c82f405c01a9a9f | https://files.pythonhosted.org/packages/ff/20/6530bbc13fea536a1f2c0194034ae3f6880fbc0c1e7c229e3569450f7aef/azure_storage_blob-12.30.3-py3-none-any.whl#sha256=80729a5397e5f0a63dbbdff74da675c5db1eacaf25fd5db0074b7ba6c17e2498,qwen3/Base/A/3256__repeat_2,,
azure.ai.datalake.azuredatalake,1,ambiguous_namespace,"[""azure-core"", ""azure-identity"", ""azure-mgmt-resource"", ""azure-storage-blob""]",https://files.pythonhosted.org/packages/49/9a/417b3a533e01953a7c618884df2cb05a71e7b68bdbce4fbdb62349d2a2e8/azure_identity-1.25.3-py3-none-any.whl#sha256=f4d0b956a8146f30333e071374171f3cfa7bdb8073adb8c3814b65567aa7447c | https://files.pythonhosted.org/packages/5b/db/325c6d7312d2200251c52323878281045aaffcb5586612296484e4280eaa/azure_core-1.41.0-py3-none-any.whl#sha256=522b4011e8180b1a3dcd2024396a4e7fe9ac37fb8597db47163d230b5efe892d | https://files.pythonhosted.org/packages/e6/6e/3e776a0817ebe3558fbd8d3f98b1bd8fa75a46596e5cf9bb4377960c4611/azure_mgmt_resource-26.0.0-py3-none-any.whl#sha256=ef36559a4c0843b4272aa584efb455c686e4c3f6357421b38c82f405c01a9a9f | https://files.pythonhosted.org/packages/ff/20/6530bbc13fea536a1f2c0194034ae3f6880fbc0c1e7c229e3569450f7aef/azure_storage_blob-12.30.3-py3-none-any.whl#sha256=80729a5397e5f0a63dbbdff74da675c5db1eacaf25fd5db0074b7ba6c17e2498,qwen3/Base/A/3256__repeat_3,,
stable_baselines3,1,unknown,[],,qwen3/Base/A/1446__repeat_4,,
pycrs,1,unknown,[],,qwen3/Base/A/4180__repeat_2,,
pycad,1,unknown,[],,qwen3/Base/A/4180__repeat_4,,
alibabacloud_dswrds20200608.client,1,unknown,[],,qwen3/Base/A/2434__repeat_5,,
tiffile,1,unknown,[],,qwen3/Base/A/4289__repeat_2,,
two_factor.backends,1,unknown,[],,qwen3/BOUND/A/4453__repeat_4,,
tencentcloud_sdk.auth,1,unknown,[],,qwen3/BOUND/A/4509__repeat_4,,
tencentcloud_sdk.common,1,unknown,[],,qwen3/BOUND/A/4509__repeat_4,,
tencentcloud_sdk.exception,1,unknown,[],,qwen3/BOUND/A/4509__repeat_4,,
tencentcloud_sdk.profile,1,unknown,[],,qwen3/BOUND/A/4509__repeat_4,,
tencentcloud_sdk.profile.client,1,unknown,[],,qwen3/BOUND/A/4509__repeat_4,,
odoo.tools.translate,1,unknown,[],,qwen3/BOUND/A/3422__repeat_1,,
azure.cognitiveservices.vision.readwrite,1,ambiguous_namespace,"[""azure-core"", ""azure-identity"", ""azure-mgmt-resource"", ""azure-storage-blob""]",https://files.pythonhosted.org/packages/49/9a/417b3a533e01953a7c618884df2cb05a71e7b68bdbce4fbdb62349d2a2e8/azure_identity-1.25.3-py3-none-any.whl#sha256=f4d0b956a8146f30333e071374171f3cfa7bdb8073adb8c3814b65567aa7447c | https://files.pythonhosted.org/packages/5b/db/325c6d7312d2200251c52323878281045aaffcb5586612296484e4280eaa/azure_core-1.41.0-py3-none-any.whl#sha256=522b4011e8180b1a3dcd2024396a4e7fe9ac37fb8597db47163d230b5efe892d | https://files.pythonhosted.org/packages/e6/6e/3e776a0817ebe3558fbd8d3f98b1bd8fa75a46596e5cf9bb4377960c4611/azure_mgmt_resource-26.0.0-py3-none-any.whl#sha256=ef36559a4c0843b4272aa584efb455c686e4c3f6357421b38c82f405c01a9a9f | https://files.pythonhosted.org/packages/ff/20/6530bbc13fea536a1f2c0194034ae3f6880fbc0c1e7c229e3569450f7aef/azure_storage_blob-12.30.3-py3-none-any.whl#sha256=80729a5397e5f0a63dbbdff74da675c5db1eacaf25fd5db0074b7ba6c17e2498,qwen3/BOUND/A/2608__repeat_5,,
azure.cognitiveservices.vision.readwrite.models,1,ambiguous_namespace,"[""azure-core"", ""azure-identity"", ""azure-mgmt-resource"", ""azure-storage-blob""]",https://files.pythonhosted.org/packages/49/9a/417b3a533e01953a7c618884df2cb05a71e7b68bdbce4fbdb62349d2a2e8/azure_identity-1.25.3-py3-none-any.whl#sha256=f4d0b956a8146f30333e071374171f3cfa7bdb8073adb8c3814b65567aa7447c | https://files.pythonhosted.org/packages/5b/db/325c6d7312d2200251c52323878281045aaffcb5586612296484e4280eaa/azure_core-1.41.0-py3-none-any.whl#sha256=522b4011e8180b1a3dcd2024396a4e7fe9ac37fb8597db47163d230b5efe892d | https://files.pythonhosted.org/packages/e6/6e/3e776a0817ebe3558fbd8d3f98b1bd8fa75a46596e5cf9bb4377960c4611/azure_mgmt_resource-26.0.0-py3-none-any.whl#sha256=ef36559a4c0843b4272aa584efb455c686e4c3f6357421b38c82f405c01a9a9f | https://files.pythonhosted.org/packages/ff/20/6530bbc13fea536a1f2c0194034ae3f6880fbc0c1e7c229e3569450f7aef/azure_storage_blob-12.30.3-py3-none-any.whl#sha256=80729a5397e5f0a63dbbdff74da675c5db1eacaf25fd5db0074b7ba6c17e2498,qwen3/BOUND/A/2608__repeat_5,,
azure.mgmt.datafactory,1,ambiguous_namespace,"[""azure-core"", ""azure-identity"", ""azure-mgmt-resource"", ""azure-storage-blob""]",https://files.pythonhosted.org/packages/49/9a/417b3a533e01953a7c618884df2cb05a71e7b68bdbce4fbdb62349d2a2e8/azure_identity-1.25.3-py3-none-any.whl#sha256=f4d0b956a8146f30333e071374171f3cfa7bdb8073adb8c3814b65567aa7447c | https://files.pythonhosted.org/packages/5b/db/325c6d7312d2200251c52323878281045aaffcb5586612296484e4280eaa/azure_core-1.41.0-py3-none-any.whl#sha256=522b4011e8180b1a3dcd2024396a4e7fe9ac37fb8597db47163d230b5efe892d | https://files.pythonhosted.org/packages/e6/6e/3e776a0817ebe3558fbd8d3f98b1bd8fa75a46596e5cf9bb4377960c4611/azure_mgmt_resource-26.0.0-py3-none-any.whl#sha256=ef36559a4c0843b4272aa584efb455c686e4c3f6357421b38c82f405c01a9a9f | https://files.pythonhosted.org/packages/ff/20/6530bbc13fea536a1f2c0194034ae3f6880fbc0c1e7c229e3569450f7aef/azure_storage_blob-12.30.3-py3-none-any.whl#sha256=80729a5397e5f0a63dbbdff74da675c5db1eacaf25fd5db0074b7ba6c17e2498,qwen3/BOUND/A/3256__repeat_1,,
azure.mgmt.datafactory.models,1,ambiguous_namespace,"[""azure-core"", ""azure-identity"", ""azure-mgmt-resource"", ""azure-storage-blob""]",https://files.pythonhosted.org/packages/49/9a/417b3a533e01953a7c618884df2cb05a71e7b68bdbce4fbdb62349d2a2e8/azure_identity-1.25.3-py3-none-any.whl#sha256=f4d0b956a8146f30333e071374171f3cfa7bdb8073adb8c3814b65567aa7447c | https://files.pythonhosted.org/packages/5b/db/325c6d7312d2200251c52323878281045aaffcb5586612296484e4280eaa/azure_core-1.41.0-py3-none-any.whl#sha256=522b4011e8180b1a3dcd2024396a4e7fe9ac37fb8597db47163d230b5efe892d | https://files.pythonhosted.org/packages/e6/6e/3e776a0817ebe3558fbd8d3f98b1bd8fa75a46596e5cf9bb4377960c4611/azure_mgmt_resource-26.0.0-py3-none-any.whl#sha256=ef36559a4c0843b4272aa584efb455c686e4c3f6357421b38c82f405c01a9a9f | https://files.pythonhosted.org/packages/ff/20/6530bbc13fea536a1f2c0194034ae3f6880fbc0c1e7c229e3569450f7aef/azure_storage_blob-12.30.3-py3-none-any.whl#sha256=80729a5397e5f0a63dbbdff74da675c5db1eacaf25fd5db0074b7ba6c17e2498,qwen3/BOUND/A/3256__repeat_1,,
azure.ai.open.dataset,1,ambiguous_namespace,"[""azure-core"", ""azure-identity"", ""azure-mgmt-resource"", ""azure-storage-blob""]",https://files.pythonhosted.org/packages/49/9a/417b3a533e01953a7c618884df2cb05a71e7b68bdbce4fbdb62349d2a2e8/azure_identity-1.25.3-py3-none-any.whl#sha256=f4d0b956a8146f30333e071374171f3cfa7bdb8073adb8c3814b65567aa7447c | https://files.pythonhosted.org/packages/5b/db/325c6d7312d2200251c52323878281045aaffcb5586612296484e4280eaa/azure_core-1.41.0-py3-none-any.whl#sha256=522b4011e8180b1a3dcd2024396a4e7fe9ac37fb8597db47163d230b5efe892d | https://files.pythonhosted.org/packages/e6/6e/3e776a0817ebe3558fbd8d3f98b1bd8fa75a46596e5cf9bb4377960c4611/azure_mgmt_resource-26.0.0-py3-none-any.whl#sha256=ef36559a4c0843b4272aa584efb455c686e4c3f6357421b38c82f405c01a9a9f | https://files.pythonhosted.org/packages/ff/20/6530bbc13fea536a1f2c0194034ae3f6880fbc0c1e7c229e3569450f7aef/azure_storage_blob-12.30.3-py3-none-any.whl#sha256=80729a5397e5f0a63dbbdff74da675c5db1eacaf25fd5db0074b7ba6c17e2498,qwen3/BOUND/A/3256__repeat_4,,
flask_caching,1,unknown,[],,qwen3/BOUND/A/4676__repeat_2,,
ot.gpu,1,unknown,[],,qwen3/BOUND/A/3333__repeat_5,,
ot.gpu.gpuot,1,unknown,[],,qwen3/BOUND/A/3333__repeat_5,,
ot.gpu.gpuot.gpuot,1,unknown,[],,qwen3/BOUND/A/3333__repeat_5,,
gym.envs.classic_control.ant,1,unknown,[],,qwen3/BOUND/A/1446__repeat_3,,
gym.envs.classic_control.cheetah,1,unknown,[],,qwen3/BOUND/A/1446__repeat_3,,
gym.envs.classic_control.finger,1,unknown,[],,qwen3/BOUND/A/1446__repeat_3,,
gym.envs.classic_control.hopper,1,unknown,[],,qwen3/BOUND/A/1446__repeat_3,,
gym.envs.classic_control.human,1,unknown,[],,qwen3/BOUND/A/1446__repeat_3,,
gym.envs.classic_control.inverted_double_pendulum,1,unknown,[],,qwen3/BOUND/A/1446__repeat_3,,
gym.envs.classic_control.inverted_pendulum,1,unknown,[],,qwen3/BOUND/A/1446__repeat_3,,
gym.envs.classic_control.lunar_lander,1,unknown,[],,qwen3/BOUND/A/1446__repeat_3,,
gym.envs.classic_control.taxi,1,unknown,[],,qwen3/BOUND/A/1446__repeat_3,,
gym.envs.classic_control.video,1,unknown,[],,qwen3/BOUND/A/1446__repeat_3,,
gym.envs.classic_control.walker2d,1,unknown,[],,qwen3/BOUND/A/1446__repeat_3,,
aliyunsdkcore.acs_exception,1,unknown,[],,qwen3/BOUND/A/2298__repeat_2,,
pcapi,1,unknown,[],,qwen3/BOUND/A/4180__repeat_2,,
OSAKit._OSAKit,1,unknown,[],,qwen3/BOUND/A/321__repeat_3,,
alibabacloud_tea_rpc.client,1,unknown,[],,qwen3/BOUND/A/2434__repeat_1,,
alibabacloud_oss20190517,1,unknown,[],,qwen3/BOUND/A/2434__repeat_5,,
alibabacloud_oss20190517.client,1,unknown,[],,qwen3/BOUND/A/2434__repeat_5,,
Crypto.Random,1,unknown,[],,qwen3/BOUND/A/4374__repeat_1,,
pyBigWig,1,unknown,[],,qwen3/BOUND/A/1915__repeat_4,,
Bio.SeqFeature,1,unknown,[],,qwen3/BOUND/A/1915__repeat_5,,
Bio.bgzip,1,unknown,[],,qwen3/BOUND/A/1915__repeat_5,,
flask_session,1,unknown,[],,qwen3/BOUND/A/1970__repeat_3,,
azure.cli.core.az_command,1,ambiguous_namespace,"[""azure-core"", ""azure-identity"", ""azure-mgmt-resource"", ""azure-storage-blob""]",https://files.pythonhosted.org/packages/49/9a/417b3a533e01953a7c618884df2cb05a71e7b68bdbce4fbdb62349d2a2e8/azure_identity-1.25.3-py3-none-any.whl#sha256=f4d0b956a8146f30333e071374171f3cfa7bdb8073adb8c3814b65567aa7447c | https://files.pythonhosted.org/packages/5b/db/325c6d7312d2200251c52323878281045aaffcb5586612296484e4280eaa/azure_core-1.41.0-py3-none-any.whl#sha256=522b4011e8180b1a3dcd2024396a4e7fe9ac37fb8597db47163d230b5efe892d | https://files.pythonhosted.org/packages/e6/6e/3e776a0817ebe3558fbd8d3f98b1bd8fa75a46596e5cf9bb4377960c4611/azure_mgmt_resource-26.0.0-py3-none-any.whl#sha256=ef36559a4c0843b4272aa584efb455c686e4c3f6357421b38c82f405c01a9a9f | https://files.pythonhosted.org/packages/ff/20/6530bbc13fea536a1f2c0194034ae3f6880fbc0c1e7c229e3569450f7aef/azure_storage_blob-12.30.3-py3-none-any.whl#sha256=80729a5397e5f0a63dbbdff74da675c5db1eacaf25fd5db0074b7ba6c17e2498,qwen3/BOUND/A/1083__repeat_2,,
azure.keyvault,1,ambiguous_namespace,"[""azure-core"", ""azure-identity"", ""azure-mgmt-resource"", ""azure-storage-blob""]",https://files.pythonhosted.org/packages/49/9a/417b3a533e01953a7c618884df2cb05a71e7b68bdbce4fbdb62349d2a2e8/azure_identity-1.25.3-py3-none-any.whl#sha256=f4d0b956a8146f30333e071374171f3cfa7bdb8073adb8c3814b65567aa7447c | https://files.pythonhosted.org/packages/5b/db/325c6d7312d2200251c52323878281045aaffcb5586612296484e4280eaa/azure_core-1.41.0-py3-none-any.whl#sha256=522b4011e8180b1a3dcd2024396a4e7fe9ac37fb8597db47163d230b5efe892d | https://files.pythonhosted.org/packages/e6/6e/3e776a0817ebe3558fbd8d3f98b1bd8fa75a46596e5cf9bb4377960c4611/azure_mgmt_resource-26.0.0-py3-none-any.whl#sha256=ef36559a4c0843b4272aa584efb455c686e4c3f6357421b38c82f405c01a9a9f | https://files.pythonhosted.org/packages/ff/20/6530bbc13fea536a1f2c0194034ae3f6880fbc0c1e7c229e3569450f7aef/azure_storage_blob-12.30.3-py3-none-any.whl#sha256=80729a5397e5f0a63dbbdff74da675c5db1eacaf25fd5db0074b7ba6c17e2498,qwen3/BOUND/A/2798__repeat_4,,
splitio.client.heartbeat,1,unknown,[],,qwen3/BOUND/A/1668__repeat_5,,
splitio.client.http,1,unknown,[],,qwen3/BOUND/A/1668__repeat_5,,
splitio.client.metrics,1,unknown,[],,qwen3/BOUND/A/1668__repeat_5,,
splitio.client.segment,1,unknown,[],,qwen3/BOUND/A/1668__repeat_5,,
splitio.client.sse,1,unknown,[],,qwen3/BOUND/A/1668__repeat_5,,
splitio.client.traffic,1,unknown,[],,qwen3/BOUND/A/1668__repeat_5,,
splitio.client.util,1,unknown,[],,qwen3/BOUND/A/1668__repeat_5,,
splitio.engine.heartbeat,1,unknown,[],,qwen3/BOUND/A/1668__repeat_5,,
splitio.engine.metrics,1,unknown,[],,qwen3/BOUND/A/1668__repeat_5,,
splitio.engine.segment,1,unknown,[],,qwen3/BOUND/A/1668__repeat_5,,
splitio.engine.sse,1,unknown,[],,qwen3/BOUND/A/1668__repeat_5,,
splitio.engine.traffic,1,unknown,[],,qwen3/BOUND/A/1668__repeat_5,,
splitio.engine.util,1,unknown,[],,qwen3/BOUND/A/1668__repeat_5,,
splitio.util.logger,1,unknown,[],,qwen3/BOUND/A/1668__repeat_5,,
splitio.util.metrics,1,unknown,[],,qwen3/BOUND/A/1668__repeat_5,,
splitio.util.traffic,1,unknown,[],,qwen3/BOUND/A/1668__repeat_5,,
splitio.util.util,1,unknown,[],,qwen3/BOUND/A/1668__repeat_5,,
argo.workflows.client.model.io_argoproj_v1alpha1_workflow,1,unknown,[],,qwen3/BOUND/A/1497__repeat_2,,
argo.workflows.client.model.io_argoproj_v1alpha1_workflow_spec,1,unknown,[],,qwen3/BOUND/A/1497__repeat_2,,
argo.workflows.client.model.io_argoproj_v1alpha1_workflow_status,1,unknown,[],,qwen3/BOUND/A/1497__repeat_2,,
argo.workflows.client.model.io_argoproj_v1alpha1_workflow_template,1,unknown,[],,qwen3/BOUND/A/1497__repeat_2,,
argo.workflows.client.model.io_argoproj_v1alpha1_workflow_template_spec,1,unknown,[],,qwen3/BOUND/A/1497__repeat_2,,
argo.workflows.client.model.v1_object_meta,1,unknown,[],,qwen3/BOUND/A/1497__repeat_2,,
altair,1,unknown,[],,qwen3/BOUND/A/1118__repeat_5,,
functions_framework,1,unknown,[],,qwen3/BOUND/A/3396__repeat_5,,
rdk,1,unknown,[],,qwen3/BOUND/B/1603__repeat_5,,
rdkit.Chem.Descriptors,1,unknown,[],,qwen3/BOUND/B/1603__repeat_5,,
rdkit.Chem.MolStandardize,1,unknown,[],,qwen3/BOUND/B/1603__repeat_5,,
rdkit.Chem.MolSurf,1,unknown,[],,qwen3/BOUND/B/1603__repeat_5,,
rdkit.Chem.rdForceFieldOpt,1,unknown,[],,qwen3/BOUND/B/1603__repeat_5,,
rdkit.Chem.rdMolAlign,1,unknown,[],,qwen3/BOUND/B/1603__repeat_5,,
rdkit.Chem.rdMolInteractions,1,unknown,[],,qwen3/BOUND/B/1603__repeat_5,,
rdkit.Chem.rdMolTransforms,1,unknown,[],,qwen3/BOUND/B/1603__repeat_5,,
rdkit.Chem.rdStats,1,unknown,[],,qwen3/BOUND/B/1603__repeat_5,,
gym.envs.classic_control.bipedal_walker,1,unknown,[],,qwen3/BOUND/B/1446__repeat_2,,
gym.envs.classic_control.continuous_mountain_car,1,unknown,[],,qwen3/BOUND/B/1446__repeat_2,,
gym.envs.classic_control.four_rooms,1,unknown,[],,qwen3/BOUND/B/1446__repeat_2,,
gym.envs.classic_control.puck_env,1,unknown,[],,qwen3/BOUND/B/1446__repeat_2,,
gym.envs.classic_control.robot_arm,1,unknown,[],,qwen3/BOUND/B/1446__repeat_2,,
pygame.gfxdraw,1,unknown,[],,qwen3/BOUND/B/1446__repeat_2,,
opentelemetry.trace.export,1,ambiguous_namespace,"[""opentelemetry-api"", ""opentelemetry-exporter-otlp"", ""opentelemetry-exporter-otlp-proto-common"", ""opentelemetry-exporter-otlp-proto-grpc"", ""opentelemetry-exporter-otlp-proto-http"", ""opentelemetry-proto"", ""opentelemetry-sdk"", ""opentelemetry-semantic-conventions"", ""opentelemetry-semantic-conventions-ai""]",/home/shuhanliu/miniconda3/envs/vllm/lib/python3.1/site-packages | /home/shuhanliu/miniconda3/envs/vllm/lib/python3.1/site-packages | /home/shuhanliu/miniconda3/envs/vllm/lib/python3.1/site-packages | /home/shuhanliu/miniconda3/envs/vllm/lib/python3.1/site-packages | /home/shuhanliu/miniconda3/envs/vllm/lib/python3.1/site-packages | /home/shuhanliu/miniconda3/envs/vllm/lib/python3.1/site-packages | /home/shuhanliu/miniconda3/envs/vllm/lib/python3.1/site-packages | /home/shuhanliu/miniconda3/envs/vllm/lib/python3.1/site-packages | https://files.pythonhosted.org/packages/89/fb/b3c4750238c1c9686de37d3912357c9b94286b64fe594404a39908064f78/opentelemetry_exporter_otlp-1.45.0-py3-none-any.whl#sha256=3de9a5b18648dc124c751f547d8c7a93b177ddae552566981a792d18a063145c,qwen3/BOUND/B/4692__repeat_1,,
opentelemetry.trace.export.trace_exporter,1,ambiguous_namespace,"[""opentelemetry-api"", ""opentelemetry-exporter-otlp"", ""opentelemetry-exporter-otlp-proto-common"", ""opentelemetry-exporter-otlp-proto-grpc"", ""opentelemetry-exporter-otlp-proto-http"", ""opentelemetry-proto"", ""opentelemetry-sdk"", ""opentelemetry-semantic-conventions"", ""opentelemetry-semantic-conventions-ai""]",/home/shuhanliu/miniconda3/envs/vllm/lib/python3.1/site-packages | /home/shuhanliu/miniconda3/envs/vllm/lib/python3.1/site-packages | /home/shuhanliu/miniconda3/envs/vllm/lib/python3.1/site-packages | /home/shuhanliu/miniconda3/envs/vllm/lib/python3.1/site-packages | /home/shuhanliu/miniconda3/envs/vllm/lib/python3.1/site-packages | /home/shuhanliu/miniconda3/envs/vllm/lib/python3.1/site-packages | /home/shuhanliu/miniconda3/envs/vllm/lib/python3.1/site-packages | /home/shuhanliu/miniconda3/envs/vllm/lib/python3.1/site-packages | https://files.pythonhosted.org/packages/89/fb/b3c4750238c1c9686de37d3912357c9b94286b64fe594404a39908064f78/opentelemetry_exporter_otlp-1.45.0-py3-none-any.whl#sha256=3de9a5b18648dc124c751f547d8c7a93b177ddae552566981a792d18a063145c,qwen3/BOUND/B/4692__repeat_1,,
aiomcache,1,unknown,[],,qwen3/BOUND/B/4692__repeat_2,,
opentelemetry.instrumentation.aiohttp_client,1,ambiguous_namespace,"[""opentelemetry-api"", ""opentelemetry-exporter-otlp"", ""opentelemetry-exporter-otlp-proto-common"", ""opentelemetry-exporter-otlp-proto-grpc"", ""opentelemetry-exporter-otlp-proto-http"", ""opentelemetry-proto"", ""opentelemetry-sdk"", ""opentelemetry-semantic-conventions"", ""opentelemetry-semantic-conventions-ai""]",/home/shuhanliu/miniconda3/envs/vllm/lib/python3.1/site-packages | /home/shuhanliu/miniconda3/envs/vllm/lib/python3.1/site-packages | /home/shuhanliu/miniconda3/envs/vllm/lib/python3.1/site-packages | /home/shuhanliu/miniconda3/envs/vllm/lib/python3.1/site-packages | /home/shuhanliu/miniconda3/envs/vllm/lib/python3.1/site-packages | /home/shuhanliu/miniconda3/envs/vllm/lib/python3.1/site-packages | /home/shuhanliu/miniconda3/envs/vllm/lib/python3.1/site-packages | /home/shuhanliu/miniconda3/envs/vllm/lib/python3.1/site-packages | https://files.pythonhosted.org/packages/89/fb/b3c4750238c1c9686de37d3912357c9b94286b64fe594404a39908064f78/opentelemetry_exporter_otlp-1.45.0-py3-none-any.whl#sha256=3de9a5b18648dc124c751f547d8c7a93b177ddae552566981a792d18a063145c,qwen3/BOUND/B/4692__repeat_2,,
opentelemetry.instrumentation.asyncio,1,ambiguous_namespace,"[""opentelemetry-api"", ""opentelemetry-exporter-otlp"", ""opentelemetry-exporter-otlp-proto-common"", ""opentelemetry-exporter-otlp-proto-grpc"", ""opentelemetry-exporter-otlp-proto-http"", ""opentelemetry-proto"", ""opentelemetry-sdk"", ""opentelemetry-semantic-conventions"", ""opentelemetry-semantic-conventions-ai""]",/home/shuhanliu/miniconda3/envs/vllm/lib/python3.1/site-packages | /home/shuhanliu/miniconda3/envs/vllm/lib/python3.1/site-packages | /home/shuhanliu/miniconda3/envs/vllm/lib/python3.1/site-packages | /home/shuhanliu/miniconda3/envs/vllm/lib/python3.1/site-packages | /home/shuhanliu/miniconda3/envs/vllm/lib/python3.1/site-packages | /home/shuhanliu/miniconda3/envs/vllm/lib/python3.1/site-packages | /home/shuhanliu/miniconda3/envs/vllm/lib/python3.1/site-packages | /home/shuhanliu/miniconda3/envs/vllm/lib/python3.1/site-packages | https://files.pythonhosted.org/packages/89/fb/b3c4750238c1c9686de37d3912357c9b94286b64fe594404a39908064f78/opentelemetry_exporter_otlp-1.45.0-py3-none-any.whl#sha256=3de9a5b18648dc124c751f547d8c7a93b177ddae552566981a792d18a063145c,qwen3/BOUND/B/4692__repeat_2,,
opentelemetry.exporter.cloudmonitoring.metric_exporter,1,ambiguous_namespace,"[""opentelemetry-api"", ""opentelemetry-exporter-otlp"", ""opentelemetry-exporter-otlp-proto-common"", ""opentelemetry-exporter-otlp-proto-grpc"", ""opentelemetry-exporter-otlp-proto-http"", ""opentelemetry-proto"", ""opentelemetry-sdk"", ""opentelemetry-semantic-conventions"", ""opentelemetry-semantic-conventions-ai""]",/home/shuhanliu/miniconda3/envs/vllm/lib/python3.1/site-packages | /home/shuhanliu/miniconda3/envs/vllm/lib/python3.1/site-packages | /home/shuhanliu/miniconda3/envs/vllm/lib/python3.1/site-packages | /home/shuhanliu/miniconda3/envs/vllm/lib/python3.1/site-packages | /home/shuhanliu/miniconda3/envs/vllm/lib/python3.1/site-packages | /home/shuhanliu/miniconda3/envs/vllm/lib/python3.1/site-packages | /home/shuhanliu/miniconda3/envs/vllm/lib/python3.1/site-packages | /home/shuhanliu/miniconda3/envs/vllm/lib/python3.1/site-packages | https://files.pythonhosted.org/packages/89/fb/b3c4750238c1c9686de37d3912357c9b94286b64fe594404a39908064f78/opentelemetry_exporter_otlp-1.45.0-py3-none-any.whl#sha256=3de9a5b18648dc124c751f547d8c7a93b177ddae552566981a792d18a063145c,qwen3/BOUND/B/4059__repeat_5,,
aliyunsdkcore.region,1,unknown,[],,qwen3/BOUND/B/2298__repeat_5,,
aliyunsdkcore.utils,1,unknown,[],,qwen3/BOUND/B/2298__repeat_5,,
pcc.models,1,unknown,[],,qwen3/BOUND/B/4180__repeat_1,,
pcc.simulation,1,unknown,[],,qwen3/BOUND/B/4180__repeat_1,,
pycs,1,unknown,[],,qwen3/BOUND/B/4180__repeat_5,,
alibabacloud_alb20200616,1,unknown,[],,qwen3/BOUND/B/2434__repeat_1,,
alibabacloud_alb20200616.client,1,unknown,[],,qwen3/BOUND/B/2434__repeat_1,,
alibabacloud_oss2,1,unknown,[],,qwen3/BOUND/B/2434__repeat_5,,
pyebics,1,unknown,[],,qwen3/BOUND/B/4374__repeat_2,,
pyjwt,1,unknown,[],,qwen3/BOUND/B/4374__repeat_2,,
pysepa,1,unknown,[],,qwen3/BOUND/B/4374__repeat_2,,
mypy_boto3_resource_groups_tagging_api.type_defs,1,unknown,[],,qwen3/BOUND/B/2317__repeat_2,,
mypy_boto3_resourcegroups_tagging_api.paginator,1,unknown,[],,qwen3/BOUND/B/2317__repeat_3,,
splitio.models,1,unknown,[],,qwen3/BOUND/B/1668__repeat_5,,
argo.workflows,1,unknown,[],,qwen3/BOUND/B/1497__repeat_1,,
argo.workflows.client.model.io_argo_workflows_workflow_template_inputs,1,unknown,[],,qwen3/BOUND/B/1497__repeat_4,,
argo.workflows.client.model.io_argo_workflows_workflow_template_outputs,1,unknown,[],,qwen3/BOUND/B/1497__repeat_4,,
argo.workflows.client.model.io_argo_workflows_workflow_template_parameters,1,unknown,[],,qwen3/BOUND/B/1497__repeat_4,,
google.cloud.firestore_v1.base_document,1,ambiguous_namespace,"[""google-api-core"", ""google-auth"", ""googleapis-common-protos"", ""protobuf""]",/home/shuhanliu/miniconda3/envs/vllm/lib/python3.1/site-packages | /home/shuhanliu/miniconda3/envs/vllm/lib/python3.1/site-packages | https://files.pythonhosted.org/packages/7a/f0/cba0ac98e98e01849b19f7504eb3aeede741e72dfc31612e46d5f0dd981c/google_auth-2.58.1-py3-none-any.whl#sha256=66a63572d0ab629554768544df04018d79178c0bd7439ba31683ac576b79024d | https://files.pythonhosted.org/packages/ff/78/41b3cd83d472b63c694a01e876d3aaa7c2b2f61f29ec8a9275f47b057349/google_api_core-2.39.0-py3-none-any.whl#sha256=40a5d1c892bc1798f3b75ab10c665b85717979088519c714ca5774ee81d1e3c5,qwen3/BOUND/B/3396__repeat_3,,
allauth.socialaccount.providers.base,1,unknown,[],,qwen3/BOUND/C/4453__repeat_4,,
allauth.socialaccount.providers.oauth2.provider,1,unknown,[],,qwen3/BOUND/C/4453__repeat_4,,
two_factor.signals,1,unknown,[],,qwen3/BOUND/C/4453__repeat_4,,
two_factor.validators,1,unknown,[],,qwen3/BOUND/C/4453__repeat_4,,
confluent_cloud_api,1,unknown,[],,qwen3/BOUND/C/1510__repeat_2,,
speechbrain.lobes.models,1,unknown,[],,qwen3/BOUND/C/824__repeat_4,,
speechbrain.pretrained,1,unknown,[],,qwen3/BOUND/C/824__repeat_4,,
rdkit.Chem.MolDraw2D,1,unknown,[],,qwen3/BOUND/C/1603__repeat_4,,
rdkit.Chem.MolProperties,1,unknown,[],,qwen3/BOUND/C/1603__repeat_4,,
rdkit.Chem.rdSchrodinger,1,unknown,[],,qwen3/BOUND/C/1603__repeat_4,,
rdkit.Chem.rdSubstanceProperties,1,unknown,[],,qwen3/BOUND/C/1603__repeat_4,,
rdkit.Chem.rdTripos,1,unknown,[],,qwen3/BOUND/C/1603__repeat_4,,
rdkit.Chem.rdXML,1,unknown,[],,qwen3/BOUND/C/1603__repeat_4,,
rdkit.Chem.rdXSD,1,unknown,[],,qwen3/BOUND/C/1603__repeat_4,,
rdkit.Chem.rdXSDUtil,1,unknown,[],,qwen3/BOUND/C/1603__repeat_4,,
rdkit.Chem.rdXSDX,1,unknown,[],,qwen3/BOUND/C/1603__repeat_4,,
rdkit.Chem.rdXSDXML,1,unknown,[],,qwen3/BOUND/C/1603__repeat_4,,
rdkit.Chem.rdXSDXMLUtil,1,unknown,[],,qwen3/BOUND/C/1603__repeat_4,,
rdkit.Chem.rdXSDXUtil,1,unknown,[],,qwen3/BOUND/C/1603__repeat_4,,
rdkit.Chem.rdXSDXXML,1,unknown,[],,qwen3/BOUND/C/1603__repeat_4,,
rdkit.Chem.rdXSDXXMLUtil,1,unknown,[],,qwen3/BOUND/C/1603__repeat_4,,
rdkit.Chem.rdXform,1,unknown,[],,qwen3/BOUND/C/1603__repeat_4,,
canopy.canopen,1,unknown,[],,qwen3/BOUND/C/1267__repeat_2,,
tencentcloud_hsm.v20200304.tencentcloud_hsm_client,1,unknown,[],,qwen3/BOUND/C/4834__repeat_2,,
azure.maps.data,1,ambiguous_namespace,"[""azure-core"", ""azure-identity"", ""azure-mgmt-resource"", ""azure-storage-blob""]",https://files.pythonhosted.org/packages/49/9a/417b3a533e01953a7c618884df2cb05a71e7b68bdbce4fbdb62349d2a2e8/azure_identity-1.25.3-py3-none-any.whl#sha256=f4d0b956a8146f30333e071374171f3cfa7bdb8073adb8c3814b65567aa7447c | https://files.pythonhosted.org/packages/5b/db/325c6d7312d2200251c52323878281045aaffcb5586612296484e4280eaa/azure_core-1.41.0-py3-none-any.whl#sha256=522b4011e8180b1a3dcd2024396a4e7fe9ac37fb8597db47163d230b5efe892d | https://files.pythonhosted.org/packages/e6/6e/3e776a0817ebe3558fbd8d3f98b1bd8fa75a46596e5cf9bb4377960c4611/azure_mgmt_resource-26.0.0-py3-none-any.whl#sha256=ef36559a4c0843b4272aa584efb455c686e4c3f6357421b38c82f405c01a9a9f | https://files.pythonhosted.org/packages/ff/20/6530bbc13fea536a1f2c0194034ae3f6880fbc0c1e7c229e3569450f7aef/azure_storage_blob-12.30.3-py3-none-any.whl#sha256=80729a5397e5f0a63dbbdff74da675c5db1eacaf25fd5db0074b7ba6c17e2498,qwen3/BOUND/C/3256__repeat_3,,
azure.maps.data.models,1,ambiguous_namespace,"[""azure-core"", ""azure-identity"", ""azure-mgmt-resource"", ""azure-storage-blob""]",https://files.pythonhosted.org/packages/49/9a/417b3a533e01953a7c618884df2cb05a71e7b68bdbce4fbdb62349d2a2e8/azure_identity-1.25.3-py3-none-any.whl#sha256=f4d0b956a8146f30333e071374171f3cfa7bdb8073adb8c3814b65567aa7447c | https://files.pythonhosted.org/packages/5b/db/325c6d7312d2200251c52323878281045aaffcb5586612296484e4280eaa/azure_core-1.41.0-py3-none-any.whl#sha256=522b4011e8180b1a3dcd2024396a4e7fe9ac37fb8597db47163d230b5efe892d | https://files.pythonhosted.org/packages/e6/6e/3e776a0817ebe3558fbd8d3f98b1bd8fa75a46596e5cf9bb4377960c4611/azure_mgmt_resource-26.0.0-py3-none-any.whl#sha256=ef36559a4c0843b4272aa584efb455c686e4c3f6357421b38c82f405c01a9a9f | https://files.pythonhosted.org/packages/ff/20/6530bbc13fea536a1f2c0194034ae3f6880fbc0c1e7c229e3569450f7aef/azure_storage_blob-12.30.3-py3-none-any.whl#sha256=80729a5397e5f0a63dbbdff74da675c5db1eacaf25fd5db0074b7ba6c17e2498,qwen3/BOUND/C/3256__repeat_3,,
azure.maps.search,1,ambiguous_namespace,"[""azure-core"", ""azure-identity"", ""azure-mgmt-resource"", ""azure-storage-blob""]",https://files.pythonhosted.org/packages/49/9a/417b3a533e01953a7c618884df2cb05a71e7b68bdbce4fbdb62349d2a2e8/azure_identity-1.25.3-py3-none-any.whl#sha256=f4d0b956a8146f30333e071374171f3cfa7bdb8073adb8c3814b65567aa7447c | https://files.pythonhosted.org/packages/5b/db/325c6d7312d2200251c52323878281045aaffcb5586612296484e4280eaa/azure_core-1.41.0-py3-none-any.whl#sha256=522b4011e8180b1a3dcd2024396a4e7fe9ac37fb8597db47163d230b5efe892d | https://files.pythonhosted.org/packages/e6/6e/3e776a0817ebe3558fbd8d3f98b1bd8fa75a46596e5cf9bb4377960c4611/azure_mgmt_resource-26.0.0-py3-none-any.whl#sha256=ef36559a4c0843b4272aa584efb455c686e4c3f6357421b38c82f405c01a9a9f | https://files.pythonhosted.org/packages/ff/20/6530bbc13fea536a1f2c0194034ae3f6880fbc0c1e7c229e3569450f7aef/azure_storage_blob-12.30.3-py3-none-any.whl#sha256=80729a5397e5f0a63dbbdff74da675c5db1eacaf25fd5db0074b7ba6c17e2498,qwen3/BOUND/C/3256__repeat_3,,
opentelemetry.sdk.metrics._internal._counter,1,ambiguous_namespace,"[""opentelemetry-api"", ""opentelemetry-exporter-otlp"", ""opentelemetry-exporter-otlp-proto-common"", ""opentelemetry-exporter-otlp-proto-grpc"", ""opentelemetry-exporter-otlp-proto-http"", ""opentelemetry-proto"", ""opentelemetry-sdk"", ""opentelemetry-semantic-conventions"", ""opentelemetry-semantic-conventions-ai""]",/home/shuhanliu/miniconda3/envs/vllm/lib/python3.1/site-packages | /home/shuhanliu/miniconda3/envs/vllm/lib/python3.1/site-packages | /home/shuhanliu/miniconda3/envs/vllm/lib/python3.1/site-packages | /home/shuhanliu/miniconda3/envs/vllm/lib/python3.1/site-packages | /home/shuhanliu/miniconda3/envs/vllm/lib/python3.1/site-packages | /home/shuhanliu/miniconda3/envs/vllm/lib/python3.1/site-packages | /home/shuhanliu/miniconda3/envs/vllm/lib/python3.1/site-packages | /home/shuhanliu/miniconda3/envs/vllm/lib/python3.1/site-packages | https://files.pythonhosted.org/packages/89/fb/b3c4750238c1c9686de37d3912357c9b94286b64fe594404a39908064f78/opentelemetry_exporter_otlp-1.45.0-py3-none-any.whl#sha256=3de9a5b18648dc124c751f547d8c7a93b177ddae552566981a792d18a063145c,qwen3/BOUND/C/4692__repeat_3,,
opentelemetry.sdk.metrics._internal._exporter,1,ambiguous_namespace,"[""opentelemetry-api"", ""opentelemetry-exporter-otlp"", ""opentelemetry-exporter-otlp-proto-common"", ""opentelemetry-exporter-otlp-proto-grpc"", ""opentelemetry-exporter-otlp-proto-http"", ""opentelemetry-proto"", ""opentelemetry-sdk"", ""opentelemetry-semantic-conventions"", ""opentelemetry-semantic-conventions-ai""]",/home/shuhanliu/miniconda3/envs/vllm/lib/python3.1/site-packages | /home/shuhanliu/miniconda3/envs/vllm/lib/python3.1/site-packages | /home/shuhanliu/miniconda3/envs/vllm/lib/python3.1/site-packages | /home/shuhanliu/miniconda3/envs/vllm/lib/python3.1/site-packages | /home/shuhanliu/miniconda3/envs/vllm/lib/python3.1/site-packages | /home/shuhanliu/miniconda3/envs/vllm/lib/python3.1/site-packages | /home/shuhanliu/miniconda3/envs/vllm/lib/python3.1/site-packages | /home/shuhanliu/miniconda3/envs/vllm/lib/python3.1/site-packages | https://files.pythonhosted.org/packages/89/fb/b3c4750238c1c9686de37d3912357c9b94286b64fe594404a39908064f78/opentelemetry_exporter_otlp-1.45.0-py3-none-any.whl#sha256=3de9a5b18648dc124c751f547d8c7a93b177ddae552566981a792d18a063145c,qwen3/BOUND/C/4692__repeat_3,,
opentelemetry.sdk.metrics._internal._gauge,1,ambiguous_namespace,"[""opentelemetry-api"", ""opentelemetry-exporter-otlp"", ""opentelemetry-exporter-otlp-proto-common"", ""opentelemetry-exporter-otlp-proto-grpc"", ""opentelemetry-exporter-otlp-proto-http"", ""opentelemetry-proto"", ""opentelemetry-sdk"", ""opentelemetry-semantic-conventions"", ""opentelemetry-semantic-conventions-ai""]",/home/shuhanliu/miniconda3/envs/vllm/lib/python3.1/site-packages | /home/shuhanliu/miniconda3/envs/vllm/lib/python3.1/site-packages | /home/shuhanliu/miniconda3/envs/vllm/lib/python3.1/site-packages | /home/shuhanliu/miniconda3/envs/vllm/lib/python3.1/site-packages | /home/shuhanliu/miniconda3/envs/vllm/lib/python3.1/site-packages | /home/shuhanliu/miniconda3/envs/vllm/lib/python3.1/site-packages | /home/shuhanliu/miniconda3/envs/vllm/lib/python3.1/site-packages | /home/shuhanliu/miniconda3/envs/vllm/lib/python3.1/site-packages | https://files.pythonhosted.org/packages/89/fb/b3c4750238c1c9686de37d3912357c9b94286b64fe594404a39908064f78/opentelemetry_exporter_otlp-1.45.0-py3-none-any.whl#sha256=3de9a5b18648dc124c751f547d8c7a93b177ddae552566981a792d18a063145c,qwen3/BOUND/C/4692__repeat_3,,
opentelemetry.sdk.metrics._internal._histogram,1,ambiguous_namespace,"[""opentelemetry-api"", ""opentelemetry-exporter-otlp"", ""opentelemetry-exporter-otlp-proto-common"", ""opentelemetry-exporter-otlp-proto-grpc"", ""opentelemetry-exporter-otlp-proto-http"", ""opentelemetry-proto"", ""opentelemetry-sdk"", ""opentelemetry-semantic-conventions"", ""opentelemetry-semantic-conventions-ai""]",/home/shuhanliu/miniconda3/envs/vllm/lib/python3.1/site-packages | /home/shuhanliu/miniconda3/envs/vllm/lib/python3.1/site-packages | /home/shuhanliu/miniconda3/envs/vllm/lib/python3.1/site-packages | /home/shuhanliu/miniconda3/envs/vllm/lib/python3.1/site-packages | /home/shuhanliu/miniconda3/envs/vllm/lib/python3.1/site-packages | /home/shuhanliu/miniconda3/envs/vllm/lib/python3.1/site-packages | /home/shuhanliu/miniconda3/envs/vllm/lib/python3.1/site-packages | /home/shuhanliu/miniconda3/envs/vllm/lib/python3.1/site-packages | https://files.pythonhosted.org/packages/89/fb/b3c4750238c1c9686de37d3912357c9b94286b64fe594404a39908064f78/opentelemetry_exporter_otlp-1.45.0-py3-none-any.whl#sha256=3de9a5b18648dc124c751f547d8c7a93b177ddae552566981a792d18a063145c,qwen3/BOUND/C/4692__repeat_3,,
opentelemetry.sdk.metrics._internal._measurements,1,ambiguous_namespace,"[""opentelemetry-api"", ""opentelemetry-exporter-otlp"", ""opentelemetry-exporter-otlp-proto-common"", ""opentelemetry-exporter-otlp-proto-grpc"", ""opentelemetry-exporter-otlp-proto-http"", ""opentelemetry-proto"", ""opentelemetry-sdk"", ""opentelemetry-semantic-conventions"", ""opentelemetry-semantic-conventions-ai""]",/home/shuhanliu/miniconda3/envs/vllm/lib/python3.1/site-packages | /home/shuhanliu/miniconda3/envs/vllm/lib/python3.1/site-packages | /home/shuhanliu/miniconda3/envs/vllm/lib/python3.1/site-packages | /home/shuhanliu/miniconda3/envs/vllm/lib/python3.1/site-packages | /home/shuhanliu/miniconda3/envs/vllm/lib/python3.1/site-packages | /home/shuhanliu/miniconda3/envs/vllm/lib/python3.1/site-packages | /home/shuhanliu/miniconda3/envs/vllm/lib/python3.1/site-packages | /home/shuhanliu/miniconda3/envs/vllm/lib/python3.1/site-packages | https://files.pythonhosted.org/packages/89/fb/b3c4750238c1c9686de37d3912357c9b94286b64fe594404a39908064f78/opentelemetry_exporter_otlp-1.45.0-py3-none-any.whl#sha256=3de9a5b18648dc124c751f547d8c7a93b177ddae552566981a792d18a063145c,qwen3/BOUND/C/4692__repeat_3,,
opentelemetry.sdk.metrics._internal._metric_data,1,ambiguous_namespace,"[""opentelemetry-api"", ""opentelemetry-exporter-otlp"", ""opentelemetry-exporter-otlp-proto-common"", ""opentelemetry-exporter-otlp-proto-grpc"", ""opentelemetry-exporter-otlp-proto-http"", ""opentelemetry-proto"", ""opentelemetry-sdk"", ""opentelemetry-semantic-conventions"", ""opentelemetry-semantic-conventions-ai""]",/home/shuhanliu/miniconda3/envs/vllm/lib/python3.1/site-packages | /home/shuhanliu/miniconda3/envs/vllm/lib/python3.1/site-packages | /home/shuhanliu/miniconda3/envs/vllm/lib/python3.1/site-packages | /home/shuhanliu/miniconda3/envs/vllm/lib/python3.1/site-packages | /home/shuhanliu/miniconda3/envs/vllm/lib/python3.1/site-packages | /home/shuhanliu/miniconda3/envs/vllm/lib/python3.1/site-packages | /home/shuhanliu/miniconda3/envs/vllm/lib/python3.1/site-packages | /home/shuhanliu/miniconda3/envs/vllm/lib/python3.1/site-packages | https://files.pythonhosted.org/packages/89/fb/b3c4750238c1c9686de37d3912357c9b94286b64fe594404a39908064f78/opentelemetry_exporter_otlp-1.45.0-py3-none-any.whl#sha256=3de9a5b18648dc124c751f547d8c7a93b177ddae552566981a792d18a063145c,qwen3/BOUND/C/4692__repeat_3,,
opentelemetry.sdk.metrics._internal._value_type,1,ambiguous_namespace,"[""opentelemetry-api"", ""opentelemetry-exporter-otlp"", ""opentelemetry-exporter-otlp-proto-common"", ""opentelemetry-exporter-otlp-proto-grpc"", ""opentelemetry-exporter-otlp-proto-http"", ""opentelemetry-proto"", ""opentelemetry-sdk"", ""opentelemetry-semantic-conventions"", ""opentelemetry-semantic-conventions-ai""]",/home/shuhanliu/miniconda3/envs/vllm/lib/python3.1/site-packages | /home/shuhanliu/miniconda3/envs/vllm/lib/python3.1/site-packages | /home/shuhanliu/miniconda3/envs/vllm/lib/python3.1/site-packages | /home/shuhanliu/miniconda3/envs/vllm/lib/python3.1/site-packages | /home/shuhanliu/miniconda3/envs/vllm/lib/python3.1/site-packages | /home/shuhanliu/miniconda3/envs/vllm/lib/python3.1/site-packages | /home/shuhanliu/miniconda3/envs/vllm/lib/python3.1/site-packages | /home/shuhanliu/miniconda3/envs/vllm/lib/python3.1/site-packages | https://files.pythonhosted.org/packages/89/fb/b3c4750238c1c9686de37d3912357c9b94286b64fe594404a39908064f78/opentelemetry_exporter_otlp-1.45.0-py3-none-any.whl#sha256=3de9a5b18648dc124c751f547d8c7a93b177ddae552566981a792d18a063145c,qwen3/BOUND/C/4692__repeat_3,,
opentelemetry.sdk.metrics._internal.meter,1,ambiguous_namespace,"[""opentelemetry-api"", ""opentelemetry-exporter-otlp"", ""opentelemetry-exporter-otlp-proto-common"", ""opentelemetry-exporter-otlp-proto-grpc"", ""opentelemetry-exporter-otlp-proto-http"", ""opentelemetry-proto"", ""opentelemetry-sdk"", ""opentelemetry-semantic-conventions"", ""opentelemetry-semantic-conventions-ai""]",/home/shuhanliu/miniconda3/envs/vllm/lib/python3.1/site-packages | /home/shuhanliu/miniconda3/envs/vllm/lib/python3.1/site-packages | /home/shuhanliu/miniconda3/envs/vllm/lib/python3.1/site-packages | /home/shuhanliu/miniconda3/envs/vllm/lib/python3.1/site-packages | /home/shuhanliu/miniconda3/envs/vllm/lib/python3.1/site-packages | /home/shuhanliu/miniconda3/envs/vllm/lib/python3.1/site-packages | /home/shuhanliu/miniconda3/envs/vllm/lib/python3.1/site-packages | /home/shuhanliu/miniconda3/envs/vllm/lib/python3.1/site-packages | https://files.pythonhosted.org/packages/89/fb/b3c4750238c1c9686de37d3912357c9b94286b64fe594404a39908064f78/opentelemetry_exporter_otlp-1.45.0-py3-none-any.whl#sha256=3de9a5b18648dc124c751f547d8c7a93b177ddae552566981a792d18a063145c,qwen3/BOUND/C/4692__repeat_3,,
opentelemetry.sdk.metrics._internal.units,1,ambiguous_namespace,"[""opentelemetry-api"", ""opentelemetry-exporter-otlp"", ""opentelemetry-exporter-otlp-proto-common"", ""opentelemetry-exporter-otlp-proto-grpc"", ""opentelemetry-exporter-otlp-proto-http"", ""opentelemetry-proto"", ""opentelemetry-sdk"", ""opentelemetry-semantic-conventions"", ""opentelemetry-semantic-conventions-ai""]",/home/shuhanliu/miniconda3/envs/vllm/lib/python3.1/site-packages | /home/shuhanliu/miniconda3/envs/vllm/lib/python3.1/site-packages | /home/shuhanliu/miniconda3/envs/vllm/lib/python3.1/site-packages | /home/shuhanliu/miniconda3/envs/vllm/lib/python3.1/site-packages | /home/shuhanliu/miniconda3/envs/vllm/lib/python3.1/site-packages | /home/shuhanliu/miniconda3/envs/vllm/lib/python3.1/site-packages | /home/shuhanliu/miniconda3/envs/vllm/lib/python3.1/site-packages | /home/shuhanliu/miniconda3/envs/vllm/lib/python3.1/site-packages | https://files.pythonhosted.org/packages/89/fb/b3c4750238c1c9686de37d3912357c9b94286b64fe594404a39908064f78/opentelemetry_exporter_otlp-1.45.0-py3-none-any.whl#sha256=3de9a5b18648dc124c751f547d8c7a93b177ddae552566981a792d18a063145c,qwen3/BOUND/C/4692__repeat_3,,
opentelemetry.exporter.otlp.proto.grpc._utils,1,ambiguous_namespace,"[""opentelemetry-api"", ""opentelemetry-exporter-otlp"", ""opentelemetry-exporter-otlp-proto-common"", ""opentelemetry-exporter-otlp-proto-grpc"", ""opentelemetry-exporter-otlp-proto-http"", ""opentelemetry-proto"", ""opentelemetry-sdk"", ""opentelemetry-semantic-conventions"", ""opentelemetry-semantic-conventions-ai""]",/home/shuhanliu/miniconda3/envs/vllm/lib/python3.1/site-packages | /home/shuhanliu/miniconda3/envs/vllm/lib/python3.1/site-packages | /home/shuhanliu/miniconda3/envs/vllm/lib/python3.1/site-packages | /home/shuhanliu/miniconda3/envs/vllm/lib/python3.1/site-packages | /home/shuhanliu/miniconda3/envs/vllm/lib/python3.1/site-packages | /home/shuhanliu/miniconda3/envs/vllm/lib/python3.1/site-packages | /home/shuhanliu/miniconda3/envs/vllm/lib/python3.1/site-packages | /home/shuhanliu/miniconda3/envs/vllm/lib/python3.1/site-packages | https://files.pythonhosted.org/packages/89/fb/b3c4750238c1c9686de37d3912357c9b94286b64fe594404a39908064f78/opentelemetry_exporter_otlp-1.45.0-py3-none-any.whl#sha256=3de9a5b18648dc124c751f547d8c7a93b177ddae552566981a792d18a063145c,qwen3/BOUND/C/4059__repeat_3,,
opentelemetry.exporter.otlp.proto.grpc.metric._otel_metrics_exporter,1,ambiguous_namespace,"[""opentelemetry-api"", ""opentelemetry-exporter-otlp"", ""opentelemetry-exporter-otlp-proto-common"", ""opentelemetry-exporter-otlp-proto-grpc"", ""opentelemetry-exporter-otlp-proto-http"", ""opentelemetry-proto"", ""opentelemetry-sdk"", ""opentelemetry-semantic-conventions"", ""opentelemetry-semantic-conventions-ai""]",/home/shuhanliu/miniconda3/envs/vllm/lib/python3.1/site-packages | /home/shuhanliu/miniconda3/envs/vllm/lib/python3.1/site-packages | /home/shuhanliu/miniconda3/envs/vllm/lib/python3.1/site-packages | /home/shuhanliu/miniconda3/envs/vllm/lib/python3.1/site-packages | /home/shuhanliu/miniconda3/envs/vllm/lib/python3.1/site-packages | /home/shuhanliu/miniconda3/envs/vllm/lib/python3.1/site-packages | /home/shuhanliu/miniconda3/envs/vllm/lib/python3.1/site-packages | /home/shuhanliu/miniconda3/envs/vllm/lib/python3.1/site-packages | https://files.pythonhosted.org/packages/89/fb/b3c4750238c1c9686de37d3912357c9b94286b64fe594404a39908064f78/opentelemetry_exporter_otlp-1.45.0-py3-none-any.whl#sha256=3de9a5b18648dc124c751f547d8c7a93b177ddae552566981a792d18a063145c,qwen3/BOUND/C/4059__repeat_3,,
opentelemetry.sdk.metrics._internal._gauge_set,1,ambiguous_namespace,"[""opentelemetry-api"", ""opentelemetry-exporter-otlp"", ""opentelemetry-exporter-otlp-proto-common"", ""opentelemetry-exporter-otlp-proto-grpc"", ""opentelemetry-exporter-otlp-proto-http"", ""opentelemetry-proto"", ""opentelemetry-sdk"", ""opentelemetry-semantic-conventions"", ""opentelemetry-semantic-conventions-ai""]",/home/shuhanliu/miniconda3/envs/vllm/lib/python3.1/site-packages | /home/shuhanliu/miniconda3/envs/vllm/lib/python3.1/site-packages | /home/shuhanliu/miniconda3/envs/vllm/lib/python3.1/site-packages | /home/shuhanliu/miniconda3/envs/vllm/lib/python3.1/site-packages | /home/shuhanliu/miniconda3/envs/vllm/lib/python3.1/site-packages | /home/shuhanliu/miniconda3/envs/vllm/lib/python3.1/site-packages | /home/shuhanliu/miniconda3/envs/vllm/lib/python3.1/site-packages | /home/shuhanliu/miniconda3/envs/vllm/lib/python3.1/site-packages | https://files.pythonhosted.org/packages/89/fb/b3c4750238c1c9686de37d3912357c9b94286b64fe594404a39908064f78/opentelemetry_exporter_otlp-1.45.0-py3-none-any.whl#sha256=3de9a5b18648dc124c751f547d8c7a93b177ddae552566981a792d18a063145c,qwen3/BOUND/C/4059__repeat_3,,
opentelemetry.sdk.metrics._internal.gauge,1,ambiguous_namespace,"[""opentelemetry-api"", ""opentelemetry-exporter-otlp"", ""opentelemetry-exporter-otlp-proto-common"", ""opentelemetry-exporter-otlp-proto-grpc"", ""opentelemetry-exporter-otlp-proto-http"", ""opentelemetry-proto"", ""opentelemetry-sdk"", ""opentelemetry-semantic-conventions"", ""opentelemetry-semantic-conventions-ai""]",/home/shuhanliu/miniconda3/envs/vllm/lib/python3.1/site-packages | /home/shuhanliu/miniconda3/envs/vllm/lib/python3.1/site-packages | /home/shuhanliu/miniconda3/envs/vllm/lib/python3.1/site-packages | /home/shuhanliu/miniconda3/envs/vllm/lib/python3.1/site-packages | /home/shuhanliu/miniconda3/envs/vllm/lib/python3.1/site-packages | /home/shuhanliu/miniconda3/envs/vllm/lib/python3.1/site-packages | /home/shuhanliu/miniconda3/envs/vllm/lib/python3.1/site-packages | /home/shuhanliu/miniconda3/envs/vllm/lib/python3.1/site-packages | https://files.pythonhosted.org/packages/89/fb/b3c4750238c1c9686de37d3912357c9b94286b64fe594404a39908064f78/opentelemetry_exporter_otlp-1.45.0-py3-none-any.whl#sha256=3de9a5b18648dc124c751f547d8c7a93b177ddae552566981a792d18a063145c,qwen3/BOUND/C/4059__repeat_3,,
aiofiles,1,unknown,[],,qwen3/BOUND/C/4180__repeat_1,,
sklearn_extra.cluster,1,unknown,[],,qwen3/BOUND/C/4180__repeat_4,,
sklearn_extra.tree,1,unknown,[],,qwen3/BOUND/C/4180__repeat_4,,
ebics,1,unknown,[],,qwen3/BOUND/C/4374__repeat_1,,
Crypto,1,unknown,[],,qwen3/BOUND/C/4374__repeat_3,,
your_app.mobile_admin,1,unknown,[],,qwen3/BOUND/C/3666__repeat_2,,
mypy_boto3_resource_groups_tagging_api,1,unknown,[],,qwen3/BOUND/C/2317__repeat_3,,
two_factor.templatetags.two_factor,1,unknown,[],,qwen3/BOUND/D/4453__repeat_1,,
allauth.socialaccount.forms,1,unknown,[],,qwen3/BOUND/D/4453__repeat_2,,
django_otp,1,unknown,[],,qwen3/BOUND/D/4453__repeat_5,,
django_otp.forms,1,unknown,[],,qwen3/BOUND/D/4453__repeat_5,,
django_otp.widgets,1,unknown,[],,qwen3/BOUND/D/4453__repeat_5,,
dataworld.datasets,1,unknown,[],,qwen3/BOUND/D/3778__repeat_3,,
owncloud.utils,1,unknown,[],,qwen3/BOUND/D/2140__repeat_4,,
asyncwebsockets,1,unknown,[],,qwen3/BOUND/D/4048__repeat_1,,
merosshttp.hub,1,unknown,[],,qwen3/BOUND/D/4048__repeat_4,,
merosshttp.meross,1,unknown,[],,qwen3/BOUND/D/4048__repeat_4,,
merosshttp.merross,1,unknown,[],,qwen3/BOUND/D/4048__repeat_4,,
meross.device,1,unknown,[],,qwen3/BOUND/D/4048__repeat_5,,
meross.httpclient,1,unknown,[],,qwen3/BOUND/D/4048__repeat_5,,
meross.utils,1,unknown,[],,qwen3/BOUND/D/4048__repeat_5,,
meross.utils.device,1,unknown,[],,qwen3/BOUND/D/4048__repeat_5,,
meross.utils.httpclient,1,unknown,[],,qwen3/BOUND/D/4048__repeat_5,,
meross.utils.utils,1,unknown,[],,qwen3/BOUND/D/4048__repeat_5,,
meross.utils.utils.device,1,unknown,[],,qwen3/BOUND/D/4048__repeat_5,,
meross.utils.utils.httpclient,1,unknown,[],,qwen3/BOUND/D/4048__repeat_5,,
meross.utils.utils.utils,1,unknown,[],,qwen3/BOUND/D/4048__repeat_5,,
meross.utils.utils.utils.device,1,unknown,[],,qwen3/BOUND/D/4048__repeat_5,,
meross.utils.utils.utils.httpclient,1,unknown,[],,qwen3/BOUND/D/4048__repeat_5,,
meross.utils.utils.utils.utils,1,unknown,[],,qwen3/BOUND/D/4048__repeat_5,,
meross.utils.utils.utils.utils.device,1,unknown,[],,qwen3/BOUND/D/4048__repeat_5,,
meross.utils.utils.utils.utils.httpclient,1,unknown,[],,qwen3/BOUND/D/4048__repeat_5,,
meross.utils.utils.utils.utils.utils,1,unknown,[],,qwen3/BOUND/D/4048__repeat_5,,
tenable,1,unknown,[],,qwen3/BOUND/D/881__repeat_3,,
tenable.nessus,1,unknown,[],,qwen3/BOUND/D/881__repeat_3,,
tenable.sc,1,unknown,[],,qwen3/BOUND/D/881__repeat_3,,
canoppy,1,unknown,[],,qwen3/BOUND/D/1267__repeat_2,,
canop.eds,1,unknown,[],,qwen3/BOUND/D/1267__repeat_4,,
canop.eds.eds,1,unknown,[],,qwen3/BOUND/D/1267__repeat_4,,
canop.nmt,1,unknown,[],,qwen3/BOUND/D/1267__repeat_4,,
canop.sd,1,unknown,[],,qwen3/BOUND/D/1267__repeat_4,,
canop.sdo,1,unknown,[],,qwen3/BOUND/D/1267__repeat_4,,
libhtslib,1,unknown,[],,qwen3/BOUND/D/2284__repeat_4,,
azure.ai.ml.constants,1,ambiguous_namespace,"[""azure-core"", ""azure-identity"", ""azure-mgmt-resource"", ""azure-storage-blob""]",https://files.pythonhosted.org/packages/49/9a/417b3a533e01953a7c618884df2cb05a71e7b68bdbce4fbdb62349d2a2e8/azure_identity-1.25.3-py3-none-any.whl#sha256=f4d0b956a8146f30333e071374171f3cfa7bdb8073adb8c3814b65567aa7447c | https://files.pythonhosted.org/packages/5b/db/325c6d7312d2200251c52323878281045aaffcb5586612296484e4280eaa/azure_core-1.41.0-py3-none-any.whl#sha256=522b4011e8180b1a3dcd2024396a4e7fe9ac37fb8597db47163d230b5efe892d | https://files.pythonhosted.org/packages/e6/6e/3e776a0817ebe3558fbd8d3f98b1bd8fa75a46596e5cf9bb4377960c4611/azure_mgmt_resource-26.0.0-py3-none-any.whl#sha256=ef36559a4c0843b4272aa584efb455c686e4c3f6357421b38c82f405c01a9a9f | https://files.pythonhosted.org/packages/ff/20/6530bbc13fea536a1f2c0194034ae3f6880fbc0c1e7c229e3569450f7aef/azure_storage_blob-12.30.3-py3-none-any.whl#sha256=80729a5397e5f0a63dbbdff74da675c5db1eacaf25fd5db0074b7ba6c17e2498,qwen3/BOUND/D/3256__repeat_2,,
azure.ai.ml.entities,1,ambiguous_namespace,"[""azure-core"", ""azure-identity"", ""azure-mgmt-resource"", ""azure-storage-blob""]",https://files.pythonhosted.org/packages/49/9a/417b3a533e01953a7c618884df2cb05a71e7b68bdbce4fbdb62349d2a2e8/azure_identity-1.25.3-py3-none-any.whl#sha256=f4d0b956a8146f30333e071374171f3cfa7bdb8073adb8c3814b65567aa7447c | https://files.pythonhosted.org/packages/5b/db/325c6d7312d2200251c52323878281045aaffcb5586612296484e4280eaa/azure_core-1.41.0-py3-none-any.whl#sha256=522b4011e8180b1a3dcd2024396a4e7fe9ac37fb8597db47163d230b5efe892d | https://files.pythonhosted.org/packages/e6/6e/3e776a0817ebe3558fbd8d3f98b1bd8fa75a46596e5cf9bb4377960c4611/azure_mgmt_resource-26.0.0-py3-none-any.whl#sha256=ef36559a4c0843b4272aa584efb455c686e4c3f6357421b38c82f405c01a9a9f | https://files.pythonhosted.org/packages/ff/20/6530bbc13fea536a1f2c0194034ae3f6880fbc0c1e7c229e3569450f7aef/azure_storage_blob-12.30.3-py3-none-any.whl#sha256=80729a5397e5f0a63dbbdff74da675c5db1eacaf25fd5db0074b7ba6c17e2498,qwen3/BOUND/D/3256__repeat_2,,
azure.mgmt.databox,1,ambiguous_namespace,"[""azure-core"", ""azure-identity"", ""azure-mgmt-resource"", ""azure-storage-blob""]",https://files.pythonhosted.org/packages/49/9a/417b3a533e01953a7c618884df2cb05a71e7b68bdbce4fbdb62349d2a2e8/azure_identity-1.25.3-py3-none-any.whl#sha256=f4d0b956a8146f30333e071374171f3cfa7bdb8073adb8c3814b65567aa7447c | https://files.pythonhosted.org/packages/5b/db/325c6d7312d2200251c52323878281045aaffcb5586612296484e4280eaa/azure_core-1.41.0-py3-none-any.whl#sha256=522b4011e8180b1a3dcd2024396a4e7fe9ac37fb8597db47163d230b5efe892d | https://files.pythonhosted.org/packages/e6/6e/3e776a0817ebe3558fbd8d3f98b1bd8fa75a46596e5cf9bb4377960c4611/azure_mgmt_resource-26.0.0-py3-none-any.whl#sha256=ef36559a4c0843b4272aa584efb455c686e4c3f6357421b38c82f405c01a9a9f | https://files.pythonhosted.org/packages/ff/20/6530bbc13fea536a1f2c0194034ae3f6880fbc0c1e7c229e3569450f7aef/azure_storage_blob-12.30.3-py3-none-any.whl#sha256=80729a5397e5f0a63dbbdff74da675c5db1eacaf25fd5db0074b7ba6c17e2498,qwen3/BOUND/D/3256__repeat_4,,
azure.storage.fileshare,1,ambiguous_namespace,"[""azure-core"", ""azure-identity"", ""azure-mgmt-resource"", ""azure-storage-blob""]",https://files.pythonhosted.org/packages/49/9a/417b3a533e01953a7c618884df2cb05a71e7b68bdbce4fbdb62349d2a2e8/azure_identity-1.25.3-py3-none-any.whl#sha256=f4d0b956a8146f30333e071374171f3cfa7bdb8073adb8c3814b65567aa7447c | https://files.pythonhosted.org/packages/5b/db/325c6d7312d2200251c52323878281045aaffcb5586612296484e4280eaa/azure_core-1.41.0-py3-none-any.whl#sha256=522b4011e8180b1a3dcd2024396a4e7fe9ac37fb8597db47163d230b5efe892d | https://files.pythonhosted.org/packages/e6/6e/3e776a0817ebe3558fbd8d3f98b1bd8fa75a46596e5cf9bb4377960c4611/azure_mgmt_resource-26.0.0-py3-none-any.whl#sha256=ef36559a4c0843b4272aa584efb455c686e4c3f6357421b38c82f405c01a9a9f | https://files.pythonhosted.org/packages/ff/20/6530bbc13fea536a1f2c0194034ae3f6880fbc0c1e7c229e3569450f7aef/azure_storage_blob-12.30.3-py3-none-any.whl#sha256=80729a5397e5f0a63dbbdff74da675c5db1eacaf25fd5db0074b7ba6c17e2498,qwen3/BOUND/D/3256__repeat_5,,
ot.transport,1,unknown,[],,qwen3/BOUND/D/3333__repeat_1,,
gym.envs.box2d,1,unknown,[],,qwen3/BOUND/D/1446__repeat_2,,
gym.envs.box2d.car_racing,1,unknown,[],,qwen3/BOUND/D/1446__repeat_2,,
gym_ale,1,unknown,[],,qwen3/BOUND/D/1446__repeat_3,,
gym.core,1,unknown,[],,qwen3/BOUND/D/1446__repeat_4,,
gym.envs.toy_text,1,unknown,[],,qwen3/BOUND/D/1446__repeat_4,,
gym.logger,1,unknown,[],,qwen3/BOUND/D/1446__repeat_4,,
gym_super_mario_bros,1,unknown,[],,qwen3/BOUND/D/1446__repeat_5,,
gym_super_mario_bros.actions,1,unknown,[],,qwen3/BOUND/D/1446__repeat_5,,
opentelemetry.metrics._internal.measurement,1,ambiguous_namespace,"[""opentelemetry-api"", ""opentelemetry-exporter-otlp"", ""opentelemetry-exporter-otlp-proto-common"", ""opentelemetry-exporter-otlp-proto-grpc"", ""opentelemetry-exporter-otlp-proto-http"", ""opentelemetry-proto"", ""opentelemetry-sdk"", ""opentelemetry-semantic-conventions"", ""opentelemetry-semantic-conventions-ai""]",/home/shuhanliu/miniconda3/envs/vllm/lib/python3.1/site-packages | /home/shuhanliu/miniconda3/envs/vllm/lib/python3.1/site-packages | /home/shuhanliu/miniconda3/envs/vllm/lib/python3.1/site-packages | /home/shuhanliu/miniconda3/envs/vllm/lib/python3.1/site-packages | /home/shuhanliu/miniconda3/envs/vllm/lib/python3.1/site-packages | /home/shuhanliu/miniconda3/envs/vllm/lib/python3.1/site-packages | /home/shuhanliu/miniconda3/envs/vllm/lib/python3.1/site-packages | /home/shuhanliu/miniconda3/envs/vllm/lib/python3.1/site-packages | https://files.pythonhosted.org/packages/89/fb/b3c4750238c1c9686de37d3912357c9b94286b64fe594404a39908064f78/opentelemetry_exporter_otlp-1.45.0-py3-none-any.whl#sha256=3de9a5b18648dc124c751f547d8c7a93b177ddae552566981a792d18a063145c,qwen3/BOUND/D/4692__repeat_4,,
opentelemetry.metrics._internal.updowncounter,1,ambiguous_namespace,"[""opentelemetry-api"", ""opentelemetry-exporter-otlp"", ""opentelemetry-exporter-otlp-proto-common"", ""opentelemetry-exporter-otlp-proto-grpc"", ""opentelemetry-exporter-otlp-proto-http"", ""opentelemetry-proto"", ""opentelemetry-sdk"", ""opentelemetry-semantic-conventions"", ""opentelemetry-semantic-conventions-ai""]",/home/shuhanliu/miniconda3/envs/vllm/lib/python3.1/site-packages | /home/shuhanliu/miniconda3/envs/vllm/lib/python3.1/site-packages | /home/shuhanliu/miniconda3/envs/vllm/lib/python3.1/site-packages | /home/shuhanliu/miniconda3/envs/vllm/lib/python3.1/site-packages | /home/shuhanliu/miniconda3/envs/vllm/lib/python3.1/site-packages | /home/shuhanliu/miniconda3/envs/vllm/lib/python3.1/site-packages | /home/shuhanliu/miniconda3/envs/vllm/lib/python3.1/site-packages | /home/shuhanliu/miniconda3/envs/vllm/lib/python3.1/site-packages | https://files.pythonhosted.org/packages/89/fb/b3c4750238c1c9686de37d3912357c9b94286b64fe594404a39908064f78/opentelemetry_exporter_otlp-1.45.0-py3-none-any.whl#sha256=3de9a5b18648dc124c751f547d8c7a93b177ddae552566981a792d18a063145c,qwen3/BOUND/D/4692__repeat_4,,
aiomemcached,1,unknown,[],,qwen3/BOUND/D/4692__repeat_5,,
opentelemetry.instrumentation.asyncmemcached,1,ambiguous_namespace,"[""opentelemetry-api"", ""opentelemetry-exporter-otlp"", ""opentelemetry-exporter-otlp-proto-common"", ""opentelemetry-exporter-otlp-proto-grpc"", ""opentelemetry-exporter-otlp-proto-http"", ""opentelemetry-proto"", ""opentelemetry-sdk"", ""opentelemetry-semantic-conventions"", ""opentelemetry-semantic-conventions-ai""]",/home/shuhanliu/miniconda3/envs/vllm/lib/python3.1/site-packages | /home/shuhanliu/miniconda3/envs/vllm/lib/python3.1/site-packages | /home/shuhanliu/miniconda3/envs/vllm/lib/python3.1/site-packages | /home/shuhanliu/miniconda3/envs/vllm/lib/python3.1/site-packages | /home/shuhanliu/miniconda3/envs/vllm/lib/python3.1/site-packages | /home/shuhanliu/miniconda3/envs/vllm/lib/python3.1/site-packages | /home/shuhanliu/miniconda3/envs/vllm/lib/python3.1/site-packages | /home/shuhanliu/miniconda3/envs/vllm/lib/python3.1/site-packages | https://files.pythonhosted.org/packages/89/fb/b3c4750238c1c9686de37d3912357c9b94286b64fe594404a39908064f78/opentelemetry_exporter_otlp-1.45.0-py3-none-any.whl#sha256=3de9a5b18648dc124c751f547d8c7a93b177ddae552566981a792d18a063145c,qwen3/BOUND/D/4692__repeat_5,,
opentelemetry.instrumentation.httpx,1,ambiguous_namespace,"[""opentelemetry-api"", ""opentelemetry-exporter-otlp"", ""opentelemetry-exporter-otlp-proto-common"", ""opentelemetry-exporter-otlp-proto-grpc"", ""opentelemetry-exporter-otlp-proto-http"", ""opentelemetry-proto"", ""opentelemetry-sdk"", ""opentelemetry-semantic-conventions"", ""opentelemetry-semantic-conventions-ai""]",/home/shuhanliu/miniconda3/envs/vllm/lib/python3.1/site-packages | /home/shuhanliu/miniconda3/envs/vllm/lib/python3.1/site-packages | /home/shuhanliu/miniconda3/envs/vllm/lib/python3.1/site-packages | /home/shuhanliu/miniconda3/envs/vllm/lib/python3.1/site-packages | /home/shuhanliu/miniconda3/envs/vllm/lib/python3.1/site-packages | /home/shuhanliu/miniconda3/envs/vllm/lib/python3.1/site-packages | /home/shuhanliu/miniconda3/envs/vllm/lib/python3.1/site-packages | /home/shuhanliu/miniconda3/envs/vllm/lib/python3.1/site-packages | https://files.pythonhosted.org/packages/89/fb/b3c4750238c1c9686de37d3912357c9b94286b64fe594404a39908064f78/opentelemetry_exporter_otlp-1.45.0-py3-none-any.whl#sha256=3de9a5b18648dc124c751f547d8c7a93b177ddae552566981a792d18a063145c,qwen3/BOUND/D/4692__repeat_5,,
opentelemetry.exporter.otlp.proto.grpc._metrics_exporter,1,ambiguous_namespace,"[""opentelemetry-api"", ""opentelemetry-exporter-otlp"", ""opentelemetry-exporter-otlp-proto-common"", ""opentelemetry-exporter-otlp-proto-grpc"", ""opentelemetry-exporter-otlp-proto-http"", ""opentelemetry-proto"", ""opentelemetry-sdk"", ""opentelemetry-semantic-conventions"", ""opentelemetry-semantic-conventions-ai""]",/home/shuhanliu/miniconda3/envs/vllm/lib/python3.1/site-packages | /home/shuhanliu/miniconda3/envs/vllm/lib/python3.1/site-packages | /home/shuhanliu/miniconda3/envs/vllm/lib/python3.1/site-packages | /home/shuhanliu/miniconda3/envs/vllm/lib/python3.1/site-packages | /home/shuhanliu/miniconda3/envs/vllm/lib/python3.1/site-packages | /home/shuhanliu/miniconda3/envs/vllm/lib/python3.1/site-packages | /home/shuhanliu/miniconda3/envs/vllm/lib/python3.1/site-packages | /home/shuhanliu/miniconda3/envs/vllm/lib/python3.1/site-packages | https://files.pythonhosted.org/packages/89/fb/b3c4750238c1c9686de37d3912357c9b94286b64fe594404a39908064f78/opentelemetry_exporter_otlp-1.45.0-py3-none-any.whl#sha256=3de9a5b18648dc124c751f547d8c7a93b177ddae552566981a792d18a063145c,qwen3/BOUND/D/4059__repeat_1,,
opentelemetry.exporter.otlp.proto.grpc._span_exporter,1,ambiguous_namespace,"[""opentelemetry-api"", ""opentelemetry-exporter-otlp"", ""opentelemetry-exporter-otlp-proto-common"", ""opentelemetry-exporter-otlp-proto-grpc"", ""opentelemetry-exporter-otlp-proto-http"", ""opentelemetry-proto"", ""opentelemetry-sdk"", ""opentelemetry-semantic-conventions"", ""opentelemetry-semantic-conventions-ai""]",/home/shuhanliu/miniconda3/envs/vllm/lib/python3.1/site-packages | /home/shuhanliu/miniconda3/envs/vllm/lib/python3.1/site-packages | /home/shuhanliu/miniconda3/envs/vllm/lib/python3.1/site-packages | /home/shuhanliu/miniconda3/envs/vllm/lib/python3.1/site-packages | /home/shuhanliu/miniconda3/envs/vllm/lib/python3.1/site-packages | /home/shuhanliu/miniconda3/envs/vllm/lib/python3.1/site-packages | /home/shuhanliu/miniconda3/envs/vllm/lib/python3.1/site-packages | /home/shuhanliu/miniconda3/envs/vllm/lib/python3.1/site-packages | https://files.pythonhosted.org/packages/89/fb/b3c4750238c1c9686de37d3912357c9b94286b64fe594404a39908064f78/opentelemetry_exporter_otlp-1.45.0-py3-none-any.whl#sha256=3de9a5b18648dc124c751f547d8c7a93b177ddae552566981a792d18a063145c,qwen3/BOUND/D/4059__repeat_1,,
planetary_computer_sdk,1,unknown,[],,qwen3/BOUND/D/4180__repeat_1,,
pystac_client.itemsearch,1,unknown,[],,qwen3/BOUND/D/4180__repeat_2,,
rasterio.crs,1,unknown,[],,qwen3/BOUND/D/4180__repeat_2,,
rasterio.enums,1,unknown,[],,qwen3/BOUND/D/4180__repeat_2,,
stac_client,1,unknown,[],,qwen3/BOUND/D/4180__repeat_2,,
azure.maps.control,1,ambiguous_namespace,"[""azure-core"", ""azure-identity"", ""azure-mgmt-resource"", ""azure-storage-blob""]",https://files.pythonhosted.org/packages/49/9a/417b3a533e01953a7c618884df2cb05a71e7b68bdbce4fbdb62349d2a2e8/azure_identity-1.25.3-py3-none-any.whl#sha256=f4d0b956a8146f30333e071374171f3cfa7bdb8073adb8c3814b65567aa7447c | https://files.pythonhosted.org/packages/5b/db/325c6d7312d2200251c52323878281045aaffcb5586612296484e4280eaa/azure_core-1.41.0-py3-none-any.whl#sha256=522b4011e8180b1a3dcd2024396a4e7fe9ac37fb8597db47163d230b5efe892d | https://files.pythonhosted.org/packages/e6/6e/3e776a0817ebe3558fbd8d3f98b1bd8fa75a46596e5cf9bb4377960c4611/azure_mgmt_resource-26.0.0-py3-none-any.whl#sha256=ef36559a4c0843b4272aa584efb455c686e4c3f6357421b38c82f405c01a9a9f | https://files.pythonhosted.org/packages/ff/20/6530bbc13fea536a1f2c0194034ae3f6880fbc0c1e7c229e3569450f7aef/azure_storage_blob-12.30.3-py3-none-any.whl#sha256=80729a5397e5f0a63dbbdff74da675c5db1eacaf25fd5db0074b7ba6c17e2498,qwen3/BOUND/D/4180__repeat_4,,
azure.maps.render,1,ambiguous_namespace,"[""azure-core"", ""azure-identity"", ""azure-mgmt-resource"", ""azure-storage-blob""]",https://files.pythonhosted.org/packages/49/9a/417b3a533e01953a7c618884df2cb05a71e7b68bdbce4fbdb62349d2a2e8/azure_identity-1.25.3-py3-none-any.whl#sha256=f4d0b956a8146f30333e071374171f3cfa7bdb8073adb8c3814b65567aa7447c | https://files.pythonhosted.org/packages/5b/db/325c6d7312d2200251c52323878281045aaffcb5586612296484e4280eaa/azure_core-1.41.0-py3-none-any.whl#sha256=522b4011e8180b1a3dcd2024396a4e7fe9ac37fb8597db47163d230b5efe892d | https://files.pythonhosted.org/packages/e6/6e/3e776a0817ebe3558fbd8d3f98b1bd8fa75a46596e5cf9bb4377960c4611/azure_mgmt_resource-26.0.0-py3-none-any.whl#sha256=ef36559a4c0843b4272aa584efb455c686e4c3f6357421b38c82f405c01a9a9f | https://files.pythonhosted.org/packages/ff/20/6530bbc13fea536a1f2c0194034ae3f6880fbc0c1e7c229e3569450f7aef/azure_storage_blob-12.30.3-py3-none-any.whl#sha256=80729a5397e5f0a63dbbdff74da675c5db1eacaf25fd5db0074b7ba6c17e2498,qwen3/BOUND/D/4180__repeat_4,,
azure.maps.render.models,1,ambiguous_namespace,"[""azure-core"", ""azure-identity"", ""azure-mgmt-resource"", ""azure-storage-blob""]",https://files.pythonhosted.org/packages/49/9a/417b3a533e01953a7c618884df2cb05a71e7b68bdbce4fbdb62349d2a2e8/azure_identity-1.25.3-py3-none-any.whl#sha256=f4d0b956a8146f30333e071374171f3cfa7bdb8073adb8c3814b65567aa7447c | https://files.pythonhosted.org/packages/5b/db/325c6d7312d2200251c52323878281045aaffcb5586612296484e4280eaa/azure_core-1.41.0-py3-none-any.whl#sha256=522b4011e8180b1a3dcd2024396a4e7fe9ac37fb8597db47163d230b5efe892d | https://files.pythonhosted.org/packages/e6/6e/3e776a0817ebe3558fbd8d3f98b1bd8fa75a46596e5cf9bb4377960c4611/azure_mgmt_resource-26.0.0-py3-none-any.whl#sha256=ef36559a4c0843b4272aa584efb455c686e4c3f6357421b38c82f405c01a9a9f | https://files.pythonhosted.org/packages/ff/20/6530bbc13fea536a1f2c0194034ae3f6880fbc0c1e7c229e3569450f7aef/azure_storage_blob-12.30.3-py3-none-any.whl#sha256=80729a5397e5f0a63dbbdff74da675c5db1eacaf25fd5db0074b7ba6c17e2498,qwen3/BOUND/D/4180__repeat_4,,
pyOpenSSL,1,unknown,[],,qwen3/BOUND/D/4374__repeat_5,,
pytest_plugin,1,unknown,[],,qwen3/BOUND/D/2832__repeat_5,,
Bio.Align,1,unknown,[],,qwen3/BOUND/D/1915__repeat_2,,
securesession.signers,1,unknown,[],,qwen3/BOUND/D/1970__repeat_2,,
pyvista,1,unknown,[],,qwen3/BOUND/D/4289__repeat_2,,
azure.cli.core._environment,1,ambiguous_namespace,"[""azure-core"", ""azure-identity"", ""azure-mgmt-resource"", ""azure-storage-blob""]",https://files.pythonhosted.org/packages/49/9a/417b3a533e01953a7c618884df2cb05a71e7b68bdbce4fbdb62349d2a2e8/azure_identity-1.25.3-py3-none-any.whl#sha256=f4d0b956a8146f30333e071374171f3cfa7bdb8073adb8c3814b65567aa7447c | https://files.pythonhosted.org/packages/5b/db/325c6d7312d2200251c52323878281045aaffcb5586612296484e4280eaa/azure_core-1.41.0-py3-none-any.whl#sha256=522b4011e8180b1a3dcd2024396a4e7fe9ac37fb8597db47163d230b5efe892d | https://files.pythonhosted.org/packages/e6/6e/3e776a0817ebe3558fbd8d3f98b1bd8fa75a46596e5cf9bb4377960c4611/azure_mgmt_resource-26.0.0-py3-none-any.whl#sha256=ef36559a4c0843b4272aa584efb455c686e4c3f6357421b38c82f405c01a9a9f | https://files.pythonhosted.org/packages/ff/20/6530bbc13fea536a1f2c0194034ae3f6880fbc0c1e7c229e3569450f7aef/azure_storage_blob-12.30.3-py3-none-any.whl#sha256=80729a5397e5f0a63dbbdff74da675c5db1eacaf25fd5db0074b7ba6c17e2498,qwen3/BOUND/D/1083__repeat_3,,
azure.cli.core.commands.parameters,1,ambiguous_namespace,"[""azure-core"", ""azure-identity"", ""azure-mgmt-resource"", ""azure-storage-blob""]",https://files.pythonhosted.org/packages/49/9a/417b3a533e01953a7c618884df2cb05a71e7b68bdbce4fbdb62349d2a2e8/azure_identity-1.25.3-py3-none-any.whl#sha256=f4d0b956a8146f30333e071374171f3cfa7bdb8073adb8c3814b65567aa7447c | https://files.pythonhosted.org/packages/5b/db/325c6d7312d2200251c52323878281045aaffcb5586612296484e4280eaa/azure_core-1.41.0-py3-none-any.whl#sha256=522b4011e8180b1a3dcd2024396a4e7fe9ac37fb8597db47163d230b5efe892d | https://files.pythonhosted.org/packages/e6/6e/3e776a0817ebe3558fbd8d3f98b1bd8fa75a46596e5cf9bb4377960c4611/azure_mgmt_resource-26.0.0-py3-none-any.whl#sha256=ef36559a4c0843b4272aa584efb455c686e4c3f6357421b38c82f405c01a9a9f | https://files.pythonhosted.org/packages/ff/20/6530bbc13fea536a1f2c0194034ae3f6880fbc0c1e7c229e3569450f7aef/azure_storage_blob-12.30.3-py3-none-any.whl#sha256=80729a5397e5f0a63dbbdff74da675c5db1eacaf25fd5db0074b7ba6c17e2498,qwen3/BOUND/D/1083__repeat_3,,
microformats2,1,unknown,[],,qwen3/BOUND/D/770__repeat_2,,
azure.mgmt.subscription,1,ambiguous_namespace,"[""azure-core"", ""azure-identity"", ""azure-mgmt-resource"", ""azure-storage-blob""]",https://files.pythonhosted.org/packages/49/9a/417b3a533e01953a7c618884df2cb05a71e7b68bdbce4fbdb62349d2a2e8/azure_identity-1.25.3-py3-none-any.whl#sha256=f4d0b956a8146f30333e071374171f3cfa7bdb8073adb8c3814b65567aa7447c | https://files.pythonhosted.org/packages/5b/db/325c6d7312d2200251c52323878281045aaffcb5586612296484e4280eaa/azure_core-1.41.0-py3-none-any.whl#sha256=522b4011e8180b1a3dcd2024396a4e7fe9ac37fb8597db47163d230b5efe892d | https://files.pythonhosted.org/packages/e6/6e/3e776a0817ebe3558fbd8d3f98b1bd8fa75a46596e5cf9bb4377960c4611/azure_mgmt_resource-26.0.0-py3-none-any.whl#sha256=ef36559a4c0843b4272aa584efb455c686e4c3f6357421b38c82f405c01a9a9f | https://files.pythonhosted.org/packages/ff/20/6530bbc13fea536a1f2c0194034ae3f6880fbc0c1e7c229e3569450f7aef/azure_storage_blob-12.30.3-py3-none-any.whl#sha256=80729a5397e5f0a63dbbdff74da675c5db1eacaf25fd5db0074b7ba6c17e2498,qwen3/BOUND/D/2798__repeat_5,,
splitio._http_client,1,unknown,[],,qwen3/BOUND/D/1668__repeat_4,,
splitio._sse_client,1,unknown,[],,qwen3/BOUND/D/1668__repeat_4,,
splitio._sse_connection,1,unknown,[],,qwen3/BOUND/D/1668__repeat_4,,
splitio._sse_messages,1,unknown,[],,qwen3/BOUND/D/1668__repeat_4,,
splitio._sse_utils,1,unknown,[],,qwen3/BOUND/D/1668__repeat_4,,
splitio.sse,1,unknown,[],,qwen3/BOUND/D/1668__repeat_4,,
your_module,1,unknown,[],,qwen3/BOUND/D/574__repeat_4,,
argo.workflows.client.model.io_argo_workflows_workflow_create_request,1,unknown,[],,qwen3/BOUND/D/1497__repeat_1,,
argo.workflows.client.model.io_argo_workflows_workflow_template_spec,1,unknown,[],,qwen3/BOUND/D/1497__repeat_1,,
argo.workflows.client.model.io_argo_workflows_workflow_template_spec_steps,1,unknown,[],,qwen3/BOUND/D/1497__repeat_1,,
argo.workflows.client.model.io_argo_workflows_workflow_template_spec_steps_step,1,unknown,[],,qwen3/BOUND/D/1497__repeat_1,,
argo.workflows.client.model.io_argo_workflows_workflow_template_spec_steps_step_container,1,unknown,[],,qwen3/BOUND/D/1497__repeat_1,,
argo.workflows.client.model.io_argo_workflows_workflow_template_spec_steps_step_container_command,1,unknown,[],,qwen3/BOUND/D/1497__repeat_1,,
argo.workflows.client.model.io_argo_workflows_workflow_template_spec_steps_step_container_image,1,unknown,[],,qwen3/BOUND/D/1497__repeat_1,,
argo.workflows.client.model.io_argo_workflows_workflow_template_spec_steps_step_container_resources,1,unknown,[],,qwen3/BOUND/D/1497__repeat_1,,
argo.workflows.client.model.io_argo_workflows_workflow_template_spec_steps_step_container_resources_limits,1,unknown,[],,qwen3/BOUND/D/1497__repeat_1,,
argo.workflows.client.model.io_argo_workflows_workflow_template_spec_steps_step_container_resources_requests,1,unknown,[],,qwen3/BOUND/D/1497__repeat_1,,
argo.workflows.client.model.io_argo_workflows_workflow_template_spec_steps_step_container_security_context,1,unknown,[],,qwen3/BOUND/D/1497__repeat_1,,
argo.workflows.client.model.io_argo_workflows_workflow_template_spec_steps_step_container_security_context_run_as_user,1,unknown,[],,qwen3/BOUND/D/1497__repeat_1,,
argo.workflows.client.model.io_argo_workflows_workflow_template_spec_steps_step_container_volume_mount,1,unknown,[],,qwen3/BOUND/D/1497__repeat_1,,
argo.workflows.client.model.io_argo_workflows_workflow_template_spec_steps_step_container_volume_mount_name,1,unknown,[],,qwen3/BOUND/D/1497__repeat_1,,
argo.workflows.client.model.io_argo_workflows_workflow_template_spec_steps_step_container_volume_mount_read_only,1,unknown,[],,qwen3/BOUND/D/1497__repeat_1,,
argo.workflows.client.model.io_argo_workflows_workflow_template_spec_steps_step_container_volume_mount_sub_path,1,unknown,[],,qwen3/BOUND/D/1497__repeat_1,,
argo.workflows.client.model.io_argo_workflows_workflow_template_spec_steps_step_container_working_dir,1,unknown,[],,qwen3/BOUND/D/1497__repeat_1,,
argo.workflows.client.model.io_argo_workflows_workflow_template_spec_steps_step_inputs,1,unknown,[],,qwen3/BOUND/D/1497__repeat_1,,
argo.workflows.client.model.io_argo_workflows_workflow_template_spec_steps_step_inputs_parameters,1,unknown,[],,qwen3/BOUND/D/1497__repeat_1,,
argo.workflows.client.model.io_argo_workflows_workflow_template_spec_steps_step_outputs,1,unknown,[],,qwen3/BOUND/D/1497__repeat_1,,
argo.workflows.client.model.io_argo_workflows_workflow_template_spec_steps_step_outputs_artifacts,1,unknown,[],,qwen3/BOUND/D/1497__repeat_1,,
argo.workflows.client.model.io_argo_workflows_workflow_template_spec_steps_step_outputs_artifacts_archive,1,unknown,[],,qwen3/BOUND/D/1497__repeat_1,,
argo.workflows.client.model.io_argo_workflows_workflow_template_spec_steps_step_outputs_artifacts_path,1,unknown,[],,qwen3/BOUND/D/1497__repeat_1,,
argo.workflows.client.model.io_argo_workflows_workflow_template_spec_steps_step_outputs_artifacts_s3,1,unknown,[],,qwen3/BOUND/D/1497__repeat_1,,
argo.workflows.client.model.io_argo_workflows_workflow_template_spec_steps_step_outputs_artifacts_s3_bucket,1,unknown,[],,qwen3/BOUND/D/1497__repeat_1,,
argo.workflows.client.model.io_argo_workflows_workflow_template_spec_steps_step_outputs_artifacts_s3_key,1,unknown,[],,qwen3/BOUND/D/1497__repeat_1,,
argo.workflows.client.model.io_argo_workflows_workflow_template_spec_steps_step_outputs_artifacts_s3_region,1,unknown,[],,qwen3/BOUND/D/1497__repeat_1,,
argo.workflows.client.model.io_argo_workflows_workflow_template_spec_steps_step_outputs_artifacts_s3_server_side_encryption,1,unknown,[],,qwen3/BOUND/D/1497__repeat_1,,
argo.workflows.client.model.io_argo_workflows_workflow_template_spec_steps_step_outputs_artifacts_s3_server_side_encryption_kms_key_arn,1,unknown,[],,qwen3/BOUND/D/1497__repeat_1,,
argo.workflows.client.model.io_argo_workflows_workflow_template_spec_steps_step_outputs_artifacts_s3_server_side_encryption_kms_key_id,1,unknown,[],,qwen3/BOUND/D/1497__repeat_1,,
argo.workflows.client.model.io_argo_workflows_workflow_template_spec_steps_step_outputs_artifacts_s3_server_side_encryption_sse_kms,1,unknown,[],,qwen3/BOUND/D/1497__repeat_1,,
argo.workflows.client.model.io_argo_workflows_workflow_template_spec_steps_step_outputs_artifacts_s3_server_side_encryption_sse_s3,1,unknown,[],,qwen3/BOUND/D/1497__repeat_1,,
argo.workflows.client.model.io_argo_workflows_workflow_template_spec_steps_step_outputs_artifacts_s3_storage_class,1,unknown,[],,qwen3/BOUND/D/1497__repeat_1,,
argo.workflows.client.model.io_argo_workflows_workflow_template_spec_steps_step_outputs_artifacts_volume,1,unknown,[],,qwen3/BOUND/D/1497__repeat_1,,
argo.workflows.client.model.io_argo_workflows_workflow_template_spec_steps_step_outputs_artifacts_volume_name,1,unknown,[],,qwen3/BOUND/D/1497__repeat_1,,
argo.workflows.client.model.io_argo_workflows_workflow_template_spec_steps_step_outputs_artifacts_volume_path,1,unknown,[],,qwen3/BOUND/D/1497__repeat_1,,
argo.workflows.client.model.io_argo_workflows_workflow_template_spec_steps_step_outputs_parameters,1,unknown,[],,qwen3/BOUND/D/1497__repeat_1,,
argo.workflows.client.model.io_argo_workflows_workflow_template_spec_steps_step_resources,1,unknown,[],,qwen3/BOUND/D/1497__repeat_1,,
argo.workflows.client.model.io_argo_workflows_workflow_template_spec_steps_step_resources_limits,1,unknown,[],,qwen3/BOUND/D/1497__repeat_1,,
argo.workflows.client.model.io_argo_workflows_workflow_template_spec_steps_step_resources_requests,1,unknown,[],,qwen3/BOUND/D/1497__repeat_1,,
argo.workflows.client.model.io_argo_workflows_workflow_template_spec_steps_step_security_context,1,unknown,[],,qwen3/BOUND/D/1497__repeat_1,,
argo.workflows.client.model.io_argo_workflows_workflow_template_spec_steps_step_security_context_run_as_user,1,unknown,[],,qwen3/BOUND/D/1497__repeat_1,,
argo.workflows.client.model.io_argo_workflows_workflow_template_spec_steps_step_volume_mounts,1,unknown,[],,qwen3/BOUND/D/1497__repeat_1,,
argo.workflows.client.model.io_argo_workflows_workflow_template_spec_steps_step_volume_mounts_name,1,unknown,[],,qwen3/BOUND/D/1497__repeat_1,,
argo.workflows.client.model.io_argo_workflows_workflow_template_spec_steps_step_volume_mounts_read_only,1,unknown,[],,qwen3/BOUND/D/1497__repeat_1,,
argo.workflows.client.model.io_argo_workflows_workflow_template_spec_steps_step_volume_mounts_sub_path,1,unknown,[],,qwen3/BOUND/D/1497__repeat_1,,
argo.workflows.client.model.io_argo_workflows_workflow_template_spec_steps_step_working_dir,1,unknown,[],,qwen3/BOUND/D/1497__repeat_1,,
streamlit_aggrid,1,unknown,[],,qwen3/BOUND/D/1118__repeat_4,,
google.cloud.firestore_v1.base_query,1,ambiguous_namespace,"[""google-api-core"", ""google-auth"", ""googleapis-common-protos"", ""protobuf""]",/home/shuhanliu/miniconda3/envs/vllm/lib/python3.1/site-packages | /home/shuhanliu/miniconda3/envs/vllm/lib/python3.1/site-packages | https://files.pythonhosted.org/packages/7a/f0/cba0ac98e98e01849b19f7504eb3aeede741e72dfc31612e46d5f0dd981c/google_auth-2.58.1-py3-none-any.whl#sha256=66a63572d0ab629554768544df04018d79178c0bd7439ba31683ac576b79024d | https://files.pythonhosted.org/packages/ff/78/41b3cd83d472b63c694a01e876d3aaa7c2b2f61f29ec8a9275f47b057349/google_api_core-2.39.0-py3-none-any.whl#sha256=40a5d1c892bc1798f3b75ab10c665b85717979088519c714ca5774ee81d1e3c5,qwen3/BOUND/D/3396__repeat_3,,
google.cloud.firestore_v1.types,1,ambiguous_namespace,"[""google-api-core"", ""google-auth"", ""googleapis-common-protos"", ""protobuf""]",/home/shuhanliu/miniconda3/envs/vllm/lib/python3.1/site-packages | /home/shuhanliu/miniconda3/envs/vllm/lib/python3.1/site-packages | https://files.pythonhosted.org/packages/7a/f0/cba0ac98e98e01849b19f7504eb3aeede741e72dfc31612e46d5f0dd981c/google_auth-2.58.1-py3-none-any.whl#sha256=66a63572d0ab629554768544df04018d79178c0bd7439ba31683ac576b79024d | https://files.pythonhosted.org/packages/ff/78/41b3cd83d472b63c694a01e876d3aaa7c2b2f61f29ec8a9275f47b057349/google_api_core-2.39.0-py3-none-any.whl#sha256=40a5d1c892bc1798f3b75ab10c665b85717979088519c714ca5774ee81d1e3c5,qwen3/BOUND/D/3396__repeat_3,,
fcm_django.models,1,unknown,[],,qwen3/BOUND/D/3396__repeat_5,,
sigsep_mus.utils,1,unknown,[],,qwen3/BOUND/D/2465__repeat_1,,
merosshttp.device,1,unknown,[],,qwen3/ROME/B/4048__repeat_4,,
htslib.c,1,unknown,[],,qwen3/ROME/B/2284__repeat_2,,
depth_anything.dpt,1,unknown,[],,qwen3/ROME/B/4386__repeat_4,,
flow_vis,1,unknown,[],,qwen3/ROME/B/4386__repeat_4,,
pytorchvideo.data,1,unknown,[],,qwen3/ROME/B/4386__repeat_4,,
pyramid,1,unknown,[],,qwen3/ROME/B/4289__repeat_2,,
pyramid.config,1,unknown,[],,qwen3/ROME/B/4289__repeat_2,,
pyramid.httpexceptions,1,unknown,[],,qwen3/ROME/B/4289__repeat_2,,
pyramid.response,1,unknown,[],,qwen3/ROME/B/4289__repeat_2,,
pyramid.view,1,unknown,[],,qwen3/ROME/B/4289__repeat_2,,
pywsgi,1,unknown,[],,qwen3/ROME/B/4289__repeat_2,,
tilemaker,1,unknown,[],,qwen3/ROME/B/4289__repeat_2,,
htslib.vcf,1,unknown,[],,qwen3/MEMIT/A/2284__repeat_4,,
azure.cognitiveservices.language.luis.runtime,1,ambiguous_namespace,"[""azure-core"", ""azure-identity"", ""azure-mgmt-resource"", ""azure-storage-blob""]",https://files.pythonhosted.org/packages/49/9a/417b3a533e01953a7c618884df2cb05a71e7b68bdbce4fbdb62349d2a2e8/azure_identity-1.25.3-py3-none-any.whl#sha256=f4d0b956a8146f30333e071374171f3cfa7bdb8073adb8c3814b65567aa7447c | https://files.pythonhosted.org/packages/5b/db/325c6d7312d2200251c52323878281045aaffcb5586612296484e4280eaa/azure_core-1.41.0-py3-none-any.whl#sha256=522b4011e8180b1a3dcd2024396a4e7fe9ac37fb8597db47163d230b5efe892d | https://files.pythonhosted.org/packages/e6/6e/3e776a0817ebe3558fbd8d3f98b1bd8fa75a46596e5cf9bb4377960c4611/azure_mgmt_resource-26.0.0-py3-none-any.whl#sha256=ef36559a4c0843b4272aa584efb455c686e4c3f6357421b38c82f405c01a9a9f | https://files.pythonhosted.org/packages/ff/20/6530bbc13fea536a1f2c0194034ae3f6880fbc0c1e7c229e3569450f7aef/azure_storage_blob-12.30.3-py3-none-any.whl#sha256=80729a5397e5f0a63dbbdff74da675c5db1eacaf25fd5db0074b7ba6c17e2498,qwen3/MEMIT/A/2608__repeat_5,,
alibabacloud_dysmsapi20170525.client,1,unknown,[],,qwen3/MEMIT/A/2434__repeat_1,,
alibabacloud_alimt20181012.models,1,unknown,[],,qwen3/MEMIT/A/2434__repeat_2,,
alibabacloud_dswrds20200101.client,1,unknown,[],,qwen3/MEMIT/A/2434__repeat_3,,
alibabacloud_dms_dg20180101,1,unknown,[],,qwen3/MEMIT/A/2434__repeat_5,,
alibabacloud_dms_dg20180101.client,1,unknown,[],,qwen3/MEMIT/A/2434__repeat_5,,
securesession.keys,1,unknown,[],,qwen3/MEMIT/A/1970__repeat_2,,
argo.workflows.client.model.io_argo_workflows_v1_container,1,unknown,[],,qwen3/MEMIT/A/1497__repeat_5,,
argo.workflows.client.model.io_argo_workflows_v1_pod_spec,1,unknown,[],,qwen3/MEMIT/A/1497__repeat_5,,
argo.workflows.client.model.io_argo_workflows_v1_workflow,1,unknown,[],,qwen3/MEMIT/A/1497__repeat_5,,
argo.workflows.client.model.io_argo_workflows_v1_workflow_node,1,unknown,[],,qwen3/MEMIT/A/1497__repeat_5,,
argo.workflows.client.model.io_argo_workflows_v1_workflow_service_account,1,unknown,[],,qwen3/MEMIT/A/1497__repeat_5,,
argo.workflows.client.model.io_argo_workflows_v1_workflow_status,1,unknown,[],,qwen3/MEMIT/A/1497__repeat_5,,
argo.workflows.client.model.io_argo_workflows_v1_workflow_status_artifact,1,unknown,[],,qwen3/MEMIT/A/1497__repeat_5,,
argo.workflows.client.model.io_argo_workflows_v1_workflow_status_condition,1,unknown,[],,qwen3/MEMIT/A/1497__repeat_5,,
argo.workflows.client.model.io_argo_workflows_v1_workflow_status_condition_last_transition_time,1,unknown,[],,qwen3/MEMIT/A/1497__repeat_5,,
argo.workflows.client.model.io_argo_workflows_v1_workflow_status_condition_last_update_time,1,unknown,[],,qwen3/MEMIT/A/1497__repeat_5,,
argo.workflows.client.model.io_argo_workflows_v1_workflow_status_condition_message,1,unknown,[],,qwen3/MEMIT/A/1497__repeat_5,,
argo.workflows.client.model.io_argo_workflows_v1_workflow_status_condition_reason,1,unknown,[],,qwen3/MEMIT/A/1497__repeat_5,,
argo.workflows.client.model.io_argo_workflows_v1_workflow_status_condition_status,1,unknown,[],,qwen3/MEMIT/A/1497__repeat_5,,
argo.workflows.client.model.io_argo_workflows_v1_workflow_status_condition_type,1,unknown,[],,qwen3/MEMIT/A/1497__repeat_5,,
argo.workflows.client.model.io_argo_workflows_v1_workflow_status_output_artifact,1,unknown,[],,qwen3/MEMIT/A/1497__repeat_5,,
argo.workflows.client.model.io_argo_workflows_v1_workflow_status_phase,1,unknown,[],,qwen3/MEMIT/A/1497__repeat_5,,
argo.workflows.client.model.io_argo_workflows_v1_workflow_template,1,unknown,[],,qwen3/MEMIT/A/1497__repeat_5,,
flowlib,1,unknown,[],,qwen3/MEMIT/B/4386__repeat_1,,
depth_anything.vision,1,unknown,[],,qwen3/MEMIT/B/4386__repeat_3,,
ott.problems,1,unknown,[],,qwen3/MEMIT/B/3333__repeat_2,,
ott.solvers,1,unknown,[],,qwen3/MEMIT/B/3333__repeat_2,,
opentelemetry.metrics.exponential_histogram,1,ambiguous_namespace,"[""opentelemetry-api"", ""opentelemetry-exporter-otlp"", ""opentelemetry-exporter-otlp-proto-common"", ""opentelemetry-exporter-otlp-proto-grpc"", ""opentelemetry-exporter-otlp-proto-http"", ""opentelemetry-proto"", ""opentelemetry-sdk"", ""opentelemetry-semantic-conventions"", ""opentelemetry-semantic-conventions-ai""]",/home/shuhanliu/miniconda3/envs/vllm/lib/python3.1/site-packages | /home/shuhanliu/miniconda3/envs/vllm/lib/python3.1/site-packages | /home/shuhanliu/miniconda3/envs/vllm/lib/python3.1/site-packages | /home/shuhanliu/miniconda3/envs/vllm/lib/python3.1/site-packages | /home/shuhanliu/miniconda3/envs/vllm/lib/python3.1/site-packages | /home/shuhanliu/miniconda3/envs/vllm/lib/python3.1/site-packages | /home/shuhanliu/miniconda3/envs/vllm/lib/python3.1/site-packages | /home/shuhanliu/miniconda3/envs/vllm/lib/python3.1/site-packages | https://files.pythonhosted.org/packages/89/fb/b3c4750238c1c9686de37d3912357c9b94286b64fe594404a39908064f78/opentelemetry_exporter_otlp-1.45.0-py3-none-any.whl#sha256=3de9a5b18648dc124c751f547d8c7a93b177ddae552566981a792d18a063145c,qwen3/MEMIT/B/4059__repeat_1,,
aliyun_tea_openapi,1,unknown,[],,qwen3/MEMIT/B/2298__repeat_3,,
alibabacloud_openapi_client.models,1,unknown,[],,qwen3/MEMIT/B/2434__repeat_1,,
alibabacloud_alikafka20190916,1,unknown,[],,qwen3/MEMIT/B/2434__repeat_2,,
alibabacloud_alikafka20190916.client,1,unknown,[],,qwen3/MEMIT/B/2434__repeat_2,,
argo.workflows.client.model.io_argo_workflows_v1alpha1_workflow_spec,1,unknown,[],,qwen3/MEMIT/B/1497__repeat_3,,
mypy_boto3_alexaforbusiness.client,1,unknown,[],,qwen3/MEMIT/C/3844__repeat_4,,
libc.stdlib_h,1,unknown,[],,qwen3/MEMIT/C/2284__repeat_4,,
azure.ai.vision.imageanalysis,1,ambiguous_namespace,"[""azure-core"", ""azure-identity"", ""azure-mgmt-resource"", ""azure-storage-blob""]",https://files.pythonhosted.org/packages/49/9a/417b3a533e01953a7c618884df2cb05a71e7b68bdbce4fbdb62349d2a2e8/azure_identity-1.25.3-py3-none-any.whl#sha256=f4d0b956a8146f30333e071374171f3cfa7bdb8073adb8c3814b65567aa7447c | https://files.pythonhosted.org/packages/5b/db/325c6d7312d2200251c52323878281045aaffcb5586612296484e4280eaa/azure_core-1.41.0-py3-none-any.whl#sha256=522b4011e8180b1a3dcd2024396a4e7fe9ac37fb8597db47163d230b5efe892d | https://files.pythonhosted.org/packages/e6/6e/3e776a0817ebe3558fbd8d3f98b1bd8fa75a46596e5cf9bb4377960c4611/azure_mgmt_resource-26.0.0-py3-none-any.whl#sha256=ef36559a4c0843b4272aa584efb455c686e4c3f6357421b38c82f405c01a9a9f | https://files.pythonhosted.org/packages/ff/20/6530bbc13fea536a1f2c0194034ae3f6880fbc0c1e7c229e3569450f7aef/azure_storage_blob-12.30.3-py3-none-any.whl#sha256=80729a5397e5f0a63dbbdff74da675c5db1eacaf25fd5db0074b7ba6c17e2498,qwen3/MEMIT/C/2608__repeat_3,,
azure.ai.vision.imageanalysis.models,1,ambiguous_namespace,"[""azure-core"", ""azure-identity"", ""azure-mgmt-resource"", ""azure-storage-blob""]",https://files.pythonhosted.org/packages/49/9a/417b3a533e01953a7c618884df2cb05a71e7b68bdbce4fbdb62349d2a2e8/azure_identity-1.25.3-py3-none-any.whl#sha256=f4d0b956a8146f30333e071374171f3cfa7bdb8073adb8c3814b65567aa7447c | https://files.pythonhosted.org/packages/5b/db/325c6d7312d2200251c52323878281045aaffcb5586612296484e4280eaa/azure_core-1.41.0-py3-none-any.whl#sha256=522b4011e8180b1a3dcd2024396a4e7fe9ac37fb8597db47163d230b5efe892d | https://files.pythonhosted.org/packages/e6/6e/3e776a0817ebe3558fbd8d3f98b1bd8fa75a46596e5cf9bb4377960c4611/azure_mgmt_resource-26.0.0-py3-none-any.whl#sha256=ef36559a4c0843b4272aa584efb455c686e4c3f6357421b38c82f405c01a9a9f | https://files.pythonhosted.org/packages/ff/20/6530bbc13fea536a1f2c0194034ae3f6880fbc0c1e7c229e3569450f7aef/azure_storage_blob-12.30.3-py3-none-any.whl#sha256=80729a5397e5f0a63dbbdff74da675c5db1eacaf25fd5db0074b7ba6c17e2498,qwen3/MEMIT/C/2608__repeat_3,,
azure.mgmt.resourcemanager,1,ambiguous_namespace,"[""azure-core"", ""azure-identity"", ""azure-mgmt-resource"", ""azure-storage-blob""]",https://files.pythonhosted.org/packages/49/9a/417b3a533e01953a7c618884df2cb05a71e7b68bdbce4fbdb62349d2a2e8/azure_identity-1.25.3-py3-none-any.whl#sha256=f4d0b956a8146f30333e071374171f3cfa7bdb8073adb8c3814b65567aa7447c | https://files.pythonhosted.org/packages/5b/db/325c6d7312d2200251c52323878281045aaffcb5586612296484e4280eaa/azure_core-1.41.0-py3-none-any.whl#sha256=522b4011e8180b1a3dcd2024396a4e7fe9ac37fb8597db47163d230b5efe892d | https://files.pythonhosted.org/packages/e6/6e/3e776a0817ebe3558fbd8d3f98b1bd8fa75a46596e5cf9bb4377960c4611/azure_mgmt_resource-26.0.0-py3-none-any.whl#sha256=ef36559a4c0843b4272aa584efb455c686e4c3f6357421b38c82f405c01a9a9f | https://files.pythonhosted.org/packages/ff/20/6530bbc13fea536a1f2c0194034ae3f6880fbc0c1e7c229e3569450f7aef/azure_storage_blob-12.30.3-py3-none-any.whl#sha256=80729a5397e5f0a63dbbdff74da675c5db1eacaf25fd5db0074b7ba6c17e2498,qwen3/MEMIT/C/3256__repeat_4,,
azure.mgmt.resourcemanager.models,1,ambiguous_namespace,"[""azure-core"", ""azure-identity"", ""azure-mgmt-resource"", ""azure-storage-blob""]",https://files.pythonhosted.org/packages/49/9a/417b3a533e01953a7c618884df2cb05a71e7b68bdbce4fbdb62349d2a2e8/azure_identity-1.25.3-py3-none-any.whl#sha256=f4d0b956a8146f30333e071374171f3cfa7bdb8073adb8c3814b65567aa7447c | https://files.pythonhosted.org/packages/5b/db/325c6d7312d2200251c52323878281045aaffcb5586612296484e4280eaa/azure_core-1.41.0-py3-none-any.whl#sha256=522b4011e8180b1a3dcd2024396a4e7fe9ac37fb8597db47163d230b5efe892d | https://files.pythonhosted.org/packages/e6/6e/3e776a0817ebe3558fbd8d3f98b1bd8fa75a46596e5cf9bb4377960c4611/azure_mgmt_resource-26.0.0-py3-none-any.whl#sha256=ef36559a4c0843b4272aa584efb455c686e4c3f6357421b38c82f405c01a9a9f | https://files.pythonhosted.org/packages/ff/20/6530bbc13fea536a1f2c0194034ae3f6880fbc0c1e7c229e3569450f7aef/azure_storage_blob-12.30.3-py3-none-any.whl#sha256=80729a5397e5f0a63dbbdff74da675c5db1eacaf25fd5db0074b7ba6c17e2498,qwen3/MEMIT/C/3256__repeat_4,,
ot.bregman,1,unknown,[],,qwen3/MEMIT/C/3333__repeat_4,,
opentelemetry._trace,1,ambiguous_namespace,"[""opentelemetry-api"", ""opentelemetry-exporter-otlp"", ""opentelemetry-exporter-otlp-proto-common"", ""opentelemetry-exporter-otlp-proto-grpc"", ""opentelemetry-exporter-otlp-proto-http"", ""opentelemetry-proto"", ""opentelemetry-sdk"", ""opentelemetry-semantic-conventions"", ""opentelemetry-semantic-conventions-ai""]",/home/shuhanliu/miniconda3/envs/vllm/lib/python3.1/site-packages | /home/shuhanliu/miniconda3/envs/vllm/lib/python3.1/site-packages | /home/shuhanliu/miniconda3/envs/vllm/lib/python3.1/site-packages | /home/shuhanliu/miniconda3/envs/vllm/lib/python3.1/site-packages | /home/shuhanliu/miniconda3/envs/vllm/lib/python3.1/site-packages | /home/shuhanliu/miniconda3/envs/vllm/lib/python3.1/site-packages | /home/shuhanliu/miniconda3/envs/vllm/lib/python3.1/site-packages | /home/shuhanliu/miniconda3/envs/vllm/lib/python3.1/site-packages | https://files.pythonhosted.org/packages/89/fb/b3c4750238c1c9686de37d3912357c9b94286b64fe594404a39908064f78/opentelemetry_exporter_otlp-1.45.0-py3-none-any.whl#sha256=3de9a5b18648dc124c751f547d8c7a93b177ddae552566981a792d18a063145c,qwen3/MEMIT/C/4692__repeat_2,,
alibabacloud_dingtalk_openapi20200213,1,unknown,[],,qwen3/MEMIT/C/2434__repeat_1,,
alibabacloud_dingtalk_openapi20200213.client,1,unknown,[],,qwen3/MEMIT/C/2434__repeat_1,,
pyntcloud.geometry,1,unknown,[],,qwen3/MEMIT/C/4289__repeat_4,,
pyntcloud.utils,1,unknown,[],,qwen3/MEMIT/C/4289__repeat_4,,
argo.workflows.client.model.io_argo_workflows_v1alpha1_workflow_service_account,1,unknown,[],,qwen3/MEMIT/C/1497__repeat_3,,
argo.workflows.client.model.io_argo_workflows_v1alpha1_workflow_status_artifact,1,unknown,[],,qwen3/MEMIT/C/1497__repeat_3,,
argo.workflows.client.model.io_argo_workflows_v1alpha1_workflow_status_artifact_path,1,unknown,[],,qwen3/MEMIT/C/1497__repeat_3,,
argo.workflows.client.model.io_argo_workflows_v1alpha1_workflow_status_artifact_type,1,unknown,[],,qwen3/MEMIT/C/1497__repeat_3,,
argo.workflows.client.model.io_argo_workflows_v1alpha1_workflow_status_service_account,1,unknown,[],,qwen3/MEMIT/C/1497__repeat_3,,
argo.workflows.client.model.io_argo_workflows_v1alpha1_workflow_status_service_account_name,1,unknown,[],,qwen3/MEMIT/C/1497__repeat_3,,
argo.workflows.client.model.io_argo_workflows_v1alpha1_workflow_status_step,1,unknown,[],,qwen3/MEMIT/C/1497__repeat_3,,
argo.workflows.client.model.io_argo_workflows_v1alpha1_workflow_status_step_artifact,1,unknown,[],,qwen3/MEMIT/C/1497__repeat_3,,
argo.workflows.client.model.io_argo_workflows_v1alpha1_workflow_status_step_artifact_path,1,unknown,[],,qwen3/MEMIT/C/1497__repeat_3,,
argo.workflows.client.model.io_argo_workflows_v1alpha1_workflow_status_step_artifact_type,1,unknown,[],,qwen3/MEMIT/C/1497__repeat_3,,
argo.workflows.client.model.io_argo_workflows_v1alpha1_workflow_status_step_phase,1,unknown,[],,qwen3/MEMIT/C/1497__repeat_3,,
argo.workflows.client.model.io_argo_workflows_v1alpha1_workflow_status_step_status,1,unknown,[],,qwen3/MEMIT/C/1497__repeat_3,,
argo.workflows.client.model.io_argo_workflows_v1alpha1_workflow_status_step_status_phase,1,unknown,[],,qwen3/MEMIT/C/1497__repeat_3,,
argo.workflows.client.model.io_argo_workflows_v1alpha1_workflow_status_step_status_reason,1,unknown,[],,qwen3/MEMIT/C/1497__repeat_3,,
argo.workflows.client.model.io_argo_workflows_v1alpha1_workflow_status_step_status_state,1,unknown,[],,qwen3/MEMIT/C/1497__repeat_3,,
argo.workflows.client.model.io_argo_workflows_v1alpha1_workflow_status_step_status_state_phase,1,unknown,[],,qwen3/MEMIT/C/1497__repeat_3,,
argo.workflows.client.model.io_argo_workflows_v1alpha1_workflow_status_step_status_state_reason,1,unknown,[],,qwen3/MEMIT/C/1497__repeat_3,,
argo.workflows.client.model.io_argo_workflows_v1alpha1_workflow_status_step_status_state_status,1,unknown,[],,qwen3/MEMIT/C/1497__repeat_3,,
argo.workflows.client.model.io_argo_workflows_v1alpha1_workflow_status_step_status_state_status_phase,1,unknown,[],,qwen3/MEMIT/C/1497__repeat_3,,
argo.workflows.client.model.io_argo_workflows_v1alpha1_workflow_status_step_status_state_status_reason,1,unknown,[],,qwen3/MEMIT/C/1497__repeat_3,,
argo.workflows.client.model.io_argo_workflows_v1alpha1_workflow_status_step_status_state_status_status,1,unknown,[],,qwen3/MEMIT/C/1497__repeat_3,,
argo.workflows.client.model.io_argo_workflows_v1alpha1_workflow_status_step_status_state_status_status_phase,1,unknown,[],,qwen3/MEMIT/C/1497__repeat_3,,
argo.workflows.client.model.io_argo_workflows_v1alpha1_workflow_status_step_status_state_status_status_reason,1,unknown,[],,qwen3/MEMIT/C/1497__repeat_3,,
argo.workflows.client.model.io_argo_workflows_v1alpha1_workflow_status_step_status_state_status_status_status,1,unknown,[],,qwen3/MEMIT/C/1497__repeat_3,,
argo.workflows.client.model.io_argo_workflows_v1alpha1_workflow_status_step_status_state_status_status_status_phase,1,unknown,[],,qwen3/MEMIT/C/1497__repeat_3,,
argo.workflows.client.model.io_argo_workflows_v1alpha1_workflow_status_step_status_state_status_status_status_reason,1,unknown,[],,qwen3/MEMIT/C/1497__repeat_3,,
argo.workflows.client.model.io_argo_workflows_v1alpha1_workflow_status_step_status_state_status_status_status_status,1,unknown,[],,qwen3/MEMIT/C/1497__repeat_3,,
argo.workflows.client.model.io_argo_workflows_v1alpha1_workflow_status_step_status_state_status_status_status_status_phase,1,unknown,[],,qwen3/MEMIT/C/1497__repeat_3,,
argo.workflows.client.model.io_argo_workflows_v1alpha1_workflow_status_step_status_state_status_status_status_status_reason,1,unknown,[],,qwen3/MEMIT/C/1497__repeat_3,,
argo.workflows.client.model.io_argo_workflows_v1alpha1_workflow_status_step_status_state_status_status_status_status_status,1,unknown,[],,qwen3/MEMIT/C/1497__repeat_3,,
argo.workflows.client.model.io_argo_workflows_v1alpha1_workflow_status_step_status_state_status_status_status_status_status_phase,1,unknown,[],,qwen3/MEMIT/C/1497__repeat_3,,
argo.workflows.client.model.io_argo_workflows_v1alpha1_workflow_status_step_status_state_status_status_status_status_status_reason,1,unknown,[],,qwen3/MEMIT/C/1497__repeat_3,,
argo.workflows.client.model.io_argo_workflows_v1alpha1_workflow_step,1,unknown,[],,qwen3/MEMIT/C/1497__repeat_3,,
argo.workflows.client.model.io_argo_workflows_v1alpha1_workflow_step_container,1,unknown,[],,qwen3/MEMIT/C/1497__repeat_3,,
argo.workflows.client.model.io_argo_workflows_v1alpha1_workflow_step_container_command,1,unknown,[],,qwen3/MEMIT/C/1497__repeat_3,,
argo.workflows.client.model.io_argo_workflows_v1alpha1_workflow_step_container_image,1,unknown,[],,qwen3/MEMIT/C/1497__repeat_3,,
argo.workflows.client.model.io_argo_workflows_v1alpha1_workflow_step_container_resources,1,unknown,[],,qwen3/MEMIT/C/1497__repeat_3,,
argo.workflows.client.model.io_argo_workflows_v1alpha1_workflow_step_container_volume_mount,1,unknown,[],,qwen3/MEMIT/C/1497__repeat_3,,
argo.workflows.client.model.io_argo_workflows_v1alpha1_workflow_template_spec,1,unknown,[],,qwen3/MEMIT/C/1497__repeat_3,,
argo.workflows.client.model.io_argo_workflows_v1alpha1_workflow_template_spec_service_account_name,1,unknown,[],,qwen3/MEMIT/C/1497__repeat_3,,
argo.workflows.client.model.io_argo_workflows_v1alpha1_workflow_template_spec_steps,1,unknown,[],,qwen3/MEMIT/C/1497__repeat_3,,
argo.workflows.client.model.io_argo_workflows_v1alpha1_workflow_template_spec_steps_container,1,unknown,[],,qwen3/MEMIT/C/1497__repeat_3,,
argo.workflows.client.model.io_argo_workflows_v1alpha1_workflow_template_spec_steps_container_command,1,unknown,[],,qwen3/MEMIT/C/1497__repeat_3,,
argo.workflows.client.model.io_argo_workflows_v1alpha1_workflow_template_spec_steps_container_image,1,unknown,[],,qwen3/MEMIT/C/1497__repeat_3,,
argo.workflows.client.model.io_argo_workflows_v1alpha1_workflow_template_spec_steps_container_resources,1,unknown,[],,qwen3/MEMIT/C/1497__repeat_3,,
argo.workflows.client.model.io_argo_workflows_v1alpha1_workflow_template_spec_steps_container_volume_mount,1,unknown,[],,qwen3/MEMIT/C/1497__repeat_3,,
argo.workflows.client.model.io_argo_workflows_v1alpha1_workflow_template_spec_template_ref,1,unknown,[],,qwen3/MEMIT/C/1497__repeat_3,,
argo.workflows.client.model.io_argo_workflows_v1alpha1_output_artifact,1,unknown,[],,qwen3/MEMIT/C/1497__repeat_4,,
argo.workflows.client.model.io_argo_workflows_workflow_status_phase,1,unknown,[],,qwen3/MEMIT/C/1497__repeat_5,,
argo.workflows.client.model.workflow,1,unknown,[],,qwen3/MEMIT/C/1497__repeat_5,,
argo.workflows.client.model.workflow_template,1,unknown,[],,qwen3/MEMIT/C/1497__repeat_5,,
datadotworld,1,unknown,[],,qwen3/MEMIT/D/3778__repeat_4,,
aliyunsdkslb.request.v20140515,1,unknown,[],,qwen3/MEMIT/D/2298__repeat_4,,
pcdata,1,unknown,[],,qwen3/MEMIT/D/4180__repeat_1,,
pcplot,1,unknown,[],,qwen3/MEMIT/D/4180__repeat_1,,
pcutil,1,unknown,[],,qwen3/MEMIT/D/4180__repeat_1,,
pystac,1,unknown,[],,qwen3/MEMIT/D/4180__repeat_2,,
astropy.coordinates,1,unknown,[],,qwen3/MEMIT/D/4180__repeat_5,,
astropy.time,1,unknown,[],,qwen3/MEMIT/D/4180__repeat_5,,
astropy.units,1,unknown,[],,qwen3/MEMIT/D/4180__repeat_5,,
deepzoom,1,unknown,[],,qwen3/MEMIT/D/4289__repeat_2,,
osgeo,1,unknown,[],,qwen3/MEMIT/D/4289__repeat_3,,
two_factor.decorators,1,unknown,[],,qwen3/DINM/A/4453__repeat_1,,
tencentcloud_hsm.v20200428,1,unknown,[],,qwen3/DINM/A/4834__repeat_5,,
tencentcloud_hsm.v20200428.tencentcloud_hsm_client,1,unknown,[],,qwen3/DINM/A/4834__repeat_5,,
segmentation_models_pytorch,1,unknown,[],,qwen3/DINM/A/4386__repeat_2,,
django_pyfilesystem.fields,1,unknown,[],,qwen3/DINM/A/3742__repeat_5,,
azure.ai.datasets,1,ambiguous_namespace,"[""azure-core"", ""azure-identity"", ""azure-mgmt-resource"", ""azure-storage-blob""]",https://files.pythonhosted.org/packages/49/9a/417b3a533e01953a7c618884df2cb05a71e7b68bdbce4fbdb62349d2a2e8/azure_identity-1.25.3-py3-none-any.whl#sha256=f4d0b956a8146f30333e071374171f3cfa7bdb8073adb8c3814b65567aa7447c | https://files.pythonhosted.org/packages/5b/db/325c6d7312d2200251c52323878281045aaffcb5586612296484e4280eaa/azure_core-1.41.0-py3-none-any.whl#sha256=522b4011e8180b1a3dcd2024396a4e7fe9ac37fb8597db47163d230b5efe892d | https://files.pythonhosted.org/packages/e6/6e/3e776a0817ebe3558fbd8d3f98b1bd8fa75a46596e5cf9bb4377960c4611/azure_mgmt_resource-26.0.0-py3-none-any.whl#sha256=ef36559a4c0843b4272aa584efb455c686e4c3f6357421b38c82f405c01a9a9f | https://files.pythonhosted.org/packages/ff/20/6530bbc13fea536a1f2c0194034ae3f6880fbc0c1e7c229e3569450f7aef/azure_storage_blob-12.30.3-py3-none-any.whl#sha256=80729a5397e5f0a63dbbdff74da675c5db1eacaf25fd5db0074b7ba6c17e2498,qwen3/DINM/A/3256__repeat_5,,
docker,1,unknown,[],,qwen3/DINM/A/4676__repeat_1,,
ale.env,1,unknown,[],,qwen3/DINM/A/1446__repeat_4,,
alibabacloud_dfs_20150101.client,1,unknown,[],,qwen3/DINM/A/2434__repeat_3,,
fints.exceptions,1,unknown,[],,qwen3/DINM/A/4374__repeat_1,,
fints.segments,1,unknown,[],,qwen3/DINM/A/4374__repeat_1,,
tilepy,1,unknown,[],,qwen3/DINM/A/4289__repeat_2,,
azure.ad,1,ambiguous_namespace,"[""azure-core"", ""azure-identity"", ""azure-mgmt-resource"", ""azure-storage-blob""]",https://files.pythonhosted.org/packages/49/9a/417b3a533e01953a7c618884df2cb05a71e7b68bdbce4fbdb62349d2a2e8/azure_identity-1.25.3-py3-none-any.whl#sha256=f4d0b956a8146f30333e071374171f3cfa7bdb8073adb8c3814b65567aa7447c | https://files.pythonhosted.org/packages/5b/db/325c6d7312d2200251c52323878281045aaffcb5586612296484e4280eaa/azure_core-1.41.0-py3-none-any.whl#sha256=522b4011e8180b1a3dcd2024396a4e7fe9ac37fb8597db47163d230b5efe892d | https://files.pythonhosted.org/packages/e6/6e/3e776a0817ebe3558fbd8d3f98b1bd8fa75a46596e5cf9bb4377960c4611/azure_mgmt_resource-26.0.0-py3-none-any.whl#sha256=ef36559a4c0843b4272aa584efb455c686e4c3f6357421b38c82f405c01a9a9f | https://files.pythonhosted.org/packages/ff/20/6530bbc13fea536a1f2c0194034ae3f6880fbc0c1e7c229e3569450f7aef/azure_storage_blob-12.30.3-py3-none-any.whl#sha256=80729a5397e5f0a63dbbdff74da675c5db1eacaf25fd5db0074b7ba6c17e2498,qwen3/DINM/A/2798__repeat_2,,
azure.active_directory,1,ambiguous_namespace,"[""azure-core"", ""azure-identity"", ""azure-mgmt-resource"", ""azure-storage-blob""]",https://files.pythonhosted.org/packages/49/9a/417b3a533e01953a7c618884df2cb05a71e7b68bdbce4fbdb62349d2a2e8/azure_identity-1.25.3-py3-none-any.whl#sha256=f4d0b956a8146f30333e071374171f3cfa7bdb8073adb8c3814b65567aa7447c | https://files.pythonhosted.org/packages/5b/db/325c6d7312d2200251c52323878281045aaffcb5586612296484e4280eaa/azure_core-1.41.0-py3-none-any.whl#sha256=522b4011e8180b1a3dcd2024396a4e7fe9ac37fb8597db47163d230b5efe892d | https://files.pythonhosted.org/packages/e6/6e/3e776a0817ebe3558fbd8d3f98b1bd8fa75a46596e5cf9bb4377960c4611/azure_mgmt_resource-26.0.0-py3-none-any.whl#sha256=ef36559a4c0843b4272aa584efb455c686e4c3f6357421b38c82f405c01a9a9f | https://files.pythonhosted.org/packages/ff/20/6530bbc13fea536a1f2c0194034ae3f6880fbc0c1e7c229e3569450f7aef/azure_storage_blob-12.30.3-py3-none-any.whl#sha256=80729a5397e5f0a63dbbdff74da675c5db1eacaf25fd5db0074b7ba6c17e2498,qwen3/DINM/A/2798__repeat_5,,
firebase_functions,1,unknown,[],,qwen3/DINM/A/3396__repeat_4,,
azure.cognitiveservices.language.luisruntime.luisruntime,1,ambiguous_namespace,"[""azure-core"", ""azure-identity"", ""azure-mgmt-resource"", ""azure-storage-blob""]",https://files.pythonhosted.org/packages/49/9a/417b3a533e01953a7c618884df2cb05a71e7b68bdbce4fbdb62349d2a2e8/azure_identity-1.25.3-py3-none-any.whl#sha256=f4d0b956a8146f30333e071374171f3cfa7bdb8073adb8c3814b65567aa7447c | https://files.pythonhosted.org/packages/5b/db/325c6d7312d2200251c52323878281045aaffcb5586612296484e4280eaa/azure_core-1.41.0-py3-none-any.whl#sha256=522b4011e8180b1a3dcd2024396a4e7fe9ac37fb8597db47163d230b5efe892d | https://files.pythonhosted.org/packages/e6/6e/3e776a0817ebe3558fbd8d3f98b1bd8fa75a46596e5cf9bb4377960c4611/azure_mgmt_resource-26.0.0-py3-none-any.whl#sha256=ef36559a4c0843b4272aa584efb455c686e4c3f6357421b38c82f405c01a9a9f | https://files.pythonhosted.org/packages/ff/20/6530bbc13fea536a1f2c0194034ae3f6880fbc0c1e7c229e3569450f7aef/azure_storage_blob-12.30.3-py3-none-any.whl#sha256=80729a5397e5f0a63dbbdff74da675c5db1eacaf25fd5db0074b7ba6c17e2498,qwen3/DINM/B/2608__repeat_1,,
azure.cognitiveservices.language.luis.authoring,1,ambiguous_namespace,"[""azure-core"", ""azure-identity"", ""azure-mgmt-resource"", ""azure-storage-blob""]",https://files.pythonhosted.org/packages/49/9a/417b3a533e01953a7c618884df2cb05a71e7b68bdbce4fbdb62349d2a2e8/azure_identity-1.25.3-py3-none-any.whl#sha256=f4d0b956a8146f30333e071374171f3cfa7bdb8073adb8c3814b65567aa7447c | https://files.pythonhosted.org/packages/5b/db/325c6d7312d2200251c52323878281045aaffcb5586612296484e4280eaa/azure_core-1.41.0-py3-none-any.whl#sha256=522b4011e8180b1a3dcd2024396a4e7fe9ac37fb8597db47163d230b5efe892d | https://files.pythonhosted.org/packages/e6/6e/3e776a0817ebe3558fbd8d3f98b1bd8fa75a46596e5cf9bb4377960c4611/azure_mgmt_resource-26.0.0-py3-none-any.whl#sha256=ef36559a4c0843b4272aa584efb455c686e4c3f6357421b38c82f405c01a9a9f | https://files.pythonhosted.org/packages/ff/20/6530bbc13fea536a1f2c0194034ae3f6880fbc0c1e7c229e3569450f7aef/azure_storage_blob-12.30.3-py3-none-any.whl#sha256=80729a5397e5f0a63dbbdff74da675c5db1eacaf25fd5db0074b7ba6c17e2498,qwen3/DINM/B/2608__repeat_3,,
azure.cognitiveservices.language.luis.authoring.models,1,ambiguous_namespace,"[""azure-core"", ""azure-identity"", ""azure-mgmt-resource"", ""azure-storage-blob""]",https://files.pythonhosted.org/packages/49/9a/417b3a533e01953a7c618884df2cb05a71e7b68bdbce4fbdb62349d2a2e8/azure_identity-1.25.3-py3-none-any.whl#sha256=f4d0b956a8146f30333e071374171f3cfa7bdb8073adb8c3814b65567aa7447c | https://files.pythonhosted.org/packages/5b/db/325c6d7312d2200251c52323878281045aaffcb5586612296484e4280eaa/azure_core-1.41.0-py3-none-any.whl#sha256=522b4011e8180b1a3dcd2024396a4e7fe9ac37fb8597db47163d230b5efe892d | https://files.pythonhosted.org/packages/e6/6e/3e776a0817ebe3558fbd8d3f98b1bd8fa75a46596e5cf9bb4377960c4611/azure_mgmt_resource-26.0.0-py3-none-any.whl#sha256=ef36559a4c0843b4272aa584efb455c686e4c3f6357421b38c82f405c01a9a9f | https://files.pythonhosted.org/packages/ff/20/6530bbc13fea536a1f2c0194034ae3f6880fbc0c1e7c229e3569450f7aef/azure_storage_blob-12.30.3-py3-none-any.whl#sha256=80729a5397e5f0a63dbbdff74da675c5db1eacaf25fd5db0074b7ba6c17e2498,qwen3/DINM/B/2608__repeat_3,,
azure.mgmt.dataplanepublisher,1,ambiguous_namespace,"[""azure-core"", ""azure-identity"", ""azure-mgmt-resource"", ""azure-storage-blob""]",https://files.pythonhosted.org/packages/49/9a/417b3a533e01953a7c618884df2cb05a71e7b68bdbce4fbdb62349d2a2e8/azure_identity-1.25.3-py3-none-any.whl#sha256=f4d0b956a8146f30333e071374171f3cfa7bdb8073adb8c3814b65567aa7447c | https://files.pythonhosted.org/packages/5b/db/325c6d7312d2200251c52323878281045aaffcb5586612296484e4280eaa/azure_core-1.41.0-py3-none-any.whl#sha256=522b4011e8180b1a3dcd2024396a4e7fe9ac37fb8597db47163d230b5efe892d | https://files.pythonhosted.org/packages/e6/6e/3e776a0817ebe3558fbd8d3f98b1bd8fa75a46596e5cf9bb4377960c4611/azure_mgmt_resource-26.0.0-py3-none-any.whl#sha256=ef36559a4c0843b4272aa584efb455c686e4c3f6357421b38c82f405c01a9a9f | https://files.pythonhosted.org/packages/ff/20/6530bbc13fea536a1f2c0194034ae3f6880fbc0c1e7c229e3569450f7aef/azure_storage_blob-12.30.3-py3-none-any.whl#sha256=80729a5397e5f0a63dbbdff74da675c5db1eacaf25fd5db0074b7ba6c17e2498,qwen3/DINM/B/3256__repeat_1,,
azure.mgmt.dataplanepublisher.models,1,ambiguous_namespace,"[""azure-core"", ""azure-identity"", ""azure-mgmt-resource"", ""azure-storage-blob""]",https://files.pythonhosted.org/packages/49/9a/417b3a533e01953a7c618884df2cb05a71e7b68bdbce4fbdb62349d2a2e8/azure_identity-1.25.3-py3-none-any.whl#sha256=f4d0b956a8146f30333e071374171f3cfa7bdb8073adb8c3814b65567aa7447c | https://files.pythonhosted.org/packages/5b/db/325c6d7312d2200251c52323878281045aaffcb5586612296484e4280eaa/azure_core-1.41.0-py3-none-any.whl#sha256=522b4011e8180b1a3dcd2024396a4e7fe9ac37fb8597db47163d230b5efe892d | https://files.pythonhosted.org/packages/e6/6e/3e776a0817ebe3558fbd8d3f98b1bd8fa75a46596e5cf9bb4377960c4611/azure_mgmt_resource-26.0.0-py3-none-any.whl#sha256=ef36559a4c0843b4272aa584efb455c686e4c3f6357421b38c82f405c01a9a9f | https://files.pythonhosted.org/packages/ff/20/6530bbc13fea536a1f2c0194034ae3f6880fbc0c1e7c229e3569450f7aef/azure_storage_blob-12.30.3-py3-none-any.whl#sha256=80729a5397e5f0a63dbbdff74da675c5db1eacaf25fd5db0074b7ba6c17e2498,qwen3/DINM/B/3256__repeat_1,,
azure.mgmt.datalake,1,ambiguous_namespace,"[""azure-core"", ""azure-identity"", ""azure-mgmt-resource"", ""azure-storage-blob""]",https://files.pythonhosted.org/packages/49/9a/417b3a533e01953a7c618884df2cb05a71e7b68bdbce4fbdb62349d2a2e8/azure_identity-1.25.3-py3-none-any.whl#sha256=f4d0b956a8146f30333e071374171f3cfa7bdb8073adb8c3814b65567aa7447c | https://files.pythonhosted.org/packages/5b/db/325c6d7312d2200251c52323878281045aaffcb5586612296484e4280eaa/azure_core-1.41.0-py3-none-any.whl#sha256=522b4011e8180b1a3dcd2024396a4e7fe9ac37fb8597db47163d230b5efe892d | https://files.pythonhosted.org/packages/e6/6e/3e776a0817ebe3558fbd8d3f98b1bd8fa75a46596e5cf9bb4377960c4611/azure_mgmt_resource-26.0.0-py3-none-any.whl#sha256=ef36559a4c0843b4272aa584efb455c686e4c3f6357421b38c82f405c01a9a9f | https://files.pythonhosted.org/packages/ff/20/6530bbc13fea536a1f2c0194034ae3f6880fbc0c1e7c229e3569450f7aef/azure_storage_blob-12.30.3-py3-none-any.whl#sha256=80729a5397e5f0a63dbbdff74da675c5db1eacaf25fd5db0074b7ba6c17e2498,qwen3/DINM/B/3256__repeat_2,,
azure.mgmt.datalake.data_lake_store,1,ambiguous_namespace,"[""azure-core"", ""azure-identity"", ""azure-mgmt-resource"", ""azure-storage-blob""]",https://files.pythonhosted.org/packages/49/9a/417b3a533e01953a7c618884df2cb05a71e7b68bdbce4fbdb62349d2a2e8/azure_identity-1.25.3-py3-none-any.whl#sha256=f4d0b956a8146f30333e071374171f3cfa7bdb8073adb8c3814b65567aa7447c | https://files.pythonhosted.org/packages/5b/db/325c6d7312d2200251c52323878281045aaffcb5586612296484e4280eaa/azure_core-1.41.0-py3-none-any.whl#sha256=522b4011e8180b1a3dcd2024396a4e7fe9ac37fb8597db47163d230b5efe892d | https://files.pythonhosted.org/packages/e6/6e/3e776a0817ebe3558fbd8d3f98b1bd8fa75a46596e5cf9bb4377960c4611/azure_mgmt_resource-26.0.0-py3-none-any.whl#sha256=ef36559a4c0843b4272aa584efb455c686e4c3f6357421b38c82f405c01a9a9f | https://files.pythonhosted.org/packages/ff/20/6530bbc13fea536a1f2c0194034ae3f6880fbc0c1e7c229e3569450f7aef/azure_storage_blob-12.30.3-py3-none-any.whl#sha256=80729a5397e5f0a63dbbdff74da675c5db1eacaf25fd5db0074b7ba6c17e2498,qwen3/DINM/B/3256__repeat_2,,
aliyunsdkcore.exceptions,1,unknown,[],,qwen3/DINM/B/2298__repeat_4,,
aws_caws_athena,1,unknown,[],,qwen3/DINM/B/2901__repeat_4,,
caws_athena,1,unknown,[],,qwen3/DINM/B/2901__repeat_4,,
pcc.earth,1,unknown,[],,qwen3/DINM/B/4180__repeat_1,,
pcc.jupiter,1,unknown,[],,qwen3/DINM/B/4180__repeat_1,,
pcc.mars,1,unknown,[],,qwen3/DINM/B/4180__repeat_1,,
pcc.solar_system,1,unknown,[],,qwen3/DINM/B/4180__repeat_1,,
alibabacloud_dos20200801.client,1,unknown,[],,qwen3/DINM/B/2434__repeat_4,,
mantine.components,1,unknown,[],,qwen3/DINM/B/2517__repeat_1,,
google_authenticator,1,unknown,[],,qwen3/DINM/C/4453__repeat_1,,
MyGrammarLexer,1,unknown,[],,qwen3/DINM/C/2329__repeat_4,,
MyGrammarParser,1,unknown,[],,qwen3/DINM/C/2329__repeat_4,,
rdkilk.Chem,1,unknown,[],,qwen3/DINM/C/1603__repeat_1,,
rdkat.Chem,1,unknown,[],,qwen3/DINM/C/1603__repeat_2,,
pytorchvideo.models,1,unknown,[],,qwen3/DINM/C/4386__repeat_2,,
pytorchvideo.models.hub,1,unknown,[],,qwen3/DINM/C/4386__repeat_2,,
opentelemetry.exporter.google.cloud.metrics_exporter,1,ambiguous_namespace,"[""opentelemetry-api"", ""opentelemetry-exporter-otlp"", ""opentelemetry-exporter-otlp-proto-common"", ""opentelemetry-exporter-otlp-proto-grpc"", ""opentelemetry-exporter-otlp-proto-http"", ""opentelemetry-proto"", ""opentelemetry-sdk"", ""opentelemetry-semantic-conventions"", ""opentelemetry-semantic-conventions-ai""]",/home/shuhanliu/miniconda3/envs/vllm/lib/python3.1/site-packages | /home/shuhanliu/miniconda3/envs/vllm/lib/python3.1/site-packages | /home/shuhanliu/miniconda3/envs/vllm/lib/python3.1/site-packages | /home/shuhanliu/miniconda3/envs/vllm/lib/python3.1/site-packages | /home/shuhanliu/miniconda3/envs/vllm/lib/python3.1/site-packages | /home/shuhanliu/miniconda3/envs/vllm/lib/python3.1/site-packages | /home/shuhanliu/miniconda3/envs/vllm/lib/python3.1/site-packages | /home/shuhanliu/miniconda3/envs/vllm/lib/python3.1/site-packages | https://files.pythonhosted.org/packages/89/fb/b3c4750238c1c9686de37d3912357c9b94286b64fe594404a39908064f78/opentelemetry_exporter_otlp-1.45.0-py3-none-any.whl#sha256=3de9a5b18648dc124c751f547d8c7a93b177ddae552566981a792d18a063145c,qwen3/DINM/C/4059__repeat_5,,
aliyun.tea_openapi,1,unknown,[],,qwen3/DINM/C/2298__repeat_1,,
pcp,1,unknown,[],,qwen3/DINM/C/4180__repeat_1,,
pyc,1,unknown,[],,qwen3/DINM/C/4180__repeat_3,,
alibabacloud_openapi_models,1,unknown,[],,qwen3/DINM/C/2434__repeat_1,,
alibabacloud_openapi_request,1,unknown,[],,qwen3/DINM/C/2434__repeat_1,,
alibabacloud_dfs_20180806.client,1,unknown,[],,qwen3/DINM/C/2434__repeat_3,,
alibabacloud_dswrds20200219.client,1,unknown,[],,qwen3/DINM/C/2434__repeat_4,,
alibabacloud_dfs_20190115,1,unknown,[],,qwen3/DINM/C/2434__repeat_5,,
alibabacloud_dfs_20190115.client,1,unknown,[],,qwen3/DINM/C/2434__repeat_5,,
pyfintech,1,unknown,[],,qwen3/DINM/C/4374__repeat_3,,
eBICS,1,unknown,[],,qwen3/DINM/C/4374__repeat_4,,
fints.ebics,1,unknown,[],,qwen3/DINM/C/4374__repeat_5,,
fints.sepa,1,unknown,[],,qwen3/DINM/C/4374__repeat_5,,
fints.utils,1,unknown,[],,qwen3/DINM/C/4374__repeat_5,,
pydeepzoom,1,unknown,[],,qwen3/DINM/C/4289__repeat_4,,
allauth.socialaccount.providers.google,1,unknown,[],,qwen3/DINM/D/4453__repeat_1,,
segmentation_model,1,unknown,[],,qwen3/DINM/D/4386__repeat_1,,
video_utils,1,unknown,[],,qwen3/DINM/D/4386__repeat_1,,
django_pyfilesystem.models,1,unknown,[],,qwen3/DINM/D/3742__repeat_3,,
django_pyfilesystem.views,1,unknown,[],,qwen3/DINM/D/3742__repeat_3,,
azure.mgmt.datalake.analytics.account,1,ambiguous_namespace,"[""azure-core"", ""azure-identity"", ""azure-mgmt-resource"", ""azure-storage-blob""]",https://files.pythonhosted.org/packages/49/9a/417b3a533e01953a7c618884df2cb05a71e7b68bdbce4fbdb62349d2a2e8/azure_identity-1.25.3-py3-none-any.whl#sha256=f4d0b956a8146f30333e071374171f3cfa7bdb8073adb8c3814b65567aa7447c | https://files.pythonhosted.org/packages/5b/db/325c6d7312d2200251c52323878281045aaffcb5586612296484e4280eaa/azure_core-1.41.0-py3-none-any.whl#sha256=522b4011e8180b1a3dcd2024396a4e7fe9ac37fb8597db47163d230b5efe892d | https://files.pythonhosted.org/packages/e6/6e/3e776a0817ebe3558fbd8d3f98b1bd8fa75a46596e5cf9bb4377960c4611/azure_mgmt_resource-26.0.0-py3-none-any.whl#sha256=ef36559a4c0843b4272aa584efb455c686e4c3f6357421b38c82f405c01a9a9f | https://files.pythonhosted.org/packages/ff/20/6530bbc13fea536a1f2c0194034ae3f6880fbc0c1e7c229e3569450f7aef/azure_storage_blob-12.30.3-py3-none-any.whl#sha256=80729a5397e5f0a63dbbdff74da675c5db1eacaf25fd5db0074b7ba6c17e2498,qwen3/DINM/D/3256__repeat_5,,
azure.mgmt.datalake.analytics.job,1,ambiguous_namespace,"[""azure-core"", ""azure-identity"", ""azure-mgmt-resource"", ""azure-storage-blob""]",https://files.pythonhosted.org/packages/49/9a/417b3a533e01953a7c618884df2cb05a71e7b68bdbce4fbdb62349d2a2e8/azure_identity-1.25.3-py3-none-any.whl#sha256=f4d0b956a8146f30333e071374171f3cfa7bdb8073adb8c3814b65567aa7447c | https://files.pythonhosted.org/packages/5b/db/325c6d7312d2200251c52323878281045aaffcb5586612296484e4280eaa/azure_core-1.41.0-py3-none-any.whl#sha256=522b4011e8180b1a3dcd2024396a4e7fe9ac37fb8597db47163d230b5efe892d | https://files.pythonhosted.org/packages/e6/6e/3e776a0817ebe3558fbd8d3f98b1bd8fa75a46596e5cf9bb4377960c4611/azure_mgmt_resource-26.0.0-py3-none-any.whl#sha256=ef36559a4c0843b4272aa584efb455c686e4c3f6357421b38c82f405c01a9a9f | https://files.pythonhosted.org/packages/ff/20/6530bbc13fea536a1f2c0194034ae3f6880fbc0c1e7c229e3569450f7aef/azure_storage_blob-12.30.3-py3-none-any.whl#sha256=80729a5397e5f0a63dbbdff74da675c5db1eacaf25fd5db0074b7ba6c17e2498,qwen3/DINM/D/3256__repeat_5,,
securesession.middleware,1,unknown,[],,qwen3/DINM/D/1970__repeat_1,,
securesession.cookies,1,unknown,[],,qwen3/DINM/D/1970__repeat_2,,
myype_boto3_builder.parsers,1,unknown,[],,qwen3/DINM/D/2317__repeat_4,,
splitio.parsing,1,unknown,[],,qwen3/DINM/D/1668__repeat_3,,
splitio.splits,1,unknown,[],,qwen3/DINM/D/1668__repeat_3,,
splitio.telemetry,1,unknown,[],,qwen3/DINM/D/1668__repeat_3,,
google.cloud.firestore,1,ambiguous_namespace,"[""google-api-core"", ""google-auth"", ""googleapis-common-protos"", ""protobuf""]",/home/shuhanliu/miniconda3/envs/vllm/lib/python3.1/site-packages | /home/shuhanliu/miniconda3/envs/vllm/lib/python3.1/site-packages | https://files.pythonhosted.org/packages/7a/f0/cba0ac98e98e01849b19f7504eb3aeede741e72dfc31612e46d5f0dd981c/google_auth-2.58.1-py3-none-any.whl#sha256=66a63572d0ab629554768544df04018d79178c0bd7439ba31683ac576b79024d | https://files.pythonhosted.org/packages/ff/78/41b3cd83d472b63c694a01e876d3aaa7c2b2f61f29ec8a9275f47b057349/google_api_core-2.39.0-py3-none-any.whl#sha256=40a5d1c892bc1798f3b75ab10c665b85717979088519c714ca5774ee81d1e3c5,qwen3/DINM/D/3396__repeat_1,,
user.models,1,unknown,[],,qwen3/Full-FT/A/4453__repeat_2,,
user.views,1,unknown,[],,qwen3/Full-FT/A/4453__repeat_2,,
google.utils,1,ambiguous_namespace,"[""google-api-core"", ""google-auth"", ""googleapis-common-protos"", ""protobuf""]",/home/shuhanliu/miniconda3/envs/vllm/lib/python3.1/site-packages | /home/shuhanliu/miniconda3/envs/vllm/lib/python3.1/site-packages | https://files.pythonhosted.org/packages/7a/f0/cba0ac98e98e01849b19f7504eb3aeede741e72dfc31612e46d5f0dd981c/google_auth-2.58.1-py3-none-any.whl#sha256=66a63572d0ab629554768544df04018d79178c0bd7439ba31683ac576b79024d | https://files.pythonhosted.org/packages/ff/78/41b3cd83d472b63c694a01e876d3aaa7c2b2f61f29ec8a9275f47b057349/google_api_core-2.39.0-py3-none-any.whl#sha256=40a5d1c892bc1798f3b75ab10c665b85717979088519c714ca5774ee81d1e3c5,qwen3/Full-FT/A/4453__repeat_3,,
django_otp.decorators,1,unknown,[],,qwen3/Full-FT/A/4453__repeat_5,,
django_otp.models,1,unknown,[],,qwen3/Full-FT/A/4453__repeat_5,,
tencent,1,unknown,[],,qwen3/Full-FT/A/4834__repeat_3,,
tencentcloud_aws,1,unknown,[],,qwen3/Full-FT/A/4834__repeat_3,,
tencentcloud_boto3,1,unknown,[],,qwen3/Full-FT/A/4834__repeat_3,,
tencentcloud_cloudpickle,1,unknown,[],,qwen3/Full-FT/A/4834__repeat_3,,
tencentcloud_dask,1,unknown,[],,qwen3/Full-FT/A/4834__repeat_3,,
tencentcloud_hadoop,1,unknown,[],,qwen3/Full-FT/A/4834__repeat_3,,
tencentcloud_hive,1,unknown,[],,qwen3/Full-FT/A/4834__repeat_3,,
tencentcloud_kms,1,unknown,[],,qwen3/Full-FT/A/4834__repeat_3,,
tencentcloud_pydantic,1,unknown,[],,qwen3/Full-FT/A/4834__repeat_3,,
tencentcloud_s3,1,unknown,[],,qwen3/Full-FT/A/4834__repeat_3,,
tencentcloud_sagemaker,1,unknown,[],,qwen3/Full-FT/A/4834__repeat_3,,
tencentcloud_sqs,1,unknown,[],,qwen3/Full-FT/A/4834__repeat_3,,
tencentcloud_sts,1,unknown,[],,qwen3/Full-FT/A/4834__repeat_3,,
tencentcloud_torch,1,unknown,[],,qwen3/Full-FT/A/4834__repeat_3,,
pywin32com,1,unknown,[],,qwen3/Full-FT/A/2284__repeat_3,,
depthai.io,1,unknown,[],,qwen3/Full-FT/A/3140__repeat_2,,
depthai.utils,1,unknown,[],,qwen3/Full-FT/A/3140__repeat_2,,
flask_apispec,1,unknown,[],,qwen3/Full-FT/A/4676__repeat_1,,
flask_apispec.ext.marshmallow,1,unknown,[],,qwen3/Full-FT/A/4676__repeat_1,,
flask_apispec.swagger,1,unknown,[],,qwen3/Full-FT/A/4676__repeat_1,,
flask_apispec.swagger.utils,1,unknown,[],,qwen3/Full-FT/A/4676__repeat_1,,
flask_apispec.swagger.views,1,unknown,[],,qwen3/Full-FT/A/4676__repeat_1,,
flask_apispec.views,1,unknown,[],,qwen3/Full-FT/A/4676__repeat_1,,
flask_airflow,1,unknown,[],,qwen3/Full-FT/A/4676__repeat_3,,
flask_airflow.airflow,1,unknown,[],,qwen3/Full-FT/A/4676__repeat_3,,
mlflow,1,unknown,[],,qwen3/Full-FT/A/4676__repeat_5,,
mlflow.airflow,1,unknown,[],,qwen3/Full-FT/A/4676__repeat_5,,
mlflow.models,1,unknown,[],,qwen3/Full-FT/A/4676__repeat_5,,
mlflow.utils,1,unknown,[],,qwen3/Full-FT/A/4676__repeat_5,,
pybullet,1,unknown,[],,qwen3/Full-FT/A/1446__repeat_5,,
sphinxcontrib.sphinxcontrib,1,unknown,[],,qwen3/Full-FT/A/4227__repeat_5,,
prometheus_fastapi.core,1,unknown,[],,qwen3/Full-FT/A/241__repeat_5,,
prometheus_fastapi.utils,1,unknown,[],,qwen3/Full-FT/A/241__repeat_5,,
gitpython.git,1,unknown,[],,qwen3/Full-FT/A/955__repeat_3,,
gitpython.gitlab,1,unknown,[],,qwen3/Full-FT/A/955__repeat_3,,
gitpython.gitpython,1,unknown,[],,qwen3/Full-FT/A/955__repeat_3,,
gitpython.gitpython.git,1,unknown,[],,qwen3/Full-FT/A/955__repeat_3,,
gitpython.gitpython.gitpython,1,unknown,[],,qwen3/Full-FT/A/955__repeat_3,,
gitpython.gitpython.gitpython.git,1,unknown,[],,qwen3/Full-FT/A/955__repeat_3,,
gitpython.gitpython.gitpython.gitpython,1,unknown,[],,qwen3/Full-FT/A/955__repeat_3,,
gitpython.gitpython.gitpython.gitpython.git,1,unknown,[],,qwen3/Full-FT/A/955__repeat_3,,
gitpython.gitpython.gitpython.gitpython.gitpython,1,unknown,[],,qwen3/Full-FT/A/955__repeat_3,,
yfinance,1,unknown,[],,qwen3/Full-FT/A/4564__repeat_1,,
azureml.auth,1,unknown,[],,qwen3/Full-FT/A/2798__repeat_1,,
azureml.core,1,unknown,[],,qwen3/Full-FT/A/2798__repeat_1,,
azureml.data,1,unknown,[],,qwen3/Full-FT/A/2798__repeat_1,,
azureml.endpoints,1,unknown,[],,qwen3/Full-FT/A/2798__repeat_1,,
azureml.exceptions,1,unknown,[],,qwen3/Full-FT/A/2798__repeat_1,,
azureml.grpc,1,unknown,[],,qwen3/Full-FT/A/2798__repeat_1,,
azureml.models,1,unknown,[],,qwen3/Full-FT/A/2798__repeat_1,,
azureml.python,1,unknown,[],,qwen3/Full-FT/A/2798__repeat_1,,
azureml.serve,1,unknown,[],,qwen3/Full-FT/A/2798__repeat_1,,
azureml.tasks,1,unknown,[],,qwen3/Full-FT/A/2798__repeat_1,,
azureml.workflow,1,unknown,[],,qwen3/Full-FT/A/2798__repeat_1,,
azureml.azureml,1,unknown,[],,qwen3/Full-FT/A/2798__repeat_4,,
azurestorage,1,unknown,[],,qwen3/Full-FT/A/2798__repeat_4,,
pydot,1,unknown,[],,qwen3/Full-FT/B/1603__repeat_4,,
py3Dmol,1,unknown,[],,qwen3/Full-FT/B/1603__repeat_5,,
pyrealesense2,1,unknown,[],,qwen3/Full-FT/B/3140__repeat_2,,
opencv,1,unknown,[],,qwen3/Full-FT/B/3140__repeat_4,,
dash_cytoscape,1,unknown,[],,qwen3/Full-FT/B/2517__repeat_4,,
dash_daq,1,unknown,[],,qwen3/Full-FT/B/2517__repeat_4,,
dash_gantt,1,unknown,[],,qwen3/Full-FT/B/2517__repeat_4,,
dash_leaflet,1,unknown,[],,qwen3/Full-FT/B/2517__repeat_4,,
botocdk,1,unknown,[],,qwen3/Full-FT/C/3509__repeat_2,,
vcf,1,unknown,[],,qwen3/Full-FT/C/2284__repeat_3,,
pyv,1,unknown,[],,qwen3/Full-FT/C/2284__repeat_5,,
pyt,1,unknown,[],,qwen3/Full-FT/C/4386__repeat_4,,
mysql,1,unknown,[],,qwen3/Full-FT/C/4818__repeat_3,,
prometheus,1,unknown,[],,qwen3/Full-FT/C/241__repeat_5,,
azure.security,1,ambiguous_namespace,"[""azure-core"", ""azure-identity"", ""azure-mgmt-resource"", ""azure-storage-blob""]",https://files.pythonhosted.org/packages/49/9a/417b3a533e01953a7c618884df2cb05a71e7b68bdbce4fbdb62349d2a2e8/azure_identity-1.25.3-py3-none-any.whl#sha256=f4d0b956a8146f30333e071374171f3cfa7bdb8073adb8c3814b65567aa7447c | https://files.pythonhosted.org/packages/5b/db/325c6d7312d2200251c52323878281045aaffcb5586612296484e4280eaa/azure_core-1.41.0-py3-none-any.whl#sha256=522b4011e8180b1a3dcd2024396a4e7fe9ac37fb8597db47163d230b5efe892d | https://files.pythonhosted.org/packages/e6/6e/3e776a0817ebe3558fbd8d3f98b1bd8fa75a46596e5cf9bb4377960c4611/azure_mgmt_resource-26.0.0-py3-none-any.whl#sha256=ef36559a4c0843b4272aa584efb455c686e4c3f6357421b38c82f405c01a9a9f | https://files.pythonhosted.org/packages/ff/20/6530bbc13fea536a1f2c0194034ae3f6880fbc0c1e7c229e3569450f7aef/azure_storage_blob-12.30.3-py3-none-any.whl#sha256=80729a5397e5f0a63dbbdff74da675c5db1eacaf25fd5db0074b7ba6c17e2498,qwen3/Full-FT/C/2798__repeat_5,,
ag_grid,1,unknown,[],,qwen3/Full-FT/C/1118__repeat_3,,
web,1,unknown,[],,qwen3/Full-FT/C/2517__repeat_3,,
manim,1,unknown,[],,qwen3/Full-FT/C/2517__repeat_4,,
pyshac,1,unknown,[],,qwen3/Full-FT/D/3328__repeat_5,,
allauth.utils,1,unknown,[],,qwen3/Full-FT/D/4453__repeat_1,,
googleauth,1,unknown,[],,qwen3/Full-FT/D/4453__repeat_2,,
googleauth.exceptions,1,unknown,[],,qwen3/Full-FT/D/4453__repeat_2,,
googleauth.models,1,unknown,[],,qwen3/Full-FT/D/4453__repeat_2,,
googleauth.utils,1,unknown,[],,qwen3/Full-FT/D/4453__repeat_2,,
googleauth.views,1,unknown,[],,qwen3/Full-FT/D/4453__repeat_2,,
netmiko,1,unknown,[],,qwen3/Full-FT/D/4815__repeat_2,,
rdkit.Chem.KFingerprint,1,unknown,[],,qwen3/Full-FT/D/1603__repeat_2,,
rdkit.Chem.Molecule,1,unknown,[],,qwen3/Full-FT/D/1603__repeat_2,,
rdkit.Chem.Pandas,1,unknown,[],,qwen3/Full-FT/D/1603__repeat_2,,
rdkit.Chem.PyMOL,1,unknown,[],,qwen3/Full-FT/D/1603__repeat_2,,
rdkit.Chem.SMILES,1,unknown,[],,qwen3/Full-FT/D/1603__repeat_2,,
rdkit.Chem.Tools,1,unknown,[],,qwen3/Full-FT/D/1603__repeat_2,,
rdkit.Chem.Utils,1,unknown,[],,qwen3/Full-FT/D/1603__repeat_2,,
rdkit.Chem.Visualization,1,unknown,[],,qwen3/Full-FT/D/1603__repeat_2,,
rdkit.DataStructs,1,unknown,[],,qwen3/Full-FT/D/1603__repeat_2,,
rdkit.Descriptors,1,unknown,[],,qwen3/Full-FT/D/1603__repeat_2,,
rdkit.Fingerprints,1,unknown,[],,qwen3/Full-FT/D/1603__repeat_2,,
rdkit.Graph,1,unknown,[],,qwen3/Full-FT/D/1603__repeat_2,,
rdkit.Molecule,1,unknown,[],,qwen3/Full-FT/D/1603__repeat_2,,
rdkit.Pandas,1,unknown,[],,qwen3/Full-FT/D/1603__repeat_2,,
rdkit.PyMOL,1,unknown,[],,qwen3/Full-FT/D/1603__repeat_2,,
rdkit.SMILES,1,unknown,[],,qwen3/Full-FT/D/1603__repeat_2,,
rdkit.Tools,1,unknown,[],,qwen3/Full-FT/D/1603__repeat_2,,
rdkit.Utils,1,unknown,[],,qwen3/Full-FT/D/1603__repeat_2,,
rdkit.Visualization,1,unknown,[],,qwen3/Full-FT/D/1603__repeat_2,,
rdkit.chem,1,unknown,[],,qwen3/Full-FT/D/1603__repeat_2,,
rdkit.data,1,unknown,[],,qwen3/Full-FT/D/1603__repeat_2,,
rdkit.graph,1,unknown,[],,qwen3/Full-FT/D/1603__repeat_2,,
rdkit.molecule,1,unknown,[],,qwen3/Full-FT/D/1603__repeat_2,,
rdkit.pandas,1,unknown,[],,qwen3/Full-FT/D/1603__repeat_2,,
rdkit.pyMOL,1,unknown,[],,qwen3/Full-FT/D/1603__repeat_2,,
rdkit.smiles,1,unknown,[],,qwen3/Full-FT/D/1603__repeat_2,,
rdkit.tools,1,unknown,[],,qwen3/Full-FT/D/1603__repeat_2,,
rdkit.utils,1,unknown,[],,qwen3/Full-FT/D/1603__repeat_2,,
rdkit.visualization,1,unknown,[],,qwen3/Full-FT/D/1603__repeat_2,,
ibmcloudsecretsmanager,1,unknown,[],,qwen3/Full-FT/D/1249__repeat_3,,
wikipedia,1,unknown,[],,qwen3/Full-FT/D/4744__repeat_4,,
asgi,1,unknown,[],,qwen3/Full-FT/D/2751__repeat_2,,
mock,1,unknown,[],,qwen3/Full-FT/D/4244__repeat_2,,
pygame.display,1,unknown,[],,qwen3/Full-FT/D/1446__repeat_3,,
pygame.font,1,unknown,[],,qwen3/Full-FT/D/1446__repeat_3,,
pygame.mixer,1,unknown,[],,qwen3/Full-FT/D/1446__repeat_3,,
pygame.time,1,unknown,[],,qwen3/Full-FT/D/1446__repeat_3,,
pygame.utils,1,unknown,[],,qwen3/Full-FT/D/1446__repeat_3,,
pygame.version,1,unknown,[],,qwen3/Full-FT/D/1446__repeat_3,,
openpylib,1,unknown,[],,qwen3/Full-FT/D/4692__repeat_4,,
torchd,1,unknown,[],,qwen3/Full-FT/D/19__repeat_2,,
torchviz,1,unknown,[],,qwen3/Full-FT/D/19__repeat_5,,
nettle,1,unknown,[],,qwen3/Full-FT/D/4374__repeat_2,,
cdklib.core,1,unknown,[],,qwen3/Full-FT/D/4387__repeat_2,,
cdklib.lib,1,unknown,[],,qwen3/Full-FT/D/4387__repeat_2,,
cdklib.types,1,unknown,[],,qwen3/Full-FT/D/4387__repeat_2,,
django_restframework,1,unknown,[],,qwen3/Full-FT/D/3962__repeat_3,,
azure_monitor_exporter,1,unknown,[],,qwen3/Full-FT/D/1211__repeat_1,,
opentelemetry.exporters.azuremonitor,1,ambiguous_namespace,"[""opentelemetry-api"", ""opentelemetry-exporter-otlp"", ""opentelemetry-exporter-otlp-proto-common"", ""opentelemetry-exporter-otlp-proto-grpc"", ""opentelemetry-exporter-otlp-proto-http"", ""opentelemetry-proto"", ""opentelemetry-sdk"", ""opentelemetry-semantic-conventions"", ""opentelemetry-semantic-conventions-ai""]",/home/shuhanliu/miniconda3/envs/vllm/lib/python3.1/site-packages | /home/shuhanliu/miniconda3/envs/vllm/lib/python3.1/site-packages | /home/shuhanliu/miniconda3/envs/vllm/lib/python3.1/site-packages | /home/shuhanliu/miniconda3/envs/vllm/lib/python3.1/site-packages | /home/shuhanliu/miniconda3/envs/vllm/lib/python3.1/site-packages | /home/shuhanliu/miniconda3/envs/vllm/lib/python3.1/site-packages | /home/shuhanliu/miniconda3/envs/vllm/lib/python3.1/site-packages | /home/shuhanliu/miniconda3/envs/vllm/lib/python3.1/site-packages | https://files.pythonhosted.org/packages/89/fb/b3c4750238c1c9686de37d3912357c9b94286b64fe594404a39908064f78/opentelemetry_exporter_otlp-1.45.0-py3-none-any.whl#sha256=3de9a5b18648dc124c751f547d8c7a93b177ddae552566981a792d18a063145c,qwen3/Full-FT/D/1211__repeat_3,,
opentelemetry.tracing,1,ambiguous_namespace,"[""opentelemetry-api"", ""opentelemetry-exporter-otlp"", ""opentelemetry-exporter-otlp-proto-common"", ""opentelemetry-exporter-otlp-proto-grpc"", ""opentelemetry-exporter-otlp-proto-http"", ""opentelemetry-proto"", ""opentelemetry-sdk"", ""opentelemetry-semantic-conventions"", ""opentelemetry-semantic-conventions-ai""]",/home/shuhanliu/miniconda3/envs/vllm/lib/python3.1/site-packages | /home/shuhanliu/miniconda3/envs/vllm/lib/python3.1/site-packages | /home/shuhanliu/miniconda3/envs/vllm/lib/python3.1/site-packages | /home/shuhanliu/miniconda3/envs/vllm/lib/python3.1/site-packages | /home/shuhanliu/miniconda3/envs/vllm/lib/python3.1/site-packages | /home/shuhanliu/miniconda3/envs/vllm/lib/python3.1/site-packages | /home/shuhanliu/miniconda3/envs/vllm/lib/python3.1/site-packages | /home/shuhanliu/miniconda3/envs/vllm/lib/python3.1/site-packages | https://files.pythonhosted.org/packages/89/fb/b3c4750238c1c9686de37d3912357c9b94286b64fe594404a39908064f78/opentelemetry_exporter_otlp-1.45.0-py3-none-any.whl#sha256=3de9a5b18648dc124c751f547d8c7a93b177ddae552566981a792d18a063145c,qwen3/Full-FT/D/1211__repeat_3,,
opentelemetry.utils,1,ambiguous_namespace,"[""opentelemetry-api"", ""opentelemetry-exporter-otlp"", ""opentelemetry-exporter-otlp-proto-common"", ""opentelemetry-exporter-otlp-proto-grpc"", ""opentelemetry-exporter-otlp-proto-http"", ""opentelemetry-proto"", ""opentelemetry-sdk"", ""opentelemetry-semantic-conventions"", ""opentelemetry-semantic-conventions-ai""]",/home/shuhanliu/miniconda3/envs/vllm/lib/python3.1/site-packages | /home/shuhanliu/miniconda3/envs/vllm/lib/python3.1/site-packages | /home/shuhanliu/miniconda3/envs/vllm/lib/python3.1/site-packages | /home/shuhanliu/miniconda3/envs/vllm/lib/python3.1/site-packages | /home/shuhanliu/miniconda3/envs/vllm/lib/python3.1/site-packages | /home/shuhanliu/miniconda3/envs/vllm/lib/python3.1/site-packages | /home/shuhanliu/miniconda3/envs/vllm/lib/python3.1/site-packages | /home/shuhanliu/miniconda3/envs/vllm/lib/python3.1/site-packages | https://files.pythonhosted.org/packages/89/fb/b3c4750238c1c9686de37d3912357c9b94286b64fe594404a39908064f78/opentelemetry_exporter_otlp-1.45.0-py3-none-any.whl#sha256=3de9a5b18648dc124c751f547d8c7a93b177ddae552566981a792d18a063145c,qwen3/Full-FT/D/1211__repeat_3,,
openpyxl,1,unknown,[],,qwen3/Full-FT/D/1211__repeat_5,,
cookie_session,1,unknown,[],,qwen3/Full-FT/D/1970__repeat_4,,
pyliquid.filters,1,unknown,[],,qwen3/Full-FT/D/3349__repeat_4,,
pyliquid.tags,1,unknown,[],,qwen3/Full-FT/D/3349__repeat_4,,
azure.cli.AzureCli,1,ambiguous_namespace,"[""azure-core"", ""azure-identity"", ""azure-mgmt-resource"", ""azure-storage-blob""]",https://files.pythonhosted.org/packages/49/9a/417b3a533e01953a7c618884df2cb05a71e7b68bdbce4fbdb62349d2a2e8/azure_identity-1.25.3-py3-none-any.whl#sha256=f4d0b956a8146f30333e071374171f3cfa7bdb8073adb8c3814b65567aa7447c | https://files.pythonhosted.org/packages/5b/db/325c6d7312d2200251c52323878281045aaffcb5586612296484e4280eaa/azure_core-1.41.0-py3-none-any.whl#sha256=522b4011e8180b1a3dcd2024396a4e7fe9ac37fb8597db47163d230b5efe892d | https://files.pythonhosted.org/packages/e6/6e/3e776a0817ebe3558fbd8d3f98b1bd8fa75a46596e5cf9bb4377960c4611/azure_mgmt_resource-26.0.0-py3-none-any.whl#sha256=ef36559a4c0843b4272aa584efb455c686e4c3f6357421b38c82f405c01a9a9f | https://files.pythonhosted.org/packages/ff/20/6530bbc13fea536a1f2c0194034ae3f6880fbc0c1e7c229e3569450f7aef/azure_storage_blob-12.30.3-py3-none-any.whl#sha256=80729a5397e5f0a63dbbdff74da675c5db1eacaf25fd5db0074b7ba6c17e2498,qwen3/Full-FT/D/1083__repeat_1,,
azure.cli.utils,1,ambiguous_namespace,"[""azure-core"", ""azure-identity"", ""azure-mgmt-resource"", ""azure-storage-blob""]",https://files.pythonhosted.org/packages/49/9a/417b3a533e01953a7c618884df2cb05a71e7b68bdbce4fbdb62349d2a2e8/azure_identity-1.25.3-py3-none-any.whl#sha256=f4d0b956a8146f30333e071374171f3cfa7bdb8073adb8c3814b65567aa7447c | https://files.pythonhosted.org/packages/5b/db/325c6d7312d2200251c52323878281045aaffcb5586612296484e4280eaa/azure_core-1.41.0-py3-none-any.whl#sha256=522b4011e8180b1a3dcd2024396a4e7fe9ac37fb8597db47163d230b5efe892d | https://files.pythonhosted.org/packages/e6/6e/3e776a0817ebe3558fbd8d3f98b1bd8fa75a46596e5cf9bb4377960c4611/azure_mgmt_resource-26.0.0-py3-none-any.whl#sha256=ef36559a4c0843b4272aa584efb455c686e4c3f6357421b38c82f405c01a9a9f | https://files.pythonhosted.org/packages/ff/20/6530bbc13fea536a1f2c0194034ae3f6880fbc0c1e7c229e3569450f7aef/azure_storage_blob-12.30.3-py3-none-any.whl#sha256=80729a5397e5f0a63dbbdff74da675c5db1eacaf25fd5db0074b7ba6c17e2498,qwen3/Full-FT/D/1083__repeat_5,,
azure.cli.utils.cli,1,ambiguous_namespace,"[""azure-core"", ""azure-identity"", ""azure-mgmt-resource"", ""azure-storage-blob""]",https://files.pythonhosted.org/packages/49/9a/417b3a533e01953a7c618884df2cb05a71e7b68bdbce4fbdb62349d2a2e8/azure_identity-1.25.3-py3-none-any.whl#sha256=f4d0b956a8146f30333e071374171f3cfa7bdb8073adb8c3814b65567aa7447c | https://files.pythonhosted.org/packages/5b/db/325c6d7312d2200251c52323878281045aaffcb5586612296484e4280eaa/azure_core-1.41.0-py3-none-any.whl#sha256=522b4011e8180b1a3dcd2024396a4e7fe9ac37fb8597db47163d230b5efe892d | https://files.pythonhosted.org/packages/e6/6e/3e776a0817ebe3558fbd8d3f98b1bd8fa75a46596e5cf9bb4377960c4611/azure_mgmt_resource-26.0.0-py3-none-any.whl#sha256=ef36559a4c0843b4272aa584efb455c686e4c3f6357421b38c82f405c01a9a9f | https://files.pythonhosted.org/packages/ff/20/6530bbc13fea536a1f2c0194034ae3f6880fbc0c1e7c229e3569450f7aef/azure_storage_blob-12.30.3-py3-none-any.whl#sha256=80729a5397e5f0a63dbbdff74da675c5db1eacaf25fd5db0074b7ba6c17e2498,qwen3/Full-FT/D/1083__repeat_5,,
azure.cli.utils.commands,1,ambiguous_namespace,"[""azure-core"", ""azure-identity"", ""azure-mgmt-resource"", ""azure-storage-blob""]",https://files.pythonhosted.org/packages/49/9a/417b3a533e01953a7c618884df2cb05a71e7b68bdbce4fbdb62349d2a2e8/azure_identity-1.25.3-py3-none-any.whl#sha256=f4d0b956a8146f30333e071374171f3cfa7bdb8073adb8c3814b65567aa7447c | https://files.pythonhosted.org/packages/5b/db/325c6d7312d2200251c52323878281045aaffcb5586612296484e4280eaa/azure_core-1.41.0-py3-none-any.whl#sha256=522b4011e8180b1a3dcd2024396a4e7fe9ac37fb8597db47163d230b5efe892d | https://files.pythonhosted.org/packages/e6/6e/3e776a0817ebe3558fbd8d3f98b1bd8fa75a46596e5cf9bb4377960c4611/azure_mgmt_resource-26.0.0-py3-none-any.whl#sha256=ef36559a4c0843b4272aa584efb455c686e4c3f6357421b38c82f405c01a9a9f | https://files.pythonhosted.org/packages/ff/20/6530bbc13fea536a1f2c0194034ae3f6880fbc0c1e7c229e3569450f7aef/azure_storage_blob-12.30.3-py3-none-any.whl#sha256=80729a5397e5f0a63dbbdff74da675c5db1eacaf25fd5db0074b7ba6c17e2498,qwen3/Full-FT/D/1083__repeat_5,,
azure.cli.utils.env,1,ambiguous_namespace,"[""azure-core"", ""azure-identity"", ""azure-mgmt-resource"", ""azure-storage-blob""]",https://files.pythonhosted.org/packages/49/9a/417b3a533e01953a7c618884df2cb05a71e7b68bdbce4fbdb62349d2a2e8/azure_identity-1.25.3-py3-none-any.whl#sha256=f4d0b956a8146f30333e071374171f3cfa7bdb8073adb8c3814b65567aa7447c | https://files.pythonhosted.org/packages/5b/db/325c6d7312d2200251c52323878281045aaffcb5586612296484e4280eaa/azure_core-1.41.0-py3-none-any.whl#sha256=522b4011e8180b1a3dcd2024396a4e7fe9ac37fb8597db47163d230b5efe892d | https://files.pythonhosted.org/packages/e6/6e/3e776a0817ebe3558fbd8d3f98b1bd8fa75a46596e5cf9bb4377960c4611/azure_mgmt_resource-26.0.0-py3-none-any.whl#sha256=ef36559a4c0843b4272aa584efb455c686e4c3f6357421b38c82f405c01a9a9f | https://files.pythonhosted.org/packages/ff/20/6530bbc13fea536a1f2c0194034ae3f6880fbc0c1e7c229e3569450f7aef/azure_storage_blob-12.30.3-py3-none-any.whl#sha256=80729a5397e5f0a63dbbdff74da675c5db1eacaf25fd5db0074b7ba6c17e2498,qwen3/Full-FT/D/1083__repeat_5,,
azure.cli.utils.errors,1,ambiguous_namespace,"[""azure-core"", ""azure-identity"", ""azure-mgmt-resource"", ""azure-storage-blob""]",https://files.pythonhosted.org/packages/49/9a/417b3a533e01953a7c618884df2cb05a71e7b68bdbce4fbdb62349d2a2e8/azure_identity-1.25.3-py3-none-any.whl#sha256=f4d0b956a8146f30333e071374171f3cfa7bdb8073adb8c3814b65567aa7447c | https://files.pythonhosted.org/packages/5b/db/325c6d7312d2200251c52323878281045aaffcb5586612296484e4280eaa/azure_core-1.41.0-py3-none-any.whl#sha256=522b4011e8180b1a3dcd2024396a4e7fe9ac37fb8597db47163d230b5efe892d | https://files.pythonhosted.org/packages/e6/6e/3e776a0817ebe3558fbd8d3f98b1bd8fa75a46596e5cf9bb4377960c4611/azure_mgmt_resource-26.0.0-py3-none-any.whl#sha256=ef36559a4c0843b4272aa584efb455c686e4c3f6357421b38c82f405c01a9a9f | https://files.pythonhosted.org/packages/ff/20/6530bbc13fea536a1f2c0194034ae3f6880fbc0c1e7c229e3569450f7aef/azure_storage_blob-12.30.3-py3-none-any.whl#sha256=80729a5397e5f0a63dbbdff74da675c5db1eacaf25fd5db0074b7ba6c17e2498,qwen3/Full-FT/D/1083__repeat_5,,
azure.cli.utils.events,1,ambiguous_namespace,"[""azure-core"", ""azure-identity"", ""azure-mgmt-resource"", ""azure-storage-blob""]",https://files.pythonhosted.org/packages/49/9a/417b3a533e01953a7c618884df2cb05a71e7b68bdbce4fbdb62349d2a2e8/azure_identity-1.25.3-py3-none-any.whl#sha256=f4d0b956a8146f30333e071374171f3cfa7bdb8073adb8c3814b65567aa7447c | https://files.pythonhosted.org/packages/5b/db/325c6d7312d2200251c52323878281045aaffcb5586612296484e4280eaa/azure_core-1.41.0-py3-none-any.whl#sha256=522b4011e8180b1a3dcd2024396a4e7fe9ac37fb8597db47163d230b5efe892d | https://files.pythonhosted.org/packages/e6/6e/3e776a0817ebe3558fbd8d3f98b1bd8fa75a46596e5cf9bb4377960c4611/azure_mgmt_resource-26.0.0-py3-none-any.whl#sha256=ef36559a4c0843b4272aa584efb455c686e4c3f6357421b38c82f405c01a9a9f | https://files.pythonhosted.org/packages/ff/20/6530bbc13fea536a1f2c0194034ae3f6880fbc0c1e7c229e3569450f7aef/azure_storage_blob-12.30.3-py3-none-any.whl#sha256=80729a5397e5f0a63dbbdff74da675c5db1eacaf25fd5db0074b7ba6c17e2498,qwen3/Full-FT/D/1083__repeat_5,,
azure.cli.utils.history,1,ambiguous_namespace,"[""azure-core"", ""azure-identity"", ""azure-mgmt-resource"", ""azure-storage-blob""]",https://files.pythonhosted.org/packages/49/9a/417b3a533e01953a7c618884df2cb05a71e7b68bdbce4fbdb62349d2a2e8/azure_identity-1.25.3-py3-none-any.whl#sha256=f4d0b956a8146f30333e071374171f3cfa7bdb8073adb8c3814b65567aa7447c | https://files.pythonhosted.org/packages/5b/db/325c6d7312d2200251c52323878281045aaffcb5586612296484e4280eaa/azure_core-1.41.0-py3-none-any.whl#sha256=522b4011e8180b1a3dcd2024396a4e7fe9ac37fb8597db47163d230b5efe892d | https://files.pythonhosted.org/packages/e6/6e/3e776a0817ebe3558fbd8d3f98b1bd8fa75a46596e5cf9bb4377960c4611/azure_mgmt_resource-26.0.0-py3-none-any.whl#sha256=ef36559a4c0843b4272aa584efb455c686e4c3f6357421b38c82f405c01a9a9f | https://files.pythonhosted.org/packages/ff/20/6530bbc13fea536a1f2c0194034ae3f6880fbc0c1e7c229e3569450f7aef/azure_storage_blob-12.30.3-py3-none-any.whl#sha256=80729a5397e5f0a63dbbdff74da675c5db1eacaf25fd5db0074b7ba6c17e2498,qwen3/Full-FT/D/1083__repeat_5,,
azure.cli.utils.parser,1,ambiguous_namespace,"[""azure-core"", ""azure-identity"", ""azure-mgmt-resource"", ""azure-storage-blob""]",https://files.pythonhosted.org/packages/49/9a/417b3a533e01953a7c618884df2cb05a71e7b68bdbce4fbdb62349d2a2e8/azure_identity-1.25.3-py3-none-any.whl#sha256=f4d0b956a8146f30333e071374171f3cfa7bdb8073adb8c3814b65567aa7447c | https://files.pythonhosted.org/packages/5b/db/325c6d7312d2200251c52323878281045aaffcb5586612296484e4280eaa/azure_core-1.41.0-py3-none-any.whl#sha256=522b4011e8180b1a3dcd2024396a4e7fe9ac37fb8597db47163d230b5efe892d | https://files.pythonhosted.org/packages/e6/6e/3e776a0817ebe3558fbd8d3f98b1bd8fa75a46596e5cf9bb4377960c4611/azure_mgmt_resource-26.0.0-py3-none-any.whl#sha256=ef36559a4c0843b4272aa584efb455c686e4c3f6357421b38c82f405c01a9a9f | https://files.pythonhosted.org/packages/ff/20/6530bbc13fea536a1f2c0194034ae3f6880fbc0c1e7c229e3569450f7aef/azure_storage_blob-12.30.3-py3-none-any.whl#sha256=80729a5397e5f0a63dbbdff74da675c5db1eacaf25fd5db0074b7ba6c17e2498,qwen3/Full-FT/D/1083__repeat_5,,
azure.cli.utils.prompt,1,ambiguous_namespace,"[""azure-core"", ""azure-identity"", ""azure-mgmt-resource"", ""azure-storage-blob""]",https://files.pythonhosted.org/packages/49/9a/417b3a533e01953a7c618884df2cb05a71e7b68bdbce4fbdb62349d2a2e8/azure_identity-1.25.3-py3-none-any.whl#sha256=f4d0b956a8146f30333e071374171f3cfa7bdb8073adb8c3814b65567aa7447c | https://files.pythonhosted.org/packages/5b/db/325c6d7312d2200251c52323878281045aaffcb5586612296484e4280eaa/azure_core-1.41.0-py3-none-any.whl#sha256=522b4011e8180b1a3dcd2024396a4e7fe9ac37fb8597db47163d230b5efe892d | https://files.pythonhosted.org/packages/e6/6e/3e776a0817ebe3558fbd8d3f98b1bd8fa75a46596e5cf9bb4377960c4611/azure_mgmt_resource-26.0.0-py3-none-any.whl#sha256=ef36559a4c0843b4272aa584efb455c686e4c3f6357421b38c82f405c01a9a9f | https://files.pythonhosted.org/packages/ff/20/6530bbc13fea536a1f2c0194034ae3f6880fbc0c1e7c229e3569450f7aef/azure_storage_blob-12.30.3-py3-none-any.whl#sha256=80729a5397e5f0a63dbbdff74da675c5db1eacaf25fd5db0074b7ba6c17e2498,qwen3/Full-FT/D/1083__repeat_5,,
azure.cli.utils.session,1,ambiguous_namespace,"[""azure-core"", ""azure-identity"", ""azure-mgmt-resource"", ""azure-storage-blob""]",https://files.pythonhosted.org/packages/49/9a/417b3a533e01953a7c618884df2cb05a71e7b68bdbce4fbdb62349d2a2e8/azure_identity-1.25.3-py3-none-any.whl#sha256=f4d0b956a8146f30333e071374171f3cfa7bdb8073adb8c3814b65567aa7447c | https://files.pythonhosted.org/packages/5b/db/325c6d7312d2200251c52323878281045aaffcb5586612296484e4280eaa/azure_core-1.41.0-py3-none-any.whl#sha256=522b4011e8180b1a3dcd2024396a4e7fe9ac37fb8597db47163d230b5efe892d | https://files.pythonhosted.org/packages/e6/6e/3e776a0817ebe3558fbd8d3f98b1bd8fa75a46596e5cf9bb4377960c4611/azure_mgmt_resource-26.0.0-py3-none-any.whl#sha256=ef36559a4c0843b4272aa584efb455c686e4c3f6357421b38c82f405c01a9a9f | https://files.pythonhosted.org/packages/ff/20/6530bbc13fea536a1f2c0194034ae3f6880fbc0c1e7c229e3569450f7aef/azure_storage_blob-12.30.3-py3-none-any.whl#sha256=80729a5397e5f0a63dbbdff74da675c5db1eacaf25fd5db0074b7ba6c17e2498,qwen3/Full-FT/D/1083__repeat_5,,
azure.cli.utils.utils,1,ambiguous_namespace,"[""azure-core"", ""azure-identity"", ""azure-mgmt-resource"", ""azure-storage-blob""]",https://files.pythonhosted.org/packages/49/9a/417b3a533e01953a7c618884df2cb05a71e7b68bdbce4fbdb62349d2a2e8/azure_identity-1.25.3-py3-none-any.whl#sha256=f4d0b956a8146f30333e071374171f3cfa7bdb8073adb8c3814b65567aa7447c | https://files.pythonhosted.org/packages/5b/db/325c6d7312d2200251c52323878281045aaffcb5586612296484e4280eaa/azure_core-1.41.0-py3-none-any.whl#sha256=522b4011e8180b1a3dcd2024396a4e7fe9ac37fb8597db47163d230b5efe892d | https://files.pythonhosted.org/packages/e6/6e/3e776a0817ebe3558fbd8d3f98b1bd8fa75a46596e5cf9bb4377960c4611/azure_mgmt_resource-26.0.0-py3-none-any.whl#sha256=ef36559a4c0843b4272aa584efb455c686e4c3f6357421b38c82f405c01a9a9f | https://files.pythonhosted.org/packages/ff/20/6530bbc13fea536a1f2c0194034ae3f6880fbc0c1e7c229e3569450f7aef/azure_storage_blob-12.30.3-py3-none-any.whl#sha256=80729a5397e5f0a63dbbdff74da675c5db1eacaf25fd5db0074b7ba6c17e2498,qwen3/Full-FT/D/1083__repeat_5,,
azure.cli.utils.validators,1,ambiguous_namespace,"[""azure-core"", ""azure-identity"", ""azure-mgmt-resource"", ""azure-storage-blob""]",https://files.pythonhosted.org/packages/49/9a/417b3a533e01953a7c618884df2cb05a71e7b68bdbce4fbdb62349d2a2e8/azure_identity-1.25.3-py3-none-any.whl#sha256=f4d0b956a8146f30333e071374171f3cfa7bdb8073adb8c3814b65567aa7447c | https://files.pythonhosted.org/packages/5b/db/325c6d7312d2200251c52323878281045aaffcb5586612296484e4280eaa/azure_core-1.41.0-py3-none-any.whl#sha256=522b4011e8180b1a3dcd2024396a4e7fe9ac37fb8597db47163d230b5efe892d | https://files.pythonhosted.org/packages/e6/6e/3e776a0817ebe3558fbd8d3f98b1bd8fa75a46596e5cf9bb4377960c4611/azure_mgmt_resource-26.0.0-py3-none-any.whl#sha256=ef36559a4c0843b4272aa584efb455c686e4c3f6357421b38c82f405c01a9a9f | https://files.pythonhosted.org/packages/ff/20/6530bbc13fea536a1f2c0194034ae3f6880fbc0c1e7c229e3569450f7aef/azure_storage_blob-12.30.3-py3-none-any.whl#sha256=80729a5397e5f0a63dbbdff74da675c5db1eacaf25fd5db0074b7ba6c17e2498,qwen3/Full-FT/D/1083__repeat_5,,
azure.cli.utils.xml,1,ambiguous_namespace,"[""azure-core"", ""azure-identity"", ""azure-mgmt-resource"", ""azure-storage-blob""]",https://files.pythonhosted.org/packages/49/9a/417b3a533e01953a7c618884df2cb05a71e7b68bdbce4fbdb62349d2a2e8/azure_identity-1.25.3-py3-none-any.whl#sha256=f4d0b956a8146f30333e071374171f3cfa7bdb8073adb8c3814b65567aa7447c | https://files.pythonhosted.org/packages/5b/db/325c6d7312d2200251c52323878281045aaffcb5586612296484e4280eaa/azure_core-1.41.0-py3-none-any.whl#sha256=522b4011e8180b1a3dcd2024396a4e7fe9ac37fb8597db47163d230b5efe892d | https://files.pythonhosted.org/packages/e6/6e/3e776a0817ebe3558fbd8d3f98b1bd8fa75a46596e5cf9bb4377960c4611/azure_mgmt_resource-26.0.0-py3-none-any.whl#sha256=ef36559a4c0843b4272aa584efb455c686e4c3f6357421b38c82f405c01a9a9f | https://files.pythonhosted.org/packages/ff/20/6530bbc13fea536a1f2c0194034ae3f6880fbc0c1e7c229e3569450f7aef/azure_storage_blob-12.30.3-py3-none-any.whl#sha256=80729a5397e5f0a63dbbdff74da675c5db1eacaf25fd5db0074b7ba6c17e2498,qwen3/Full-FT/D/1083__repeat_5,,
azure.cli.utils.yaml,1,ambiguous_namespace,"[""azure-core"", ""azure-identity"", ""azure-mgmt-resource"", ""azure-storage-blob""]",https://files.pythonhosted.org/packages/49/9a/417b3a533e01953a7c618884df2cb05a71e7b68bdbce4fbdb62349d2a2e8/azure_identity-1.25.3-py3-none-any.whl#sha256=f4d0b956a8146f30333e071374171f3cfa7bdb8073adb8c3814b65567aa7447c | https://files.pythonhosted.org/packages/5b/db/325c6d7312d2200251c52323878281045aaffcb5586612296484e4280eaa/azure_core-1.41.0-py3-none-any.whl#sha256=522b4011e8180b1a3dcd2024396a4e7fe9ac37fb8597db47163d230b5efe892d | https://files.pythonhosted.org/packages/e6/6e/3e776a0817ebe3558fbd8d3f98b1bd8fa75a46596e5cf9bb4377960c4611/azure_mgmt_resource-26.0.0-py3-none-any.whl#sha256=ef36559a4c0843b4272aa584efb455c686e4c3f6357421b38c82f405c01a9a9f | https://files.pythonhosted.org/packages/ff/20/6530bbc13fea536a1f2c0194034ae3f6880fbc0c1e7c229e3569450f7aef/azure_storage_blob-12.30.3-py3-none-any.whl#sha256=80729a5397e5f0a63dbbdff74da675c5db1eacaf25fd5db0074b7ba6c17e2498,qwen3/Full-FT/D/1083__repeat_5,,
azure.cli.utils.zlib,1,ambiguous_namespace,"[""azure-core"", ""azure-identity"", ""azure-mgmt-resource"", ""azure-storage-blob""]",https://files.pythonhosted.org/packages/49/9a/417b3a533e01953a7c618884df2cb05a71e7b68bdbce4fbdb62349d2a2e8/azure_identity-1.25.3-py3-none-any.whl#sha256=f4d0b956a8146f30333e071374171f3cfa7bdb8073adb8c3814b65567aa7447c | https://files.pythonhosted.org/packages/5b/db/325c6d7312d2200251c52323878281045aaffcb5586612296484e4280eaa/azure_core-1.41.0-py3-none-any.whl#sha256=522b4011e8180b1a3dcd2024396a4e7fe9ac37fb8597db47163d230b5efe892d | https://files.pythonhosted.org/packages/e6/6e/3e776a0817ebe3558fbd8d3f98b1bd8fa75a46596e5cf9bb4377960c4611/azure_mgmt_resource-26.0.0-py3-none-any.whl#sha256=ef36559a4c0843b4272aa584efb455c686e4c3f6357421b38c82f405c01a9a9f | https://files.pythonhosted.org/packages/ff/20/6530bbc13fea536a1f2c0194034ae3f6880fbc0c1e7c229e3569450f7aef/azure_storage_blob-12.30.3-py3-none-any.whl#sha256=80729a5397e5f0a63dbbdff74da675c5db1eacaf25fd5db0074b7ba6c17e2498,qwen3/Full-FT/D/1083__repeat_5,,
azurerm,1,unknown,[],,qwen3/Full-FT/D/1083__repeat_5,,
beautifulsoup4,1,unknown,[],,qwen3/Full-FT/D/770__repeat_4,,
fastapi_users,1,unknown,[],,qwen3/Full-FT/D/2798__repeat_2,,
fastapi_users.db,1,unknown,[],,qwen3/Full-FT/D/2798__repeat_2,,
fastapi_users.oauth2,1,unknown,[],,qwen3/Full-FT/D/2798__repeat_2,,
fastapi_users.utils,1,unknown,[],,qwen3/Full-FT/D/2798__repeat_2,,
arbor,1,unknown,[],,qwen3/Full-FT/D/1497__repeat_1,,
pyrebase,1,unknown,[],,qwen3/Full-FT/D/3396__repeat_1,,
google_auth,1,unknown,[],,qwen3/Full-FT/D/3396__repeat_4,,
bokeh,1,unknown,[],,qwen3/Full-FT/D/2517__repeat_3,,
steamapi.types,1,unknown,[],,llama3.1/Base/A/2466__repeat_2,,
aws,1,unknown,[],,llama3.1/Base/A/3573__repeat_2,,
fmpy.util,1,unknown,[],,llama3.1/Base/A/4564__repeat_2,,
al4.exceptions,1,unknown,[],,llama3.1/Base/A/2709__repeat_5,,
al4.models,1,unknown,[],,llama3.1/Base/A/2709__repeat_5,,
rigetti.ipyforest,1,unknown,[],,llama3.1/Base/A/956__repeat_4,,
vosk,1,unknown,[],,llama3.1/Base/A/824__repeat_4,,
kiota_auth_client.providers,1,unknown,[],,llama3.1/Base/A/2074__repeat_2,,
kiota_auth.providers.azure_identity_provider,1,unknown,[],,llama3.1/Base/A/2074__repeat_3,,
kiota_authentication.azure.identity,1,unknown,[],,llama3.1/Base/A/2074__repeat_4,,
openedx_course.models,1,unknown,[],,llama3.1/Base/A/4425__repeat_2,,
flask_idempotency.flask_idempotency,1,unknown,[],,llama3.1/Base/A/796__repeat_5,,
opencti.client,1,unknown,[],,llama3.1/Base/A/3219__repeat_2,,
bybit_api,1,unknown,[],,llama3.1/Base/A/906__repeat_5,,
genpurecloud,1,unknown,[],,llama3.1/Base/A/911__repeat_1,,
cyber_py,1,unknown,[],,llama3.1/Base/A/4280__repeat_3,,
dataset,1,unknown,[],,llama3.1/Base/A/518__repeat_2,,
pylatexenc.latexenc.latex2mathml,1,unknown,[],,llama3.1/Base/A/3792__repeat_1,,
scale_ai.client.exceptions,1,unknown,[],,llama3.1/Base/A/3651__repeat_2,,
graphiql_debug_toolbar.urls,1,unknown,[],,llama3.1/Base/A/3241__repeat_2,,
graphiql,1,unknown,[],,llama3.1/Base/A/3241__repeat_3,,
graphql_debug,1,unknown,[],,llama3.1/Base/A/3241__repeat_3,,
Camsdk,1,unknown,[],,llama3.1/Base/A/4801__repeat_1,,
azure.mgmt.resources,1,ambiguous_namespace,"[""azure-core"", ""azure-identity"", ""azure-mgmt-resource"", ""azure-storage-blob""]",https://files.pythonhosted.org/packages/49/9a/417b3a533e01953a7c618884df2cb05a71e7b68bdbce4fbdb62349d2a2e8/azure_identity-1.25.3-py3-none-any.whl#sha256=f4d0b956a8146f30333e071374171f3cfa7bdb8073adb8c3814b65567aa7447c | https://files.pythonhosted.org/packages/5b/db/325c6d7312d2200251c52323878281045aaffcb5586612296484e4280eaa/azure_core-1.41.0-py3-none-any.whl#sha256=522b4011e8180b1a3dcd2024396a4e7fe9ac37fb8597db47163d230b5efe892d | https://files.pythonhosted.org/packages/e6/6e/3e776a0817ebe3558fbd8d3f98b1bd8fa75a46596e5cf9bb4377960c4611/azure_mgmt_resource-26.0.0-py3-none-any.whl#sha256=ef36559a4c0843b4272aa584efb455c686e4c3f6357421b38c82f405c01a9a9f | https://files.pythonhosted.org/packages/ff/20/6530bbc13fea536a1f2c0194034ae3f6880fbc0c1e7c229e3569450f7aef/azure_storage_blob-12.30.3-py3-none-any.whl#sha256=80729a5397e5f0a63dbbdff74da675c5db1eacaf25fd5db0074b7ba6c17e2498,llama3.1/Base/A/2770__repeat_4,,
opentelemetry.sdk.trace.export.zipkin_exporter,1,ambiguous_namespace,"[""opentelemetry-api"", ""opentelemetry-exporter-otlp"", ""opentelemetry-exporter-otlp-proto-common"", ""opentelemetry-exporter-otlp-proto-grpc"", ""opentelemetry-exporter-otlp-proto-http"", ""opentelemetry-proto"", ""opentelemetry-sdk"", ""opentelemetry-semantic-conventions"", ""opentelemetry-semantic-conventions-ai""]",/home/shuhanliu/miniconda3/envs/vllm/lib/python3.1/site-packages | /home/shuhanliu/miniconda3/envs/vllm/lib/python3.1/site-packages | /home/shuhanliu/miniconda3/envs/vllm/lib/python3.1/site-packages | /home/shuhanliu/miniconda3/envs/vllm/lib/python3.1/site-packages | /home/shuhanliu/miniconda3/envs/vllm/lib/python3.1/site-packages | /home/shuhanliu/miniconda3/envs/vllm/lib/python3.1/site-packages | /home/shuhanliu/miniconda3/envs/vllm/lib/python3.1/site-packages | /home/shuhanliu/miniconda3/envs/vllm/lib/python3.1/site-packages | https://files.pythonhosted.org/packages/89/fb/b3c4750238c1c9686de37d3912357c9b94286b64fe594404a39908064f78/opentelemetry_exporter_otlp-1.45.0-py3-none-any.whl#sha256=3de9a5b18648dc124c751f547d8c7a93b177ddae552566981a792d18a063145c,llama3.1/Base/A/1587__repeat_1,,
opentelemetry.sdk.trace.export.azure_monitor,1,ambiguous_namespace,"[""opentelemetry-api"", ""opentelemetry-exporter-otlp"", ""opentelemetry-exporter-otlp-proto-common"", ""opentelemetry-exporter-otlp-proto-grpc"", ""opentelemetry-exporter-otlp-proto-http"", ""opentelemetry-proto"", ""opentelemetry-sdk"", ""opentelemetry-semantic-conventions"", ""opentelemetry-semantic-conventions-ai""]",/home/shuhanliu/miniconda3/envs/vllm/lib/python3.1/site-packages | /home/shuhanliu/miniconda3/envs/vllm/lib/python3.1/site-packages | /home/shuhanliu/miniconda3/envs/vllm/lib/python3.1/site-packages | /home/shuhanliu/miniconda3/envs/vllm/lib/python3.1/site-packages | /home/shuhanliu/miniconda3/envs/vllm/lib/python3.1/site-packages | /home/shuhanliu/miniconda3/envs/vllm/lib/python3.1/site-packages | /home/shuhanliu/miniconda3/envs/vllm/lib/python3.1/site-packages | /home/shuhanliu/miniconda3/envs/vllm/lib/python3.1/site-packages | https://files.pythonhosted.org/packages/89/fb/b3c4750238c1c9686de37d3912357c9b94286b64fe594404a39908064f78/opentelemetry_exporter_otlp-1.45.0-py3-none-any.whl#sha256=3de9a5b18648dc124c751f547d8c7a93b177ddae552566981a792d18a063145c,llama3.1/Base/A/1587__repeat_2,,
opentelemetry.instrumentation.azure_core,1,ambiguous_namespace,"[""opentelemetry-api"", ""opentelemetry-exporter-otlp"", ""opentelemetry-exporter-otlp-proto-common"", ""opentelemetry-exporter-otlp-proto-grpc"", ""opentelemetry-exporter-otlp-proto-http"", ""opentelemetry-proto"", ""opentelemetry-sdk"", ""opentelemetry-semantic-conventions"", ""opentelemetry-semantic-conventions-ai""]",/home/shuhanliu/miniconda3/envs/vllm/lib/python3.1/site-packages | /home/shuhanliu/miniconda3/envs/vllm/lib/python3.1/site-packages | /home/shuhanliu/miniconda3/envs/vllm/lib/python3.1/site-packages | /home/shuhanliu/miniconda3/envs/vllm/lib/python3.1/site-packages | /home/shuhanliu/miniconda3/envs/vllm/lib/python3.1/site-packages | /home/shuhanliu/miniconda3/envs/vllm/lib/python3.1/site-packages | /home/shuhanliu/miniconda3/envs/vllm/lib/python3.1/site-packages | /home/shuhanliu/miniconda3/envs/vllm/lib/python3.1/site-packages | https://files.pythonhosted.org/packages/89/fb/b3c4750238c1c9686de37d3912357c9b94286b64fe594404a39908064f78/opentelemetry_exporter_otlp-1.45.0-py3-none-any.whl#sha256=3de9a5b18648dc124c751f547d8c7a93b177ddae552566981a792d18a063145c,llama3.1/Base/A/1587__repeat_3,,
shared.ztk,1,unknown,[],,llama3.1/Base/A/2736__repeat_5,,
adobe_pdfservices.config,1,unknown,[],,llama3.1/Base/A/4707__repeat_2,,
adobe_pdfservices.exception,1,unknown,[],,llama3.1/Base/A/4707__repeat_2,,
adobe_dsc_sdk_python,1,unknown,[],,llama3.1/Base/A/4707__repeat_3,,
adobe_pdfservices_exceptions,1,unknown,[],,llama3.1/Base/A/4707__repeat_4,,
pywyze,1,unknown,[],,llama3.1/Base/A/2881__repeat_4,,
openlineage.airflow.utils,1,unknown,[],,llama3.1/Base/A/2369__repeat_4,,
openlineage.airflow.operator,1,unknown,[],,llama3.1/Base/A/2369__repeat_5,,
luco.platform,1,unknown,[],,llama3.1/Base/A/136__repeat_2,,
luco.writer,1,unknown,[],,llama3.1/Base/A/136__repeat_2,,
opentelemetry.instrumentation.grpc,1,ambiguous_namespace,"[""opentelemetry-api"", ""opentelemetry-exporter-otlp"", ""opentelemetry-exporter-otlp-proto-common"", ""opentelemetry-exporter-otlp-proto-grpc"", ""opentelemetry-exporter-otlp-proto-http"", ""opentelemetry-proto"", ""opentelemetry-sdk"", ""opentelemetry-semantic-conventions"", ""opentelemetry-semantic-conventions-ai""]",/home/shuhanliu/miniconda3/envs/vllm/lib/python3.1/site-packages | /home/shuhanliu/miniconda3/envs/vllm/lib/python3.1/site-packages | /home/shuhanliu/miniconda3/envs/vllm/lib/python3.1/site-packages | /home/shuhanliu/miniconda3/envs/vllm/lib/python3.1/site-packages | /home/shuhanliu/miniconda3/envs/vllm/lib/python3.1/site-packages | /home/shuhanliu/miniconda3/envs/vllm/lib/python3.1/site-packages | /home/shuhanliu/miniconda3/envs/vllm/lib/python3.1/site-packages | /home/shuhanliu/miniconda3/envs/vllm/lib/python3.1/site-packages | https://files.pythonhosted.org/packages/89/fb/b3c4750238c1c9686de37d3912357c9b94286b64fe594404a39908064f78/opentelemetry_exporter_otlp-1.45.0-py3-none-any.whl#sha256=3de9a5b18648dc124c751f547d8c7a93b177ddae552566981a792d18a063145c,llama3.1/Base/A/364__repeat_1,,
opentelemetry.sdk.metrics.export.tensorboard,1,ambiguous_namespace,"[""opentelemetry-api"", ""opentelemetry-exporter-otlp"", ""opentelemetry-exporter-otlp-proto-common"", ""opentelemetry-exporter-otlp-proto-grpc"", ""opentelemetry-exporter-otlp-proto-http"", ""opentelemetry-proto"", ""opentelemetry-sdk"", ""opentelemetry-semantic-conventions"", ""opentelemetry-semantic-conventions-ai""]",/home/shuhanliu/miniconda3/envs/vllm/lib/python3.1/site-packages | /home/shuhanliu/miniconda3/envs/vllm/lib/python3.1/site-packages | /home/shuhanliu/miniconda3/envs/vllm/lib/python3.1/site-packages | /home/shuhanliu/miniconda3/envs/vllm/lib/python3.1/site-packages | /home/shuhanliu/miniconda3/envs/vllm/lib/python3.1/site-packages | /home/shuhanliu/miniconda3/envs/vllm/lib/python3.1/site-packages | /home/shuhanliu/miniconda3/envs/vllm/lib/python3.1/site-packages | /home/shuhanliu/miniconda3/envs/vllm/lib/python3.1/site-packages | https://files.pythonhosted.org/packages/89/fb/b3c4750238c1c9686de37d3912357c9b94286b64fe594404a39908064f78/opentelemetry_exporter_otlp-1.45.0-py3-none-any.whl#sha256=3de9a5b18648dc124c751f547d8c7a93b177ddae552566981a792d18a063145c,llama3.1/BOUND/A/755__repeat_3,,
opentelemetry.sdk.trace.export.syslog,1,ambiguous_namespace,"[""opentelemetry-api"", ""opentelemetry-exporter-otlp"", ""opentelemetry-exporter-otlp-proto-common"", ""opentelemetry-exporter-otlp-proto-grpc"", ""opentelemetry-exporter-otlp-proto-http"", ""opentelemetry-proto"", ""opentelemetry-sdk"", ""opentelemetry-semantic-conventions"", ""opentelemetry-semantic-conventions-ai""]",/home/shuhanliu/miniconda3/envs/vllm/lib/python3.1/site-packages | /home/shuhanliu/miniconda3/envs/vllm/lib/python3.1/site-packages | /home/shuhanliu/miniconda3/envs/vllm/lib/python3.1/site-packages | /home/shuhanliu/miniconda3/envs/vllm/lib/python3.1/site-packages | /home/shuhanliu/miniconda3/envs/vllm/lib/python3.1/site-packages | /home/shuhanliu/miniconda3/envs/vllm/lib/python3.1/site-packages | /home/shuhanliu/miniconda3/envs/vllm/lib/python3.1/site-packages | /home/shuhanliu/miniconda3/envs/vllm/lib/python3.1/site-packages | https://files.pythonhosted.org/packages/89/fb/b3c4750238c1c9686de37d3912357c9b94286b64fe594404a39908064f78/opentelemetry_exporter_otlp-1.45.0-py3-none-any.whl#sha256=3de9a5b18648dc124c751f547d8c7a93b177ddae552566981a792d18a063145c,llama3.1/BOUND/A/755__repeat_4,,
opentelemetry.sdk.metrics.export.influxdb_exporter,1,ambiguous_namespace,"[""opentelemetry-api"", ""opentelemetry-exporter-otlp"", ""opentelemetry-exporter-otlp-proto-common"", ""opentelemetry-exporter-otlp-proto-grpc"", ""opentelemetry-exporter-otlp-proto-http"", ""opentelemetry-proto"", ""opentelemetry-sdk"", ""opentelemetry-semantic-conventions"", ""opentelemetry-semantic-conventions-ai""]",/home/shuhanliu/miniconda3/envs/vllm/lib/python3.1/site-packages | /home/shuhanliu/miniconda3/envs/vllm/lib/python3.1/site-packages | /home/shuhanliu/miniconda3/envs/vllm/lib/python3.1/site-packages | /home/shuhanliu/miniconda3/envs/vllm/lib/python3.1/site-packages | /home/shuhanliu/miniconda3/envs/vllm/lib/python3.1/site-packages | /home/shuhanliu/miniconda3/envs/vllm/lib/python3.1/site-packages | /home/shuhanliu/miniconda3/envs/vllm/lib/python3.1/site-packages | /home/shuhanliu/miniconda3/envs/vllm/lib/python3.1/site-packages | https://files.pythonhosted.org/packages/89/fb/b3c4750238c1c9686de37d3912357c9b94286b64fe594404a39908064f78/opentelemetry_exporter_otlp-1.45.0-py3-none-any.whl#sha256=3de9a5b18648dc124c751f547d8c7a93b177ddae552566981a792d18a063145c,llama3.1/BOUND/A/755__repeat_5,,
steamapi.steamschedule,1,unknown,[],,llama3.1/BOUND/A/2466__repeat_5,,
steamapi.steamtools,1,unknown,[],,llama3.1/BOUND/A/2466__repeat_5,,
steamapi.steamuser,1,unknown,[],,llama3.1/BOUND/A/2466__repeat_5,,
steamapi.steamwebapi,1,unknown,[],,llama3.1/BOUND/A/2466__repeat_5,,
pybt9,1,unknown,[],,llama3.1/BOUND/A/3506__repeat_3,,
cdk,1,unknown,[],,llama3.1/BOUND/A/102__repeat_2,,
iam,1,unknown,[],,llama3.1/BOUND/A/102__repeat_2,,
pylast,1,unknown,[],,llama3.1/BOUND/A/3298__repeat_5,,
assemblyline_core.flask,1,unknown,[],,llama3.1/BOUND/A/2709__repeat_1,,
assemblyline4_service.base,1,unknown,[],,llama3.1/BOUND/A/2709__repeat_3,,
qiskit.providers.aer.backends,1,unknown,[],,llama3.1/BOUND/A/956__repeat_2,,
qiskit.transpiler.presetpasses,1,unknown,[],,llama3.1/BOUND/A/956__repeat_2,,
qiskit.utils,1,unknown,[],,llama3.1/BOUND/A/956__repeat_3,,
rigetti_forest,1,unknown,[],,llama3.1/BOUND/A/956__repeat_4,,
mcts,1,unknown,[],,llama3.1/BOUND/A/2915__repeat_2,,
kiota_abstractions.authentication_results,1,unknown,[],,llama3.1/BOUND/A/2074__repeat_1,,
kiota_abstractions.http.request_options,1,unknown,[],,llama3.1/BOUND/A/2074__repeat_1,,
kiota_abstractions.http.response,1,unknown,[],,llama3.1/BOUND/A/2074__repeat_1,,
kiota_auth.azure,1,unknown,[],,llama3.1/BOUND/A/2074__repeat_2,,
kiota_auth_azure.azure_identity,1,unknown,[],,llama3.1/BOUND/A/2074__repeat_4,,
rest_framework_jwt.authentication,1,unknown,[],,llama3.1/BOUND/A/4425__repeat_1,,
flask_basicauth,1,unknown,[],,llama3.1/BOUND/A/4425__repeat_3,,
flask_mail,1,unknown,[],,llama3.1/BOUND/A/4425__repeat_3,,
purecloud.models,1,unknown,[],,llama3.1/BOUND/A/911__repeat_1,,
purecloud.api_client.configuration,1,unknown,[],,llama3.1/BOUND/A/911__repeat_2,,
purecloud.api_client.exceptions,1,unknown,[],,llama3.1/BOUND/A/911__repeat_2,,
purecloud.api_client.models,1,unknown,[],,llama3.1/BOUND/A/911__repeat_2,,
purecloud.api_client.rest,1,unknown,[],,llama3.1/BOUND/A/911__repeat_2,,
geopy.distance,1,unknown,[],,llama3.1/BOUND/A/3397__repeat_3,,
mathjax.document,1,unknown,[],,llama3.1/BOUND/A/3792__repeat_3,,
vips.error,1,unknown,[],,llama3.1/BOUND/A/3359__repeat_5,,
scaleai.api,1,unknown,[],,llama3.1/BOUND/A/3651__repeat_3,,
easy_install,1,unknown,[],,llama3.1/BOUND/A/3241__repeat_2,,
hamcrest.library.matchers,1,unknown,[],,llama3.1/BOUND/A/2250__repeat_2,,
hamcrest.library.type_checking,1,unknown,[],,llama3.1/BOUND/A/2250__repeat_2,,
hamcrest.library.object_companion,1,unknown,[],,llama3.1/BOUND/A/2250__repeat_5,,
hamcrest.library.type_testing,1,unknown,[],,llama3.1/BOUND/A/2250__repeat_5,,
pi_camera,1,unknown,[],,llama3.1/BOUND/A/4801__repeat_5,,
opentelemetry.sdk.trace.export.in_memory_exporter,1,ambiguous_namespace,"[""opentelemetry-api"", ""opentelemetry-exporter-otlp"", ""opentelemetry-exporter-otlp-proto-common"", ""opentelemetry-exporter-otlp-proto-grpc"", ""opentelemetry-exporter-otlp-proto-http"", ""opentelemetry-proto"", ""opentelemetry-sdk"", ""opentelemetry-semantic-conventions"", ""opentelemetry-semantic-conventions-ai""]",/home/shuhanliu/miniconda3/envs/vllm/lib/python3.1/site-packages | /home/shuhanliu/miniconda3/envs/vllm/lib/python3.1/site-packages | /home/shuhanliu/miniconda3/envs/vllm/lib/python3.1/site-packages | /home/shuhanliu/miniconda3/envs/vllm/lib/python3.1/site-packages | /home/shuhanliu/miniconda3/envs/vllm/lib/python3.1/site-packages | /home/shuhanliu/miniconda3/envs/vllm/lib/python3.1/site-packages | /home/shuhanliu/miniconda3/envs/vllm/lib/python3.1/site-packages | /home/shuhanliu/miniconda3/envs/vllm/lib/python3.1/site-packages | https://files.pythonhosted.org/packages/89/fb/b3c4750238c1c9686de37d3912357c9b94286b64fe594404a39908064f78/opentelemetry_exporter_otlp-1.45.0-py3-none-any.whl#sha256=3de9a5b18648dc124c751f547d8c7a93b177ddae552566981a792d18a063145c,llama3.1/BOUND/A/2770__repeat_4,,
loki.handlers,1,unknown,[],,llama3.1/BOUND/A/907__repeat_3,,
aliyunsdkrds.request.v20140415,1,unknown,[],,llama3.1/BOUND/A/1830__repeat_1,,
opentelemetry.azure.trace,1,ambiguous_namespace,"[""opentelemetry-api"", ""opentelemetry-exporter-otlp"", ""opentelemetry-exporter-otlp-proto-common"", ""opentelemetry-exporter-otlp-proto-grpc"", ""opentelemetry-exporter-otlp-proto-http"", ""opentelemetry-proto"", ""opentelemetry-sdk"", ""opentelemetry-semantic-conventions"", ""opentelemetry-semantic-conventions-ai""]",/home/shuhanliu/miniconda3/envs/vllm/lib/python3.1/site-packages | /home/shuhanliu/miniconda3/envs/vllm/lib/python3.1/site-packages | /home/shuhanliu/miniconda3/envs/vllm/lib/python3.1/site-packages | /home/shuhanliu/miniconda3/envs/vllm/lib/python3.1/site-packages | /home/shuhanliu/miniconda3/envs/vllm/lib/python3.1/site-packages | /home/shuhanliu/miniconda3/envs/vllm/lib/python3.1/site-packages | /home/shuhanliu/miniconda3/envs/vllm/lib/python3.1/site-packages | /home/shuhanliu/miniconda3/envs/vllm/lib/python3.1/site-packages | https://files.pythonhosted.org/packages/89/fb/b3c4750238c1c9686de37d3912357c9b94286b64fe594404a39908064f78/opentelemetry_exporter_otlp-1.45.0-py3-none-any.whl#sha256=3de9a5b18648dc124c751f547d8c7a93b177ddae552566981a792d18a063145c,llama3.1/BOUND/A/1587__repeat_2,,
z3c.jquery,1,unknown,[],,llama3.1/BOUND/A/2736__repeat_3,,
z3c.menu,1,unknown,[],,llama3.1/BOUND/A/2736__repeat_3,,
z3c.template,1,unknown,[],,llama3.1/BOUND/A/2736__repeat_3,,
z3c.theme,1,unknown,[],,llama3.1/BOUND/A/2736__repeat_3,,
adobe_dva,1,unknown,[],,llama3.1/BOUND/A/4707__repeat_4,,
adobe_dva.exceptions,1,unknown,[],,llama3.1/BOUND/A/4707__repeat_4,,
adobe_dva.models,1,unknown,[],,llama3.1/BOUND/A/4707__repeat_4,,
pyobjc_framework_CoreMIDI,1,unknown,[],,llama3.1/BOUND/A/1524__repeat_4,,
pyobjc_framework_CoreServices,1,unknown,[],,llama3.1/BOUND/A/1524__repeat_4,,
yellowbrick.classifier,1,unknown,[],,llama3.1/BOUND/A/280__repeat_3,,
yellowbrick.cluster,1,unknown,[],,llama3.1/BOUND/A/280__repeat_3,,
yellowbrick.feature_selection,1,unknown,[],,llama3.1/BOUND/A/280__repeat_3,,
yellowbrick.model_selection,1,unknown,[],,llama3.1/BOUND/A/280__repeat_3,,
yellowbrick.regressor,1,unknown,[],,llama3.1/BOUND/A/280__repeat_3,,
openlineage,1,unknown,[],,llama3.1/BOUND/A/2369__repeat_1,,
openlineage.client.facet,1,unknown,[],,llama3.1/BOUND/A/2369__repeat_5,,
openlineage.client.sql,1,unknown,[],,llama3.1/BOUND/A/2369__repeat_5,,
google.cloud.logging_v2,1,ambiguous_namespace,"[""google-api-core"", ""google-auth"", ""googleapis-common-protos"", ""protobuf""]",/home/shuhanliu/miniconda3/envs/vllm/lib/python3.1/site-packages | /home/shuhanliu/miniconda3/envs/vllm/lib/python3.1/site-packages | https://files.pythonhosted.org/packages/7a/f0/cba0ac98e98e01849b19f7504eb3aeede741e72dfc31612e46d5f0dd981c/google_auth-2.58.1-py3-none-any.whl#sha256=66a63572d0ab629554768544df04018d79178c0bd7439ba31683ac576b79024d | https://files.pythonhosted.org/packages/ff/78/41b3cd83d472b63c694a01e876d3aaa7c2b2f61f29ec8a9275f47b057349/google_api_core-2.39.0-py3-none-any.whl#sha256=40a5d1c892bc1798f3b75ab10c665b85717979088519c714ca5774ee81d1e3c5,llama3.1/BOUND/A/364__repeat_5,,
opentelemetry.exporter.cloud_trace.proto,1,ambiguous_namespace,"[""opentelemetry-api"", ""opentelemetry-exporter-otlp"", ""opentelemetry-exporter-otlp-proto-common"", ""opentelemetry-exporter-otlp-proto-grpc"", ""opentelemetry-exporter-otlp-proto-http"", ""opentelemetry-proto"", ""opentelemetry-sdk"", ""opentelemetry-semantic-conventions"", ""opentelemetry-semantic-conventions-ai""]",/home/shuhanliu/miniconda3/envs/vllm/lib/python3.1/site-packages | /home/shuhanliu/miniconda3/envs/vllm/lib/python3.1/site-packages | /home/shuhanliu/miniconda3/envs/vllm/lib/python3.1/site-packages | /home/shuhanliu/miniconda3/envs/vllm/lib/python3.1/site-packages | /home/shuhanliu/miniconda3/envs/vllm/lib/python3.1/site-packages | /home/shuhanliu/miniconda3/envs/vllm/lib/python3.1/site-packages | /home/shuhanliu/miniconda3/envs/vllm/lib/python3.1/site-packages | /home/shuhanliu/miniconda3/envs/vllm/lib/python3.1/site-packages | https://files.pythonhosted.org/packages/89/fb/b3c4750238c1c9686de37d3912357c9b94286b64fe594404a39908064f78/opentelemetry_exporter_otlp-1.45.0-py3-none-any.whl#sha256=3de9a5b18648dc124c751f547d8c7a93b177ddae552566981a792d18a063145c,llama3.1/BOUND/A/364__repeat_5,,
ScriptingBridge,1,unknown,[],,llama3.1/BOUND/A/1816__repeat_3,,
ServiceManagement,1,unknown,[],,llama3.1/BOUND/A/1816__repeat_3,,
SystemConfiguration,1,unknown,[],,llama3.1/BOUND/A/1816__repeat_3,,
opentelemetry.sdk.trace.util,1,ambiguous_namespace,"[""opentelemetry-api"", ""opentelemetry-exporter-otlp"", ""opentelemetry-exporter-otlp-proto-common"", ""opentelemetry-exporter-otlp-proto-grpc"", ""opentelemetry-exporter-otlp-proto-http"", ""opentelemetry-proto"", ""opentelemetry-sdk"", ""opentelemetry-semantic-conventions"", ""opentelemetry-semantic-conventions-ai""]",/home/shuhanliu/miniconda3/envs/vllm/lib/python3.1/site-packages | /home/shuhanliu/miniconda3/envs/vllm/lib/python3.1/site-packages | /home/shuhanliu/miniconda3/envs/vllm/lib/python3.1/site-packages | /home/shuhanliu/miniconda3/envs/vllm/lib/python3.1/site-packages | /home/shuhanliu/miniconda3/envs/vllm/lib/python3.1/site-packages | /home/shuhanliu/miniconda3/envs/vllm/lib/python3.1/site-packages | /home/shuhanliu/miniconda3/envs/vllm/lib/python3.1/site-packages | /home/shuhanliu/miniconda3/envs/vllm/lib/python3.1/site-packages | https://files.pythonhosted.org/packages/89/fb/b3c4750238c1c9686de37d3912357c9b94286b64fe594404a39908064f78/opentelemetry_exporter_otlp-1.45.0-py3-none-any.whl#sha256=3de9a5b18648dc124c751f547d8c7a93b177ddae552566981a792d18a063145c,llama3.1/BOUND/B/755__repeat_3,,
opentelemetry.sdk.util.instrumentation.kafka,1,ambiguous_namespace,"[""opentelemetry-api"", ""opentelemetry-exporter-otlp"", ""opentelemetry-exporter-otlp-proto-common"", ""opentelemetry-exporter-otlp-proto-grpc"", ""opentelemetry-exporter-otlp-proto-http"", ""opentelemetry-proto"", ""opentelemetry-sdk"", ""opentelemetry-semantic-conventions"", ""opentelemetry-semantic-conventions-ai""]",/home/shuhanliu/miniconda3/envs/vllm/lib/python3.1/site-packages | /home/shuhanliu/miniconda3/envs/vllm/lib/python3.1/site-packages | /home/shuhanliu/miniconda3/envs/vllm/lib/python3.1/site-packages | /home/shuhanliu/miniconda3/envs/vllm/lib/python3.1/site-packages | /home/shuhanliu/miniconda3/envs/vllm/lib/python3.1/site-packages | /home/shuhanliu/miniconda3/envs/vllm/lib/python3.1/site-packages | /home/shuhanliu/miniconda3/envs/vllm/lib/python3.1/site-packages | /home/shuhanliu/miniconda3/envs/vllm/lib/python3.1/site-packages | https://files.pythonhosted.org/packages/89/fb/b3c4750238c1c9686de37d3912357c9b94286b64fe594404a39908064f78/opentelemetry_exporter_otlp-1.45.0-py3-none-any.whl#sha256=3de9a5b18648dc124c751f547d8c7a93b177ddae552566981a792d18a063145c,llama3.1/BOUND/B/755__repeat_3,,
opentelemetry.sdk.utils,1,ambiguous_namespace,"[""opentelemetry-api"", ""opentelemetry-exporter-otlp"", ""opentelemetry-exporter-otlp-proto-common"", ""opentelemetry-exporter-otlp-proto-grpc"", ""opentelemetry-exporter-otlp-proto-http"", ""opentelemetry-proto"", ""opentelemetry-sdk"", ""opentelemetry-semantic-conventions"", ""opentelemetry-semantic-conventions-ai""]",/home/shuhanliu/miniconda3/envs/vllm/lib/python3.1/site-packages | /home/shuhanliu/miniconda3/envs/vllm/lib/python3.1/site-packages | /home/shuhanliu/miniconda3/envs/vllm/lib/python3.1/site-packages | /home/shuhanliu/miniconda3/envs/vllm/lib/python3.1/site-packages | /home/shuhanliu/miniconda3/envs/vllm/lib/python3.1/site-packages | /home/shuhanliu/miniconda3/envs/vllm/lib/python3.1/site-packages | /home/shuhanliu/miniconda3/envs/vllm/lib/python3.1/site-packages | /home/shuhanliu/miniconda3/envs/vllm/lib/python3.1/site-packages | https://files.pythonhosted.org/packages/89/fb/b3c4750238c1c9686de37d3912357c9b94286b64fe594404a39908064f78/opentelemetry_exporter_otlp-1.45.0-py3-none-any.whl#sha256=3de9a5b18648dc124c751f547d8c7a93b177ddae552566981a792d18a063145c,llama3.1/BOUND/B/755__repeat_3,,
opentelemetry.sdk.trace.export.simple_span_exporter,1,ambiguous_namespace,"[""opentelemetry-api"", ""opentelemetry-exporter-otlp"", ""opentelemetry-exporter-otlp-proto-common"", ""opentelemetry-exporter-otlp-proto-grpc"", ""opentelemetry-exporter-otlp-proto-http"", ""opentelemetry-proto"", ""opentelemetry-sdk"", ""opentelemetry-semantic-conventions"", ""opentelemetry-semantic-conventions-ai""]",/home/shuhanliu/miniconda3/envs/vllm/lib/python3.1/site-packages | /home/shuhanliu/miniconda3/envs/vllm/lib/python3.1/site-packages | /home/shuhanliu/miniconda3/envs/vllm/lib/python3.1/site-packages | /home/shuhanliu/miniconda3/envs/vllm/lib/python3.1/site-packages | /home/shuhanliu/miniconda3/envs/vllm/lib/python3.1/site-packages | /home/shuhanliu/miniconda3/envs/vllm/lib/python3.1/site-packages | /home/shuhanliu/miniconda3/envs/vllm/lib/python3.1/site-packages | /home/shuhanliu/miniconda3/envs/vllm/lib/python3.1/site-packages | https://files.pythonhosted.org/packages/89/fb/b3c4750238c1c9686de37d3912357c9b94286b64fe594404a39908064f78/opentelemetry_exporter_otlp-1.45.0-py3-none-any.whl#sha256=3de9a5b18648dc124c751f547d8c7a93b177ddae552566981a792d18a063145c,llama3.1/BOUND/B/755__repeat_4,,
kafka.consumer,1,ambiguous_namespace,"[""kafka"", ""kafka-python""]",https://files.pythonhosted.org/packages/21/71/73286e748ac5045b6a669c2fe44b03ac4c5d3d2af9291c4c6fc76438a9a9/kafka-1.3.5-py2.py3-none-any.whl#sha256=35a49e9a432f6792aad48b2ab09d03867357aaa06eacba2678b7fd0808156e5c | https://files.pythonhosted.org/packages/d7/9a/191343fd96564cbbed51bd33a53c08144e1ce285e2f10fb1578899e86c28/kafka_python-3.0.11-py3-none-any.whl#sha256=9d10cab4e11e02545d82c7e5af5702da5aa46dd4eccd11ad92a50bf6dbbecd14,llama3.1/BOUND/B/755__repeat_5,,
kafka.producer,1,ambiguous_namespace,"[""kafka"", ""kafka-python""]",https://files.pythonhosted.org/packages/21/71/73286e748ac5045b6a669c2fe44b03ac4c5d3d2af9291c4c6fc76438a9a9/kafka-1.3.5-py2.py3-none-any.whl#sha256=35a49e9a432f6792aad48b2ab09d03867357aaa06eacba2678b7fd0808156e5c | https://files.pythonhosted.org/packages/d7/9a/191343fd96564cbbed51bd33a53c08144e1ce285e2f10fb1578899e86c28/kafka_python-3.0.11-py3-none-any.whl#sha256=9d10cab4e11e02545d82c7e5af5702da5aa46dd4eccd11ad92a50bf6dbbecd14,llama3.1/BOUND/B/755__repeat_5,,
opentelemetry.api.trace.span,1,ambiguous_namespace,"[""opentelemetry-api"", ""opentelemetry-exporter-otlp"", ""opentelemetry-exporter-otlp-proto-common"", ""opentelemetry-exporter-otlp-proto-grpc"", ""opentelemetry-exporter-otlp-proto-http"", ""opentelemetry-proto"", ""opentelemetry-sdk"", ""opentelemetry-semantic-conventions"", ""opentelemetry-semantic-conventions-ai""]",/home/shuhanliu/miniconda3/envs/vllm/lib/python3.1/site-packages | /home/shuhanliu/miniconda3/envs/vllm/lib/python3.1/site-packages | /home/shuhanliu/miniconda3/envs/vllm/lib/python3.1/site-packages | /home/shuhanliu/miniconda3/envs/vllm/lib/python3.1/site-packages | /home/shuhanliu/miniconda3/envs/vllm/lib/python3.1/site-packages | /home/shuhanliu/miniconda3/envs/vllm/lib/python3.1/site-packages | /home/shuhanliu/miniconda3/envs/vllm/lib/python3.1/site-packages | /home/shuhanliu/miniconda3/envs/vllm/lib/python3.1/site-packages | https://files.pythonhosted.org/packages/89/fb/b3c4750238c1c9686de37d3912357c9b94286b64fe594404a39908064f78/opentelemetry_exporter_otlp-1.45.0-py3-none-any.whl#sha256=3de9a5b18648dc124c751f547d8c7a93b177ddae552566981a792d18a063145c,llama3.1/BOUND/B/755__repeat_5,,
opentelemetry.sdk.trace.export.otlp_http_exporter,1,ambiguous_namespace,"[""opentelemetry-api"", ""opentelemetry-exporter-otlp"", ""opentelemetry-exporter-otlp-proto-common"", ""opentelemetry-exporter-otlp-proto-grpc"", ""opentelemetry-exporter-otlp-proto-http"", ""opentelemetry-proto"", ""opentelemetry-sdk"", ""opentelemetry-semantic-conventions"", ""opentelemetry-semantic-conventions-ai""]",/home/shuhanliu/miniconda3/envs/vllm/lib/python3.1/site-packages | /home/shuhanliu/miniconda3/envs/vllm/lib/python3.1/site-packages | /home/shuhanliu/miniconda3/envs/vllm/lib/python3.1/site-packages | /home/shuhanliu/miniconda3/envs/vllm/lib/python3.1/site-packages | /home/shuhanliu/miniconda3/envs/vllm/lib/python3.1/site-packages | /home/shuhanliu/miniconda3/envs/vllm/lib/python3.1/site-packages | /home/shuhanliu/miniconda3/envs/vllm/lib/python3.1/site-packages | /home/shuhanliu/miniconda3/envs/vllm/lib/python3.1/site-packages | https://files.pythonhosted.org/packages/89/fb/b3c4750238c1c9686de37d3912357c9b94286b64fe594404a39908064f78/opentelemetry_exporter_otlp-1.45.0-py3-none-any.whl#sha256=3de9a5b18648dc124c751f547d8c7a93b177ddae552566981a792d18a063145c,llama3.1/BOUND/B/755__repeat_5,,
steam.enums.steam_web_api,1,unknown,[],,llama3.1/BOUND/B/2466__repeat_1,,
steam.enums.unity,1,unknown,[],,llama3.1/BOUND/B/2466__repeat_1,,
steam.enums.vac,1,unknown,[],,llama3.1/BOUND/B/2466__repeat_1,,
steam.enums.vac_bypass,1,unknown,[],,llama3.1/BOUND/B/2466__repeat_1,,
steam.enums.vac_flag,1,unknown,[],,llama3.1/BOUND/B/2466__repeat_1,,
steam.enums.vac_ipban,1,unknown,[],,llama3.1/BOUND/B/2466__repeat_1,,
steam.enums.vac_status,1,unknown,[],,llama3.1/BOUND/B/2466__repeat_1,,
steam.enums.vac_type,1,unknown,[],,llama3.1/BOUND/B/2466__repeat_1,,
steam.enums.workshop,1,unknown,[],,llama3.1/BOUND/B/2466__repeat_1,,
schedule,1,unknown,[],,llama3.1/BOUND/B/2466__repeat_2,,
steam.webapi.steamuser,1,unknown,[],,llama3.1/BOUND/B/2466__repeat_2,,
steamclient,1,unknown,[],,llama3.1/BOUND/B/2466__repeat_2,,
steamcommunity,1,unknown,[],,llama3.1/BOUND/B/2466__repeat_2,,
steamidconverter,1,unknown,[],,llama3.1/BOUND/B/2466__repeat_2,,
steamuser,1,unknown,[],,llama3.1/BOUND/B/2466__repeat_2,,
steamwebapi,1,unknown,[],,llama3.1/BOUND/B/2466__repeat_2,,
steamwebapi.steamuser,1,unknown,[],,llama3.1/BOUND/B/2466__repeat_2,,
steam.enums.achievement,1,unknown,[],,llama3.1/BOUND/B/2466__repeat_5,,
steam.enums.econ_appid,1,unknown,[],,llama3.1/BOUND/B/2466__repeat_5,,
steam.enums.econ_item,1,unknown,[],,llama3.1/BOUND/B/2466__repeat_5,,
steam.enums.econ_item_category,1,unknown,[],,llama3.1/BOUND/B/2466__repeat_5,,
steam.enums.econ_item_class,1,unknown,[],,llama3.1/BOUND/B/2466__repeat_5,,
steam.enums.econ_item_quality,1,unknown,[],,llama3.1/BOUND/B/2466__repeat_5,,
steam.enums.econ_item_rarity,1,unknown,[],,llama3.1/BOUND/B/2466__repeat_5,,
steam.enums.econ_item_sub_type,1,unknown,[],,llama3.1/BOUND/B/2466__repeat_5,,
steam.enums.econ_item_type,1,unknown,[],,llama3.1/BOUND/B/2466__repeat_5,,
steam.enums.econ_market_hash_name,1,unknown,[],,llama3.1/BOUND/B/2466__repeat_5,,
steam.enums.econ_tradable_item,1,unknown,[],,llama3.1/BOUND/B/2466__repeat_5,,
steam.enums.game_stats,1,unknown,[],,llama3.1/BOUND/B/2466__repeat_5,,
steam.enums.steamcommunity,1,unknown,[],,llama3.1/BOUND/B/2466__repeat_5,,
steam.enums.steamusersummary,1,unknown,[],,llama3.1/BOUND/B/2466__repeat_5,,
steam.enums.user_group,1,unknown,[],,llama3.1/BOUND/B/2466__repeat_5,,
steam.webapi3,1,unknown,[],,llama3.1/BOUND/B/2466__repeat_5,,
nested_formset,1,unknown,[],,llama3.1/BOUND/B/926__repeat_4,,
nested_inlineformset_factory,1,unknown,[],,llama3.1/BOUND/B/926__repeat_4,,
pylibtorrent,1,unknown,[],,llama3.1/BOUND/B/3506__repeat_2,,
pytracker,1,unknown,[],,llama3.1/BOUND/B/3506__repeat_5,,
odoo.http,1,unknown,[],,llama3.1/BOUND/B/4404__repeat_1,,
odoo.addons.connector.rpc,1,unknown,[],,llama3.1/BOUND/B/4404__repeat_2,,
pytest_terminal,1,unknown,[],,llama3.1/BOUND/B/2595__repeat_1,,
pytest_terminal.terminal,1,unknown,[],,llama3.1/BOUND/B/2595__repeat_1,,
_pytest_terminal,1,unknown,[],,llama3.1/BOUND/B/2595__repeat_5,,
last,1,unknown,[],,llama3.1/BOUND/B/3298__repeat_2,,
lastfm.exceptions,1,unknown,[],,llama3.1/BOUND/B/3298__repeat_5,,
lastfm.model,1,unknown,[],,llama3.1/BOUND/B/3298__repeat_5,,
librelast,1,unknown,[],,llama3.1/BOUND/B/3298__repeat_5,,
assemblyline.odm.models,1,unknown,[],,llama3.1/BOUND/B/2709__repeat_3,,
assemblyline.remote,1,unknown,[],,llama3.1/BOUND/B/2709__repeat_3,,
assemblyline.common.metrics,1,unknown,[],,llama3.1/BOUND/B/2709__repeat_4,,
assemblyline.core.api.common,1,unknown,[],,llama3.1/BOUND/B/2709__repeat_4,,
assemblyline.core.api.legacy,1,unknown,[],,llama3.1/BOUND/B/2709__repeat_4,,
assemblyline.core.api.restplus,1,unknown,[],,llama3.1/BOUND/B/2709__repeat_4,,
assemblyline.core.config,1,unknown,[],,llama3.1/BOUND/B/2709__repeat_4,,
assemblyline.core.database,1,unknown,[],,llama3.1/BOUND/B/2709__repeat_4,,
assemblyline.core.exception,1,unknown,[],,llama3.1/BOUND/B/2709__repeat_4,,
assemblyline.core.file,1,unknown,[],,llama3.1/BOUND/B/2709__repeat_4,,
assemblyline.core.request,1,unknown,[],,llama3.1/BOUND/B/2709__repeat_4,,
assemblyline.core.result,1,unknown,[],,llama3.1/BOUND/B/2709__repeat_4,,
assemblyline.core.scm,1,unknown,[],,llama3.1/BOUND/B/2709__repeat_4,,
assemblyline.core.score,1,unknown,[],,llama3.1/BOUND/B/2709__repeat_4,,
assemblyline.core.search,1,unknown,[],,llama3.1/BOUND/B/2709__repeat_4,,
assemblyline.remote.datatypes,1,unknown,[],,llama3.1/BOUND/B/2709__repeat_4,,
rigetti.qcs,1,unknown,[],,llama3.1/BOUND/B/956__repeat_2,,
rigetti.qcs.agents,1,unknown,[],,llama3.1/BOUND/B/956__repeat_2,,
qiskit.circuit,1,unknown,[],,llama3.1/BOUND/B/956__repeat_4,,
qiskit.compiler,1,unknown,[],,llama3.1/BOUND/B/956__repeat_4,,
qiskit.transpiler.coupling,1,unknown,[],,llama3.1/BOUND/B/956__repeat_4,,
qiskit.transpiler.exceptions,1,unknown,[],,llama3.1/BOUND/B/956__repeat_4,,
ConfigCat.NET,1,unknown,[],,llama3.1/BOUND/B/3131__repeat_3,,
google.cloud.speech,1,ambiguous_namespace,"[""google-api-core"", ""google-auth"", ""googleapis-common-protos"", ""protobuf""]",/home/shuhanliu/miniconda3/envs/vllm/lib/python3.1/site-packages | /home/shuhanliu/miniconda3/envs/vllm/lib/python3.1/site-packages | https://files.pythonhosted.org/packages/7a/f0/cba0ac98e98e01849b19f7504eb3aeede741e72dfc31612e46d5f0dd981c/google_auth-2.58.1-py3-none-any.whl#sha256=66a63572d0ab629554768544df04018d79178c0bd7439ba31683ac576b79024d | https://files.pythonhosted.org/packages/ff/78/41b3cd83d472b63c694a01e876d3aaa7c2b2f61f29ec8a9275f47b057349/google_api_core-2.39.0-py3-none-any.whl#sha256=40a5d1c892bc1798f3b75ab10c665b85717979088519c714ca5774ee81d1e3c5,llama3.1/BOUND/B/824__repeat_4,,
torchtext.data,1,unknown,[],,llama3.1/BOUND/B/824__repeat_4,,
torchtext.datasets,1,unknown,[],,llama3.1/BOUND/B/824__repeat_4,,
torchtext.vocab,1,unknown,[],,llama3.1/BOUND/B/824__repeat_4,,
gitdb,1,unknown,[],,llama3.1/BOUND/B/1040__repeat_2,,
mkdocs_cdn_hermes,1,unknown,[],,llama3.1/BOUND/B/1040__repeat_5,,
kiota.authentication.providers,1,unknown,[],,llama3.1/BOUND/B/2074__repeat_1,,
kiota.logger,1,unknown,[],,llama3.1/BOUND/B/2074__repeat_1,,
kiota_auth_azure.identity,1,unknown,[],,llama3.1/BOUND/B/2074__repeat_2,,
PyPDF2,1,unknown,[],,llama3.1/BOUND/B/1729__repeat_4,,
fireblocks.networks,1,unknown,[],,llama3.1/BOUND/B/1963__repeat_2,,
googleap1,1,unknown,[],,llama3.1/BOUND/B/2066__repeat_3,,
flask_idempotency.models,1,unknown,[],,llama3.1/BOUND/B/796__repeat_2,,
pycti,1,unknown,[],,llama3.1/BOUND/B/4280__repeat_1,,
pyhanko.pdf_utils,1,unknown,[],,llama3.1/BOUND/B/4280__repeat_1,,
pyhanko.pdf_utils.model,1,unknown,[],,llama3.1/BOUND/B/4280__repeat_1,,
djangoleaflet.views,1,unknown,[],,llama3.1/BOUND/B/3397__repeat_3,,
arcj,1,unknown,[],,llama3.1/BOUND/B/3047__repeat_2,,
cdxi,1,unknown,[],,llama3.1/BOUND/B/3047__repeat_2,,
index,1,unknown,[],,llama3.1/BOUND/B/3047__repeat_2,,
panflute,1,unknown,[],,llama3.1/BOUND/B/74__repeat_3,,
csscompressor.compress,1,unknown,[],,llama3.1/BOUND/B/615__repeat_1,,
scale,1,unknown,[],,llama3.1/BOUND/B/3651__repeat_2,,
terratest.assertions,1,unknown,[],,llama3.1/BOUND/B/2250__repeat_4,,
terratest.run_terraform,1,unknown,[],,llama3.1/BOUND/B/2250__repeat_4,,
pyzbar,1,unknown,[],,llama3.1/BOUND/B/4801__repeat_1,,
dash_auth,1,unknown,[],,llama3.1/BOUND/B/2517__repeat_3,,
azure.mgmt.costmanagement,1,ambiguous_namespace,"[""azure-core"", ""azure-identity"", ""azure-mgmt-resource"", ""azure-storage-blob""]",https://files.pythonhosted.org/packages/49/9a/417b3a533e01953a7c618884df2cb05a71e7b68bdbce4fbdb62349d2a2e8/azure_identity-1.25.3-py3-none-any.whl#sha256=f4d0b956a8146f30333e071374171f3cfa7bdb8073adb8c3814b65567aa7447c | https://files.pythonhosted.org/packages/5b/db/325c6d7312d2200251c52323878281045aaffcb5586612296484e4280eaa/azure_core-1.41.0-py3-none-any.whl#sha256=522b4011e8180b1a3dcd2024396a4e7fe9ac37fb8597db47163d230b5efe892d | https://files.pythonhosted.org/packages/e6/6e/3e776a0817ebe3558fbd8d3f98b1bd8fa75a46596e5cf9bb4377960c4611/azure_mgmt_resource-26.0.0-py3-none-any.whl#sha256=ef36559a4c0843b4272aa584efb455c686e4c3f6357421b38c82f405c01a9a9f | https://files.pythonhosted.org/packages/ff/20/6530bbc13fea536a1f2c0194034ae3f6880fbc0c1e7c229e3569450f7aef/azure_storage_blob-12.30.3-py3-none-any.whl#sha256=80729a5397e5f0a63dbbdff74da675c5db1eacaf25fd5db0074b7ba6c17e2498,llama3.1/BOUND/B/2770__repeat_2,,
azure.mgmt.keyvault,1,ambiguous_namespace,"[""azure-core"", ""azure-identity"", ""azure-mgmt-resource"", ""azure-storage-blob""]",https://files.pythonhosted.org/packages/49/9a/417b3a533e01953a7c618884df2cb05a71e7b68bdbce4fbdb62349d2a2e8/azure_identity-1.25.3-py3-none-any.whl#sha256=f4d0b956a8146f30333e071374171f3cfa7bdb8073adb8c3814b65567aa7447c | https://files.pythonhosted.org/packages/5b/db/325c6d7312d2200251c52323878281045aaffcb5586612296484e4280eaa/azure_core-1.41.0-py3-none-any.whl#sha256=522b4011e8180b1a3dcd2024396a4e7fe9ac37fb8597db47163d230b5efe892d | https://files.pythonhosted.org/packages/e6/6e/3e776a0817ebe3558fbd8d3f98b1bd8fa75a46596e5cf9bb4377960c4611/azure_mgmt_resource-26.0.0-py3-none-any.whl#sha256=ef36559a4c0843b4272aa584efb455c686e4c3f6357421b38c82f405c01a9a9f | https://files.pythonhosted.org/packages/ff/20/6530bbc13fea536a1f2c0194034ae3f6880fbc0c1e7c229e3569450f7aef/azure_storage_blob-12.30.3-py3-none-any.whl#sha256=80729a5397e5f0a63dbbdff74da675c5db1eacaf25fd5db0074b7ba6c17e2498,llama3.1/BOUND/B/2770__repeat_2,,
azure.mgmt.recoveryservices,1,ambiguous_namespace,"[""azure-core"", ""azure-identity"", ""azure-mgmt-resource"", ""azure-storage-blob""]",https://files.pythonhosted.org/packages/49/9a/417b3a533e01953a7c618884df2cb05a71e7b68bdbce4fbdb62349d2a2e8/azure_identity-1.25.3-py3-none-any.whl#sha256=f4d0b956a8146f30333e071374171f3cfa7bdb8073adb8c3814b65567aa7447c | https://files.pythonhosted.org/packages/5b/db/325c6d7312d2200251c52323878281045aaffcb5586612296484e4280eaa/azure_core-1.41.0-py3-none-any.whl#sha256=522b4011e8180b1a3dcd2024396a4e7fe9ac37fb8597db47163d230b5efe892d | https://files.pythonhosted.org/packages/e6/6e/3e776a0817ebe3558fbd8d3f98b1bd8fa75a46596e5cf9bb4377960c4611/azure_mgmt_resource-26.0.0-py3-none-any.whl#sha256=ef36559a4c0843b4272aa584efb455c686e4c3f6357421b38c82f405c01a9a9f | https://files.pythonhosted.org/packages/ff/20/6530bbc13fea536a1f2c0194034ae3f6880fbc0c1e7c229e3569450f7aef/azure_storage_blob-12.30.3-py3-none-any.whl#sha256=80729a5397e5f0a63dbbdff74da675c5db1eacaf25fd5db0074b7ba6c17e2498,llama3.1/BOUND/B/2770__repeat_2,,
opentelemetry.sdk.instrumentation,1,ambiguous_namespace,"[""opentelemetry-api"", ""opentelemetry-exporter-otlp"", ""opentelemetry-exporter-otlp-proto-common"", ""opentelemetry-exporter-otlp-proto-grpc"", ""opentelemetry-exporter-otlp-proto-http"", ""opentelemetry-proto"", ""opentelemetry-sdk"", ""opentelemetry-semantic-conventions"", ""opentelemetry-semantic-conventions-ai""]",/home/shuhanliu/miniconda3/envs/vllm/lib/python3.1/site-packages | /home/shuhanliu/miniconda3/envs/vllm/lib/python3.1/site-packages | /home/shuhanliu/miniconda3/envs/vllm/lib/python3.1/site-packages | /home/shuhanliu/miniconda3/envs/vllm/lib/python3.1/site-packages | /home/shuhanliu/miniconda3/envs/vllm/lib/python3.1/site-packages | /home/shuhanliu/miniconda3/envs/vllm/lib/python3.1/site-packages | /home/shuhanliu/miniconda3/envs/vllm/lib/python3.1/site-packages | /home/shuhanliu/miniconda3/envs/vllm/lib/python3.1/site-packages | https://files.pythonhosted.org/packages/89/fb/b3c4750238c1c9686de37d3912357c9b94286b64fe594404a39908064f78/opentelemetry_exporter_otlp-1.45.0-py3-none-any.whl#sha256=3de9a5b18648dc124c751f547d8c7a93b177ddae552566981a792d18a063145c,llama3.1/BOUND/B/2770__repeat_4,,
opentelemetry.sdk.instrumentation.azure.identity,1,ambiguous_namespace,"[""opentelemetry-api"", ""opentelemetry-exporter-otlp"", ""opentelemetry-exporter-otlp-proto-common"", ""opentelemetry-exporter-otlp-proto-grpc"", ""opentelemetry-exporter-otlp-proto-http"", ""opentelemetry-proto"", ""opentelemetry-sdk"", ""opentelemetry-semantic-conventions"", ""opentelemetry-semantic-conventions-ai""]",/home/shuhanliu/miniconda3/envs/vllm/lib/python3.1/site-packages | /home/shuhanliu/miniconda3/envs/vllm/lib/python3.1/site-packages | /home/shuhanliu/miniconda3/envs/vllm/lib/python3.1/site-packages | /home/shuhanliu/miniconda3/envs/vllm/lib/python3.1/site-packages | /home/shuhanliu/miniconda3/envs/vllm/lib/python3.1/site-packages | /home/shuhanliu/miniconda3/envs/vllm/lib/python3.1/site-packages | /home/shuhanliu/miniconda3/envs/vllm/lib/python3.1/site-packages | /home/shuhanliu/miniconda3/envs/vllm/lib/python3.1/site-packages | https://files.pythonhosted.org/packages/89/fb/b3c4750238c1c9686de37d3912357c9b94286b64fe594404a39908064f78/opentelemetry_exporter_otlp-1.45.0-py3-none-any.whl#sha256=3de9a5b18648dc124c751f547d8c7a93b177ddae552566981a792d18a063145c,llama3.1/BOUND/B/2770__repeat_5,,
opentelemetry.sdk.instrumentation.azure.mgmt,1,ambiguous_namespace,"[""opentelemetry-api"", ""opentelemetry-exporter-otlp"", ""opentelemetry-exporter-otlp-proto-common"", ""opentelemetry-exporter-otlp-proto-grpc"", ""opentelemetry-exporter-otlp-proto-http"", ""opentelemetry-proto"", ""opentelemetry-sdk"", ""opentelemetry-semantic-conventions"", ""opentelemetry-semantic-conventions-ai""]",/home/shuhanliu/miniconda3/envs/vllm/lib/python3.1/site-packages | /home/shuhanliu/miniconda3/envs/vllm/lib/python3.1/site-packages | /home/shuhanliu/miniconda3/envs/vllm/lib/python3.1/site-packages | /home/shuhanliu/miniconda3/envs/vllm/lib/python3.1/site-packages | /home/shuhanliu/miniconda3/envs/vllm/lib/python3.1/site-packages | /home/shuhanliu/miniconda3/envs/vllm/lib/python3.1/site-packages | /home/shuhanliu/miniconda3/envs/vllm/lib/python3.1/site-packages | /home/shuhanliu/miniconda3/envs/vllm/lib/python3.1/site-packages | https://files.pythonhosted.org/packages/89/fb/b3c4750238c1c9686de37d3912357c9b94286b64fe594404a39908064f78/opentelemetry_exporter_otlp-1.45.0-py3-none-any.whl#sha256=3de9a5b18648dc124c751f547d8c7a93b177ddae552566981a792d18a063145c,llama3.1/BOUND/B/2770__repeat_5,,
opentelemetry.sdk.instrumentation.azure.storage,1,ambiguous_namespace,"[""opentelemetry-api"", ""opentelemetry-exporter-otlp"", ""opentelemetry-exporter-otlp-proto-common"", ""opentelemetry-exporter-otlp-proto-grpc"", ""opentelemetry-exporter-otlp-proto-http"", ""opentelemetry-proto"", ""opentelemetry-sdk"", ""opentelemetry-semantic-conventions"", ""opentelemetry-semantic-conventions-ai""]",/home/shuhanliu/miniconda3/envs/vllm/lib/python3.1/site-packages | /home/shuhanliu/miniconda3/envs/vllm/lib/python3.1/site-packages | /home/shuhanliu/miniconda3/envs/vllm/lib/python3.1/site-packages | /home/shuhanliu/miniconda3/envs/vllm/lib/python3.1/site-packages | /home/shuhanliu/miniconda3/envs/vllm/lib/python3.1/site-packages | /home/shuhanliu/miniconda3/envs/vllm/lib/python3.1/site-packages | /home/shuhanliu/miniconda3/envs/vllm/lib/python3.1/site-packages | /home/shuhanliu/miniconda3/envs/vllm/lib/python3.1/site-packages | https://files.pythonhosted.org/packages/89/fb/b3c4750238c1c9686de37d3912357c9b94286b64fe594404a39908064f78/opentelemetry_exporter_otlp-1.45.0-py3-none-any.whl#sha256=3de9a5b18648dc124c751f547d8c7a93b177ddae552566981a792d18a063145c,llama3.1/BOUND/B/2770__repeat_5,,
opentelemetry.sdk.instrumentation.azure.tables,1,ambiguous_namespace,"[""opentelemetry-api"", ""opentelemetry-exporter-otlp"", ""opentelemetry-exporter-otlp-proto-common"", ""opentelemetry-exporter-otlp-proto-grpc"", ""opentelemetry-exporter-otlp-proto-http"", ""opentelemetry-proto"", ""opentelemetry-sdk"", ""opentelemetry-semantic-conventions"", ""opentelemetry-semantic-conventions-ai""]",/home/shuhanliu/miniconda3/envs/vllm/lib/python3.1/site-packages | /home/shuhanliu/miniconda3/envs/vllm/lib/python3.1/site-packages | /home/shuhanliu/miniconda3/envs/vllm/lib/python3.1/site-packages | /home/shuhanliu/miniconda3/envs/vllm/lib/python3.1/site-packages | /home/shuhanliu/miniconda3/envs/vllm/lib/python3.1/site-packages | /home/shuhanliu/miniconda3/envs/vllm/lib/python3.1/site-packages | /home/shuhanliu/miniconda3/envs/vllm/lib/python3.1/site-packages | /home/shuhanliu/miniconda3/envs/vllm/lib/python3.1/site-packages | https://files.pythonhosted.org/packages/89/fb/b3c4750238c1c9686de37d3912357c9b94286b64fe594404a39908064f78/opentelemetry_exporter_otlp-1.45.0-py3-none-any.whl#sha256=3de9a5b18648dc124c751f547d8c7a93b177ddae552566981a792d18a063145c,llama3.1/BOUND/B/2770__repeat_5,,
opentelemetry.sdk.instrumentation.http,1,ambiguous_namespace,"[""opentelemetry-api"", ""opentelemetry-exporter-otlp"", ""opentelemetry-exporter-otlp-proto-common"", ""opentelemetry-exporter-otlp-proto-grpc"", ""opentelemetry-exporter-otlp-proto-http"", ""opentelemetry-proto"", ""opentelemetry-sdk"", ""opentelemetry-semantic-conventions"", ""opentelemetry-semantic-conventions-ai""]",/home/shuhanliu/miniconda3/envs/vllm/lib/python3.1/site-packages | /home/shuhanliu/miniconda3/envs/vllm/lib/python3.1/site-packages | /home/shuhanliu/miniconda3/envs/vllm/lib/python3.1/site-packages | /home/shuhanliu/miniconda3/envs/vllm/lib/python3.1/site-packages | /home/shuhanliu/miniconda3/envs/vllm/lib/python3.1/site-packages | /home/shuhanliu/miniconda3/envs/vllm/lib/python3.1/site-packages | /home/shuhanliu/miniconda3/envs/vllm/lib/python3.1/site-packages | /home/shuhanliu/miniconda3/envs/vllm/lib/python3.1/site-packages | https://files.pythonhosted.org/packages/89/fb/b3c4750238c1c9686de37d3912357c9b94286b64fe594404a39908064f78/opentelemetry_exporter_otlp-1.45.0-py3-none-any.whl#sha256=3de9a5b18648dc124c751f547d8c7a93b177ddae552566981a792d18a063145c,llama3.1/BOUND/B/2770__repeat_5,,
opentelemetry.sdk.trace.span,1,ambiguous_namespace,"[""opentelemetry-api"", ""opentelemetry-exporter-otlp"", ""opentelemetry-exporter-otlp-proto-common"", ""opentelemetry-exporter-otlp-proto-grpc"", ""opentelemetry-exporter-otlp-proto-http"", ""opentelemetry-proto"", ""opentelemetry-sdk"", ""opentelemetry-semantic-conventions"", ""opentelemetry-semantic-conventions-ai""]",/home/shuhanliu/miniconda3/envs/vllm/lib/python3.1/site-packages | /home/shuhanliu/miniconda3/envs/vllm/lib/python3.1/site-packages | /home/shuhanliu/miniconda3/envs/vllm/lib/python3.1/site-packages | /home/shuhanliu/miniconda3/envs/vllm/lib/python3.1/site-packages | /home/shuhanliu/miniconda3/envs/vllm/lib/python3.1/site-packages | /home/shuhanliu/miniconda3/envs/vllm/lib/python3.1/site-packages | /home/shuhanliu/miniconda3/envs/vllm/lib/python3.1/site-packages | /home/shuhanliu/miniconda3/envs/vllm/lib/python3.1/site-packages | https://files.pythonhosted.org/packages/89/fb/b3c4750238c1c9686de37d3912357c9b94286b64fe594404a39908064f78/opentelemetry_exporter_otlp-1.45.0-py3-none-any.whl#sha256=3de9a5b18648dc124c751f547d8c7a93b177ddae552566981a792d18a063145c,llama3.1/BOUND/B/2770__repeat_5,,
qtawesome,1,unknown,[],,llama3.1/BOUND/B/4545__repeat_4,,
aliyunsdksdk,1,unknown,[],,llama3.1/BOUND/B/1830__repeat_1,,
bootstrap5,1,unknown,[],,llama3.1/BOUND/B/413__repeat_1,,
fontawesome,1,unknown,[],,llama3.1/BOUND/B/413__repeat_1,,
pulumi_aws,1,unknown,[],,llama3.1/BOUND/B/4035__repeat_1,,
pulumi_cdktf,1,unknown,[],,llama3.1/BOUND/B/4035__repeat_3,,
z3c.pagelet,1,unknown,[],,llama3.1/BOUND/B/2736__repeat_3,,
z3c.pagelet.browser,1,unknown,[],,llama3.1/BOUND/B/2736__repeat_3,,
collective,1,unknown,[],,llama3.1/BOUND/B/2736__repeat_4,,
plone,1,unknown,[],,llama3.1/BOUND/B/2736__repeat_4,,
plone.app.dexterity.behaviors.metadata,1,unknown,[],,llama3.1/BOUND/B/2736__repeat_4,,
plone.app.portlets,1,unknown,[],,llama3.1/BOUND/B/2736__repeat_4,,
plone.app.portlets.browser,1,unknown,[],,llama3.1/BOUND/B/2736__repeat_4,,
plone.app.portlets.interfaces,1,unknown,[],,llama3.1/BOUND/B/2736__repeat_4,,
plone.app.portlets.portlets,1,unknown,[],,llama3.1/BOUND/B/2736__repeat_4,,
plone.app.viewletmanager,1,unknown,[],,llama3.1/BOUND/B/2736__repeat_4,,
plone.app.viewletmanager.interfaces,1,unknown,[],,llama3.1/BOUND/B/2736__repeat_4,,
plone.app.viewletmanager.viewlets,1,unknown,[],,llama3.1/BOUND/B/2736__repeat_4,,
plone.base.browser.interfaces,1,unknown,[],,llama3.1/BOUND/B/2736__repeat_4,,
plone.base.browser.viewlets,1,unknown,[],,llama3.1/BOUND/B/2736__repeat_4,,
plone.base.content,1,unknown,[],,llama3.1/BOUND/B/2736__repeat_4,,
grokcore,1,unknown,[],,llama3.1/BOUND/B/2736__repeat_5,,
azure.mgmt.cosmosdb,1,ambiguous_namespace,"[""azure-core"", ""azure-identity"", ""azure-mgmt-resource"", ""azure-storage-blob""]",https://files.pythonhosted.org/packages/49/9a/417b3a533e01953a7c618884df2cb05a71e7b68bdbce4fbdb62349d2a2e8/azure_identity-1.25.3-py3-none-any.whl#sha256=f4d0b956a8146f30333e071374171f3cfa7bdb8073adb8c3814b65567aa7447c | https://files.pythonhosted.org/packages/5b/db/325c6d7312d2200251c52323878281045aaffcb5586612296484e4280eaa/azure_core-1.41.0-py3-none-any.whl#sha256=522b4011e8180b1a3dcd2024396a4e7fe9ac37fb8597db47163d230b5efe892d | https://files.pythonhosted.org/packages/e6/6e/3e776a0817ebe3558fbd8d3f98b1bd8fa75a46596e5cf9bb4377960c4611/azure_mgmt_resource-26.0.0-py3-none-any.whl#sha256=ef36559a4c0843b4272aa584efb455c686e4c3f6357421b38c82f405c01a9a9f | https://files.pythonhosted.org/packages/ff/20/6530bbc13fea536a1f2c0194034ae3f6880fbc0c1e7c229e3569450f7aef/azure_storage_blob-12.30.3-py3-none-any.whl#sha256=80729a5397e5f0a63dbbdff74da675c5db1eacaf25fd5db0074b7ba6c17e2498,llama3.1/BOUND/B/4707__repeat_1,,
azure.mgmt.cosmosdb.models,1,ambiguous_namespace,"[""azure-core"", ""azure-identity"", ""azure-mgmt-resource"", ""azure-storage-blob""]",https://files.pythonhosted.org/packages/49/9a/417b3a533e01953a7c618884df2cb05a71e7b68bdbce4fbdb62349d2a2e8/azure_identity-1.25.3-py3-none-any.whl#sha256=f4d0b956a8146f30333e071374171f3cfa7bdb8073adb8c3814b65567aa7447c | https://files.pythonhosted.org/packages/5b/db/325c6d7312d2200251c52323878281045aaffcb5586612296484e4280eaa/azure_core-1.41.0-py3-none-any.whl#sha256=522b4011e8180b1a3dcd2024396a4e7fe9ac37fb8597db47163d230b5efe892d | https://files.pythonhosted.org/packages/e6/6e/3e776a0817ebe3558fbd8d3f98b1bd8fa75a46596e5cf9bb4377960c4611/azure_mgmt_resource-26.0.0-py3-none-any.whl#sha256=ef36559a4c0843b4272aa584efb455c686e4c3f6357421b38c82f405c01a9a9f | https://files.pythonhosted.org/packages/ff/20/6530bbc13fea536a1f2c0194034ae3f6880fbc0c1e7c229e3569450f7aef/azure_storage_blob-12.30.3-py3-none-any.whl#sha256=80729a5397e5f0a63dbbdff74da675c5db1eacaf25fd5db0074b7ba6c17e2498,llama3.1/BOUND/B/4707__repeat_1,,
pdfservices,1,unknown,[],,llama3.1/BOUND/B/4707__repeat_4,,
pyo,1,unknown,[],,llama3.1/BOUND/B/1524__repeat_4,,
pyo.gst,1,unknown,[],,llama3.1/BOUND/B/1524__repeat_4,,
pyo.stf,1,unknown,[],,llama3.1/BOUND/B/1524__repeat_4,,
pyo.stf.backends,1,unknown,[],,llama3.1/BOUND/B/1524__repeat_4,,
pyo.stf.backends.coreaudio,1,unknown,[],,llama3.1/BOUND/B/1524__repeat_4,,
pyo.stf.backends.dsp,1,unknown,[],,llama3.1/BOUND/B/1524__repeat_4,,
pyo.stf.backends.pulse,1,unknown,[],,llama3.1/BOUND/B/1524__repeat_4,,
pyo.stf.backends.sampler,1,unknown,[],,llama3.1/BOUND/B/1524__repeat_4,,
pyo.stf.backends.vorbis,1,unknown,[],,llama3.1/BOUND/B/1524__repeat_4,,
pyo.stf.backends.vst,1,unknown,[],,llama3.1/BOUND/B/1524__repeat_4,,
pyo.stf.backends.vst2,1,unknown,[],,llama3.1/BOUND/B/1524__repeat_4,,
pyo.stf.backends.vst3,1,unknown,[],,llama3.1/BOUND/B/1524__repeat_4,,
pyo.stf.backends.vstfx,1,unknown,[],,llama3.1/BOUND/B/1524__repeat_4,,
pyo.stf.backends.vstfx2,1,unknown,[],,llama3.1/BOUND/B/1524__repeat_4,,
pyo.stf.backends.vstfx3,1,unknown,[],,llama3.1/BOUND/B/1524__repeat_4,,
pyobjc_core,1,unknown,[],,llama3.1/BOUND/B/1524__repeat_4,,
statsmodels.api,1,unknown,[],,llama3.1/BOUND/B/280__repeat_4,,
hl7.appl,1,unknown,[],,llama3.1/BOUND/B/1964__repeat_2,,
hl7.message,1,unknown,[],,llama3.1/BOUND/B/1964__repeat_2,,
hl7.parser,1,unknown,[],,llama3.1/BOUND/B/1964__repeat_2,,
openlineage.client.utils,1,unknown,[],,llama3.1/BOUND/B/2369__repeat_2,,
openlineage.client.op,1,unknown,[],,llama3.1/BOUND/B/2369__repeat_3,,
certbot_dns_pdns,1,unknown,[],,llama3.1/BOUND/B/2105__repeat_2,,
certbot_dns_pdns.configurator,1,unknown,[],,llama3.1/BOUND/B/2105__repeat_2,,
pydictionaries,1,unknown,[],,llama3.1/BOUND/B/2159__repeat_1,,
pyterapia,1,unknown,[],,llama3.1/BOUND/B/2159__repeat_1,,
pytranslate,1,unknown,[],,llama3.1/BOUND/B/2159__repeat_1,,
spacy.cli,1,unknown,[],,llama3.1/BOUND/B/2159__repeat_1,,
spacy.lang,1,unknown,[],,llama3.1/BOUND/B/2159__repeat_1,,
google.cloud.language_v1,1,ambiguous_namespace,"[""google-api-core"", ""google-auth"", ""googleapis-common-protos"", ""protobuf""]",/home/shuhanliu/miniconda3/envs/vllm/lib/python3.1/site-packages | /home/shuhanliu/miniconda3/envs/vllm/lib/python3.1/site-packages | https://files.pythonhosted.org/packages/7a/f0/cba0ac98e98e01849b19f7504eb3aeede741e72dfc31612e46d5f0dd981c/google_auth-2.58.1-py3-none-any.whl#sha256=66a63572d0ab629554768544df04018d79178c0bd7439ba31683ac576b79024d | https://files.pythonhosted.org/packages/ff/78/41b3cd83d472b63c694a01e876d3aaa7c2b2f61f29ec8a9275f47b057349/google_api_core-2.39.0-py3-none-any.whl#sha256=40a5d1c892bc1798f3b75ab10c665b85717979088519c714ca5774ee81d1e3c5,llama3.1/BOUND/B/2159__repeat_5,,
google.cloud.translate,1,ambiguous_namespace,"[""google-api-core"", ""google-auth"", ""googleapis-common-protos"", ""protobuf""]",/home/shuhanliu/miniconda3/envs/vllm/lib/python3.1/site-packages | /home/shuhanliu/miniconda3/envs/vllm/lib/python3.1/site-packages | https://files.pythonhosted.org/packages/7a/f0/cba0ac98e98e01849b19f7504eb3aeede741e72dfc31612e46d5f0dd981c/google_auth-2.58.1-py3-none-any.whl#sha256=66a63572d0ab629554768544df04018d79178c0bd7439ba31683ac576b79024d | https://files.pythonhosted.org/packages/ff/78/41b3cd83d472b63c694a01e876d3aaa7c2b2f61f29ec8a9275f47b057349/google_api_core-2.39.0-py3-none-any.whl#sha256=40a5d1c892bc1798f3b75ab10c665b85717979088519c714ca5774ee81d1e3c5,llama3.1/BOUND/B/2159__repeat_5,,
google.cloud.translate_v1,1,ambiguous_namespace,"[""google-api-core"", ""google-auth"", ""googleapis-common-protos"", ""protobuf""]",/home/shuhanliu/miniconda3/envs/vllm/lib/python3.1/site-packages | /home/shuhanliu/miniconda3/envs/vllm/lib/python3.1/site-packages | https://files.pythonhosted.org/packages/7a/f0/cba0ac98e98e01849b19f7504eb3aeede741e72dfc31612e46d5f0dd981c/google_auth-2.58.1-py3-none-any.whl#sha256=66a63572d0ab629554768544df04018d79178c0bd7439ba31683ac576b79024d | https://files.pythonhosted.org/packages/ff/78/41b3cd83d472b63c694a01e876d3aaa7c2b2f61f29ec8a9275f47b057349/google_api_core-2.39.0-py3-none-any.whl#sha256=40a5d1c892bc1798f3b75ab10c665b85717979088519c714ca5774ee81d1e3c5,llama3.1/BOUND/B/2159__repeat_5,,
google.cloud.translate_v2,1,ambiguous_namespace,"[""google-api-core"", ""google-auth"", ""googleapis-common-protos"", ""protobuf""]",/home/shuhanliu/miniconda3/envs/vllm/lib/python3.1/site-packages | /home/shuhanliu/miniconda3/envs/vllm/lib/python3.1/site-packages | https://files.pythonhosted.org/packages/7a/f0/cba0ac98e98e01849b19f7504eb3aeede741e72dfc31612e46d5f0dd981c/google_auth-2.58.1-py3-none-any.whl#sha256=66a63572d0ab629554768544df04018d79178c0bd7439ba31683ac576b79024d | https://files.pythonhosted.org/packages/ff/78/41b3cd83d472b63c694a01e876d3aaa7c2b2f61f29ec8a9275f47b057349/google_api_core-2.39.0-py3-none-any.whl#sha256=40a5d1c892bc1798f3b75ab10c665b85717979088519c714ca5774ee81d1e3c5,llama3.1/BOUND/B/2159__repeat_5,,
google.cloud.vision,1,ambiguous_namespace,"[""google-api-core"", ""google-auth"", ""googleapis-common-protos"", ""protobuf""]",/home/shuhanliu/miniconda3/envs/vllm/lib/python3.1/site-packages | /home/shuhanliu/miniconda3/envs/vllm/lib/python3.1/site-packages | https://files.pythonhosted.org/packages/7a/f0/cba0ac98e98e01849b19f7504eb3aeede741e72dfc31612e46d5f0dd981c/google_auth-2.58.1-py3-none-any.whl#sha256=66a63572d0ab629554768544df04018d79178c0bd7439ba31683ac576b79024d | https://files.pythonhosted.org/packages/ff/78/41b3cd83d472b63c694a01e876d3aaa7c2b2f61f29ec8a9275f47b057349/google_api_core-2.39.0-py3-none-any.whl#sha256=40a5d1c892bc1798f3b75ab10c665b85717979088519c714ca5774ee81d1e3c5,llama3.1/BOUND/B/2159__repeat_5,,
google.cloud.vision_v1,1,ambiguous_namespace,"[""google-api-core"", ""google-auth"", ""googleapis-common-protos"", ""protobuf""]",/home/shuhanliu/miniconda3/envs/vllm/lib/python3.1/site-packages | /home/shuhanliu/miniconda3/envs/vllm/lib/python3.1/site-packages | https://files.pythonhosted.org/packages/7a/f0/cba0ac98e98e01849b19f7504eb3aeede741e72dfc31612e46d5f0dd981c/google_auth-2.58.1-py3-none-any.whl#sha256=66a63572d0ab629554768544df04018d79178c0bd7439ba31683ac576b79024d | https://files.pythonhosted.org/packages/ff/78/41b3cd83d472b63c694a01e876d3aaa7c2b2f61f29ec8a9275f47b057349/google_api_core-2.39.0-py3-none-any.whl#sha256=40a5d1c892bc1798f3b75ab10c665b85717979088519c714ca5774ee81d1e3c5,llama3.1/BOUND/B/2159__repeat_5,,
luco.fields,1,unknown,[],,llama3.1/BOUND/B/136__repeat_3,,
luco.api,1,unknown,[],,llama3.1/BOUND/B/136__repeat_5,,
luco.events,1,unknown,[],,llama3.1/BOUND/B/136__repeat_5,,
luco.metrics,1,unknown,[],,llama3.1/BOUND/B/136__repeat_5,,
luco.tags,1,unknown,[],,llama3.1/BOUND/B/136__repeat_5,,
luco.traces,1,unknown,[],,llama3.1/BOUND/B/136__repeat_5,,
espressif,1,unknown,[],,llama3.1/BOUND/C/578__repeat_1,,
espressif.idf,1,unknown,[],,llama3.1/BOUND/C/578__repeat_1,,
kafka.client_futures,1,ambiguous_namespace,"[""kafka"", ""kafka-python""]",https://files.pythonhosted.org/packages/21/71/73286e748ac5045b6a669c2fe44b03ac4c5d3d2af9291c4c6fc76438a9a9/kafka-1.3.5-py2.py3-none-any.whl#sha256=35a49e9a432f6792aad48b2ab09d03867357aaa06eacba2678b7fd0808156e5c | https://files.pythonhosted.org/packages/d7/9a/191343fd96564cbbed51bd33a53c08144e1ce285e2f10fb1578899e86c28/kafka_python-3.0.11-py3-none-any.whl#sha256=9d10cab4e11e02545d82c7e5af5702da5aa46dd4eccd11ad92a50bf6dbbecd14,llama3.1/BOUND/C/755__repeat_4,,
opentelemetry.sdk.metrics.instrument,1,ambiguous_namespace,"[""opentelemetry-api"", ""opentelemetry-exporter-otlp"", ""opentelemetry-exporter-otlp-proto-common"", ""opentelemetry-exporter-otlp-proto-grpc"", ""opentelemetry-exporter-otlp-proto-http"", ""opentelemetry-proto"", ""opentelemetry-sdk"", ""opentelemetry-semantic-conventions"", ""opentelemetry-semantic-conventions-ai""]",/home/shuhanliu/miniconda3/envs/vllm/lib/python3.1/site-packages | /home/shuhanliu/miniconda3/envs/vllm/lib/python3.1/site-packages | /home/shuhanliu/miniconda3/envs/vllm/lib/python3.1/site-packages | /home/shuhanliu/miniconda3/envs/vllm/lib/python3.1/site-packages | /home/shuhanliu/miniconda3/envs/vllm/lib/python3.1/site-packages | /home/shuhanliu/miniconda3/envs/vllm/lib/python3.1/site-packages | /home/shuhanliu/miniconda3/envs/vllm/lib/python3.1/site-packages | /home/shuhanliu/miniconda3/envs/vllm/lib/python3.1/site-packages | https://files.pythonhosted.org/packages/89/fb/b3c4750238c1c9686de37d3912357c9b94286b64fe594404a39908064f78/opentelemetry_exporter_otlp-1.45.0-py3-none-any.whl#sha256=3de9a5b18648dc124c751f547d8c7a93b177ddae552566981a792d18a063145c,llama3.1/BOUND/C/755__repeat_4,,
kafka.metrics,1,ambiguous_namespace,"[""kafka"", ""kafka-python""]",https://files.pythonhosted.org/packages/21/71/73286e748ac5045b6a669c2fe44b03ac4c5d3d2af9291c4c6fc76438a9a9/kafka-1.3.5-py2.py3-none-any.whl#sha256=35a49e9a432f6792aad48b2ab09d03867357aaa06eacba2678b7fd0808156e5c | https://files.pythonhosted.org/packages/d7/9a/191343fd96564cbbed51bd33a53c08144e1ce285e2f10fb1578899e86c28/kafka_python-3.0.11-py3-none-any.whl#sha256=9d10cab4e11e02545d82c7e5af5702da5aa46dd4eccd11ad92a50bf6dbbecd14,llama3.1/BOUND/C/755__repeat_5,,
steam.enums.itemcontext,1,unknown,[],,llama3.1/BOUND/C/2466__repeat_1,,
steam.enums.itemtype,1,unknown,[],,llama3.1/BOUND/C/2466__repeat_1,,
steam.enums.playerstats,1,unknown,[],,llama3.1/BOUND/C/2466__repeat_1,,
steam.enums.result,1,unknown,[],,llama3.1/BOUND/C/2466__repeat_1,,
steam.enums.userstat,1,unknown,[],,llama3.1/BOUND/C/2466__repeat_1,,
steam.enums.vacbanstatus,1,unknown,[],,llama3.1/BOUND/C/2466__repeat_1,,
steam.enums.verifiedownership,1,unknown,[],,llama3.1/BOUND/C/2466__repeat_1,,
steam.enums.service,1,unknown,[],,llama3.1/BOUND/C/2466__repeat_2,,
steam.enums.steamid_type,1,unknown,[],,llama3.1/BOUND/C/2466__repeat_2,,
steam.enums.vac_banned,1,unknown,[],,llama3.1/BOUND/C/2466__repeat_2,,
steam.enums.verified_level,1,unknown,[],,llama3.1/BOUND/C/2466__repeat_2,,
steam.enums.vip_state,1,unknown,[],,llama3.1/BOUND/C/2466__repeat_2,,
steam.enums.steamwebuserstats,1,unknown,[],,llama3.1/BOUND/C/2466__repeat_3,,
steam.user,1,unknown,[],,llama3.1/BOUND/C/2466__repeat_3,,
steam.web.user,1,unknown,[],,llama3.1/BOUND/C/2466__repeat_3,,
steam.enums.game_regions,1,unknown,[],,llama3.1/BOUND/C/2466__repeat_4,,
steam.enums.steam_ids,1,unknown,[],,llama3.1/BOUND/C/2466__repeat_4,,
steam.enums.users,1,unknown,[],,llama3.1/BOUND/C/2466__repeat_4,,
steam.enums.inventory,1,unknown,[],,llama3.1/BOUND/C/2466__repeat_5,,
steam.enums.matchmaking,1,unknown,[],,llama3.1/BOUND/C/2466__repeat_5,,
steam.enums.user,1,unknown,[],,llama3.1/BOUND/C/2466__repeat_5,,
jsoneditor.forms,1,unknown,[],,llama3.1/BOUND/C/926__repeat_3,,
servicenow.http_client,1,unknown,[],,llama3.1/BOUND/C/1889__repeat_4,,
servicenow.models,1,unknown,[],,llama3.1/BOUND/C/1889__repeat_4,,
scrobble,1,unknown,[],,llama3.1/BOUND/C/3298__repeat_1,,
eyed3,1,unknown,[],,llama3.1/BOUND/C/3298__repeat_5,,
fmpy.model,1,unknown,[],,llama3.1/BOUND/C/4564__repeat_2,,
assemblyline.core.flask.app,1,unknown,[],,llama3.1/BOUND/C/2709__repeat_1,,
assemblyline.core.flask.config,1,unknown,[],,llama3.1/BOUND/C/2709__repeat_1,,
assemblyline.api,1,unknown,[],,llama3.1/BOUND/C/2709__repeat_2,,
rigetti.ipython,1,unknown,[],,llama3.1/BOUND/C/956__repeat_1,,
quantumcloudclient,1,unknown,[],,llama3.1/BOUND/C/956__repeat_4,,
mayflower.monads,1,unknown,[],,llama3.1/BOUND/C/2915__repeat_4,,
configcat.web,1,unknown,[],,llama3.1/BOUND/C/3131__repeat_5,,
pocketsphinx,1,unknown,[],,llama3.1/BOUND/C/824__repeat_1,,
pytorch_speech_recognition,1,unknown,[],,llama3.1/BOUND/C/824__repeat_5,,
kiota_authentication_middleware,1,unknown,[],,llama3.1/BOUND/C/2074__repeat_5,,
rest_framework_simplejwt.views,1,unknown,[],,llama3.1/BOUND/C/4425__repeat_1,,
edx_proctoring.models,1,unknown,[],,llama3.1/BOUND/C/4425__repeat_2,,
edxmako.shortcuts,1,unknown,[],,llama3.1/BOUND/C/4425__repeat_2,,
jupyter_book,1,unknown,[],,llama3.1/BOUND/C/1729__repeat_3,,
weasyprint,1,unknown,[],,llama3.1/BOUND/C/1729__repeat_5,,
weasyprint.fonts,1,unknown,[],,llama3.1/BOUND/C/1729__repeat_5,,
pyopencti,1,unknown,[],,llama3.1/BOUND/C/3219__repeat_2,,
purecloud.api_client.api_client,1,unknown,[],,llama3.1/BOUND/C/911__repeat_3,,
purecloud.api_client.api_exception,1,unknown,[],,llama3.1/BOUND/C/911__repeat_3,,
purecloud.api_client.authentications,1,unknown,[],,llama3.1/BOUND/C/911__repeat_3,,
pefile,1,unknown,[],,llama3.1/BOUND/C/4280__repeat_2,,
pywarax,1,unknown,[],,llama3.1/BOUND/C/3047__repeat_2,,
tex2jax,1,unknown,[],,llama3.1/BOUND/C/3792__repeat_2,,
scale_ai.exceptions,1,unknown,[],,llama3.1/BOUND/C/3651__repeat_3,,
terratest.helpers,1,unknown,[],,llama3.1/BOUND/C/2250__repeat_4,,
terratest.run,1,unknown,[],,llama3.1/BOUND/C/2250__repeat_4,,
pylinksdk,1,unknown,[],,llama3.1/BOUND/C/4801__repeat_1,,
azure.mgmt.resource.graphrbac,1,ambiguous_namespace,"[""azure-core"", ""azure-identity"", ""azure-mgmt-resource"", ""azure-storage-blob""]",https://files.pythonhosted.org/packages/49/9a/417b3a533e01953a7c618884df2cb05a71e7b68bdbce4fbdb62349d2a2e8/azure_identity-1.25.3-py3-none-any.whl#sha256=f4d0b956a8146f30333e071374171f3cfa7bdb8073adb8c3814b65567aa7447c | https://files.pythonhosted.org/packages/5b/db/325c6d7312d2200251c52323878281045aaffcb5586612296484e4280eaa/azure_core-1.41.0-py3-none-any.whl#sha256=522b4011e8180b1a3dcd2024396a4e7fe9ac37fb8597db47163d230b5efe892d | https://files.pythonhosted.org/packages/e6/6e/3e776a0817ebe3558fbd8d3f98b1bd8fa75a46596e5cf9bb4377960c4611/azure_mgmt_resource-26.0.0-py3-none-any.whl#sha256=ef36559a4c0843b4272aa584efb455c686e4c3f6357421b38c82f405c01a9a9f | https://files.pythonhosted.org/packages/ff/20/6530bbc13fea536a1f2c0194034ae3f6880fbc0c1e7c229e3569450f7aef/azure_storage_blob-12.30.3-py3-none-any.whl#sha256=80729a5397e5f0a63dbbdff74da675c5db1eacaf25fd5db0074b7ba6c17e2498,llama3.1/BOUND/C/372__repeat_5,,
opentelemetry.instrumentation.azure.monitor,1,ambiguous_namespace,"[""opentelemetry-api"", ""opentelemetry-exporter-otlp"", ""opentelemetry-exporter-otlp-proto-common"", ""opentelemetry-exporter-otlp-proto-grpc"", ""opentelemetry-exporter-otlp-proto-http"", ""opentelemetry-proto"", ""opentelemetry-sdk"", ""opentelemetry-semantic-conventions"", ""opentelemetry-semantic-conventions-ai""]",/home/shuhanliu/miniconda3/envs/vllm/lib/python3.1/site-packages | /home/shuhanliu/miniconda3/envs/vllm/lib/python3.1/site-packages | /home/shuhanliu/miniconda3/envs/vllm/lib/python3.1/site-packages | /home/shuhanliu/miniconda3/envs/vllm/lib/python3.1/site-packages | /home/shuhanliu/miniconda3/envs/vllm/lib/python3.1/site-packages | /home/shuhanliu/miniconda3/envs/vllm/lib/python3.1/site-packages | /home/shuhanliu/miniconda3/envs/vllm/lib/python3.1/site-packages | /home/shuhanliu/miniconda3/envs/vllm/lib/python3.1/site-packages | https://files.pythonhosted.org/packages/89/fb/b3c4750238c1c9686de37d3912357c9b94286b64fe594404a39908064f78/opentelemetry_exporter_otlp-1.45.0-py3-none-any.whl#sha256=3de9a5b18648dc124c751f547d8c7a93b177ddae552566981a792d18a063145c,llama3.1/BOUND/C/2770__repeat_2,,
loki.models,1,unknown,[],,llama3.1/BOUND/C/907__repeat_3,,
structlog,1,unknown,[],,llama3.1/BOUND/C/907__repeat_3,,
opentelemetry.instrumentation.azure.functions,1,ambiguous_namespace,"[""opentelemetry-api"", ""opentelemetry-exporter-otlp"", ""opentelemetry-exporter-otlp-proto-common"", ""opentelemetry-exporter-otlp-proto-grpc"", ""opentelemetry-exporter-otlp-proto-http"", ""opentelemetry-proto"", ""opentelemetry-sdk"", ""opentelemetry-semantic-conventions"", ""opentelemetry-semantic-conventions-ai""]",/home/shuhanliu/miniconda3/envs/vllm/lib/python3.1/site-packages | /home/shuhanliu/miniconda3/envs/vllm/lib/python3.1/site-packages | /home/shuhanliu/miniconda3/envs/vllm/lib/python3.1/site-packages | /home/shuhanliu/miniconda3/envs/vllm/lib/python3.1/site-packages | /home/shuhanliu/miniconda3/envs/vllm/lib/python3.1/site-packages | /home/shuhanliu/miniconda3/envs/vllm/lib/python3.1/site-packages | /home/shuhanliu/miniconda3/envs/vllm/lib/python3.1/site-packages | /home/shuhanliu/miniconda3/envs/vllm/lib/python3.1/site-packages | https://files.pythonhosted.org/packages/89/fb/b3c4750238c1c9686de37d3912357c9b94286b64fe594404a39908064f78/opentelemetry_exporter_otlp-1.45.0-py3-none-any.whl#sha256=3de9a5b18648dc124c751f547d8c7a93b177ddae552566981a792d18a063145c,llama3.1/BOUND/C/1587__repeat_3,,
cloudinit,1,unknown,[],,llama3.1/BOUND/C/4035__repeat_1,,
zc,1,unknown,[],,llama3.1/BOUND/C/2736__repeat_2,,
adobe.pdfservices.operation.client,1,unknown,[],,llama3.1/BOUND/C/4707__repeat_1,,
adobe.pdfservices.operation.converter,1,unknown,[],,llama3.1/BOUND/C/4707__repeat_1,,
adobe.pdfservices.operation.pdf,1,unknown,[],,llama3.1/BOUND/C/4707__repeat_1,,
adobe.sign,1,unknown,[],,llama3.1/BOUND/C/4707__repeat_2,,
adobe.sign.client,1,unknown,[],,llama3.1/BOUND/C/4707__repeat_2,,
adobe_pdf_sdk,1,unknown,[],,llama3.1/BOUND/C/4707__repeat_3,,
adobe_dcss.errors,1,unknown,[],,llama3.1/BOUND/C/4707__repeat_5,,
python_midifiles,1,unknown,[],,llama3.1/BOUND/C/1524__repeat_5,,
wyzeapi.exceptions,1,unknown,[],,llama3.1/BOUND/C/2881__repeat_3,,
openlineage.client.types,1,unknown,[],,llama3.1/BOUND/C/2369__repeat_4,,
synapse.sql,1,unknown,[],,llama3.1/BOUND/C/3109__repeat_2,,
synapse.sql.compiler,1,unknown,[],,llama3.1/BOUND/C/3109__repeat_2,,
synapse.sql.parsing,1,unknown,[],,llama3.1/BOUND/C/3109__repeat_2,,
synapse.sql.result,1,unknown,[],,llama3.1/BOUND/C/3109__repeat_2,,
synapse.sql.session,1,unknown,[],,llama3.1/BOUND/C/3109__repeat_2,,
azure.synapse.analytics,1,ambiguous_namespace,"[""azure-core"", ""azure-identity"", ""azure-mgmt-resource"", ""azure-storage-blob""]",https://files.pythonhosted.org/packages/49/9a/417b3a533e01953a7c618884df2cb05a71e7b68bdbce4fbdb62349d2a2e8/azure_identity-1.25.3-py3-none-any.whl#sha256=f4d0b956a8146f30333e071374171f3cfa7bdb8073adb8c3814b65567aa7447c | https://files.pythonhosted.org/packages/5b/db/325c6d7312d2200251c52323878281045aaffcb5586612296484e4280eaa/azure_core-1.41.0-py3-none-any.whl#sha256=522b4011e8180b1a3dcd2024396a4e7fe9ac37fb8597db47163d230b5efe892d | https://files.pythonhosted.org/packages/e6/6e/3e776a0817ebe3558fbd8d3f98b1bd8fa75a46596e5cf9bb4377960c4611/azure_mgmt_resource-26.0.0-py3-none-any.whl#sha256=ef36559a4c0843b4272aa584efb455c686e4c3f6357421b38c82f405c01a9a9f | https://files.pythonhosted.org/packages/ff/20/6530bbc13fea536a1f2c0194034ae3f6880fbc0c1e7c229e3569450f7aef/azure_storage_blob-12.30.3-py3-none-any.whl#sha256=80729a5397e5f0a63dbbdff74da675c5db1eacaf25fd5db0074b7ba6c17e2498,llama3.1/BOUND/C/3109__repeat_3,,
langid,1,unknown,[],,llama3.1/BOUND/C/2159__repeat_3,,
luco_collector,1,unknown,[],,llama3.1/BOUND/C/136__repeat_1,,
google.cloud.logging_v2.handlers,1,ambiguous_namespace,"[""google-api-core"", ""google-auth"", ""googleapis-common-protos"", ""protobuf""]",/home/shuhanliu/miniconda3/envs/vllm/lib/python3.1/site-packages | /home/shuhanliu/miniconda3/envs/vllm/lib/python3.1/site-packages | https://files.pythonhosted.org/packages/7a/f0/cba0ac98e98e01849b19f7504eb3aeede741e72dfc31612e46d5f0dd981c/google_auth-2.58.1-py3-none-any.whl#sha256=66a63572d0ab629554768544df04018d79178c0bd7439ba31683ac576b79024d | https://files.pythonhosted.org/packages/ff/78/41b3cd83d472b63c694a01e876d3aaa7c2b2f61f29ec8a9275f47b057349/google_api_core-2.39.0-py3-none-any.whl#sha256=40a5d1c892bc1798f3b75ab10c665b85717979088519c714ca5774ee81d1e3c5,llama3.1/BOUND/C/364__repeat_2,,
CoreFoundation,1,unknown,[],,llama3.1/BOUND/C/1816__repeat_1,,
CoreImage,1,unknown,[],,llama3.1/BOUND/C/1816__repeat_1,,
CoreMedia,1,unknown,[],,llama3.1/BOUND/C/1816__repeat_1,,
CoreVideo,1,unknown,[],,llama3.1/BOUND/C/1816__repeat_1,,
QuartzCore,1,unknown,[],,llama3.1/BOUND/C/1816__repeat_1,,
QuickLook,1,unknown,[],,llama3.1/BOUND/C/1816__repeat_1,,
Security,1,unknown,[],,llama3.1/BOUND/C/1816__repeat_1,,
StoreKit,1,unknown,[],,llama3.1/BOUND/C/1816__repeat_1,,
kafka.protocol,1,ambiguous_namespace,"[""kafka"", ""kafka-python""]",https://files.pythonhosted.org/packages/21/71/73286e748ac5045b6a669c2fe44b03ac4c5d3d2af9291c4c6fc76438a9a9/kafka-1.3.5-py2.py3-none-any.whl#sha256=35a49e9a432f6792aad48b2ab09d03867357aaa06eacba2678b7fd0808156e5c | https://files.pythonhosted.org/packages/d7/9a/191343fd96564cbbed51bd33a53c08144e1ce285e2f10fb1578899e86c28/kafka_python-3.0.11-py3-none-any.whl#sha256=9d10cab4e11e02545d82c7e5af5702da5aa46dd4eccd11ad92a50bf6dbbecd14,llama3.1/BOUND/D/755__repeat_5,,
kafka.tools.admin,1,ambiguous_namespace,"[""kafka"", ""kafka-python""]",https://files.pythonhosted.org/packages/21/71/73286e748ac5045b6a669c2fe44b03ac4c5d3d2af9291c4c6fc76438a9a9/kafka-1.3.5-py2.py3-none-any.whl#sha256=35a49e9a432f6792aad48b2ab09d03867357aaa06eacba2678b7fd0808156e5c | https://files.pythonhosted.org/packages/d7/9a/191343fd96564cbbed51bd33a53c08144e1ce285e2f10fb1578899e86c28/kafka_python-3.0.11-py3-none-any.whl#sha256=9d10cab4e11e02545d82c7e5af5702da5aa46dd4eccd11ad92a50bf6dbbecd14,llama3.1/BOUND/D/2609__repeat_1,,
openedx.kafka,1,unknown,[],,llama3.1/BOUND/D/2609__repeat_5,,
steam.webapi.const,1,unknown,[],,llama3.1/BOUND/D/2466__repeat_3,,
steam.webapi.steamid,1,unknown,[],,llama3.1/BOUND/D/2466__repeat_3,,
steam.enums.relations,1,unknown,[],,llama3.1/BOUND/D/2466__repeat_5,,
steam.enums.types,1,unknown,[],,llama3.1/BOUND/D/2466__repeat_5,,
steam.webapi.wrapper,1,unknown,[],,llama3.1/BOUND/D/2466__repeat_5,,
nested_admin.widgets.utils,1,unknown,[],,llama3.1/BOUND/D/926__repeat_2,,
future_standard_library,1,unknown,[],,llama3.1/BOUND/D/4647__repeat_3,,
lastfm.last,1,unknown,[],,llama3.1/BOUND/D/3298__repeat_4,,
lastfm.network,1,unknown,[],,llama3.1/BOUND/D/3298__repeat_4,,
lastfm.util,1,unknown,[],,llama3.1/BOUND/D/3298__repeat_4,,
libre_lastfm.client,1,unknown,[],,llama3.1/BOUND/D/3298__repeat_4,,
libre_lastfm.util,1,unknown,[],,llama3.1/BOUND/D/3298__repeat_4,,
assemblyline.al.common,1,unknown,[],,llama3.1/BOUND/D/2709__repeat_1,,
assemblyline.al.core,1,unknown,[],,llama3.1/BOUND/D/2709__repeat_1,,
allennlp.predictors.predictor,1,unknown,[],,llama3.1/BOUND/D/2709__repeat_4,,
assemblyline.core.flaskapp,1,unknown,[],,llama3.1/BOUND/D/2709__repeat_5,,
rigetti.terra.backends,1,unknown,[],,llama3.1/BOUND/D/956__repeat_2,,
rigetti.terra.core.error,1,unknown,[],,llama3.1/BOUND/D/956__repeat_2,,
rigetti.forest,1,unknown,[],,llama3.1/BOUND/D/956__repeat_3,,
toolz,1,unknown,[],,llama3.1/BOUND/D/2915__repeat_2,,
speechpy,1,unknown,[],,llama3.1/BOUND/D/824__repeat_2,,
rest_framework_jwt.settings,1,unknown,[],,llama3.1/BOUND/D/4425__repeat_1,,
rest_framework_jwt.views,1,unknown,[],,llama3.1/BOUND/D/4425__repeat_1,,
pyhipe,1,unknown,[],,llama3.1/BOUND/D/4280__repeat_1,,
pyhanko.sign.tools,1,unknown,[],,llama3.1/BOUND/D/4280__repeat_4,,
torch_xla.core.xla_model,1,unknown,[],,llama3.1/BOUND/D/518__repeat_5,,
torch_xla.distributed.xla_multiprocessing,1,unknown,[],,llama3.1/BOUND/D/518__repeat_5,,
safety,1,unknown,[],,llama3.1/BOUND/D/3423__repeat_1,,
django_extensions,1,unknown,[],,llama3.1/BOUND/D/3241__repeat_3,,
django_app.conf,1,unknown,[],,llama3.1/BOUND/D/3241__repeat_5,,
django_app.management,1,unknown,[],,llama3.1/BOUND/D/3241__repeat_5,,
azure.mgmt.graphrbac.models,1,ambiguous_namespace,"[""azure-core"", ""azure-identity"", ""azure-mgmt-resource"", ""azure-storage-blob""]",https://files.pythonhosted.org/packages/49/9a/417b3a533e01953a7c618884df2cb05a71e7b68bdbce4fbdb62349d2a2e8/azure_identity-1.25.3-py3-none-any.whl#sha256=f4d0b956a8146f30333e071374171f3cfa7bdb8073adb8c3814b65567aa7447c | https://files.pythonhosted.org/packages/5b/db/325c6d7312d2200251c52323878281045aaffcb5586612296484e4280eaa/azure_core-1.41.0-py3-none-any.whl#sha256=522b4011e8180b1a3dcd2024396a4e7fe9ac37fb8597db47163d230b5efe892d | https://files.pythonhosted.org/packages/e6/6e/3e776a0817ebe3558fbd8d3f98b1bd8fa75a46596e5cf9bb4377960c4611/azure_mgmt_resource-26.0.0-py3-none-any.whl#sha256=ef36559a4c0843b4272aa584efb455c686e4c3f6357421b38c82f405c01a9a9f | https://files.pythonhosted.org/packages/ff/20/6530bbc13fea536a1f2c0194034ae3f6880fbc0c1e7c229e3569450f7aef/azure_storage_blob-12.30.3-py3-none-any.whl#sha256=80729a5397e5f0a63dbbdff74da675c5db1eacaf25fd5db0074b7ba6c17e2498,llama3.1/BOUND/D/372__repeat_3,,
azure.cli.core.azlogging,1,ambiguous_namespace,"[""azure-core"", ""azure-identity"", ""azure-mgmt-resource"", ""azure-storage-blob""]",https://files.pythonhosted.org/packages/49/9a/417b3a533e01953a7c618884df2cb05a71e7b68bdbce4fbdb62349d2a2e8/azure_identity-1.25.3-py3-none-any.whl#sha256=f4d0b956a8146f30333e071374171f3cfa7bdb8073adb8c3814b65567aa7447c | https://files.pythonhosted.org/packages/5b/db/325c6d7312d2200251c52323878281045aaffcb5586612296484e4280eaa/azure_core-1.41.0-py3-none-any.whl#sha256=522b4011e8180b1a3dcd2024396a4e7fe9ac37fb8597db47163d230b5efe892d | https://files.pythonhosted.org/packages/e6/6e/3e776a0817ebe3558fbd8d3f98b1bd8fa75a46596e5cf9bb4377960c4611/azure_mgmt_resource-26.0.0-py3-none-any.whl#sha256=ef36559a4c0843b4272aa584efb455c686e4c3f6357421b38c82f405c01a9a9f | https://files.pythonhosted.org/packages/ff/20/6530bbc13fea536a1f2c0194034ae3f6880fbc0c1e7c229e3569450f7aef/azure_storage_blob-12.30.3-py3-none-any.whl#sha256=80729a5397e5f0a63dbbdff74da675c5db1eacaf25fd5db0074b7ba6c17e2498,llama3.1/BOUND/D/1083__repeat_2,,
loki_client.http,1,unknown,[],,llama3.1/BOUND/D/907__repeat_4,,
grokcore.layout,1,unknown,[],,llama3.1/BOUND/D/2736__repeat_1,,
AccessControl,1,unknown,[],,llama3.1/BOUND/D/2736__repeat_4,,
Acquisition,1,unknown,[],,llama3.1/BOUND/D/2736__repeat_4,,
z3c.form.utils,1,unknown,[],,llama3.1/BOUND/D/2736__repeat_5,,
adobe_sign.authorizations,1,unknown,[],,llama3.1/BOUND/D/4707__repeat_2,,
adobe.pdfservices.signing,1,unknown,[],,llama3.1/BOUND/D/4707__repeat_4,,
adobe_sign.adobe_sign_client,1,unknown,[],,llama3.1/BOUND/D/4707__repeat_4,,
adobe_sign.adobe_sign_config,1,unknown,[],,llama3.1/BOUND/D/4707__repeat_4,,
adobe_sign.adobe_sign_exception,1,unknown,[],,llama3.1/BOUND/D/4707__repeat_4,,
adobe_sign.adobe_sign_operation,1,unknown,[],,llama3.1/BOUND/D/4707__repeat_4,,
adobe_sign.adobe_sign_result,1,unknown,[],,llama3.1/BOUND/D/4707__repeat_4,,
adobe_sign.adobe_sign_verify,1,unknown,[],,llama3.1/BOUND/D/4707__repeat_4,,
adobe_sign.config,1,unknown,[],,llama3.1/BOUND/D/4707__repeat_4,,
adobe_sign.exceptions,1,unknown,[],,llama3.1/BOUND/D/4707__repeat_4,,
adobe_sign.operations,1,unknown,[],,llama3.1/BOUND/D/4707__repeat_4,,
adobe_sign.results,1,unknown,[],,llama3.1/BOUND/D/4707__repeat_4,,
adobe_sign.signing,1,unknown,[],,llama3.1/BOUND/D/4707__repeat_4,,
adobe_sign.verify,1,unknown,[],,llama3.1/BOUND/D/4707__repeat_4,,
adobe_sign.version,1,unknown,[],,llama3.1/BOUND/D/4707__repeat_4,,
adobe_sign.auth,1,unknown,[],,llama3.1/BOUND/D/4707__repeat_5,,
translationmemory,1,unknown,[],,llama3.1/BOUND/D/2159__repeat_2,,
yandextranslate,1,unknown,[],,llama3.1/BOUND/D/2159__repeat_2,,
luco.exceptions,1,unknown,[],,llama3.1/BOUND/D/136__repeat_1,,
luco.transport,1,unknown,[],,llama3.1/BOUND/D/136__repeat_1,,
opentelemetry.sdk.core,1,ambiguous_namespace,"[""opentelemetry-api"", ""opentelemetry-exporter-otlp"", ""opentelemetry-exporter-otlp-proto-common"", ""opentelemetry-exporter-otlp-proto-grpc"", ""opentelemetry-exporter-otlp-proto-http"", ""opentelemetry-proto"", ""opentelemetry-sdk"", ""opentelemetry-semantic-conventions"", ""opentelemetry-semantic-conventions-ai""]",/home/shuhanliu/miniconda3/envs/vllm/lib/python3.1/site-packages | /home/shuhanliu/miniconda3/envs/vllm/lib/python3.1/site-packages | /home/shuhanliu/miniconda3/envs/vllm/lib/python3.1/site-packages | /home/shuhanliu/miniconda3/envs/vllm/lib/python3.1/site-packages | /home/shuhanliu/miniconda3/envs/vllm/lib/python3.1/site-packages | /home/shuhanliu/miniconda3/envs/vllm/lib/python3.1/site-packages | /home/shuhanliu/miniconda3/envs/vllm/lib/python3.1/site-packages | /home/shuhanliu/miniconda3/envs/vllm/lib/python3.1/site-packages | https://files.pythonhosted.org/packages/89/fb/b3c4750238c1c9686de37d3912357c9b94286b64fe594404a39908064f78/opentelemetry_exporter_otlp-1.45.0-py3-none-any.whl#sha256=3de9a5b18648dc124c751f547d8c7a93b177ddae552566981a792d18a063145c,llama3.1/BOUND/D/364__repeat_4,,
nuest,1,unknown,[],,llama3.1/ROME/C/2595__repeat_5,,
kafka.producer.future,1,ambiguous_namespace,"[""kafka"", ""kafka-python""]",https://files.pythonhosted.org/packages/21/71/73286e748ac5045b6a669c2fe44b03ac4c5d3d2af9291c4c6fc76438a9a9/kafka-1.3.5-py2.py3-none-any.whl#sha256=35a49e9a432f6792aad48b2ab09d03867357aaa06eacba2678b7fd0808156e5c | https://files.pythonhosted.org/packages/d7/9a/191343fd96564cbbed51bd33a53c08144e1ce285e2f10fb1578899e86c28/kafka_python-3.0.11-py3-none-any.whl#sha256=9d10cab4e11e02545d82c7e5af5702da5aa46dd4eccd11ad92a50bf6dbbecd14,llama3.1/MEMIT/A/2609__repeat_2,,
pytorrent,1,unknown,[],,llama3.1/MEMIT/A/3506__repeat_5,,
cdktf_cdktf_provider_external,1,unknown,[],,llama3.1/MEMIT/A/3573__repeat_1,,
librescobblers,1,unknown,[],,llama3.1/MEMIT/A/3298__repeat_4,,
assemblyline_models,1,unknown,[],,llama3.1/MEMIT/A/2709__repeat_1,,
al4py,1,unknown,[],,llama3.1/MEMIT/A/2709__repeat_3,,
mkdocs_git_versioning,1,unknown,[],,llama3.1/MEMIT/A/1040__repeat_3,,
kiota_authentication_oauth.oauth_authentication_provider,1,unknown,[],,llama3.1/MEMIT/A/2074__repeat_1,,
kiota_authentication_shared,1,unknown,[],,llama3.1/MEMIT/A/2074__repeat_1,,
kiota_auth.azure.identity,1,unknown,[],,llama3.1/MEMIT/A/2074__repeat_3,,
kiota_auth.providers,1,unknown,[],,llama3.1/MEMIT/A/2074__repeat_3,,
kiota_authentication_azure.azure_identity,1,unknown,[],,llama3.1/MEMIT/A/2074__repeat_5,,
kiota_authentication_azure.kerberos_authentication_provider,1,unknown,[],,llama3.1/MEMIT/A/2074__repeat_5,,
edx.analytics,1,unknown,[],,llama3.1/MEMIT/A/4425__repeat_1,,
edx.core.djangoapps.courseware.courses,1,unknown,[],,llama3.1/MEMIT/A/4425__repeat_1,,
edx.core.djangoapps.user_auth.models,1,unknown,[],,llama3.1/MEMIT/A/4425__repeat_1,,
edx.djangoapps.lms.djangoapps.courseware.courses,1,unknown,[],,llama3.1/MEMIT/A/4425__repeat_1,,
edx.djangoapps.lms.djangoapps.courseware.models,1,unknown,[],,llama3.1/MEMIT/A/4425__repeat_1,,
edx.djangoapps.lms.djangoapps.courseware.views,1,unknown,[],,llama3.1/MEMIT/A/4425__repeat_1,,
edx.djangoapps.lms.djangoapps.enrollments.models,1,unknown,[],,llama3.1/MEMIT/A/4425__repeat_1,,
pydatabricks,1,unknown,[],,llama3.1/MEMIT/A/582__repeat_5,,
cloudmersive_apache_poi_api_client.rest,1,unknown,[],,llama3.1/MEMIT/A/911__repeat_2,,
cloudmersive_purecloud_api_client,1,unknown,[],,llama3.1/MEMIT/A/911__repeat_2,,
cloudmersive_purecloud_api_client.rest,1,unknown,[],,llama3.1/MEMIT/A/911__repeat_2,,
cloudinary,1,unknown,[],,llama3.1/MEMIT/A/911__repeat_5,,
cloudinary.api,1,unknown,[],,llama3.1/MEMIT/A/911__repeat_5,,
purecloudplatformapi,1,unknown,[],,llama3.1/MEMIT/A/911__repeat_5,,
purecloudplatformapi.clients,1,unknown,[],,llama3.1/MEMIT/A/911__repeat_5,,
CyBox,1,unknown,[],,llama3.1/MEMIT/A/4280__repeat_1,,
CyBox.Core,1,unknown,[],,llama3.1/MEMIT/A/4280__repeat_1,,
CyBox.Objects,1,unknown,[],,llama3.1/MEMIT/A/4280__repeat_1,,
folium.plugins,1,unknown,[],,llama3.1/MEMIT/A/3397__repeat_5,,
pykit,1,unknown,[],,llama3.1/MEMIT/A/3423__repeat_5,,
pandoc.types,1,unknown,[],,llama3.1/MEMIT/A/74__repeat_4,,
pandoc.utils,1,unknown,[],,llama3.1/MEMIT/A/74__repeat_4,,
browser_reload,1,unknown,[],,llama3.1/MEMIT/A/3241__repeat_2,,
graphiql_debug_toolbar.views,1,unknown,[],,llama3.1/MEMIT/A/3241__repeat_3,,
graphql_jwt.views,1,unknown,[],,llama3.1/MEMIT/A/3241__repeat_5,,
hypothesis,1,unknown,[],,llama3.1/MEMIT/A/2250__repeat_1,,
hypothesis.strategies,1,unknown,[],,llama3.1/MEMIT/A/2250__repeat_1,,
my_model,1,unknown,[],,llama3.1/MEMIT/A/2250__repeat_1,,
terraform_infra,1,unknown,[],,llama3.1/MEMIT/A/2250__repeat_1,,
opentelemetry.sdk.metrics.export.influxdb_export,1,ambiguous_namespace,"[""opentelemetry-api"", ""opentelemetry-exporter-otlp"", ""opentelemetry-exporter-otlp-proto-common"", ""opentelemetry-exporter-otlp-proto-grpc"", ""opentelemetry-exporter-otlp-proto-http"", ""opentelemetry-proto"", ""opentelemetry-sdk"", ""opentelemetry-semantic-conventions"", ""opentelemetry-semantic-conventions-ai""]",/home/shuhanliu/miniconda3/envs/vllm/lib/python3.1/site-packages | /home/shuhanliu/miniconda3/envs/vllm/lib/python3.1/site-packages | /home/shuhanliu/miniconda3/envs/vllm/lib/python3.1/site-packages | /home/shuhanliu/miniconda3/envs/vllm/lib/python3.1/site-packages | /home/shuhanliu/miniconda3/envs/vllm/lib/python3.1/site-packages | /home/shuhanliu/miniconda3/envs/vllm/lib/python3.1/site-packages | /home/shuhanliu/miniconda3/envs/vllm/lib/python3.1/site-packages | /home/shuhanliu/miniconda3/envs/vllm/lib/python3.1/site-packages | https://files.pythonhosted.org/packages/89/fb/b3c4750238c1c9686de37d3912357c9b94286b64fe594404a39908064f78/opentelemetry_exporter_otlp-1.45.0-py3-none-any.whl#sha256=3de9a5b18648dc124c751f547d8c7a93b177ddae552566981a792d18a063145c,llama3.1/MEMIT/A/2770__repeat_2,,
opentelemetry.sdk.metrics.export.json_exporter,1,ambiguous_namespace,"[""opentelemetry-api"", ""opentelemetry-exporter-otlp"", ""opentelemetry-exporter-otlp-proto-common"", ""opentelemetry-exporter-otlp-proto-grpc"", ""opentelemetry-exporter-otlp-proto-http"", ""opentelemetry-proto"", ""opentelemetry-sdk"", ""opentelemetry-semantic-conventions"", ""opentelemetry-semantic-conventions-ai""]",/home/shuhanliu/miniconda3/envs/vllm/lib/python3.1/site-packages | /home/shuhanliu/miniconda3/envs/vllm/lib/python3.1/site-packages | /home/shuhanliu/miniconda3/envs/vllm/lib/python3.1/site-packages | /home/shuhanliu/miniconda3/envs/vllm/lib/python3.1/site-packages | /home/shuhanliu/miniconda3/envs/vllm/lib/python3.1/site-packages | /home/shuhanliu/miniconda3/envs/vllm/lib/python3.1/site-packages | /home/shuhanliu/miniconda3/envs/vllm/lib/python3.1/site-packages | /home/shuhanliu/miniconda3/envs/vllm/lib/python3.1/site-packages | https://files.pythonhosted.org/packages/89/fb/b3c4750238c1c9686de37d3912357c9b94286b64fe594404a39908064f78/opentelemetry_exporter_otlp-1.45.0-py3-none-any.whl#sha256=3de9a5b18648dc124c751f547d8c7a93b177ddae552566981a792d18a063145c,llama3.1/MEMIT/A/2770__repeat_2,,
opentelemetry.sdk.metrics.export.otlp_exporter,1,ambiguous_namespace,"[""opentelemetry-api"", ""opentelemetry-exporter-otlp"", ""opentelemetry-exporter-otlp-proto-common"", ""opentelemetry-exporter-otlp-proto-grpc"", ""opentelemetry-exporter-otlp-proto-http"", ""opentelemetry-proto"", ""opentelemetry-sdk"", ""opentelemetry-semantic-conventions"", ""opentelemetry-semantic-conventions-ai""]",/home/shuhanliu/miniconda3/envs/vllm/lib/python3.1/site-packages | /home/shuhanliu/miniconda3/envs/vllm/lib/python3.1/site-packages | /home/shuhanliu/miniconda3/envs/vllm/lib/python3.1/site-packages | /home/shuhanliu/miniconda3/envs/vllm/lib/python3.1/site-packages | /home/shuhanliu/miniconda3/envs/vllm/lib/python3.1/site-packages | /home/shuhanliu/miniconda3/envs/vllm/lib/python3.1/site-packages | /home/shuhanliu/miniconda3/envs/vllm/lib/python3.1/site-packages | /home/shuhanliu/miniconda3/envs/vllm/lib/python3.1/site-packages | https://files.pythonhosted.org/packages/89/fb/b3c4750238c1c9686de37d3912357c9b94286b64fe594404a39908064f78/opentelemetry_exporter_otlp-1.45.0-py3-none-any.whl#sha256=3de9a5b18648dc124c751f547d8c7a93b177ddae552566981a792d18a063145c,llama3.1/MEMIT/A/2770__repeat_2,,
opentelemetry.sdk.metrics.export.simple_exporter,1,ambiguous_namespace,"[""opentelemetry-api"", ""opentelemetry-exporter-otlp"", ""opentelemetry-exporter-otlp-proto-common"", ""opentelemetry-exporter-otlp-proto-grpc"", ""opentelemetry-exporter-otlp-proto-http"", ""opentelemetry-proto"", ""opentelemetry-sdk"", ""opentelemetry-semantic-conventions"", ""opentelemetry-semantic-conventions-ai""]",/home/shuhanliu/miniconda3/envs/vllm/lib/python3.1/site-packages | /home/shuhanliu/miniconda3/envs/vllm/lib/python3.1/site-packages | /home/shuhanliu/miniconda3/envs/vllm/lib/python3.1/site-packages | /home/shuhanliu/miniconda3/envs/vllm/lib/python3.1/site-packages | /home/shuhanliu/miniconda3/envs/vllm/lib/python3.1/site-packages | /home/shuhanliu/miniconda3/envs/vllm/lib/python3.1/site-packages | /home/shuhanliu/miniconda3/envs/vllm/lib/python3.1/site-packages | /home/shuhanliu/miniconda3/envs/vllm/lib/python3.1/site-packages | https://files.pythonhosted.org/packages/89/fb/b3c4750238c1c9686de37d3912357c9b94286b64fe594404a39908064f78/opentelemetry_exporter_otlp-1.45.0-py3-none-any.whl#sha256=3de9a5b18648dc124c751f547d8c7a93b177ddae552566981a792d18a063145c,llama3.1/MEMIT/A/2770__repeat_2,,
opentelemetry.sdk.trace.export.influxdb_export,1,ambiguous_namespace,"[""opentelemetry-api"", ""opentelemetry-exporter-otlp"", ""opentelemetry-exporter-otlp-proto-common"", ""opentelemetry-exporter-otlp-proto-grpc"", ""opentelemetry-exporter-otlp-proto-http"", ""opentelemetry-proto"", ""opentelemetry-sdk"", ""opentelemetry-semantic-conventions"", ""opentelemetry-semantic-conventions-ai""]",/home/shuhanliu/miniconda3/envs/vllm/lib/python3.1/site-packages | /home/shuhanliu/miniconda3/envs/vllm/lib/python3.1/site-packages | /home/shuhanliu/miniconda3/envs/vllm/lib/python3.1/site-packages | /home/shuhanliu/miniconda3/envs/vllm/lib/python3.1/site-packages | /home/shuhanliu/miniconda3/envs/vllm/lib/python3.1/site-packages | /home/shuhanliu/miniconda3/envs/vllm/lib/python3.1/site-packages | /home/shuhanliu/miniconda3/envs/vllm/lib/python3.1/site-packages | /home/shuhanliu/miniconda3/envs/vllm/lib/python3.1/site-packages | https://files.pythonhosted.org/packages/89/fb/b3c4750238c1c9686de37d3912357c9b94286b64fe594404a39908064f78/opentelemetry_exporter_otlp-1.45.0-py3-none-any.whl#sha256=3de9a5b18648dc124c751f547d8c7a93b177ddae552566981a792d18a063145c,llama3.1/MEMIT/A/2770__repeat_2,,
qasync,1,unknown,[],,llama3.1/MEMIT/A/4545__repeat_4,,
loki_client.handlers,1,unknown,[],,llama3.1/MEMIT/A/907__repeat_5,,
opentelemetry.instrumentation.aiohttp,1,ambiguous_namespace,"[""opentelemetry-api"", ""opentelemetry-exporter-otlp"", ""opentelemetry-exporter-otlp-proto-common"", ""opentelemetry-exporter-otlp-proto-grpc"", ""opentelemetry-exporter-otlp-proto-http"", ""opentelemetry-proto"", ""opentelemetry-sdk"", ""opentelemetry-semantic-conventions"", ""opentelemetry-semantic-conventions-ai""]",/home/shuhanliu/miniconda3/envs/vllm/lib/python3.1/site-packages | /home/shuhanliu/miniconda3/envs/vllm/lib/python3.1/site-packages | /home/shuhanliu/miniconda3/envs/vllm/lib/python3.1/site-packages | /home/shuhanliu/miniconda3/envs/vllm/lib/python3.1/site-packages | /home/shuhanliu/miniconda3/envs/vllm/lib/python3.1/site-packages | /home/shuhanliu/miniconda3/envs/vllm/lib/python3.1/site-packages | /home/shuhanliu/miniconda3/envs/vllm/lib/python3.1/site-packages | /home/shuhanliu/miniconda3/envs/vllm/lib/python3.1/site-packages | https://files.pythonhosted.org/packages/89/fb/b3c4750238c1c9686de37d3912357c9b94286b64fe594404a39908064f78/opentelemetry_exporter_otlp-1.45.0-py3-none-any.whl#sha256=3de9a5b18648dc124c751f547d8c7a93b177ddae552566981a792d18a063145c,llama3.1/MEMIT/A/1587__repeat_2,,
opentelemetry.instrumentation.azure.identity,1,ambiguous_namespace,"[""opentelemetry-api"", ""opentelemetry-exporter-otlp"", ""opentelemetry-exporter-otlp-proto-common"", ""opentelemetry-exporter-otlp-proto-grpc"", ""opentelemetry-exporter-otlp-proto-http"", ""opentelemetry-proto"", ""opentelemetry-sdk"", ""opentelemetry-semantic-conventions"", ""opentelemetry-semantic-conventions-ai""]",/home/shuhanliu/miniconda3/envs/vllm/lib/python3.1/site-packages | /home/shuhanliu/miniconda3/envs/vllm/lib/python3.1/site-packages | /home/shuhanliu/miniconda3/envs/vllm/lib/python3.1/site-packages | /home/shuhanliu/miniconda3/envs/vllm/lib/python3.1/site-packages | /home/shuhanliu/miniconda3/envs/vllm/lib/python3.1/site-packages | /home/shuhanliu/miniconda3/envs/vllm/lib/python3.1/site-packages | /home/shuhanliu/miniconda3/envs/vllm/lib/python3.1/site-packages | /home/shuhanliu/miniconda3/envs/vllm/lib/python3.1/site-packages | https://files.pythonhosted.org/packages/89/fb/b3c4750238c1c9686de37d3912357c9b94286b64fe594404a39908064f78/opentelemetry_exporter_otlp-1.45.0-py3-none-any.whl#sha256=3de9a5b18648dc124c751f547d8c7a93b177ddae552566981a792d18a063145c,llama3.1/MEMIT/A/1587__repeat_2,,
opentelemetry.sdk.trace.processor,1,ambiguous_namespace,"[""opentelemetry-api"", ""opentelemetry-exporter-otlp"", ""opentelemetry-exporter-otlp-proto-common"", ""opentelemetry-exporter-otlp-proto-grpc"", ""opentelemetry-exporter-otlp-proto-http"", ""opentelemetry-proto"", ""opentelemetry-sdk"", ""opentelemetry-semantic-conventions"", ""opentelemetry-semantic-conventions-ai""]",/home/shuhanliu/miniconda3/envs/vllm/lib/python3.1/site-packages | /home/shuhanliu/miniconda3/envs/vllm/lib/python3.1/site-packages | /home/shuhanliu/miniconda3/envs/vllm/lib/python3.1/site-packages | /home/shuhanliu/miniconda3/envs/vllm/lib/python3.1/site-packages | /home/shuhanliu/miniconda3/envs/vllm/lib/python3.1/site-packages | /home/shuhanliu/miniconda3/envs/vllm/lib/python3.1/site-packages | /home/shuhanliu/miniconda3/envs/vllm/lib/python3.1/site-packages | /home/shuhanliu/miniconda3/envs/vllm/lib/python3.1/site-packages | https://files.pythonhosted.org/packages/89/fb/b3c4750238c1c9686de37d3912357c9b94286b64fe594404a39908064f78/opentelemetry_exporter_otlp-1.45.0-py3-none-any.whl#sha256=3de9a5b18648dc124c751f547d8c7a93b177ddae552566981a792d18a063145c,llama3.1/MEMIT/A/1587__repeat_5,,
zc.renderlet,1,unknown,[],,llama3.1/MEMIT/A/2736__repeat_5,,
adobe_dcs.auth,1,unknown,[],,llama3.1/MEMIT/A/4707__repeat_4,,
adobe_sign.configuration,1,unknown,[],,llama3.1/MEMIT/A/4707__repeat_5,,
adobe_sign.model,1,unknown,[],,llama3.1/MEMIT/A/4707__repeat_5,,
odoo_linter,1,unknown,[],,llama3.1/MEMIT/A/2339__repeat_1,,
luco.sender,1,unknown,[],,llama3.1/MEMIT/A/136__repeat_1,,
luco.sender.sender_types,1,unknown,[],,llama3.1/MEMIT/A/136__repeat_1,,
luco.processors,1,unknown,[],,llama3.1/MEMIT/A/136__repeat_4,,
luco.sources,1,unknown,[],,llama3.1/MEMIT/A/136__repeat_4,,
opentelemetry.sdk.trace.tracer,1,ambiguous_namespace,"[""opentelemetry-api"", ""opentelemetry-exporter-otlp"", ""opentelemetry-exporter-otlp-proto-common"", ""opentelemetry-exporter-otlp-proto-grpc"", ""opentelemetry-exporter-otlp-proto-http"", ""opentelemetry-proto"", ""opentelemetry-sdk"", ""opentelemetry-semantic-conventions"", ""opentelemetry-semantic-conventions-ai""]",/home/shuhanliu/miniconda3/envs/vllm/lib/python3.1/site-packages | /home/shuhanliu/miniconda3/envs/vllm/lib/python3.1/site-packages | /home/shuhanliu/miniconda3/envs/vllm/lib/python3.1/site-packages | /home/shuhanliu/miniconda3/envs/vllm/lib/python3.1/site-packages | /home/shuhanliu/miniconda3/envs/vllm/lib/python3.1/site-packages | /home/shuhanliu/miniconda3/envs/vllm/lib/python3.1/site-packages | /home/shuhanliu/miniconda3/envs/vllm/lib/python3.1/site-packages | /home/shuhanliu/miniconda3/envs/vllm/lib/python3.1/site-packages | https://files.pythonhosted.org/packages/89/fb/b3c4750238c1c9686de37d3912357c9b94286b64fe594404a39908064f78/opentelemetry_exporter_otlp-1.45.0-py3-none-any.whl#sha256=3de9a5b18648dc124c751f547d8c7a93b177ddae552566981a792d18a063145c,llama3.1/MEMIT/B/755__repeat_2,,
kafka_config,1,unknown,[],,llama3.1/MEMIT/B/2609__repeat_3,,
steam_api_python.exceptions,1,unknown,[],,llama3.1/MEMIT/B/2466__repeat_3,,
mptt.forms,1,unknown,[],,llama3.1/MEMIT/B/926__repeat_3,,
assemblyline_service,1,unknown,[],,llama3.1/MEMIT/B/2709__repeat_1,,
assemblyline.core.services.api,1,unknown,[],,llama3.1/MEMIT/B/2709__repeat_3,,
assemblyline4.core,1,unknown,[],,llama3.1/MEMIT/B/2709__repeat_4,,
assemblyline4.core.server.config,1,unknown,[],,llama3.1/MEMIT/B/2709__repeat_4,,
assemblyline4.core.server.manager,1,unknown,[],,llama3.1/MEMIT/B/2709__repeat_4,,
assemblyline.core.flask,1,unknown,[],,llama3.1/MEMIT/B/2709__repeat_5,,
qcs.exceptions,1,unknown,[],,llama3.1/MEMIT/B/956__repeat_2,,
rigetti_pytket,1,unknown,[],,llama3.1/MEMIT/B/956__repeat_3,,
forest.qiskit,1,unknown,[],,llama3.1/MEMIT/B/956__repeat_4,,
forest.rigetti,1,unknown,[],,llama3.1/MEMIT/B/956__repeat_4,,
kiota_abstractions.authentication_flow,1,unknown,[],,llama3.1/MEMIT/B/2074__repeat_2,,
flask_admin.actions,1,unknown,[],,llama3.1/MEMIT/B/4425__repeat_2,,
flask_idempotency.store.memory_store,1,unknown,[],,llama3.1/MEMIT/B/796__repeat_2,,
pyspark.conf,1,unknown,[],,llama3.1/MEMIT/B/582__repeat_2,,
pyspark.files,1,unknown,[],,llama3.1/MEMIT/B/582__repeat_2,,
PureCloudPlatformClientApplication,1,unknown,[],,llama3.1/MEMIT/B/911__repeat_2,,
cyberpy,1,unknown,[],,llama3.1/MEMIT/B/4280__repeat_5,,
mapwidgets,1,unknown,[],,llama3.1/MEMIT/B/3397__repeat_2,,
maze_generator,1,unknown,[],,llama3.1/MEMIT/B/2359__repeat_3,,
maze_solver,1,unknown,[],,llama3.1/MEMIT/B/2359__repeat_3,,
apex.parallel,1,unknown,[],,llama3.1/MEMIT/B/518__repeat_1,,
pyinotify,1,unknown,[],,llama3.1/MEMIT/B/3047__repeat_4,,
bddrest.authorizers,1,unknown,[],,llama3.1/MEMIT/B/2250__repeat_2,,
your_terraform_config,1,unknown,[],,llama3.1/MEMIT/B/2250__repeat_2,,
terraform.exceptions,1,unknown,[],,llama3.1/MEMIT/B/2250__repeat_3,,
camera,1,unknown,[],,llama3.1/MEMIT/B/4801__repeat_5,,
opentelemetry.sdk.trace.export.prometheus,1,ambiguous_namespace,"[""opentelemetry-api"", ""opentelemetry-exporter-otlp"", ""opentelemetry-exporter-otlp-proto-common"", ""opentelemetry-exporter-otlp-proto-grpc"", ""opentelemetry-exporter-otlp-proto-http"", ""opentelemetry-proto"", ""opentelemetry-sdk"", ""opentelemetry-semantic-conventions"", ""opentelemetry-semantic-conventions-ai""]",/home/shuhanliu/miniconda3/envs/vllm/lib/python3.1/site-packages | /home/shuhanliu/miniconda3/envs/vllm/lib/python3.1/site-packages | /home/shuhanliu/miniconda3/envs/vllm/lib/python3.1/site-packages | /home/shuhanliu/miniconda3/envs/vllm/lib/python3.1/site-packages | /home/shuhanliu/miniconda3/envs/vllm/lib/python3.1/site-packages | /home/shuhanliu/miniconda3/envs/vllm/lib/python3.1/site-packages | /home/shuhanliu/miniconda3/envs/vllm/lib/python3.1/site-packages | /home/shuhanliu/miniconda3/envs/vllm/lib/python3.1/site-packages | https://files.pythonhosted.org/packages/89/fb/b3c4750238c1c9686de37d3912357c9b94286b64fe594404a39908064f78/opentelemetry_exporter_otlp-1.45.0-py3-none-any.whl#sha256=3de9a5b18648dc124c751f547d8c7a93b177ddae552566981a792d18a063145c,llama3.1/MEMIT/B/2770__repeat_4,,
opentelemetry.sdk.trace.export.sql,1,ambiguous_namespace,"[""opentelemetry-api"", ""opentelemetry-exporter-otlp"", ""opentelemetry-exporter-otlp-proto-common"", ""opentelemetry-exporter-otlp-proto-grpc"", ""opentelemetry-exporter-otlp-proto-http"", ""opentelemetry-proto"", ""opentelemetry-sdk"", ""opentelemetry-semantic-conventions"", ""opentelemetry-semantic-conventions-ai""]",/home/shuhanliu/miniconda3/envs/vllm/lib/python3.1/site-packages | /home/shuhanliu/miniconda3/envs/vllm/lib/python3.1/site-packages | /home/shuhanliu/miniconda3/envs/vllm/lib/python3.1/site-packages | /home/shuhanliu/miniconda3/envs/vllm/lib/python3.1/site-packages | /home/shuhanliu/miniconda3/envs/vllm/lib/python3.1/site-packages | /home/shuhanliu/miniconda3/envs/vllm/lib/python3.1/site-packages | /home/shuhanliu/miniconda3/envs/vllm/lib/python3.1/site-packages | /home/shuhanliu/miniconda3/envs/vllm/lib/python3.1/site-packages | https://files.pythonhosted.org/packages/89/fb/b3c4750238c1c9686de37d3912357c9b94286b64fe594404a39908064f78/opentelemetry_exporter_otlp-1.45.0-py3-none-any.whl#sha256=3de9a5b18648dc124c751f547d8c7a93b177ddae552566981a792d18a063145c,llama3.1/MEMIT/B/2770__repeat_4,,
opentelemetry.sdk.trace.export.w3c,1,ambiguous_namespace,"[""opentelemetry-api"", ""opentelemetry-exporter-otlp"", ""opentelemetry-exporter-otlp-proto-common"", ""opentelemetry-exporter-otlp-proto-grpc"", ""opentelemetry-exporter-otlp-proto-http"", ""opentelemetry-proto"", ""opentelemetry-sdk"", ""opentelemetry-semantic-conventions"", ""opentelemetry-semantic-conventions-ai""]",/home/shuhanliu/miniconda3/envs/vllm/lib/python3.1/site-packages | /home/shuhanliu/miniconda3/envs/vllm/lib/python3.1/site-packages | /home/shuhanliu/miniconda3/envs/vllm/lib/python3.1/site-packages | /home/shuhanliu/miniconda3/envs/vllm/lib/python3.1/site-packages | /home/shuhanliu/miniconda3/envs/vllm/lib/python3.1/site-packages | /home/shuhanliu/miniconda3/envs/vllm/lib/python3.1/site-packages | /home/shuhanliu/miniconda3/envs/vllm/lib/python3.1/site-packages | /home/shuhanliu/miniconda3/envs/vllm/lib/python3.1/site-packages | https://files.pythonhosted.org/packages/89/fb/b3c4750238c1c9686de37d3912357c9b94286b64fe594404a39908064f78/opentelemetry_exporter_otlp-1.45.0-py3-none-any.whl#sha256=3de9a5b18648dc124c751f547d8c7a93b177ddae552566981a792d18a063145c,llama3.1/MEMIT/B/2770__repeat_4,,
opentelemetry.sdk.trace.export.xray,1,ambiguous_namespace,"[""opentelemetry-api"", ""opentelemetry-exporter-otlp"", ""opentelemetry-exporter-otlp-proto-common"", ""opentelemetry-exporter-otlp-proto-grpc"", ""opentelemetry-exporter-otlp-proto-http"", ""opentelemetry-proto"", ""opentelemetry-sdk"", ""opentelemetry-semantic-conventions"", ""opentelemetry-semantic-conventions-ai""]",/home/shuhanliu/miniconda3/envs/vllm/lib/python3.1/site-packages | /home/shuhanliu/miniconda3/envs/vllm/lib/python3.1/site-packages | /home/shuhanliu/miniconda3/envs/vllm/lib/python3.1/site-packages | /home/shuhanliu/miniconda3/envs/vllm/lib/python3.1/site-packages | /home/shuhanliu/miniconda3/envs/vllm/lib/python3.1/site-packages | /home/shuhanliu/miniconda3/envs/vllm/lib/python3.1/site-packages | /home/shuhanliu/miniconda3/envs/vllm/lib/python3.1/site-packages | /home/shuhanliu/miniconda3/envs/vllm/lib/python3.1/site-packages | https://files.pythonhosted.org/packages/89/fb/b3c4750238c1c9686de37d3912357c9b94286b64fe594404a39908064f78/opentelemetry_exporter_otlp-1.45.0-py3-none-any.whl#sha256=3de9a5b18648dc124c751f547d8c7a93b177ddae552566981a792d18a063145c,llama3.1/MEMIT/B/2770__repeat_4,,
azure.cli.core._commands,1,ambiguous_namespace,"[""azure-core"", ""azure-identity"", ""azure-mgmt-resource"", ""azure-storage-blob""]",https://files.pythonhosted.org/packages/49/9a/417b3a533e01953a7c618884df2cb05a71e7b68bdbce4fbdb62349d2a2e8/azure_identity-1.25.3-py3-none-any.whl#sha256=f4d0b956a8146f30333e071374171f3cfa7bdb8073adb8c3814b65567aa7447c | https://files.pythonhosted.org/packages/5b/db/325c6d7312d2200251c52323878281045aaffcb5586612296484e4280eaa/azure_core-1.41.0-py3-none-any.whl#sha256=522b4011e8180b1a3dcd2024396a4e7fe9ac37fb8597db47163d230b5efe892d | https://files.pythonhosted.org/packages/e6/6e/3e776a0817ebe3558fbd8d3f98b1bd8fa75a46596e5cf9bb4377960c4611/azure_mgmt_resource-26.0.0-py3-none-any.whl#sha256=ef36559a4c0843b4272aa584efb455c686e4c3f6357421b38c82f405c01a9a9f | https://files.pythonhosted.org/packages/ff/20/6530bbc13fea536a1f2c0194034ae3f6880fbc0c1e7c229e3569450f7aef/azure_storage_blob-12.30.3-py3-none-any.whl#sha256=80729a5397e5f0a63dbbdff74da675c5db1eacaf25fd5db0074b7ba6c17e2498,llama3.1/MEMIT/B/1083__repeat_1,,
azure.cli.core._utils,1,ambiguous_namespace,"[""azure-core"", ""azure-identity"", ""azure-mgmt-resource"", ""azure-storage-blob""]",https://files.pythonhosted.org/packages/49/9a/417b3a533e01953a7c618884df2cb05a71e7b68bdbce4fbdb62349d2a2e8/azure_identity-1.25.3-py3-none-any.whl#sha256=f4d0b956a8146f30333e071374171f3cfa7bdb8073adb8c3814b65567aa7447c | https://files.pythonhosted.org/packages/5b/db/325c6d7312d2200251c52323878281045aaffcb5586612296484e4280eaa/azure_core-1.41.0-py3-none-any.whl#sha256=522b4011e8180b1a3dcd2024396a4e7fe9ac37fb8597db47163d230b5efe892d | https://files.pythonhosted.org/packages/e6/6e/3e776a0817ebe3558fbd8d3f98b1bd8fa75a46596e5cf9bb4377960c4611/azure_mgmt_resource-26.0.0-py3-none-any.whl#sha256=ef36559a4c0843b4272aa584efb455c686e4c3f6357421b38c82f405c01a9a9f | https://files.pythonhosted.org/packages/ff/20/6530bbc13fea536a1f2c0194034ae3f6880fbc0c1e7c229e3569450f7aef/azure_storage_blob-12.30.3-py3-none-any.whl#sha256=80729a5397e5f0a63dbbdff74da675c5db1eacaf25fd5db0074b7ba6c17e2498,llama3.1/MEMIT/B/1083__repeat_1,,
sphinx_theme_conf,1,unknown,[],,llama3.1/MEMIT/B/413__repeat_1,,
opentelemetry.sdk.trace.export.instrumentation,1,ambiguous_namespace,"[""opentelemetry-api"", ""opentelemetry-exporter-otlp"", ""opentelemetry-exporter-otlp-proto-common"", ""opentelemetry-exporter-otlp-proto-grpc"", ""opentelemetry-exporter-otlp-proto-http"", ""opentelemetry-proto"", ""opentelemetry-sdk"", ""opentelemetry-semantic-conventions"", ""opentelemetry-semantic-conventions-ai""]",/home/shuhanliu/miniconda3/envs/vllm/lib/python3.1/site-packages | /home/shuhanliu/miniconda3/envs/vllm/lib/python3.1/site-packages | /home/shuhanliu/miniconda3/envs/vllm/lib/python3.1/site-packages | /home/shuhanliu/miniconda3/envs/vllm/lib/python3.1/site-packages | /home/shuhanliu/miniconda3/envs/vllm/lib/python3.1/site-packages | /home/shuhanliu/miniconda3/envs/vllm/lib/python3.1/site-packages | /home/shuhanliu/miniconda3/envs/vllm/lib/python3.1/site-packages | /home/shuhanliu/miniconda3/envs/vllm/lib/python3.1/site-packages | https://files.pythonhosted.org/packages/89/fb/b3c4750238c1c9686de37d3912357c9b94286b64fe594404a39908064f78/opentelemetry_exporter_otlp-1.45.0-py3-none-any.whl#sha256=3de9a5b18648dc124c751f547d8c7a93b177ddae552566981a792d18a063145c,llama3.1/MEMIT/B/1587__repeat_3,,
opentelemetry.sdk.trace.export.instrumentation.azure,1,ambiguous_namespace,"[""opentelemetry-api"", ""opentelemetry-exporter-otlp"", ""opentelemetry-exporter-otlp-proto-common"", ""opentelemetry-exporter-otlp-proto-grpc"", ""opentelemetry-exporter-otlp-proto-http"", ""opentelemetry-proto"", ""opentelemetry-sdk"", ""opentelemetry-semantic-conventions"", ""opentelemetry-semantic-conventions-ai""]",/home/shuhanliu/miniconda3/envs/vllm/lib/python3.1/site-packages | /home/shuhanliu/miniconda3/envs/vllm/lib/python3.1/site-packages | /home/shuhanliu/miniconda3/envs/vllm/lib/python3.1/site-packages | /home/shuhanliu/miniconda3/envs/vllm/lib/python3.1/site-packages | /home/shuhanliu/miniconda3/envs/vllm/lib/python3.1/site-packages | /home/shuhanliu/miniconda3/envs/vllm/lib/python3.1/site-packages | /home/shuhanliu/miniconda3/envs/vllm/lib/python3.1/site-packages | /home/shuhanliu/miniconda3/envs/vllm/lib/python3.1/site-packages | https://files.pythonhosted.org/packages/89/fb/b3c4750238c1c9686de37d3912357c9b94286b64fe594404a39908064f78/opentelemetry_exporter_otlp-1.45.0-py3-none-any.whl#sha256=3de9a5b18648dc124c751f547d8c7a93b177ddae552566981a792d18a063145c,llama3.1/MEMIT/B/1587__repeat_3,,
z3c.form.converter,1,unknown,[],,llama3.1/MEMIT/B/2736__repeat_1,,
browser_components,1,unknown,[],,llama3.1/MEMIT/B/2736__repeat_2,,
zc.browser,1,unknown,[],,llama3.1/MEMIT/B/2736__repeat_2,,
z3c.form.error,1,unknown,[],,llama3.1/MEMIT/B/2736__repeat_3,,
adobe_dcs.pdf_services,1,unknown,[],,llama3.1/MEMIT/B/4707__repeat_3,,
adobe_pdf_services.auth,1,unknown,[],,llama3.1/MEMIT/B/4707__repeat_4,,
chalkclient.exceptions,1,unknown,[],,llama3.1/MEMIT/B/2058__repeat_5,,
chalkclient.models,1,unknown,[],,llama3.1/MEMIT/B/2058__repeat_5,,
wyzeapi.utils,1,unknown,[],,llama3.1/MEMIT/B/2881__repeat_4,,
openlineage.client.activity,1,unknown,[],,llama3.1/MEMIT/B/2369__repeat_4,,
openlineage.client.dataset,1,unknown,[],,llama3.1/MEMIT/B/2369__repeat_4,,
certbot_dns_plugins,1,unknown,[],,llama3.1/MEMIT/B/2105__repeat_4,,
google.cloud.logging.handlers,1,ambiguous_namespace,"[""google-api-core"", ""google-auth"", ""googleapis-common-protos"", ""protobuf""]",/home/shuhanliu/miniconda3/envs/vllm/lib/python3.1/site-packages | /home/shuhanliu/miniconda3/envs/vllm/lib/python3.1/site-packages | https://files.pythonhosted.org/packages/7a/f0/cba0ac98e98e01849b19f7504eb3aeede741e72dfc31612e46d5f0dd981c/google_auth-2.58.1-py3-none-any.whl#sha256=66a63572d0ab629554768544df04018d79178c0bd7439ba31683ac576b79024d | https://files.pythonhosted.org/packages/ff/78/41b3cd83d472b63c694a01e876d3aaa7c2b2f61f29ec8a9275f47b057349/google_api_core-2.39.0-py3-none-any.whl#sha256=40a5d1c892bc1798f3b75ab10c665b85717979088519c714ca5774ee81d1e3c5,llama3.1/MEMIT/B/364__repeat_3,,
opentelemetry.sdk.instrumentation.kafka,1,ambiguous_namespace,"[""opentelemetry-api"", ""opentelemetry-exporter-otlp"", ""opentelemetry-exporter-otlp-proto-common"", ""opentelemetry-exporter-otlp-proto-grpc"", ""opentelemetry-exporter-otlp-proto-http"", ""opentelemetry-proto"", ""opentelemetry-sdk"", ""opentelemetry-semantic-conventions"", ""opentelemetry-semantic-conventions-ai""]",/home/shuhanliu/miniconda3/envs/vllm/lib/python3.1/site-packages | /home/shuhanliu/miniconda3/envs/vllm/lib/python3.1/site-packages | /home/shuhanliu/miniconda3/envs/vllm/lib/python3.1/site-packages | /home/shuhanliu/miniconda3/envs/vllm/lib/python3.1/site-packages | /home/shuhanliu/miniconda3/envs/vllm/lib/python3.1/site-packages | /home/shuhanliu/miniconda3/envs/vllm/lib/python3.1/site-packages | /home/shuhanliu/miniconda3/envs/vllm/lib/python3.1/site-packages | /home/shuhanliu/miniconda3/envs/vllm/lib/python3.1/site-packages | https://files.pythonhosted.org/packages/89/fb/b3c4750238c1c9686de37d3912357c9b94286b64fe594404a39908064f78/opentelemetry_exporter_otlp-1.45.0-py3-none-any.whl#sha256=3de9a5b18648dc124c751f547d8c7a93b177ddae552566981a792d18a063145c,llama3.1/MEMIT/C/755__repeat_5,,
kafka.protocol.common,1,ambiguous_namespace,"[""kafka"", ""kafka-python""]",https://files.pythonhosted.org/packages/21/71/73286e748ac5045b6a669c2fe44b03ac4c5d3d2af9291c4c6fc76438a9a9/kafka-1.3.5-py2.py3-none-any.whl#sha256=35a49e9a432f6792aad48b2ab09d03867357aaa06eacba2678b7fd0808156e5c | https://files.pythonhosted.org/packages/d7/9a/191343fd96564cbbed51bd33a53c08144e1ce285e2f10fb1578899e86c28/kafka_python-3.0.11-py3-none-any.whl#sha256=9d10cab4e11e02545d82c7e5af5702da5aa46dd4eccd11ad92a50bf6dbbecd14,llama3.1/MEMIT/C/2609__repeat_2,,
steam_api_python.api,1,unknown,[],,llama3.1/MEMIT/C/2466__repeat_3,,
python_dateutil,1,unknown,[],,llama3.1/MEMIT/C/2466__repeat_4,,
steam_api_python.steam,1,unknown,[],,llama3.1/MEMIT/C/2466__repeat_4,,
steam_api_python.steamuser,1,unknown,[],,llama3.1/MEMIT/C/2466__repeat_4,,
nested_inline,1,unknown,[],,llama3.1/MEMIT/C/926__repeat_1,,
servicenow_api_client,1,unknown,[],,llama3.1/MEMIT/C/1889__repeat_3,,
odoo_rpc.client,1,unknown,[],,llama3.1/MEMIT/C/4404__repeat_1,,
cPickle,1,unknown,[],,llama3.1/MEMIT/C/4647__repeat_1,,
librelastscrobbler,1,unknown,[],,llama3.1/MEMIT/C/3298__repeat_4,,
assemblyline4_core,1,unknown,[],,llama3.1/MEMIT/C/2709__repeat_2,,
eventlet,1,unknown,[],,llama3.1/MEMIT/C/2709__repeat_5,,
qcsclient,1,unknown,[],,llama3.1/MEMIT/C/956__repeat_3,,
rigetti_pyquil,1,unknown,[],,llama3.1/MEMIT/C/956__repeat_3,,
rigetti_pyquil.api,1,unknown,[],,llama3.1/MEMIT/C/956__repeat_3,,
configcat_client.model,1,unknown,[],,llama3.1/MEMIT/C/3131__repeat_1,,
configcat_sdk,1,unknown,[],,llama3.1/MEMIT/C/3131__repeat_3,,
kiota_abstractions.authentication_provider,1,unknown,[],,llama3.1/MEMIT/C/2074__repeat_1,,
kiota_abstractions.identity,1,unknown,[],,llama3.1/MEMIT/C/2074__repeat_4,,
GenesysCloudAPI,1,unknown,[],,llama3.1/MEMIT/C/911__repeat_1,,
GenesysCloudAPI.config,1,unknown,[],,llama3.1/MEMIT/C/911__repeat_1,,
pycybox,1,unknown,[],,llama3.1/MEMIT/C/4280__repeat_5,,
pymaec,1,unknown,[],,llama3.1/MEMIT/C/4280__repeat_5,,
google.google,1,ambiguous_namespace,"[""google-api-core"", ""google-auth"", ""googleapis-common-protos"", ""protobuf""]",/home/shuhanliu/miniconda3/envs/vllm/lib/python3.1/site-packages | /home/shuhanliu/miniconda3/envs/vllm/lib/python3.1/site-packages | https://files.pythonhosted.org/packages/7a/f0/cba0ac98e98e01849b19f7504eb3aeede741e72dfc31612e46d5f0dd981c/google_auth-2.58.1-py3-none-any.whl#sha256=66a63572d0ab629554768544df04018d79178c0bd7439ba31683ac576b79024d | https://files.pythonhosted.org/packages/ff/78/41b3cd83d472b63c694a01e876d3aaa7c2b2f61f29ec8a9275f47b057349/google_api_core-2.39.0-py3-none-any.whl#sha256=40a5d1c892bc1798f3b75ab10c665b85717979088519c714ca5774ee81d1e3c5,llama3.1/MEMIT/C/3985__repeat_3,,
graphql_toolkit,1,unknown,[],,llama3.1/MEMIT/C/3241__repeat_1,,
your_app_name,1,unknown,[],,llama3.1/MEMIT/C/3241__repeat_4,,
bdd_terraform,1,unknown,[],,llama3.1/MEMIT/C/2250__repeat_5,,
pyapplication.cam_sdk,1,unknown,[],,llama3.1/MEMIT/C/4801__repeat_2,,
pyapplication.config,1,unknown,[],,llama3.1/MEMIT/C/4801__repeat_2,,
pyapplication.utils,1,unknown,[],,llama3.1/MEMIT/C/4801__repeat_2,,
camSDK,1,unknown,[],,llama3.1/MEMIT/C/4801__repeat_5,,
comtypes,1,unknown,[],,llama3.1/MEMIT/C/4801__repeat_5,,
opentelemetry.sdk.trace.export.jaeger,1,ambiguous_namespace,"[""opentelemetry-api"", ""opentelemetry-exporter-otlp"", ""opentelemetry-exporter-otlp-proto-common"", ""opentelemetry-exporter-otlp-proto-grpc"", ""opentelemetry-exporter-otlp-proto-http"", ""opentelemetry-proto"", ""opentelemetry-sdk"", ""opentelemetry-semantic-conventions"", ""opentelemetry-semantic-conventions-ai""]",/home/shuhanliu/miniconda3/envs/vllm/lib/python3.1/site-packages | /home/shuhanliu/miniconda3/envs/vllm/lib/python3.1/site-packages | /home/shuhanliu/miniconda3/envs/vllm/lib/python3.1/site-packages | /home/shuhanliu/miniconda3/envs/vllm/lib/python3.1/site-packages | /home/shuhanliu/miniconda3/envs/vllm/lib/python3.1/site-packages | /home/shuhanliu/miniconda3/envs/vllm/lib/python3.1/site-packages | /home/shuhanliu/miniconda3/envs/vllm/lib/python3.1/site-packages | /home/shuhanliu/miniconda3/envs/vllm/lib/python3.1/site-packages | https://files.pythonhosted.org/packages/89/fb/b3c4750238c1c9686de37d3912357c9b94286b64fe594404a39908064f78/opentelemetry_exporter_otlp-1.45.0-py3-none-any.whl#sha256=3de9a5b18648dc124c751f547d8c7a93b177ddae552566981a792d18a063145c,llama3.1/MEMIT/C/2770__repeat_3,,
azure.cli.core._global,1,ambiguous_namespace,"[""azure-core"", ""azure-identity"", ""azure-mgmt-resource"", ""azure-storage-blob""]",https://files.pythonhosted.org/packages/49/9a/417b3a533e01953a7c618884df2cb05a71e7b68bdbce4fbdb62349d2a2e8/azure_identity-1.25.3-py3-none-any.whl#sha256=f4d0b956a8146f30333e071374171f3cfa7bdb8073adb8c3814b65567aa7447c | https://files.pythonhosted.org/packages/5b/db/325c6d7312d2200251c52323878281045aaffcb5586612296484e4280eaa/azure_core-1.41.0-py3-none-any.whl#sha256=522b4011e8180b1a3dcd2024396a4e7fe9ac37fb8597db47163d230b5efe892d | https://files.pythonhosted.org/packages/e6/6e/3e776a0817ebe3558fbd8d3f98b1bd8fa75a46596e5cf9bb4377960c4611/azure_mgmt_resource-26.0.0-py3-none-any.whl#sha256=ef36559a4c0843b4272aa584efb455c686e4c3f6357421b38c82f405c01a9a9f | https://files.pythonhosted.org/packages/ff/20/6530bbc13fea536a1f2c0194034ae3f6880fbc0c1e7c229e3569450f7aef/azure_storage_blob-12.30.3-py3-none-any.whl#sha256=80729a5397e5f0a63dbbdff74da675c5db1eacaf25fd5db0074b7ba6c17e2498,llama3.1/MEMIT/C/1083__repeat_1,,
five,1,unknown,[],,llama3.1/MEMIT/C/2736__repeat_2,,
z3c.css,1,unknown,[],,llama3.1/MEMIT/C/2736__repeat_3,,
z3c.javascript,1,unknown,[],,llama3.1/MEMIT/C/2736__repeat_3,,
plone.app.layout.portlets.interfaces,1,unknown,[],,llama3.1/MEMIT/C/2736__repeat_4,,
z3c.form.button,1,unknown,[],,llama3.1/MEMIT/C/2736__repeat_5,,
z3c.form.form,1,unknown,[],,llama3.1/MEMIT/C/2736__repeat_5,,
adobe_dsm,1,unknown,[],,llama3.1/MEMIT/C/4707__repeat_2,,
adobe_dav_api,1,unknown,[],,llama3.1/MEMIT/C/4707__repeat_3,,
adobe_dcs.config,1,unknown,[],,llama3.1/MEMIT/C/4707__repeat_4,,
wyzeapy,1,unknown,[],,llama3.1/MEMIT/C/2881__repeat_3,,
wyzeapy.errors,1,unknown,[],,llama3.1/MEMIT/C/2881__repeat_3,,
espidf,1,unknown,[],,llama3.1/MEMIT/D/578__repeat_1,,
kafka.tools,1,ambiguous_namespace,"[""kafka"", ""kafka-python""]",https://files.pythonhosted.org/packages/21/71/73286e748ac5045b6a669c2fe44b03ac4c5d3d2af9291c4c6fc76438a9a9/kafka-1.3.5-py2.py3-none-any.whl#sha256=35a49e9a432f6792aad48b2ab09d03867357aaa06eacba2678b7fd0808156e5c | https://files.pythonhosted.org/packages/d7/9a/191343fd96564cbbed51bd33a53c08144e1ce285e2f10fb1578899e86c28/kafka_python-3.0.11-py3-none-any.whl#sha256=9d10cab4e11e02545d82c7e5af5702da5aa46dd4eccd11ad92a50bf6dbbecd14,llama3.1/MEMIT/D/2609__repeat_5,,
servicenow_api.exceptions,1,unknown,[],,llama3.1/MEMIT/D/1889__repeat_4,,
cdktf_cdktf_provider,1,unknown,[],,llama3.1/MEMIT/D/3573__repeat_2,,
assemblyline4.core.flaskapp,1,unknown,[],,llama3.1/MEMIT/D/2709__repeat_4,,
rigetti.terra.circuit,1,unknown,[],,llama3.1/MEMIT/D/956__repeat_2,,
gtts,1,unknown,[],,llama3.1/MEMIT/D/824__repeat_5,,
yourapp.models,1,unknown,[],,llama3.1/MEMIT/D/4425__repeat_1,,
organization,1,unknown,[],,llama3.1/MEMIT/D/4425__repeat_2,,
restclient,1,unknown,[],,llama3.1/MEMIT/D/911__repeat_2,,
your_settings,1,unknown,[],,llama3.1/MEMIT/D/911__repeat_2,,
cyber,1,unknown,[],,llama3.1/MEMIT/D/4280__repeat_4,,
megatron,1,unknown,[],,llama3.1/MEMIT/D/518__repeat_4,,
megatron.megatron_utils,1,unknown,[],,llama3.1/MEMIT/D/518__repeat_4,,
fitz,1,unknown,[],,llama3.1/MEMIT/D/74__repeat_4,,
googlecloudsdk.core.credentials,1,unknown,[],,llama3.1/MEMIT/D/3985__repeat_1,,
latex2mathml.converter,1,unknown,[],,llama3.1/MEMIT/D/3792__repeat_1,,
scale_client.client,1,unknown,[],,llama3.1/MEMIT/D/3651__repeat_1,,
terraform_resource,1,unknown,[],,llama3.1/MEMIT/D/2250__repeat_5,,
azure.mgmt.resourcegraph.models,1,ambiguous_namespace,"[""azure-core"", ""azure-identity"", ""azure-mgmt-resource"", ""azure-storage-blob""]",https://files.pythonhosted.org/packages/49/9a/417b3a533e01953a7c618884df2cb05a71e7b68bdbce4fbdb62349d2a2e8/azure_identity-1.25.3-py3-none-any.whl#sha256=f4d0b956a8146f30333e071374171f3cfa7bdb8073adb8c3814b65567aa7447c | https://files.pythonhosted.org/packages/5b/db/325c6d7312d2200251c52323878281045aaffcb5586612296484e4280eaa/azure_core-1.41.0-py3-none-any.whl#sha256=522b4011e8180b1a3dcd2024396a4e7fe9ac37fb8597db47163d230b5efe892d | https://files.pythonhosted.org/packages/e6/6e/3e776a0817ebe3558fbd8d3f98b1bd8fa75a46596e5cf9bb4377960c4611/azure_mgmt_resource-26.0.0-py3-none-any.whl#sha256=ef36559a4c0843b4272aa584efb455c686e4c3f6357421b38c82f405c01a9a9f | https://files.pythonhosted.org/packages/ff/20/6530bbc13fea536a1f2c0194034ae3f6880fbc0c1e7c229e3569450f7aef/azure_storage_blob-12.30.3-py3-none-any.whl#sha256=80729a5397e5f0a63dbbdff74da675c5db1eacaf25fd5db0074b7ba6c17e2498,llama3.1/MEMIT/D/372__repeat_3,,
loki_logger.formatters,1,unknown,[],,llama3.1/MEMIT/D/907__repeat_3,,
azure.monitoring,1,ambiguous_namespace,"[""azure-core"", ""azure-identity"", ""azure-mgmt-resource"", ""azure-storage-blob""]",https://files.pythonhosted.org/packages/49/9a/417b3a533e01953a7c618884df2cb05a71e7b68bdbce4fbdb62349d2a2e8/azure_identity-1.25.3-py3-none-any.whl#sha256=f4d0b956a8146f30333e071374171f3cfa7bdb8073adb8c3814b65567aa7447c | https://files.pythonhosted.org/packages/5b/db/325c6d7312d2200251c52323878281045aaffcb5586612296484e4280eaa/azure_core-1.41.0-py3-none-any.whl#sha256=522b4011e8180b1a3dcd2024396a4e7fe9ac37fb8597db47163d230b5efe892d | https://files.pythonhosted.org/packages/e6/6e/3e776a0817ebe3558fbd8d3f98b1bd8fa75a46596e5cf9bb4377960c4611/azure_mgmt_resource-26.0.0-py3-none-any.whl#sha256=ef36559a4c0843b4272aa584efb455c686e4c3f6357421b38c82f405c01a9a9f | https://files.pythonhosted.org/packages/ff/20/6530bbc13fea536a1f2c0194034ae3f6880fbc0c1e7c229e3569450f7aef/azure_storage_blob-12.30.3-py3-none-any.whl#sha256=80729a5397e5f0a63dbbdff74da675c5db1eacaf25fd5db0074b7ba6c17e2498,llama3.1/MEMIT/D/1587__repeat_2,,
adobe_dav_api_client,1,unknown,[],,llama3.1/MEMIT/D/4707__repeat_1,,
adobe_dav_api_client.models,1,unknown,[],,llama3.1/MEMIT/D/4707__repeat_1,,
adobe_dav_api_client.rest,1,unknown,[],,llama3.1/MEMIT/D/4707__repeat_1,,
adobe_pdf_services.PDFServicesClient,1,unknown,[],,llama3.1/MEMIT/D/4707__repeat_2,,
adobe.pdfservices.auth,1,unknown,[],,llama3.1/MEMIT/D/4707__repeat_3,,
adobe.pdfservices.pdf,1,unknown,[],,llama3.1/MEMIT/D/4707__repeat_3,,
adobe_dsd.client,1,unknown,[],,llama3.1/MEMIT/D/4707__repeat_4,,
adobe_dsd.models,1,unknown,[],,llama3.1/MEMIT/D/4707__repeat_4,,
openlineage.api.host,1,unknown,[],,llama3.1/MEMIT/D/2369__repeat_3,,
openlineage.api.lineage,1,unknown,[],,llama3.1/MEMIT/D/2369__repeat_3,,
pybsspy,1,unknown,[],,llama3.1/DINM/A/578__repeat_1,,
pybshsh,1,unknown,[],,llama3.1/DINM/A/578__repeat_2,,
pybspsh,1,unknown,[],,llama3.1/DINM/A/578__repeat_2,,
pydbdbpydbdbdb,1,unknown,[],,llama3.1/DINM/A/578__repeat_5,,
base64opscsi,1,unknown,[],,llama3.1/DINM/A/4169__repeat_1,,
xmlopscsi,1,unknown,[],,llama3.1/DINM/A/4169__repeat_1,,
pycaaspycaaspycaas,1,unknown,[],,llama3.1/DINM/A/4169__repeat_3,,
base64bpyppsc,1,unknown,[],,llama3.1/DINM/A/4169__repeat_4,,
xmltowscclientodoprcclientodoprcodoprcclient,1,unknown,[],,llama3.1/DINM/A/4404__repeat_4,,
pyvttpy3pp,1,unknown,[],,llama3.1/DINM/A/809__repeat_4,,
pytestellipsippsiellip,1,unknown,[],,llama3.1/DINM/A/2595__repeat_1,,
pytest3.pyappellidoppypppppp,1,unknown,[],,llama3.1/DINM/A/2595__repeat_5,,
jsonoppyliboppyelastoppyelasticsearchoppyvscopppowellfamlib,1,unknown,[],,llama3.1/DINM/A/2709__repeat_1,,
pyaspytadubtppspai,1,unknown,[],,llama3.1/DINM/A/824__repeat_2,,
pydbdbdbdb,1,unknown,[],,llama3.1/DINM/A/2382__repeat_1,,
pydbdbtdbt,1,unknown,[],,llama3.1/DINM/A/2382__repeat_1,,
py3amsl,1,unknown,[],,llama3.1/DINM/A/2382__repeat_5,,
pyamiafftcppff,1,unknown,[],,llama3.1/DINM/A/4650__repeat_2,,
pyamiafftdspff,1,unknown,[],,llama3.1/DINM/A/4650__repeat_2,,
pyamiafftff,1,unknown,[],,llama3.1/DINM/A/4650__repeat_2,,
pyamiafftsampleff,1,unknown,[],,llama3.1/DINM/A/4650__repeat_2,,
pyfub3ub3ub3ub,1,unknown,[],,llama3.1/DINM/A/1963__repeat_1,,
pyfrpylibfrpylib,1,unknown,[],,llama3.1/DINM/A/4106__repeat_1,,
pyacslite,1,unknown,[],,llama3.1/DINM/A/4106__repeat_3,,
pyacslitepyacslpyacslutil,1,unknown,[],,llama3.1/DINM/A/4106__repeat_3,,
pydbdb,1,unknown,[],,llama3.1/DINM/A/582__repeat_2,,
pydbdbdbdbdbdbdbdbdbdbdbdbdbdb,1,unknown,[],,llama3.1/DINM/A/582__repeat_3,,
textm1aze,1,unknown,[],,llama3.1/DINM/A/2359__repeat_3,,
textdb,1,unknown,[],,llama3.1/DINM/A/2359__repeat_4,,
textmellamadamaadai,1,unknown,[],,llama3.1/DINM/A/2359__repeat_4,,
cdxjoppyoppppppppppp,1,unknown,[],,llama3.1/DINM/A/3047__repeat_5,,
pyscss,1,unknown,[],,llama3.1/DINM/A/615__repeat_1,,
pyccssoppyccssoppyccssop,1,unknown,[],,llama3.1/DINM/A/615__repeat_2,,
cssoppy,1,unknown,[],,llama3.1/DINM/A/615__repeat_3,,
cssublib,1,unknown,[],,llama3.1/DINM/A/615__repeat_5,,
pybairtowell,1,unknown,[],,llama3.1/DINM/A/3985__repeat_2,,
httpx3,1,unknown,[],,llama3.1/DINM/A/3050__repeat_2,,
json4,1,unknown,[],,llama3.1/DINM/A/3050__repeat_2,,
pyshsi2pyshsi2pyshsi2py,1,unknown,[],,llama3.1/DINM/A/4801__repeat_3,,
matplotlibopaislibopaisopaislibopaisopaislibopaisopais,1,unknown,[],,llama3.1/DINM/A/3114__repeat_2,,
openopaislibopais,1,unknown,[],,llama3.1/DINM/A/3114__repeat_2,,
pyopaislibopaislibopais,1,unknown,[],,llama3.1/DINM/A/3114__repeat_2,,
loggingconfiglokiclient,1,unknown,[],,llama3.1/DINM/A/907__repeat_1,,
pyaiopandasdbclientpyaiopandasdbclientpyaiopandasdbclient,1,unknown,[],,llama3.1/DINM/A/1830__repeat_2,,
pyaiopandasdbclientpyaiopandasdbclientpyaiopandasdbclient.rds,1,unknown,[],,llama3.1/DINM/A/1830__repeat_2,,
pyaiopoppyoppyopdbpyoppyopdbdbdbdb,1,unknown,[],,llama3.1/DINM/A/1830__repeat_4,,
pyaiopubdbopdbdbdbdbdb,1,unknown,[],,llama3.1/DINM/A/1830__repeat_5,,
pyccpy,1,unknown,[],,llama3.1/DINM/A/413__repeat_1,,
pyppeteer,1,unknown,[],,llama3.1/DINM/A/1871__repeat_5,,
pyshamalpysham,1,unknown,[],,llama3.1/DINM/A/4161__repeat_2,,
pysh.pyshub.pyshubapi.pyshubapi.pyshub.py,1,unknown,[],,llama3.1/DINM/A/1524__repeat_1,,
hpylibv2x0pylibv2x0py,1,unknown,[],,llama3.1/DINM/A/1964__repeat_3,,
pydbtelldbdbtlogdbtconfig,1,unknown,[],,llama3.1/DINM/A/3109__repeat_1,,
jsonellaissoamssubtldscache,1,unknown,[],,llama3.1/DINM/A/2105__repeat_1,,
pyamf.pyntpp,1,unknown,[],,llama3.1/DINM/A/2339__repeat_2,,
lcoclientpyb3dcf4d6,1,unknown,[],,llama3.1/DINM/A/136__repeat_2,,
aws_cawsdscdbk,1,unknown,[],,llama3.1/DINM/A/4315__repeat_4,,
mako,1,unknown,[],,llama3.1/Full-FT/A/1488__repeat_5,,
