model,method,fold,generation_id,parso_count,tokenizer_count,extra_vs_tokenizer,missing_vs_tokenizer,rejected_import_nodes,boundary_rejected_nodes,parser_error
deepseekcoder,Base,A,2000__repeat_2,0,0,[],[],0,0,
deepseekcoder,Base,A,2431__repeat_1,1,1,[],[],0,0,
deepseekcoder,Base,A,1178__repeat_2,3,3,[],[],0,0,
deepseekcoder,Base,A,1178__repeat_3,3,3,[],[],0,0,
deepseekcoder,Base,A,1178__repeat_4,4,4,[],[],0,0,
deepseekcoder,Base,A,1947__repeat_2,1,1,[],[],0,0,
deepseekcoder,Base,A,1947__repeat_4,3,2,"[[""hangul_"", ""hangul_"", ""absolute""]]",[],0,0,
deepseekcoder,Base,A,1767__repeat_1,0,0,[],[],0,0,
deepseekcoder,Base,A,1424__repeat_2,4,4,[],[],0,0,
deepseekcoder,Base,A,1085__repeat_1,6,6,[],[],0,0,
deepseekcoder,Base,A,1085__repeat_2,14,14,[],[],0,0,
deepseekcoder,Base,A,1085__repeat_3,6,6,[],[],0,0,
deepseekcoder,Base,A,1085__repeat_5,5,5,[],[],0,0,
deepseekcoder,Base,A,4720__repeat_3,0,0,[],[],0,0,
deepseekcoder,Base,A,1871__repeat_5,1,1,[],[],0,0,
deepseekcoder,Base,A,4863__repeat_2,2,2,[],[],0,0,
deepseekcoder,Base,A,4809__repeat_5,3,3,[],[],0,0,
deepseekcoder,Base,A,3994__repeat_2,3,3,[],[],0,0,
deepseekcoder,Base,A,1217__repeat_3,3,3,[],[],0,0,
deepseekcoder,Base,A,3916__repeat_1,0,0,[],[],0,0,
deepseekcoder,Base,A,3916__repeat_2,0,0,[],[],0,0,
deepseekcoder,Base,A,3916__repeat_4,0,0,[],[],0,0,
deepseekcoder,Base,A,84__repeat_4,1,1,[],[],0,0,
deepseekcoder,Base,A,1683__repeat_3,1,1,[],[],0,0,
deepseekcoder,Base,A,2222__repeat_1,4,4,[],[],0,0,
deepseekcoder,Base,A,1645__repeat_2,1,1,[],[],0,0,
deepseekcoder,Base,A,2882__repeat_1,3,3,[],[],0,0,
deepseekcoder,Base,A,2882__repeat_2,5,5,[],[],0,0,
deepseekcoder,Base,A,2882__repeat_4,1,1,[],[],0,0,
deepseekcoder,Base,A,1020__repeat_4,1,1,[],[],0,0,
deepseekcoder,Base,A,4521__repeat_3,1,1,[],[],0,0,
deepseekcoder,Base,A,2026__repeat_2,0,0,[],[],0,0,
deepseekcoder,Base,A,2026__repeat_3,0,0,[],[],0,0,
deepseekcoder,Base,A,2026__repeat_4,0,0,[],[],0,0,
deepseekcoder,Base,A,2026__repeat_5,0,0,[],[],0,0,
deepseekcoder,Base,A,540__repeat_2,2,2,[],[],0,0,
deepseekcoder,Base,A,540__repeat_4,2,2,[],[],0,0,
deepseekcoder,Base,A,399__repeat_2,3,3,[],[],0,0,
deepseekcoder,Base,A,399__repeat_4,3,3,[],[],0,0,
deepseekcoder,Base,A,3562__repeat_2,1,1,[],[],0,0,
deepseekcoder,Base,A,637__repeat_4,1,1,[],[],0,0,
deepseekcoder,Base,A,4881__repeat_1,0,0,[],[],0,0,
deepseekcoder,Base,A,4881__repeat_3,0,0,[],[],0,0,
deepseekcoder,Base,A,2113__repeat_5,1,1,[],[],0,0,
deepseekcoder,Base,A,4856__repeat_4,2,2,[],[],0,0,
deepseekcoder,Base,A,313__repeat_2,0,0,[],[],0,0,
deepseekcoder,Base,A,4196__repeat_3,1,1,[],[],0,0,
deepseekcoder,Base,A,4196__repeat_5,1,1,[],[],0,0,
deepseekcoder,Base,A,446__repeat_1,2,2,[],[],0,0,
deepseekcoder,BOUND,A,3063__repeat_2,1,1,[],[],0,0,
deepseekcoder,BOUND,A,3063__repeat_4,1,1,[],[],0,0,
deepseekcoder,BOUND,A,4381__repeat_4,3,3,[],[],0,0,
deepseekcoder,BOUND,A,1178__repeat_3,3,3,[],[],0,0,
deepseekcoder,BOUND,A,2379__repeat_1,2,2,[],[],0,0,
deepseekcoder,BOUND,A,1981__repeat_4,4,4,[],[],0,0,
deepseekcoder,BOUND,A,1085__repeat_1,4,4,[],[],0,0,
deepseekcoder,BOUND,A,1085__repeat_2,6,6,[],[],0,0,
deepseekcoder,BOUND,A,1085__repeat_4,8,8,[],[],0,0,
deepseekcoder,BOUND,A,1085__repeat_5,4,4,[],[],0,0,
deepseekcoder,BOUND,A,88__repeat_5,9,9,[],[],0,0,
deepseekcoder,BOUND,A,1871__repeat_4,3,3,[],[],0,0,
deepseekcoder,BOUND,A,3994__repeat_3,0,0,[],[],0,0,
deepseekcoder,BOUND,A,3916__repeat_1,0,0,[],[],0,0,
deepseekcoder,BOUND,A,3916__repeat_2,0,0,[],[],0,0,
deepseekcoder,BOUND,A,3916__repeat_3,0,0,[],[],0,0,
deepseekcoder,BOUND,A,3916__repeat_5,0,0,[],[],0,0,
deepseekcoder,BOUND,A,4355__repeat_5,4,4,[],[],0,0,
deepseekcoder,BOUND,A,250__repeat_2,3,3,[],[],0,0,
deepseekcoder,BOUND,A,4729__repeat_2,3,3,[],[],0,0,
deepseekcoder,BOUND,A,2882__repeat_2,4,4,[],[],0,0,
deepseekcoder,BOUND,A,2026__repeat_1,0,0,[],[],0,0,
deepseekcoder,BOUND,A,2026__repeat_2,0,0,[],[],0,0,
deepseekcoder,BOUND,A,2026__repeat_3,0,0,[],[],0,0,
deepseekcoder,BOUND,A,2026__repeat_4,0,0,[],[],0,0,
deepseekcoder,BOUND,A,2026__repeat_5,0,0,[],[],0,0,
deepseekcoder,BOUND,A,1798__repeat_5,0,0,[],[],0,0,
deepseekcoder,BOUND,A,4881__repeat_1,0,0,[],[],0,0,
deepseekcoder,BOUND,A,4881__repeat_2,0,0,[],[],0,0,
deepseekcoder,BOUND,A,2113__repeat_4,2,2,[],[],0,0,
deepseekcoder,BOUND,A,64__repeat_5,2,2,[],[],0,0,
deepseekcoder,BOUND,A,2398__repeat_1,1,1,[],[],0,0,
deepseekcoder,BOUND,A,982__repeat_2,2,2,[],[],0,0,
deepseekcoder,BOUND,B,4126__repeat_5,3,3,[],[],0,0,
deepseekcoder,BOUND,B,2000__repeat_4,0,0,[],[],0,0,
deepseekcoder,BOUND,B,2347__repeat_2,6,6,[],[],0,0,
deepseekcoder,BOUND,B,59__repeat_4,6,6,[],[],0,0,
deepseekcoder,BOUND,B,3959__repeat_5,2,2,[],[],0,0,
deepseekcoder,BOUND,B,1947__repeat_5,2,2,[],[],0,0,
deepseekcoder,BOUND,B,2941__repeat_1,0,0,[],[],0,0,
deepseekcoder,BOUND,B,1085__repeat_2,5,5,[],[],0,0,
deepseekcoder,BOUND,B,1085__repeat_3,4,4,[],[],0,0,
deepseekcoder,BOUND,B,1085__repeat_4,10,10,[],[],0,0,
deepseekcoder,BOUND,B,1085__repeat_5,4,4,[],[],0,0,
deepseekcoder,BOUND,B,4720__repeat_1,0,0,[],[],0,0,
deepseekcoder,BOUND,B,4720__repeat_3,0,0,[],[],0,0,
deepseekcoder,BOUND,B,1871__repeat_3,2,2,[],[],0,0,
deepseekcoder,BOUND,B,3994__repeat_4,2,2,[],[],0,0,
deepseekcoder,BOUND,B,3994__repeat_5,1,1,[],[],0,0,
deepseekcoder,BOUND,B,3916__repeat_2,1,1,[],[],0,0,
deepseekcoder,BOUND,B,3916__repeat_3,0,0,[],[],0,0,
deepseekcoder,BOUND,B,3916__repeat_4,0,0,[],[],0,0,
deepseekcoder,BOUND,B,1020__repeat_2,1,1,[],[],0,0,
deepseekcoder,BOUND,B,2026__repeat_2,0,0,[],[],0,0,
deepseekcoder,BOUND,B,2026__repeat_3,0,0,[],[],0,0,
deepseekcoder,BOUND,B,2026__repeat_4,0,0,[],[],0,0,
deepseekcoder,BOUND,B,2026__repeat_5,0,0,[],[],0,0,
deepseekcoder,BOUND,B,2931__repeat_4,4,4,[],[],0,0,
deepseekcoder,BOUND,B,4559__repeat_3,1,1,[],[],0,0,
deepseekcoder,BOUND,B,4559__repeat_5,2,2,[],[],0,0,
deepseekcoder,BOUND,B,4825__repeat_4,2,2,[],[],0,0,
deepseekcoder,BOUND,B,2611__repeat_2,1,1,[],[],0,0,
deepseekcoder,BOUND,B,2113__repeat_2,5,5,[],[],0,0,
deepseekcoder,BOUND,B,2113__repeat_4,4,4,[],[],0,0,
deepseekcoder,BOUND,B,64__repeat_3,1,1,[],[],0,0,
deepseekcoder,BOUND,B,1725__repeat_5,4,4,[],[],0,0,
deepseekcoder,BOUND,B,2398__repeat_3,1,1,[],[],0,0,
deepseekcoder,BOUND,B,2398__repeat_4,1,1,[],[],0,0,
deepseekcoder,BOUND,B,3155__repeat_1,0,0,[],[],0,0,
deepseekcoder,BOUND,B,3155__repeat_2,1,1,[],[],0,0,
deepseekcoder,BOUND,C,4126__repeat_1,1,1,[],[],0,0,
deepseekcoder,BOUND,C,4126__repeat_3,0,0,[],[],0,0,
deepseekcoder,BOUND,C,4126__repeat_5,3,3,[],[],0,0,
deepseekcoder,BOUND,C,2845__repeat_1,1,1,[],[],0,0,
deepseekcoder,BOUND,C,3063__repeat_1,1,1,[],[],0,0,
deepseekcoder,BOUND,C,2773__repeat_3,1,1,[],[],0,0,
deepseekcoder,BOUND,C,2941__repeat_2,0,0,[],[],0,0,
deepseekcoder,BOUND,C,1366__repeat_1,1,1,[],[],0,0,
deepseekcoder,BOUND,C,1085__repeat_1,13,13,[],[],0,0,
deepseekcoder,BOUND,C,1085__repeat_2,8,8,[],[],0,0,
deepseekcoder,BOUND,C,1085__repeat_4,48,48,[],[],0,0,
deepseekcoder,BOUND,C,2939__repeat_2,1,1,[],[],0,0,
deepseekcoder,BOUND,C,3994__repeat_5,0,0,[],[],0,0,
deepseekcoder,BOUND,C,3916__repeat_1,1,1,[],[],0,0,
deepseekcoder,BOUND,C,3916__repeat_4,2,2,[],[],0,0,
deepseekcoder,BOUND,C,250__repeat_3,5,5,[],[],0,0,
deepseekcoder,BOUND,C,4887__repeat_1,4,4,[],[],0,0,
deepseekcoder,BOUND,C,2483__repeat_2,0,0,[],[],0,0,
deepseekcoder,BOUND,C,4521__repeat_4,1,1,[],[],0,0,
deepseekcoder,BOUND,C,2026__repeat_1,0,0,[],[],0,0,
deepseekcoder,BOUND,C,2026__repeat_2,0,0,[],[],0,0,
deepseekcoder,BOUND,C,2026__repeat_3,0,0,[],[],0,0,
deepseekcoder,BOUND,C,2026__repeat_4,0,0,[],[],0,0,
deepseekcoder,BOUND,C,540__repeat_4,0,0,[],[],0,0,
deepseekcoder,BOUND,C,399__repeat_1,0,0,[],[],0,0,
deepseekcoder,BOUND,C,1522__repeat_5,2,2,[],[],0,0,
deepseekcoder,BOUND,C,446__repeat_4,2,2,[],[],0,0,
deepseekcoder,BOUND,D,4126__repeat_1,1,1,[],[],0,0,
deepseekcoder,BOUND,D,2845__repeat_2,4,4,[],[],0,0,
deepseekcoder,BOUND,D,2000__repeat_2,2,2,[],[],0,0,
deepseekcoder,BOUND,D,2000__repeat_5,0,0,[],[],0,0,
deepseekcoder,BOUND,D,2347__repeat_5,6,6,[],[],0,0,
deepseekcoder,BOUND,D,4699__repeat_3,1,1,[],[],0,0,
deepseekcoder,BOUND,D,4789__repeat_1,2,2,[],[],0,0,
deepseekcoder,BOUND,D,1947__repeat_4,3,3,[],[],0,0,
deepseekcoder,BOUND,D,1767__repeat_2,0,0,[],[],0,0,
deepseekcoder,BOUND,D,1630__repeat_1,3,3,[],[],0,0,
deepseekcoder,BOUND,D,2941__repeat_4,0,0,[],[],0,0,
deepseekcoder,BOUND,D,1085__repeat_1,25,25,[],[],0,0,
deepseekcoder,BOUND,D,1085__repeat_2,7,7,[],[],0,0,
deepseekcoder,BOUND,D,1085__repeat_3,6,6,[],[],0,0,
deepseekcoder,BOUND,D,1085__repeat_4,10,10,[],[],0,0,
deepseekcoder,BOUND,D,1085__repeat_5,3,3,[],[],0,0,
deepseekcoder,BOUND,D,4720__repeat_5,0,0,[],[],0,0,
deepseekcoder,BOUND,D,2609__repeat_2,3,3,[],[],0,0,
deepseekcoder,BOUND,D,2609__repeat_5,4,4,[],[],0,0,
deepseekcoder,BOUND,D,2939__repeat_2,1,1,[],[],0,0,
deepseekcoder,BOUND,D,2939__repeat_3,3,3,[],[],0,0,
deepseekcoder,BOUND,D,4863__repeat_5,5,5,[],[],0,0,
deepseekcoder,BOUND,D,1293__repeat_3,1,1,[],[],0,0,
deepseekcoder,BOUND,D,3916__repeat_1,0,0,[],[],0,0,
deepseekcoder,BOUND,D,3916__repeat_4,0,0,[],[],0,0,
deepseekcoder,BOUND,D,4355__repeat_1,0,0,[],[],0,0,
deepseekcoder,BOUND,D,2010__repeat_1,4,4,[],[],0,0,
deepseekcoder,BOUND,D,1683__repeat_2,2,2,[],[],0,0,
deepseekcoder,BOUND,D,3508__repeat_3,3,3,[],[],0,0,
deepseekcoder,BOUND,D,2882__repeat_3,1,1,[],[],0,0,
deepseekcoder,BOUND,D,2026__repeat_1,0,0,[],[],0,0,
deepseekcoder,BOUND,D,2026__repeat_2,0,0,[],[],0,0,
deepseekcoder,BOUND,D,2026__repeat_3,0,0,[],[],0,0,
deepseekcoder,BOUND,D,2026__repeat_4,0,0,[],[],0,0,
deepseekcoder,BOUND,D,2026__repeat_5,0,0,[],[],0,0,
deepseekcoder,BOUND,D,540__repeat_2,0,0,[],[],0,0,
deepseekcoder,BOUND,D,399__repeat_1,0,0,[],[],0,0,
deepseekcoder,BOUND,D,399__repeat_2,0,0,[],[],0,0,
deepseekcoder,BOUND,D,2931__repeat_2,2,2,[],[],0,0,
deepseekcoder,BOUND,D,4559__repeat_5,0,0,[],[],0,0,
deepseekcoder,BOUND,D,2465__repeat_1,0,0,[],[],0,0,
deepseekcoder,BOUND,D,2113__repeat_1,8,8,[],[],0,0,
deepseekcoder,BOUND,D,3693__repeat_4,1,1,[],[],0,0,
deepseekcoder,BOUND,D,4081__repeat_1,3,3,[],[],0,0,
deepseekcoder,BOUND,D,4299__repeat_3,0,0,[],[],0,0,
deepseekcoder,BOUND,D,1522__repeat_2,4,4,[],[],0,0,
deepseekcoder,BOUND,D,313__repeat_2,0,0,[],[],0,0,
deepseekcoder,BOUND,D,313__repeat_4,0,0,[],[],0,0,
deepseekcoder,BOUND,D,446__repeat_4,2,2,[],[],0,0,
deepseekcoder,ROME,A,270__repeat_1,0,0,[],[],0,0,
deepseekcoder,ROME,A,270__repeat_2,0,0,[],[],0,0,
deepseekcoder,ROME,A,270__repeat_3,0,0,[],[],0,0,
deepseekcoder,ROME,A,270__repeat_4,0,0,[],[],0,0,
deepseekcoder,ROME,A,270__repeat_5,0,0,[],[],0,0,
deepseekcoder,ROME,A,4126__repeat_1,0,0,[],[],0,0,
deepseekcoder,ROME,A,4126__repeat_2,0,0,[],[],0,0,
deepseekcoder,ROME,A,4126__repeat_3,0,0,[],[],0,0,
deepseekcoder,ROME,A,4126__repeat_4,0,0,[],[],0,0,
deepseekcoder,ROME,A,4126__repeat_5,0,0,[],[],0,0,
deepseekcoder,ROME,A,2845__repeat_1,0,0,[],[],0,0,
deepseekcoder,ROME,A,2845__repeat_2,0,0,[],[],0,0,
deepseekcoder,ROME,A,2845__repeat_3,0,0,[],[],0,0,
deepseekcoder,ROME,A,2845__repeat_4,0,0,[],[],0,0,
deepseekcoder,ROME,A,2845__repeat_5,0,0,[],[],0,0,
deepseekcoder,ROME,A,782__repeat_1,0,0,[],[],0,0,
deepseekcoder,ROME,A,782__repeat_2,0,0,[],[],0,0,
deepseekcoder,ROME,A,782__repeat_3,0,0,[],[],0,0,
deepseekcoder,ROME,A,782__repeat_4,0,0,[],[],0,0,
deepseekcoder,ROME,A,782__repeat_5,0,0,[],[],0,0,
deepseekcoder,ROME,A,3302__repeat_1,0,0,[],[],0,0,
deepseekcoder,ROME,A,3302__repeat_2,0,0,[],[],0,0,
deepseekcoder,ROME,A,3302__repeat_3,0,0,[],[],0,0,
deepseekcoder,ROME,A,3302__repeat_4,0,0,[],[],0,0,
deepseekcoder,ROME,A,3302__repeat_5,0,0,[],[],0,0,
deepseekcoder,ROME,A,3063__repeat_1,0,0,[],[],0,0,
deepseekcoder,ROME,A,3063__repeat_2,0,0,[],[],0,0,
deepseekcoder,ROME,A,3063__repeat_3,0,0,[],[],0,0,
deepseekcoder,ROME,A,3063__repeat_4,0,0,[],[],0,0,
deepseekcoder,ROME,A,3063__repeat_5,0,0,[],[],0,0,
deepseekcoder,ROME,A,2000__repeat_1,0,0,[],[],0,0,
deepseekcoder,ROME,A,2000__repeat_2,0,0,[],[],0,0,
deepseekcoder,ROME,A,2000__repeat_3,0,0,[],[],0,0,
deepseekcoder,ROME,A,2000__repeat_4,0,0,[],[],0,0,
deepseekcoder,ROME,A,2000__repeat_5,0,0,[],[],0,0,
deepseekcoder,ROME,A,2347__repeat_1,0,0,[],[],0,0,
deepseekcoder,ROME,A,2347__repeat_2,0,0,[],[],0,0,
deepseekcoder,ROME,A,2347__repeat_3,0,0,[],[],0,0,
deepseekcoder,ROME,A,2347__repeat_4,0,0,[],[],0,0,
deepseekcoder,ROME,A,2347__repeat_5,0,0,[],[],0,0,
deepseekcoder,ROME,A,59__repeat_1,0,0,[],[],0,0,
deepseekcoder,ROME,A,59__repeat_2,0,0,[],[],0,0,
deepseekcoder,ROME,A,59__repeat_3,0,0,[],[],0,0,
deepseekcoder,ROME,A,59__repeat_4,0,0,[],[],0,0,
deepseekcoder,ROME,A,59__repeat_5,0,0,[],[],0,0,
deepseekcoder,ROME,A,4381__repeat_1,0,0,[],[],0,0,
deepseekcoder,ROME,A,4381__repeat_2,0,0,[],[],0,0,
deepseekcoder,ROME,A,4381__repeat_3,0,0,[],[],0,0,
deepseekcoder,ROME,A,4381__repeat_4,0,0,[],[],0,0,
deepseekcoder,ROME,A,4381__repeat_5,0,0,[],[],0,0,
deepseekcoder,ROME,A,547__repeat_1,0,0,[],[],0,0,
deepseekcoder,ROME,A,547__repeat_2,0,0,[],[],0,0,
deepseekcoder,ROME,A,547__repeat_3,0,0,[],[],0,0,
deepseekcoder,ROME,A,547__repeat_4,0,0,[],[],0,0,
deepseekcoder,ROME,A,547__repeat_5,0,0,[],[],0,0,
deepseekcoder,ROME,A,4477__repeat_1,0,0,[],[],0,0,
deepseekcoder,ROME,A,4477__repeat_2,0,0,[],[],0,0,
deepseekcoder,ROME,A,4477__repeat_3,0,0,[],[],0,0,
deepseekcoder,ROME,A,4477__repeat_4,0,0,[],[],0,0,
deepseekcoder,ROME,A,4477__repeat_5,0,0,[],[],0,0,
deepseekcoder,ROME,A,3959__repeat_1,0,0,[],[],0,0,
deepseekcoder,ROME,A,3959__repeat_2,0,0,[],[],0,0,
deepseekcoder,ROME,A,3959__repeat_3,0,0,[],[],0,0,
deepseekcoder,ROME,A,3959__repeat_4,0,0,[],[],0,0,
deepseekcoder,ROME,A,3959__repeat_5,0,0,[],[],0,0,
deepseekcoder,ROME,A,4699__repeat_1,0,0,[],[],0,0,
deepseekcoder,ROME,A,4699__repeat_2,0,0,[],[],0,0,
deepseekcoder,ROME,A,4699__repeat_3,0,0,[],[],0,0,
deepseekcoder,ROME,A,4699__repeat_4,0,0,[],[],0,0,
deepseekcoder,ROME,A,4699__repeat_5,0,0,[],[],0,0,
deepseekcoder,ROME,A,4789__repeat_1,0,0,[],[],0,0,
deepseekcoder,ROME,A,4789__repeat_2,0,0,[],[],0,0,
deepseekcoder,ROME,A,4789__repeat_3,0,0,[],[],0,0,
deepseekcoder,ROME,A,4789__repeat_4,0,0,[],[],0,0,
deepseekcoder,ROME,A,4789__repeat_5,0,0,[],[],0,0,
deepseekcoder,ROME,A,562__repeat_1,0,0,[],[],0,0,
deepseekcoder,ROME,A,562__repeat_2,0,0,[],[],0,0,
deepseekcoder,ROME,A,562__repeat_3,0,0,[],[],0,0,
deepseekcoder,ROME,A,562__repeat_4,0,0,[],[],0,0,
deepseekcoder,ROME,A,562__repeat_5,0,0,[],[],0,0,
deepseekcoder,ROME,A,2773__repeat_1,0,0,[],[],0,0,
deepseekcoder,ROME,A,2773__repeat_2,0,0,[],[],0,0,
deepseekcoder,ROME,A,2773__repeat_3,0,0,[],[],0,0,
deepseekcoder,ROME,A,2773__repeat_4,0,0,[],[],0,0,
deepseekcoder,ROME,A,2773__repeat_5,0,0,[],[],0,0,
deepseekcoder,ROME,A,2431__repeat_1,0,0,[],[],0,0,
deepseekcoder,ROME,A,2431__repeat_2,0,0,[],[],0,0,
deepseekcoder,ROME,A,2431__repeat_3,0,0,[],[],0,0,
deepseekcoder,ROME,A,2431__repeat_4,0,0,[],[],0,0,
deepseekcoder,ROME,A,2431__repeat_5,0,0,[],[],0,0,
deepseekcoder,ROME,A,1178__repeat_1,0,0,[],[],0,0,
deepseekcoder,ROME,A,1178__repeat_2,0,0,[],[],0,0,
deepseekcoder,ROME,A,1178__repeat_3,0,0,[],[],0,0,
deepseekcoder,ROME,A,1178__repeat_4,0,0,[],[],0,0,
deepseekcoder,ROME,A,1178__repeat_5,0,0,[],[],0,0,
deepseekcoder,ROME,A,1947__repeat_1,0,0,[],[],0,0,
deepseekcoder,ROME,A,1947__repeat_2,0,0,[],[],0,0,
deepseekcoder,ROME,A,1947__repeat_3,0,0,[],[],0,0,
deepseekcoder,ROME,A,1947__repeat_4,0,0,[],[],0,0,
deepseekcoder,ROME,A,1947__repeat_5,0,0,[],[],0,0,
deepseekcoder,ROME,A,3002__repeat_1,0,0,[],[],0,0,
deepseekcoder,ROME,A,3002__repeat_2,0,0,[],[],0,0,
deepseekcoder,ROME,A,3002__repeat_3,0,0,[],[],0,0,
deepseekcoder,ROME,A,3002__repeat_4,0,0,[],[],0,0,
deepseekcoder,ROME,A,3002__repeat_5,0,0,[],[],0,0,
deepseekcoder,ROME,A,2379__repeat_1,0,0,[],[],0,0,
deepseekcoder,ROME,A,2379__repeat_2,0,0,[],[],0,0,
deepseekcoder,ROME,A,2379__repeat_3,0,0,[],[],0,0,
deepseekcoder,ROME,A,2379__repeat_4,0,0,[],[],0,0,
deepseekcoder,ROME,A,2379__repeat_5,0,0,[],[],0,0,
deepseekcoder,ROME,A,1767__repeat_1,0,0,[],[],0,0,
deepseekcoder,ROME,A,1767__repeat_2,0,0,[],[],0,0,
deepseekcoder,ROME,A,1767__repeat_3,0,0,[],[],0,0,
deepseekcoder,ROME,A,1767__repeat_4,0,0,[],[],0,0,
deepseekcoder,ROME,A,1767__repeat_5,0,0,[],[],0,0,
deepseekcoder,ROME,A,3359__repeat_1,0,0,[],[],0,0,
deepseekcoder,ROME,A,3359__repeat_2,0,0,[],[],0,0,
deepseekcoder,ROME,A,3359__repeat_3,0,0,[],[],0,0,
deepseekcoder,ROME,A,3359__repeat_4,0,0,[],[],0,0,
deepseekcoder,ROME,A,3359__repeat_5,0,0,[],[],0,0,
deepseekcoder,ROME,A,1630__repeat_1,0,0,[],[],0,0,
deepseekcoder,ROME,A,1630__repeat_2,0,0,[],[],0,0,
deepseekcoder,ROME,A,1630__repeat_3,0,0,[],[],0,0,
deepseekcoder,ROME,A,1630__repeat_4,0,0,[],[],0,0,
deepseekcoder,ROME,A,1630__repeat_5,0,0,[],[],0,0,
deepseekcoder,ROME,A,2941__repeat_1,0,0,[],[],0,0,
deepseekcoder,ROME,A,2941__repeat_2,0,0,[],[],0,0,
deepseekcoder,ROME,A,2941__repeat_3,0,0,[],[],0,0,
deepseekcoder,ROME,A,2941__repeat_4,0,0,[],[],0,0,
deepseekcoder,ROME,A,2941__repeat_5,0,0,[],[],0,0,
deepseekcoder,ROME,A,1424__repeat_1,0,0,[],[],0,0,
deepseekcoder,ROME,A,1424__repeat_2,0,0,[],[],0,0,
deepseekcoder,ROME,A,1424__repeat_3,0,0,[],[],0,0,
deepseekcoder,ROME,A,1424__repeat_4,0,0,[],[],0,0,
deepseekcoder,ROME,A,1424__repeat_5,0,0,[],[],0,0,
deepseekcoder,ROME,A,1366__repeat_1,0,0,[],[],0,0,
deepseekcoder,ROME,A,1366__repeat_2,0,0,[],[],0,0,
deepseekcoder,ROME,A,1366__repeat_3,0,0,[],[],0,0,
deepseekcoder,ROME,A,1366__repeat_4,0,0,[],[],0,0,
deepseekcoder,ROME,A,1366__repeat_5,0,0,[],[],0,0,
deepseekcoder,ROME,A,1981__repeat_1,0,0,[],[],0,0,
deepseekcoder,ROME,A,1981__repeat_2,0,0,[],[],0,0,
deepseekcoder,ROME,A,1981__repeat_3,0,0,[],[],0,0,
deepseekcoder,ROME,A,1981__repeat_4,0,0,[],[],0,0,
deepseekcoder,ROME,A,1981__repeat_5,0,0,[],[],0,0,
deepseekcoder,ROME,A,1085__repeat_1,0,0,[],[],0,0,
deepseekcoder,ROME,A,1085__repeat_2,0,0,[],[],0,0,
deepseekcoder,ROME,A,1085__repeat_3,0,0,[],[],0,0,
deepseekcoder,ROME,A,1085__repeat_4,0,0,[],[],0,0,
deepseekcoder,ROME,A,1085__repeat_5,0,0,[],[],0,0,
deepseekcoder,ROME,A,4720__repeat_1,0,0,[],[],0,0,
deepseekcoder,ROME,A,4720__repeat_2,0,0,[],[],0,0,
deepseekcoder,ROME,A,4720__repeat_3,0,0,[],[],0,0,
deepseekcoder,ROME,A,4720__repeat_4,0,0,[],[],0,0,
deepseekcoder,ROME,A,4720__repeat_5,0,0,[],[],0,0,
deepseekcoder,ROME,A,2609__repeat_1,0,0,[],[],0,0,
deepseekcoder,ROME,A,2609__repeat_2,0,0,[],[],0,0,
deepseekcoder,ROME,A,2609__repeat_3,0,0,[],[],0,0,
deepseekcoder,ROME,A,2609__repeat_4,0,0,[],[],0,0,
deepseekcoder,ROME,A,2609__repeat_5,0,0,[],[],0,0,
deepseekcoder,ROME,A,4525__repeat_1,0,0,[],[],0,0,
deepseekcoder,ROME,A,4525__repeat_2,0,0,[],[],0,0,
deepseekcoder,ROME,A,4525__repeat_3,0,0,[],[],0,0,
deepseekcoder,ROME,A,4525__repeat_4,0,0,[],[],0,0,
deepseekcoder,ROME,A,4525__repeat_5,0,0,[],[],0,0,
deepseekcoder,ROME,A,682__repeat_1,0,0,[],[],0,0,
deepseekcoder,ROME,A,682__repeat_2,0,0,[],[],0,0,
deepseekcoder,ROME,A,682__repeat_3,0,0,[],[],0,0,
deepseekcoder,ROME,A,682__repeat_4,0,0,[],[],0,0,
deepseekcoder,ROME,A,682__repeat_5,0,0,[],[],0,0,
deepseekcoder,ROME,A,2939__repeat_1,0,0,[],[],0,0,
deepseekcoder,ROME,A,2939__repeat_2,0,0,[],[],0,0,
deepseekcoder,ROME,A,2939__repeat_3,0,0,[],[],0,0,
deepseekcoder,ROME,A,2939__repeat_4,0,0,[],[],0,0,
deepseekcoder,ROME,A,2939__repeat_5,0,0,[],[],0,0,
deepseekcoder,ROME,A,88__repeat_1,0,0,[],[],0,0,
deepseekcoder,ROME,A,88__repeat_2,0,0,[],[],0,0,
deepseekcoder,ROME,A,88__repeat_3,0,0,[],[],0,0,
deepseekcoder,ROME,A,88__repeat_4,0,0,[],[],0,0,
deepseekcoder,ROME,A,88__repeat_5,0,0,[],[],0,0,
deepseekcoder,ROME,A,1871__repeat_1,0,0,[],[],0,0,
deepseekcoder,ROME,A,1871__repeat_2,0,0,[],[],0,0,
deepseekcoder,ROME,A,1871__repeat_3,0,0,[],[],0,0,
deepseekcoder,ROME,A,1871__repeat_4,0,0,[],[],0,0,
deepseekcoder,ROME,A,1871__repeat_5,0,0,[],[],0,0,
deepseekcoder,ROME,A,4863__repeat_1,0,0,[],[],0,0,
deepseekcoder,ROME,A,4863__repeat_2,0,0,[],[],0,0,
deepseekcoder,ROME,A,4863__repeat_3,0,0,[],[],0,0,
deepseekcoder,ROME,A,4863__repeat_4,0,0,[],[],0,0,
deepseekcoder,ROME,A,4863__repeat_5,0,0,[],[],0,0,
deepseekcoder,ROME,A,4809__repeat_1,0,0,[],[],0,0,
deepseekcoder,ROME,A,4809__repeat_2,0,0,[],[],0,0,
deepseekcoder,ROME,A,4809__repeat_3,0,0,[],[],0,0,
deepseekcoder,ROME,A,4809__repeat_4,0,0,[],[],0,0,
deepseekcoder,ROME,A,4809__repeat_5,0,0,[],[],0,0,
deepseekcoder,ROME,A,3994__repeat_1,0,0,[],[],0,0,
deepseekcoder,ROME,A,3994__repeat_2,0,0,[],[],0,0,
deepseekcoder,ROME,A,3994__repeat_3,0,0,[],[],0,0,
deepseekcoder,ROME,A,3994__repeat_4,0,0,[],[],0,0,
deepseekcoder,ROME,A,3994__repeat_5,0,0,[],[],0,0,
deepseekcoder,ROME,A,1217__repeat_1,0,0,[],[],0,0,
deepseekcoder,ROME,A,1217__repeat_2,0,0,[],[],0,0,
deepseekcoder,ROME,A,1217__repeat_3,0,0,[],[],0,0,
deepseekcoder,ROME,A,1217__repeat_4,0,0,[],[],0,0,
deepseekcoder,ROME,A,1217__repeat_5,0,0,[],[],0,0,
deepseekcoder,ROME,A,1293__repeat_1,0,0,[],[],0,0,
deepseekcoder,ROME,A,1293__repeat_2,0,0,[],[],0,0,
deepseekcoder,ROME,A,1293__repeat_3,0,0,[],[],0,0,
deepseekcoder,ROME,A,1293__repeat_4,0,0,[],[],0,0,
deepseekcoder,ROME,A,1293__repeat_5,0,0,[],[],0,0,
deepseekcoder,ROME,A,241__repeat_1,0,0,[],[],0,0,
deepseekcoder,ROME,A,241__repeat_2,0,0,[],[],0,0,
deepseekcoder,ROME,A,241__repeat_3,0,0,[],[],0,0,
deepseekcoder,ROME,A,241__repeat_4,0,0,[],[],0,0,
deepseekcoder,ROME,A,241__repeat_5,0,0,[],[],0,0,
deepseekcoder,ROME,A,3916__repeat_1,0,0,[],[],0,0,
deepseekcoder,ROME,A,3916__repeat_2,0,0,[],[],0,0,
deepseekcoder,ROME,A,3916__repeat_3,0,0,[],[],0,0,
deepseekcoder,ROME,A,3916__repeat_4,0,0,[],[],0,0,
deepseekcoder,ROME,A,3916__repeat_5,0,0,[],[],0,0,
deepseekcoder,ROME,A,4659__repeat_1,0,0,[],[],0,0,
deepseekcoder,ROME,A,4659__repeat_2,0,0,[],[],0,0,
deepseekcoder,ROME,A,4659__repeat_3,0,0,[],[],0,0,
deepseekcoder,ROME,A,4659__repeat_4,0,0,[],[],0,0,
deepseekcoder,ROME,A,4659__repeat_5,0,0,[],[],0,0,
deepseekcoder,ROME,A,84__repeat_1,0,0,[],[],0,0,
deepseekcoder,ROME,A,84__repeat_2,0,0,[],[],0,0,
deepseekcoder,ROME,A,84__repeat_3,0,0,[],[],0,0,
deepseekcoder,ROME,A,84__repeat_4,0,0,[],[],0,0,
deepseekcoder,ROME,A,84__repeat_5,0,0,[],[],0,0,
deepseekcoder,ROME,A,4355__repeat_1,0,0,[],[],0,0,
deepseekcoder,ROME,A,4355__repeat_2,0,0,[],[],0,0,
deepseekcoder,ROME,A,4355__repeat_3,0,0,[],[],0,0,
deepseekcoder,ROME,A,4355__repeat_4,0,0,[],[],0,0,
deepseekcoder,ROME,A,4355__repeat_5,0,0,[],[],0,0,
deepseekcoder,ROME,A,2010__repeat_1,0,0,[],[],0,0,
deepseekcoder,ROME,A,2010__repeat_2,0,0,[],[],0,0,
deepseekcoder,ROME,A,2010__repeat_3,0,0,[],[],0,0,
deepseekcoder,ROME,A,2010__repeat_4,0,0,[],[],0,0,
deepseekcoder,ROME,A,2010__repeat_5,0,0,[],[],0,0,
deepseekcoder,ROME,A,1683__repeat_1,0,0,[],[],0,0,
deepseekcoder,ROME,A,1683__repeat_2,0,0,[],[],0,0,
deepseekcoder,ROME,A,1683__repeat_3,0,0,[],[],0,0,
deepseekcoder,ROME,A,1683__repeat_4,0,0,[],[],0,0,
deepseekcoder,ROME,A,1683__repeat_5,0,0,[],[],0,0,
deepseekcoder,ROME,A,250__repeat_1,0,0,[],[],0,0,
deepseekcoder,ROME,A,250__repeat_2,0,0,[],[],0,0,
deepseekcoder,ROME,A,250__repeat_3,0,0,[],[],0,0,
deepseekcoder,ROME,A,250__repeat_4,0,0,[],[],0,0,
deepseekcoder,ROME,A,250__repeat_5,0,0,[],[],0,0,
deepseekcoder,ROME,A,4887__repeat_1,0,0,[],[],0,0,
deepseekcoder,ROME,A,4887__repeat_2,0,0,[],[],0,0,
deepseekcoder,ROME,A,4887__repeat_3,0,0,[],[],0,0,
deepseekcoder,ROME,A,4887__repeat_4,0,0,[],[],0,0,
deepseekcoder,ROME,A,4887__repeat_5,0,0,[],[],0,0,
deepseekcoder,ROME,A,4729__repeat_1,0,0,[],[],0,0,
deepseekcoder,ROME,A,4729__repeat_2,0,0,[],[],0,0,
deepseekcoder,ROME,A,4729__repeat_3,0,0,[],[],0,0,
deepseekcoder,ROME,A,4729__repeat_4,0,0,[],[],0,0,
deepseekcoder,ROME,A,4729__repeat_5,0,0,[],[],0,0,
deepseekcoder,ROME,A,2222__repeat_1,0,0,[],[],0,0,
deepseekcoder,ROME,A,2222__repeat_2,0,0,[],[],0,0,
deepseekcoder,ROME,A,2222__repeat_3,0,0,[],[],0,0,
deepseekcoder,ROME,A,2222__repeat_4,0,0,[],[],0,0,
deepseekcoder,ROME,A,2222__repeat_5,0,0,[],[],0,0,
deepseekcoder,ROME,A,1645__repeat_1,0,0,[],[],0,0,
deepseekcoder,ROME,A,1645__repeat_2,0,0,[],[],0,0,
deepseekcoder,ROME,A,1645__repeat_3,0,0,[],[],0,0,
deepseekcoder,ROME,A,1645__repeat_4,0,0,[],[],0,0,
deepseekcoder,ROME,A,1645__repeat_5,0,0,[],[],0,0,
deepseekcoder,ROME,A,2483__repeat_1,0,0,[],[],0,0,
deepseekcoder,ROME,A,2483__repeat_2,0,0,[],[],0,0,
deepseekcoder,ROME,A,2483__repeat_3,0,0,[],[],0,0,
deepseekcoder,ROME,A,2483__repeat_4,0,0,[],[],0,0,
deepseekcoder,ROME,A,2483__repeat_5,0,0,[],[],0,0,
deepseekcoder,ROME,A,2496__repeat_1,0,0,[],[],0,0,
deepseekcoder,ROME,A,2496__repeat_2,0,0,[],[],0,0,
deepseekcoder,ROME,A,2496__repeat_3,0,0,[],[],0,0,
deepseekcoder,ROME,A,2496__repeat_4,0,0,[],[],0,0,
deepseekcoder,ROME,A,2496__repeat_5,0,0,[],[],0,0,
deepseekcoder,ROME,A,3508__repeat_1,0,0,[],[],0,0,
deepseekcoder,ROME,A,3508__repeat_2,0,0,[],[],0,0,
deepseekcoder,ROME,A,3508__repeat_3,0,0,[],[],0,0,
deepseekcoder,ROME,A,3508__repeat_4,0,0,[],[],0,0,
deepseekcoder,ROME,A,3508__repeat_5,0,0,[],[],0,0,
deepseekcoder,ROME,A,2480__repeat_1,0,0,[],[],0,0,
deepseekcoder,ROME,A,2480__repeat_2,0,0,[],[],0,0,
deepseekcoder,ROME,A,2480__repeat_3,0,0,[],[],0,0,
deepseekcoder,ROME,A,2480__repeat_4,0,0,[],[],0,0,
deepseekcoder,ROME,A,2480__repeat_5,0,0,[],[],0,0,
deepseekcoder,ROME,A,2882__repeat_1,0,0,[],[],0,0,
deepseekcoder,ROME,A,2882__repeat_2,0,0,[],[],0,0,
deepseekcoder,ROME,A,2882__repeat_3,0,0,[],[],0,0,
deepseekcoder,ROME,A,2882__repeat_4,0,0,[],[],0,0,
deepseekcoder,ROME,A,2882__repeat_5,0,0,[],[],0,0,
deepseekcoder,ROME,A,146__repeat_1,0,0,[],[],0,0,TimeoutError: Parso per-answer time limit
deepseekcoder,ROME,A,146__repeat_2,0,0,[],[],0,0,
deepseekcoder,ROME,A,146__repeat_3,0,0,[],[],0,0,
deepseekcoder,ROME,A,146__repeat_4,0,0,[],[],0,0,
deepseekcoder,ROME,A,146__repeat_5,0,0,[],[],0,0,
deepseekcoder,ROME,A,1020__repeat_1,0,0,[],[],0,0,
deepseekcoder,ROME,A,1020__repeat_2,0,0,[],[],0,0,
deepseekcoder,ROME,A,1020__repeat_3,0,0,[],[],0,0,
deepseekcoder,ROME,A,1020__repeat_4,0,0,[],[],0,0,
deepseekcoder,ROME,A,1020__repeat_5,0,0,[],[],0,0,
deepseekcoder,ROME,A,4521__repeat_1,0,0,[],[],0,0,
deepseekcoder,ROME,A,4521__repeat_2,0,0,[],[],0,0,
deepseekcoder,ROME,A,4521__repeat_3,0,0,[],[],0,0,
deepseekcoder,ROME,A,4521__repeat_4,0,0,[],[],0,1,
deepseekcoder,ROME,A,4521__repeat_5,0,0,[],[],0,0,
deepseekcoder,ROME,A,2026__repeat_1,0,0,[],[],0,0,
deepseekcoder,ROME,A,2026__repeat_2,0,0,[],[],0,0,
deepseekcoder,ROME,A,2026__repeat_3,0,0,[],[],0,0,
deepseekcoder,ROME,A,2026__repeat_4,0,0,[],[],0,0,
deepseekcoder,ROME,A,2026__repeat_5,0,0,[],[],0,0,
deepseekcoder,ROME,A,540__repeat_1,0,0,[],[],0,0,
deepseekcoder,ROME,A,540__repeat_2,0,0,[],[],0,0,
deepseekcoder,ROME,A,540__repeat_3,0,0,[],[],0,0,
deepseekcoder,ROME,A,540__repeat_4,0,0,[],[],0,0,
deepseekcoder,ROME,A,540__repeat_5,0,0,[],[],0,0,
deepseekcoder,ROME,A,1798__repeat_1,0,0,[],[],0,0,
deepseekcoder,ROME,A,1798__repeat_2,0,0,[],[],0,0,
deepseekcoder,ROME,A,1798__repeat_3,0,0,[],[],0,0,
deepseekcoder,ROME,A,1798__repeat_4,0,0,[],[],0,0,
deepseekcoder,ROME,A,1798__repeat_5,0,0,[],[],0,0,
deepseekcoder,ROME,A,399__repeat_1,0,0,[],[],0,0,
deepseekcoder,ROME,A,399__repeat_2,0,0,[],[],0,0,
deepseekcoder,ROME,A,399__repeat_3,0,0,[],[],0,0,
deepseekcoder,ROME,A,399__repeat_4,0,0,[],[],0,0,
deepseekcoder,ROME,A,399__repeat_5,0,0,[],[],0,0,
deepseekcoder,ROME,A,2364__repeat_1,0,0,[],[],0,0,
deepseekcoder,ROME,A,2364__repeat_2,0,0,[],[],0,0,
deepseekcoder,ROME,A,2364__repeat_3,0,0,[],[],0,0,
deepseekcoder,ROME,A,2364__repeat_4,0,0,[],[],0,0,
deepseekcoder,ROME,A,2364__repeat_5,0,0,[],[],0,0,
deepseekcoder,ROME,A,2250__repeat_1,0,0,[],[],0,0,
deepseekcoder,ROME,A,2250__repeat_2,0,0,[],[],0,0,
deepseekcoder,ROME,A,2250__repeat_3,0,0,[],[],0,0,
deepseekcoder,ROME,A,2250__repeat_4,0,0,[],[],0,0,
deepseekcoder,ROME,A,2250__repeat_5,0,0,[],[],0,0,
deepseekcoder,ROME,A,3562__repeat_1,0,0,[],[],0,0,
deepseekcoder,ROME,A,3562__repeat_2,0,0,[],[],0,0,
deepseekcoder,ROME,A,3562__repeat_3,0,0,[],[],0,0,
deepseekcoder,ROME,A,3562__repeat_4,0,0,[],[],0,0,
deepseekcoder,ROME,A,3562__repeat_5,0,0,[],[],0,0,
deepseekcoder,ROME,A,2931__repeat_1,0,0,[],[],0,0,
deepseekcoder,ROME,A,2931__repeat_2,0,0,[],[],0,0,
deepseekcoder,ROME,A,2931__repeat_3,0,0,[],[],0,0,
deepseekcoder,ROME,A,2931__repeat_4,0,0,[],[],0,0,
deepseekcoder,ROME,A,2931__repeat_5,0,0,[],[],0,0,
deepseekcoder,ROME,A,1610__repeat_1,0,0,[],[],0,0,
deepseekcoder,ROME,A,1610__repeat_2,0,0,[],[],0,0,
deepseekcoder,ROME,A,1610__repeat_3,0,0,[],[],0,0,
deepseekcoder,ROME,A,1610__repeat_4,0,0,[],[],0,0,
deepseekcoder,ROME,A,1610__repeat_5,0,0,[],[],0,0,
deepseekcoder,ROME,A,4559__repeat_1,0,0,[],[],0,0,
deepseekcoder,ROME,A,4559__repeat_2,0,0,[],[],0,0,
deepseekcoder,ROME,A,4559__repeat_3,0,0,[],[],0,0,
deepseekcoder,ROME,A,4559__repeat_4,0,0,[],[],0,0,
deepseekcoder,ROME,A,4559__repeat_5,0,0,[],[],0,0,
deepseekcoder,ROME,A,637__repeat_1,0,0,[],[],0,0,
deepseekcoder,ROME,A,637__repeat_2,0,0,[],[],0,0,
deepseekcoder,ROME,A,637__repeat_3,0,0,[],[],0,0,
deepseekcoder,ROME,A,637__repeat_4,0,0,[],[],0,0,
deepseekcoder,ROME,A,637__repeat_5,0,0,[],[],0,0,
deepseekcoder,ROME,A,4825__repeat_1,0,0,[],[],0,0,
deepseekcoder,ROME,A,4825__repeat_2,0,0,[],[],0,0,
deepseekcoder,ROME,A,4825__repeat_3,0,0,[],[],0,0,
deepseekcoder,ROME,A,4825__repeat_4,0,0,[],[],0,0,
deepseekcoder,ROME,A,4825__repeat_5,0,0,[],[],0,0,
deepseekcoder,ROME,A,2465__repeat_1,0,0,[],[],0,0,
deepseekcoder,ROME,A,2465__repeat_2,0,0,[],[],0,0,
deepseekcoder,ROME,A,2465__repeat_3,0,0,[],[],0,0,
deepseekcoder,ROME,A,2465__repeat_4,0,0,[],[],0,0,
deepseekcoder,ROME,A,2465__repeat_5,0,0,[],[],0,0,
deepseekcoder,ROME,A,1316__repeat_1,0,0,[],[],0,0,
deepseekcoder,ROME,A,1316__repeat_2,0,0,[],[],0,0,
deepseekcoder,ROME,A,1316__repeat_3,0,0,[],[],0,0,
deepseekcoder,ROME,A,1316__repeat_4,0,0,[],[],0,0,
deepseekcoder,ROME,A,1316__repeat_5,0,0,[],[],0,0,
deepseekcoder,ROME,A,4881__repeat_1,0,0,[],[],0,0,
deepseekcoder,ROME,A,4881__repeat_2,0,0,[],[],0,0,
deepseekcoder,ROME,A,4881__repeat_3,0,0,[],[],0,0,
deepseekcoder,ROME,A,4881__repeat_4,0,0,[],[],0,0,
deepseekcoder,ROME,A,4881__repeat_5,0,0,[],[],0,0,
deepseekcoder,ROME,A,2611__repeat_1,0,0,[],[],0,0,
deepseekcoder,ROME,A,2611__repeat_2,0,0,[],[],0,0,
deepseekcoder,ROME,A,2611__repeat_3,0,0,[],[],0,0,
deepseekcoder,ROME,A,2611__repeat_4,0,0,[],[],0,0,
deepseekcoder,ROME,A,2611__repeat_5,0,0,[],[],0,0,
deepseekcoder,ROME,A,55__repeat_1,0,0,[],[],0,0,
deepseekcoder,ROME,A,55__repeat_2,0,0,[],[],0,0,
deepseekcoder,ROME,A,55__repeat_3,0,0,[],[],0,0,
deepseekcoder,ROME,A,55__repeat_4,0,0,[],[],0,0,
deepseekcoder,ROME,A,55__repeat_5,0,0,[],[],0,0,
deepseekcoder,ROME,A,3343__repeat_1,0,0,[],[],0,0,
deepseekcoder,ROME,A,3343__repeat_2,0,0,[],[],0,0,
deepseekcoder,ROME,A,3343__repeat_3,0,0,[],[],0,0,
deepseekcoder,ROME,A,3343__repeat_4,0,0,[],[],0,0,
deepseekcoder,ROME,A,3343__repeat_5,0,0,[],[],0,0,
deepseekcoder,ROME,A,4344__repeat_1,0,0,[],[],0,0,
deepseekcoder,ROME,A,4344__repeat_2,0,0,[],[],0,0,
deepseekcoder,ROME,A,4344__repeat_3,0,0,[],[],0,0,
deepseekcoder,ROME,A,4344__repeat_4,0,0,[],[],0,0,
deepseekcoder,ROME,A,4344__repeat_5,0,0,[],[],0,0,
deepseekcoder,ROME,A,2113__repeat_1,0,0,[],[],0,0,
deepseekcoder,ROME,A,2113__repeat_2,0,0,[],[],0,0,
deepseekcoder,ROME,A,2113__repeat_3,0,0,[],[],0,0,
deepseekcoder,ROME,A,2113__repeat_4,0,0,[],[],0,0,
deepseekcoder,ROME,A,2113__repeat_5,0,0,[],[],0,0,
deepseekcoder,ROME,A,64__repeat_1,0,0,[],[],0,0,
deepseekcoder,ROME,A,64__repeat_2,0,0,[],[],0,0,
deepseekcoder,ROME,A,64__repeat_3,0,0,[],[],0,0,
deepseekcoder,ROME,A,64__repeat_4,0,0,[],[],0,0,
deepseekcoder,ROME,A,64__repeat_5,0,0,[],[],0,0,
deepseekcoder,ROME,A,1448__repeat_1,0,0,[],[],0,0,
deepseekcoder,ROME,A,1448__repeat_2,0,0,[],[],0,0,
deepseekcoder,ROME,A,1448__repeat_3,0,0,[],[],0,0,
deepseekcoder,ROME,A,1448__repeat_4,0,0,[],[],0,0,
deepseekcoder,ROME,A,1448__repeat_5,0,0,[],[],0,0,
deepseekcoder,ROME,A,1725__repeat_1,0,0,[],[],0,0,
deepseekcoder,ROME,A,1725__repeat_2,0,0,[],[],0,0,
deepseekcoder,ROME,A,1725__repeat_3,0,0,[],[],0,0,
deepseekcoder,ROME,A,1725__repeat_4,0,0,[],[],0,0,
deepseekcoder,ROME,A,1725__repeat_5,0,0,[],[],0,0,
deepseekcoder,ROME,A,2195__repeat_1,0,0,[],[],0,0,
deepseekcoder,ROME,A,2195__repeat_2,0,0,[],[],0,0,
deepseekcoder,ROME,A,2195__repeat_3,0,0,[],[],0,0,
deepseekcoder,ROME,A,2195__repeat_4,0,0,[],[],0,0,
deepseekcoder,ROME,A,2195__repeat_5,0,0,[],[],0,0,
deepseekcoder,ROME,A,2398__repeat_1,0,0,[],[],0,0,
deepseekcoder,ROME,A,2398__repeat_2,0,0,[],[],0,0,
deepseekcoder,ROME,A,2398__repeat_3,0,0,[],[],0,0,
deepseekcoder,ROME,A,2398__repeat_4,0,0,[],[],0,0,
deepseekcoder,ROME,A,2398__repeat_5,0,0,[],[],0,0,
deepseekcoder,ROME,A,3693__repeat_1,0,0,[],[],0,0,
deepseekcoder,ROME,A,3693__repeat_2,0,0,[],[],0,0,
deepseekcoder,ROME,A,3693__repeat_3,0,0,[],[],0,0,
deepseekcoder,ROME,A,3693__repeat_4,0,0,[],[],0,0,
deepseekcoder,ROME,A,3693__repeat_5,0,0,[],[],0,0,
deepseekcoder,ROME,A,4081__repeat_1,0,0,[],[],0,0,
deepseekcoder,ROME,A,4081__repeat_2,0,0,[],[],0,0,
deepseekcoder,ROME,A,4081__repeat_3,0,0,[],[],0,0,
deepseekcoder,ROME,A,4081__repeat_4,0,0,[],[],0,0,
deepseekcoder,ROME,A,4081__repeat_5,0,0,[],[],0,0,
deepseekcoder,ROME,A,4856__repeat_1,0,0,[],[],0,0,
deepseekcoder,ROME,A,4856__repeat_2,0,0,[],[],0,0,
deepseekcoder,ROME,A,4856__repeat_3,0,0,[],[],0,0,
deepseekcoder,ROME,A,4856__repeat_4,0,0,[],[],0,0,
deepseekcoder,ROME,A,4856__repeat_5,0,0,[],[],0,0,
deepseekcoder,ROME,A,4299__repeat_1,0,0,[],[],0,0,
deepseekcoder,ROME,A,4299__repeat_2,0,0,[],[],0,0,
deepseekcoder,ROME,A,4299__repeat_3,0,0,[],[],0,0,
deepseekcoder,ROME,A,4299__repeat_4,0,0,[],[],0,0,
deepseekcoder,ROME,A,4299__repeat_5,0,0,[],[],0,0,
deepseekcoder,ROME,A,1522__repeat_1,0,0,[],[],0,0,
deepseekcoder,ROME,A,1522__repeat_2,0,0,[],[],0,0,
deepseekcoder,ROME,A,1522__repeat_3,0,0,[],[],0,0,
deepseekcoder,ROME,A,1522__repeat_4,0,0,[],[],0,0,
deepseekcoder,ROME,A,1522__repeat_5,0,0,[],[],0,0,
deepseekcoder,ROME,A,3155__repeat_1,0,0,[],[],0,0,
deepseekcoder,ROME,A,3155__repeat_2,0,0,[],[],0,0,
deepseekcoder,ROME,A,3155__repeat_3,0,0,[],[],0,0,
deepseekcoder,ROME,A,3155__repeat_4,0,0,[],[],0,1,
deepseekcoder,ROME,A,3155__repeat_5,0,0,[],[],0,0,
deepseekcoder,ROME,A,313__repeat_1,0,0,[],[],0,0,
deepseekcoder,ROME,A,313__repeat_2,0,0,[],[],0,0,
deepseekcoder,ROME,A,313__repeat_3,0,0,[],[],0,0,
deepseekcoder,ROME,A,313__repeat_4,0,0,[],[],0,0,
deepseekcoder,ROME,A,313__repeat_5,0,0,[],[],0,0,
deepseekcoder,ROME,A,3784__repeat_1,0,0,[],[],0,0,
deepseekcoder,ROME,A,3784__repeat_2,0,0,[],[],0,0,
deepseekcoder,ROME,A,3784__repeat_3,0,0,[],[],0,0,
deepseekcoder,ROME,A,3784__repeat_4,0,0,[],[],0,0,
deepseekcoder,ROME,A,3784__repeat_5,0,0,[],[],0,0,
deepseekcoder,ROME,A,4196__repeat_1,0,0,[],[],0,0,
deepseekcoder,ROME,A,4196__repeat_2,0,0,[],[],0,0,
deepseekcoder,ROME,A,4196__repeat_3,0,0,[],[],0,0,
deepseekcoder,ROME,A,4196__repeat_4,0,0,[],[],0,0,
deepseekcoder,ROME,A,4196__repeat_5,0,0,[],[],0,0,
deepseekcoder,ROME,A,982__repeat_1,0,0,[],[],0,0,
deepseekcoder,ROME,A,982__repeat_2,0,0,[],[],0,0,
deepseekcoder,ROME,A,982__repeat_3,0,0,[],[],0,0,
deepseekcoder,ROME,A,982__repeat_4,0,0,[],[],0,0,
deepseekcoder,ROME,A,982__repeat_5,0,0,[],[],0,0,
deepseekcoder,ROME,A,4386__repeat_1,0,0,[],[],0,0,
deepseekcoder,ROME,A,4386__repeat_2,0,0,[],[],0,0,
deepseekcoder,ROME,A,4386__repeat_3,0,0,[],[],0,0,
deepseekcoder,ROME,A,4386__repeat_4,0,0,[],[],0,0,
deepseekcoder,ROME,A,4386__repeat_5,0,0,[],[],0,0,
deepseekcoder,ROME,A,4117__repeat_1,0,0,[],[],0,0,
deepseekcoder,ROME,A,4117__repeat_2,0,0,[],[],0,0,
deepseekcoder,ROME,A,4117__repeat_3,0,0,[],[],0,0,
deepseekcoder,ROME,A,4117__repeat_4,0,0,[],[],0,0,
deepseekcoder,ROME,A,4117__repeat_5,0,0,[],[],0,0,
deepseekcoder,ROME,A,446__repeat_1,0,0,[],[],0,0,
deepseekcoder,ROME,A,446__repeat_2,0,0,[],[],0,0,
deepseekcoder,ROME,A,446__repeat_3,0,0,[],[],0,0,
deepseekcoder,ROME,A,446__repeat_4,0,0,[],[],0,0,
deepseekcoder,ROME,A,446__repeat_5,0,0,[],[],0,0,
deepseekcoder,ROME,B,270__repeat_1,0,0,[],[],0,0,
deepseekcoder,ROME,B,270__repeat_2,0,0,[],[],0,0,
deepseekcoder,ROME,B,270__repeat_3,0,0,[],[],0,0,
deepseekcoder,ROME,B,270__repeat_4,0,0,[],[],0,0,
deepseekcoder,ROME,B,270__repeat_5,0,0,[],[],0,0,
deepseekcoder,ROME,B,4126__repeat_1,0,0,[],[],0,0,
deepseekcoder,ROME,B,4126__repeat_2,0,0,[],[],0,0,
deepseekcoder,ROME,B,4126__repeat_3,0,0,[],[],0,0,
deepseekcoder,ROME,B,4126__repeat_4,0,0,[],[],0,0,
deepseekcoder,ROME,B,4126__repeat_5,0,0,[],[],0,0,
deepseekcoder,ROME,B,2845__repeat_1,0,0,[],[],0,0,
deepseekcoder,ROME,B,2845__repeat_2,0,0,[],[],0,0,
deepseekcoder,ROME,B,2845__repeat_3,0,0,[],[],0,0,
deepseekcoder,ROME,B,2845__repeat_4,0,0,[],[],0,0,
deepseekcoder,ROME,B,2845__repeat_5,0,0,[],[],0,0,
deepseekcoder,ROME,B,782__repeat_1,0,0,[],[],0,0,
deepseekcoder,ROME,B,782__repeat_2,0,0,[],[],0,0,
deepseekcoder,ROME,B,782__repeat_3,0,0,[],[],0,0,
deepseekcoder,ROME,B,782__repeat_4,0,0,[],[],0,0,
deepseekcoder,ROME,B,782__repeat_5,0,0,[],[],0,0,
deepseekcoder,ROME,B,3302__repeat_1,0,0,[],[],0,0,
deepseekcoder,ROME,B,3302__repeat_2,0,0,[],[],0,0,
deepseekcoder,ROME,B,3302__repeat_3,0,0,[],[],0,0,
deepseekcoder,ROME,B,3302__repeat_4,0,0,[],[],0,0,
deepseekcoder,ROME,B,3302__repeat_5,0,0,[],[],0,0,
deepseekcoder,ROME,B,3063__repeat_1,0,0,[],[],0,0,
deepseekcoder,ROME,B,3063__repeat_2,0,0,[],[],0,0,
deepseekcoder,ROME,B,3063__repeat_3,0,0,[],[],0,0,
deepseekcoder,ROME,B,3063__repeat_4,0,0,[],[],0,0,
deepseekcoder,ROME,B,3063__repeat_5,0,0,[],[],0,0,
deepseekcoder,ROME,B,2000__repeat_1,0,0,[],[],0,0,
deepseekcoder,ROME,B,2000__repeat_2,0,0,[],[],0,0,
deepseekcoder,ROME,B,2000__repeat_3,0,0,[],[],0,0,
deepseekcoder,ROME,B,2000__repeat_4,0,0,[],[],0,0,
deepseekcoder,ROME,B,2000__repeat_5,0,0,[],[],0,0,
deepseekcoder,ROME,B,2347__repeat_1,0,0,[],[],0,0,
deepseekcoder,ROME,B,2347__repeat_2,0,0,[],[],0,0,
deepseekcoder,ROME,B,2347__repeat_3,0,0,[],[],0,1,
deepseekcoder,ROME,B,2347__repeat_4,0,0,[],[],0,0,
deepseekcoder,ROME,B,2347__repeat_5,0,0,[],[],0,0,
deepseekcoder,ROME,B,59__repeat_1,0,0,[],[],0,0,
deepseekcoder,ROME,B,59__repeat_2,0,0,[],[],0,0,
deepseekcoder,ROME,B,59__repeat_3,0,0,[],[],0,0,
deepseekcoder,ROME,B,59__repeat_4,0,0,[],[],0,0,
deepseekcoder,ROME,B,59__repeat_5,0,0,[],[],0,0,
deepseekcoder,ROME,B,4381__repeat_1,0,0,[],[],0,0,
deepseekcoder,ROME,B,4381__repeat_2,0,0,[],[],0,0,
deepseekcoder,ROME,B,4381__repeat_3,0,0,[],[],0,0,
deepseekcoder,ROME,B,4381__repeat_4,0,0,[],[],0,0,
deepseekcoder,ROME,B,4381__repeat_5,0,0,[],[],0,0,
deepseekcoder,ROME,B,547__repeat_1,0,0,[],[],0,0,
deepseekcoder,ROME,B,547__repeat_2,0,0,[],[],0,0,
deepseekcoder,ROME,B,547__repeat_3,0,0,[],[],0,0,
deepseekcoder,ROME,B,547__repeat_4,0,0,[],[],0,0,
deepseekcoder,ROME,B,547__repeat_5,0,0,[],[],0,0,
deepseekcoder,ROME,B,4477__repeat_1,0,0,[],[],0,0,
deepseekcoder,ROME,B,4477__repeat_2,0,0,[],[],0,0,
deepseekcoder,ROME,B,4477__repeat_3,0,0,[],[],0,0,
deepseekcoder,ROME,B,4477__repeat_4,0,0,[],[],0,0,
deepseekcoder,ROME,B,4477__repeat_5,0,0,[],[],0,0,
deepseekcoder,ROME,B,3959__repeat_1,0,0,[],[],0,0,
deepseekcoder,ROME,B,3959__repeat_2,0,0,[],[],0,0,
deepseekcoder,ROME,B,3959__repeat_3,0,0,[],[],0,0,
deepseekcoder,ROME,B,3959__repeat_4,0,0,[],[],0,0,
deepseekcoder,ROME,B,3959__repeat_5,0,0,[],[],0,0,
deepseekcoder,ROME,B,4699__repeat_1,0,0,[],[],0,0,
deepseekcoder,ROME,B,4699__repeat_2,0,0,[],[],0,0,
deepseekcoder,ROME,B,4699__repeat_3,0,0,[],[],0,0,
deepseekcoder,ROME,B,4699__repeat_4,0,0,[],[],0,0,
deepseekcoder,ROME,B,4699__repeat_5,0,0,[],[],0,0,
deepseekcoder,ROME,B,4789__repeat_1,0,0,[],[],0,0,
deepseekcoder,ROME,B,4789__repeat_2,0,0,[],[],0,0,
deepseekcoder,ROME,B,4789__repeat_3,0,0,[],[],0,0,
deepseekcoder,ROME,B,4789__repeat_4,0,0,[],[],0,0,
deepseekcoder,ROME,B,4789__repeat_5,0,0,[],[],0,0,
deepseekcoder,ROME,B,562__repeat_1,0,0,[],[],0,0,
deepseekcoder,ROME,B,562__repeat_2,0,0,[],[],0,0,
deepseekcoder,ROME,B,562__repeat_3,0,0,[],[],0,0,
deepseekcoder,ROME,B,562__repeat_4,0,0,[],[],0,0,
deepseekcoder,ROME,B,562__repeat_5,0,0,[],[],0,0,
deepseekcoder,ROME,B,2773__repeat_1,0,0,[],[],0,0,
deepseekcoder,ROME,B,2773__repeat_2,0,0,[],[],0,0,
deepseekcoder,ROME,B,2773__repeat_3,0,0,[],[],0,1,
deepseekcoder,ROME,B,2773__repeat_4,0,0,[],[],0,0,
deepseekcoder,ROME,B,2773__repeat_5,0,0,[],[],0,0,
deepseekcoder,ROME,B,2431__repeat_1,0,0,[],[],0,0,
deepseekcoder,ROME,B,2431__repeat_2,0,0,[],[],0,0,
deepseekcoder,ROME,B,2431__repeat_3,0,0,[],[],0,0,
deepseekcoder,ROME,B,2431__repeat_4,0,0,[],[],0,0,
deepseekcoder,ROME,B,2431__repeat_5,0,0,[],[],0,0,
deepseekcoder,ROME,B,1178__repeat_1,0,0,[],[],0,0,
deepseekcoder,ROME,B,1178__repeat_2,0,0,[],[],0,0,
deepseekcoder,ROME,B,1178__repeat_3,0,0,[],[],0,0,
deepseekcoder,ROME,B,1178__repeat_4,0,0,[],[],0,0,
deepseekcoder,ROME,B,1178__repeat_5,0,0,[],[],0,0,
deepseekcoder,ROME,B,1947__repeat_1,0,0,[],[],0,0,
deepseekcoder,ROME,B,1947__repeat_2,0,0,[],[],0,0,
deepseekcoder,ROME,B,1947__repeat_3,0,0,[],[],0,0,
deepseekcoder,ROME,B,1947__repeat_4,0,0,[],[],0,0,
deepseekcoder,ROME,B,1947__repeat_5,0,0,[],[],0,0,
deepseekcoder,ROME,B,3002__repeat_1,0,0,[],[],0,0,
deepseekcoder,ROME,B,3002__repeat_2,0,0,[],[],0,0,
deepseekcoder,ROME,B,3002__repeat_3,0,0,[],[],0,0,
deepseekcoder,ROME,B,3002__repeat_4,0,0,[],[],0,0,
deepseekcoder,ROME,B,3002__repeat_5,0,0,[],[],0,0,
deepseekcoder,ROME,B,2379__repeat_1,0,0,[],[],0,0,
deepseekcoder,ROME,B,2379__repeat_2,0,0,[],[],0,0,
deepseekcoder,ROME,B,2379__repeat_3,0,0,[],[],0,0,
deepseekcoder,ROME,B,2379__repeat_4,0,0,[],[],0,0,
deepseekcoder,ROME,B,2379__repeat_5,0,0,[],[],0,0,
deepseekcoder,ROME,B,1767__repeat_1,0,0,[],[],0,0,
deepseekcoder,ROME,B,1767__repeat_2,0,0,[],[],0,1,
deepseekcoder,ROME,B,1767__repeat_3,0,0,[],[],0,0,
deepseekcoder,ROME,B,1767__repeat_4,0,0,[],[],0,0,
deepseekcoder,ROME,B,1767__repeat_5,0,0,[],[],0,0,
deepseekcoder,ROME,B,3359__repeat_1,0,0,[],[],0,0,
deepseekcoder,ROME,B,3359__repeat_2,0,0,[],[],0,0,
deepseekcoder,ROME,B,3359__repeat_3,0,0,[],[],0,0,
deepseekcoder,ROME,B,3359__repeat_4,0,0,[],[],0,0,
deepseekcoder,ROME,B,3359__repeat_5,0,0,[],[],0,0,
deepseekcoder,ROME,B,1630__repeat_1,0,0,[],[],0,0,
deepseekcoder,ROME,B,1630__repeat_2,0,0,[],[],0,0,
deepseekcoder,ROME,B,1630__repeat_3,0,0,[],[],0,0,
deepseekcoder,ROME,B,1630__repeat_4,0,0,[],[],0,0,
deepseekcoder,ROME,B,1630__repeat_5,0,0,[],[],0,0,
deepseekcoder,ROME,B,2941__repeat_1,0,0,[],[],0,0,
deepseekcoder,ROME,B,2941__repeat_2,0,0,[],[],0,0,
deepseekcoder,ROME,B,2941__repeat_3,0,0,[],[],0,0,
deepseekcoder,ROME,B,2941__repeat_4,0,0,[],[],0,0,
deepseekcoder,ROME,B,2941__repeat_5,0,0,[],[],0,0,
deepseekcoder,ROME,B,1424__repeat_1,0,0,[],[],0,0,
deepseekcoder,ROME,B,1424__repeat_2,0,0,[],[],0,0,
deepseekcoder,ROME,B,1424__repeat_3,0,0,[],[],0,0,
deepseekcoder,ROME,B,1424__repeat_4,0,0,[],[],0,0,
deepseekcoder,ROME,B,1424__repeat_5,0,0,[],[],0,0,
deepseekcoder,ROME,B,1366__repeat_1,0,0,[],[],0,0,
deepseekcoder,ROME,B,1366__repeat_2,0,0,[],[],0,0,
deepseekcoder,ROME,B,1366__repeat_3,0,0,[],[],0,0,
deepseekcoder,ROME,B,1366__repeat_4,0,0,[],[],0,0,
deepseekcoder,ROME,B,1366__repeat_5,0,0,[],[],0,0,
deepseekcoder,ROME,B,1981__repeat_1,0,0,[],[],0,0,
deepseekcoder,ROME,B,1981__repeat_2,0,0,[],[],0,0,
deepseekcoder,ROME,B,1981__repeat_3,0,0,[],[],0,0,
deepseekcoder,ROME,B,1981__repeat_4,0,0,[],[],0,0,
deepseekcoder,ROME,B,1981__repeat_5,0,0,[],[],0,0,
deepseekcoder,ROME,B,1085__repeat_1,0,0,[],[],0,0,
deepseekcoder,ROME,B,1085__repeat_2,0,0,[],[],0,0,
deepseekcoder,ROME,B,1085__repeat_3,0,0,[],[],0,0,
deepseekcoder,ROME,B,1085__repeat_4,0,0,[],[],0,0,
deepseekcoder,ROME,B,1085__repeat_5,0,0,[],[],0,0,
deepseekcoder,ROME,B,4720__repeat_1,0,0,[],[],0,0,
deepseekcoder,ROME,B,4720__repeat_2,0,0,[],[],0,0,
deepseekcoder,ROME,B,4720__repeat_3,0,0,[],[],0,0,
deepseekcoder,ROME,B,4720__repeat_4,0,0,[],[],0,0,
deepseekcoder,ROME,B,4720__repeat_5,0,0,[],[],0,0,
deepseekcoder,ROME,B,2609__repeat_1,0,0,[],[],0,0,
deepseekcoder,ROME,B,2609__repeat_2,0,0,[],[],0,0,
deepseekcoder,ROME,B,2609__repeat_3,0,0,[],[],0,0,
deepseekcoder,ROME,B,2609__repeat_4,0,0,[],[],0,0,
deepseekcoder,ROME,B,2609__repeat_5,0,0,[],[],0,0,
deepseekcoder,ROME,B,4525__repeat_1,0,0,[],[],0,0,
deepseekcoder,ROME,B,4525__repeat_2,0,0,[],[],0,0,
deepseekcoder,ROME,B,4525__repeat_3,0,0,[],[],0,0,
deepseekcoder,ROME,B,4525__repeat_4,0,0,[],[],0,0,
deepseekcoder,ROME,B,4525__repeat_5,0,0,[],[],0,0,
deepseekcoder,ROME,B,682__repeat_1,0,0,[],[],0,0,
deepseekcoder,ROME,B,682__repeat_2,0,0,[],[],0,0,
deepseekcoder,ROME,B,682__repeat_3,0,0,[],[],0,0,
deepseekcoder,ROME,B,682__repeat_4,0,0,[],[],0,0,
deepseekcoder,ROME,B,682__repeat_5,0,0,[],[],0,0,
deepseekcoder,ROME,B,2939__repeat_1,0,0,[],[],0,0,
deepseekcoder,ROME,B,2939__repeat_2,0,0,[],[],0,0,
deepseekcoder,ROME,B,2939__repeat_3,0,0,[],[],0,0,
deepseekcoder,ROME,B,2939__repeat_4,0,0,[],[],0,0,
deepseekcoder,ROME,B,2939__repeat_5,0,0,[],[],0,0,
deepseekcoder,ROME,B,88__repeat_1,0,0,[],[],0,0,
deepseekcoder,ROME,B,88__repeat_2,0,0,[],[],0,0,
deepseekcoder,ROME,B,88__repeat_3,0,0,[],[],0,0,
deepseekcoder,ROME,B,88__repeat_4,0,0,[],[],0,0,
deepseekcoder,ROME,B,88__repeat_5,0,0,[],[],0,0,
deepseekcoder,ROME,B,1871__repeat_1,0,0,[],[],0,0,
deepseekcoder,ROME,B,1871__repeat_2,0,0,[],[],0,0,
deepseekcoder,ROME,B,1871__repeat_3,0,0,[],[],0,0,
deepseekcoder,ROME,B,1871__repeat_4,0,0,[],[],0,0,
deepseekcoder,ROME,B,1871__repeat_5,0,0,[],[],0,0,
deepseekcoder,ROME,B,4863__repeat_1,0,0,[],[],0,0,
deepseekcoder,ROME,B,4863__repeat_2,0,0,[],[],0,0,
deepseekcoder,ROME,B,4863__repeat_3,0,0,[],[],0,0,
deepseekcoder,ROME,B,4863__repeat_4,0,0,[],[],0,0,
deepseekcoder,ROME,B,4863__repeat_5,0,0,[],[],0,0,
deepseekcoder,ROME,B,4809__repeat_1,0,0,[],[],0,0,
deepseekcoder,ROME,B,4809__repeat_2,0,0,[],[],0,0,
deepseekcoder,ROME,B,4809__repeat_3,0,0,[],[],0,0,
deepseekcoder,ROME,B,4809__repeat_4,0,0,[],[],0,0,
deepseekcoder,ROME,B,4809__repeat_5,0,0,[],[],0,0,
deepseekcoder,ROME,B,3994__repeat_1,0,0,[],[],0,0,
deepseekcoder,ROME,B,3994__repeat_2,0,0,[],[],0,0,
deepseekcoder,ROME,B,3994__repeat_3,0,0,[],[],0,0,
deepseekcoder,ROME,B,3994__repeat_4,0,0,[],[],0,0,
deepseekcoder,ROME,B,3994__repeat_5,0,0,[],[],0,0,
deepseekcoder,ROME,B,1217__repeat_1,0,0,[],[],0,0,
deepseekcoder,ROME,B,1217__repeat_2,0,0,[],[],0,0,
deepseekcoder,ROME,B,1217__repeat_3,0,0,[],[],0,0,
deepseekcoder,ROME,B,1217__repeat_4,0,0,[],[],0,0,
deepseekcoder,ROME,B,1217__repeat_5,0,0,[],[],0,0,
deepseekcoder,ROME,B,1293__repeat_1,0,0,[],[],0,0,
deepseekcoder,ROME,B,1293__repeat_2,0,0,[],[],0,0,
deepseekcoder,ROME,B,1293__repeat_3,0,0,[],[],0,0,
deepseekcoder,ROME,B,1293__repeat_4,0,0,[],[],0,0,
deepseekcoder,ROME,B,1293__repeat_5,0,0,[],[],0,1,
deepseekcoder,ROME,B,241__repeat_1,0,0,[],[],0,0,
deepseekcoder,ROME,B,241__repeat_2,0,0,[],[],0,0,
deepseekcoder,ROME,B,241__repeat_3,0,0,[],[],0,0,
deepseekcoder,ROME,B,241__repeat_4,0,0,[],[],0,0,
deepseekcoder,ROME,B,241__repeat_5,0,0,[],[],0,0,
deepseekcoder,ROME,B,3916__repeat_1,0,0,[],[],0,0,
deepseekcoder,ROME,B,3916__repeat_2,0,0,[],[],0,0,
deepseekcoder,ROME,B,3916__repeat_3,0,0,[],[],0,0,
deepseekcoder,ROME,B,3916__repeat_4,0,0,[],[],0,0,
deepseekcoder,ROME,B,3916__repeat_5,0,0,[],[],0,0,
deepseekcoder,ROME,B,4659__repeat_1,0,0,[],[],0,0,
deepseekcoder,ROME,B,4659__repeat_2,0,0,[],[],0,0,
deepseekcoder,ROME,B,4659__repeat_3,0,0,[],[],0,0,
deepseekcoder,ROME,B,4659__repeat_4,0,0,[],[],0,0,
deepseekcoder,ROME,B,4659__repeat_5,0,0,[],[],0,0,
deepseekcoder,ROME,B,84__repeat_1,0,0,[],[],0,0,
deepseekcoder,ROME,B,84__repeat_2,0,0,[],[],0,0,
deepseekcoder,ROME,B,84__repeat_3,0,0,[],[],0,0,
deepseekcoder,ROME,B,84__repeat_4,0,0,[],[],0,1,
deepseekcoder,ROME,B,84__repeat_5,0,0,[],[],0,0,
deepseekcoder,ROME,B,4355__repeat_1,0,0,[],[],0,0,
deepseekcoder,ROME,B,4355__repeat_2,0,0,[],[],0,0,
deepseekcoder,ROME,B,4355__repeat_3,0,0,[],[],0,0,
deepseekcoder,ROME,B,4355__repeat_4,0,0,[],[],0,0,
deepseekcoder,ROME,B,4355__repeat_5,0,0,[],[],0,0,
deepseekcoder,ROME,B,2010__repeat_1,0,0,[],[],0,0,
deepseekcoder,ROME,B,2010__repeat_2,0,0,[],[],0,0,
deepseekcoder,ROME,B,2010__repeat_3,0,0,[],[],0,0,
deepseekcoder,ROME,B,2010__repeat_4,0,0,[],[],0,0,
deepseekcoder,ROME,B,2010__repeat_5,0,0,[],[],0,0,
deepseekcoder,ROME,B,1683__repeat_1,0,0,[],[],0,0,
deepseekcoder,ROME,B,1683__repeat_2,0,0,[],[],0,0,
deepseekcoder,ROME,B,1683__repeat_3,0,0,[],[],0,0,
deepseekcoder,ROME,B,1683__repeat_4,0,0,[],[],0,0,
deepseekcoder,ROME,B,1683__repeat_5,0,0,[],[],0,0,
deepseekcoder,ROME,B,250__repeat_1,0,0,[],[],0,0,
deepseekcoder,ROME,B,250__repeat_2,0,0,[],[],0,0,
deepseekcoder,ROME,B,250__repeat_3,0,0,[],[],0,0,
deepseekcoder,ROME,B,250__repeat_4,0,0,[],[],0,0,
deepseekcoder,ROME,B,250__repeat_5,0,0,[],[],0,0,
deepseekcoder,ROME,B,4887__repeat_1,0,0,[],[],0,0,
deepseekcoder,ROME,B,4887__repeat_2,0,0,[],[],0,0,
deepseekcoder,ROME,B,4887__repeat_3,0,0,[],[],0,0,
deepseekcoder,ROME,B,4887__repeat_4,0,0,[],[],0,0,
deepseekcoder,ROME,B,4887__repeat_5,0,0,[],[],0,0,
deepseekcoder,ROME,B,4729__repeat_1,0,0,[],[],0,0,
deepseekcoder,ROME,B,4729__repeat_2,0,0,[],[],0,0,
deepseekcoder,ROME,B,4729__repeat_3,0,0,[],[],0,0,
deepseekcoder,ROME,B,4729__repeat_4,0,0,[],[],0,0,
deepseekcoder,ROME,B,4729__repeat_5,0,0,[],[],0,0,
deepseekcoder,ROME,B,2222__repeat_1,0,0,[],[],0,0,
deepseekcoder,ROME,B,2222__repeat_2,0,0,[],[],0,0,
deepseekcoder,ROME,B,2222__repeat_3,0,0,[],[],0,0,
deepseekcoder,ROME,B,2222__repeat_4,0,0,[],[],0,0,
deepseekcoder,ROME,B,2222__repeat_5,0,0,[],[],0,0,
deepseekcoder,ROME,B,1645__repeat_1,0,0,[],[],0,0,
deepseekcoder,ROME,B,1645__repeat_2,0,0,[],[],0,0,
deepseekcoder,ROME,B,1645__repeat_3,0,0,[],[],0,0,
deepseekcoder,ROME,B,1645__repeat_4,0,0,[],[],0,0,
deepseekcoder,ROME,B,1645__repeat_5,0,0,[],[],0,0,
deepseekcoder,ROME,B,2483__repeat_1,0,0,[],[],0,0,
deepseekcoder,ROME,B,2483__repeat_2,0,0,[],[],0,0,
deepseekcoder,ROME,B,2483__repeat_3,0,0,[],[],0,0,
deepseekcoder,ROME,B,2483__repeat_4,0,0,[],[],0,0,
deepseekcoder,ROME,B,2483__repeat_5,0,0,[],[],0,0,
deepseekcoder,ROME,B,2496__repeat_1,0,0,[],[],0,0,
deepseekcoder,ROME,B,2496__repeat_2,0,0,[],[],0,0,
deepseekcoder,ROME,B,2496__repeat_3,0,0,[],[],0,0,
deepseekcoder,ROME,B,2496__repeat_4,0,0,[],[],0,0,
deepseekcoder,ROME,B,2496__repeat_5,0,0,[],[],0,0,
deepseekcoder,ROME,B,3508__repeat_1,0,0,[],[],0,0,
deepseekcoder,ROME,B,3508__repeat_2,0,0,[],[],0,0,
deepseekcoder,ROME,B,3508__repeat_3,0,0,[],[],0,0,
deepseekcoder,ROME,B,3508__repeat_4,0,0,[],[],0,0,
deepseekcoder,ROME,B,3508__repeat_5,0,0,[],[],0,0,
deepseekcoder,ROME,B,2480__repeat_1,0,0,[],[],0,0,
deepseekcoder,ROME,B,2480__repeat_2,0,0,[],[],0,0,
deepseekcoder,ROME,B,2480__repeat_3,0,0,[],[],0,0,
deepseekcoder,ROME,B,2480__repeat_4,0,0,[],[],0,0,
deepseekcoder,ROME,B,2480__repeat_5,0,0,[],[],0,0,
deepseekcoder,ROME,B,2882__repeat_1,0,0,[],[],0,0,
deepseekcoder,ROME,B,2882__repeat_2,0,0,[],[],0,0,
deepseekcoder,ROME,B,2882__repeat_3,0,0,[],[],0,0,
deepseekcoder,ROME,B,2882__repeat_4,0,0,[],[],0,0,
deepseekcoder,ROME,B,2882__repeat_5,0,0,[],[],0,0,
deepseekcoder,ROME,B,146__repeat_1,0,0,[],[],0,0,
deepseekcoder,ROME,B,146__repeat_2,0,0,[],[],0,0,
deepseekcoder,ROME,B,146__repeat_3,0,0,[],[],0,0,
deepseekcoder,ROME,B,146__repeat_4,0,0,[],[],0,0,
deepseekcoder,ROME,B,146__repeat_5,0,0,[],[],0,0,
deepseekcoder,ROME,B,1020__repeat_1,0,0,[],[],0,0,
deepseekcoder,ROME,B,1020__repeat_2,0,0,[],[],0,0,
deepseekcoder,ROME,B,1020__repeat_3,0,0,[],[],0,0,
deepseekcoder,ROME,B,1020__repeat_4,0,0,[],[],0,0,
deepseekcoder,ROME,B,1020__repeat_5,0,0,[],[],0,0,
deepseekcoder,ROME,B,4521__repeat_1,0,0,[],[],0,0,
deepseekcoder,ROME,B,4521__repeat_2,0,0,[],[],0,0,
deepseekcoder,ROME,B,4521__repeat_3,0,0,[],[],0,0,
deepseekcoder,ROME,B,4521__repeat_4,0,0,[],[],0,0,
deepseekcoder,ROME,B,4521__repeat_5,0,0,[],[],0,0,
deepseekcoder,ROME,B,2026__repeat_1,0,0,[],[],0,0,
deepseekcoder,ROME,B,2026__repeat_2,0,0,[],[],0,0,
deepseekcoder,ROME,B,2026__repeat_3,0,0,[],[],0,0,
deepseekcoder,ROME,B,2026__repeat_4,0,0,[],[],0,0,
deepseekcoder,ROME,B,2026__repeat_5,0,0,[],[],0,0,
deepseekcoder,ROME,B,540__repeat_1,0,0,[],[],0,0,
deepseekcoder,ROME,B,540__repeat_2,0,0,[],[],0,0,
deepseekcoder,ROME,B,540__repeat_3,0,0,[],[],0,0,
deepseekcoder,ROME,B,540__repeat_4,0,0,[],[],0,0,
deepseekcoder,ROME,B,540__repeat_5,0,0,[],[],0,0,
deepseekcoder,ROME,B,1798__repeat_1,0,0,[],[],0,0,
deepseekcoder,ROME,B,1798__repeat_2,0,0,[],[],0,0,
deepseekcoder,ROME,B,1798__repeat_3,0,0,[],[],0,0,
deepseekcoder,ROME,B,1798__repeat_4,0,0,[],[],0,0,
deepseekcoder,ROME,B,1798__repeat_5,0,0,[],[],0,0,
deepseekcoder,ROME,B,399__repeat_1,0,0,[],[],0,0,
deepseekcoder,ROME,B,399__repeat_2,0,0,[],[],0,0,
deepseekcoder,ROME,B,399__repeat_3,0,0,[],[],0,0,
deepseekcoder,ROME,B,399__repeat_4,0,0,[],[],0,0,
deepseekcoder,ROME,B,399__repeat_5,0,0,[],[],0,0,
deepseekcoder,ROME,B,2364__repeat_1,0,0,[],[],0,0,
deepseekcoder,ROME,B,2364__repeat_2,0,0,[],[],0,0,
deepseekcoder,ROME,B,2364__repeat_3,0,0,[],[],0,0,
deepseekcoder,ROME,B,2364__repeat_4,0,0,[],[],0,0,
deepseekcoder,ROME,B,2364__repeat_5,0,0,[],[],0,0,
deepseekcoder,ROME,B,2250__repeat_1,0,0,[],[],0,0,
deepseekcoder,ROME,B,2250__repeat_2,0,0,[],[],0,0,
deepseekcoder,ROME,B,2250__repeat_3,0,0,[],[],0,0,
deepseekcoder,ROME,B,2250__repeat_4,0,0,[],[],0,0,
deepseekcoder,ROME,B,2250__repeat_5,0,0,[],[],0,0,
deepseekcoder,ROME,B,3562__repeat_1,0,0,[],[],0,0,
deepseekcoder,ROME,B,3562__repeat_2,0,0,[],[],0,0,
deepseekcoder,ROME,B,3562__repeat_3,0,0,[],[],0,0,
deepseekcoder,ROME,B,3562__repeat_4,0,0,[],[],0,0,
deepseekcoder,ROME,B,3562__repeat_5,0,0,[],[],0,0,
deepseekcoder,ROME,B,2931__repeat_1,0,0,[],[],0,0,
deepseekcoder,ROME,B,2931__repeat_2,0,0,[],[],0,0,
deepseekcoder,ROME,B,2931__repeat_3,0,0,[],[],0,0,
deepseekcoder,ROME,B,2931__repeat_4,0,0,[],[],0,0,
deepseekcoder,ROME,B,2931__repeat_5,0,0,[],[],0,0,
deepseekcoder,ROME,B,1610__repeat_1,0,0,[],[],0,0,
deepseekcoder,ROME,B,1610__repeat_2,0,0,[],[],0,0,
deepseekcoder,ROME,B,1610__repeat_3,0,0,[],[],0,0,
deepseekcoder,ROME,B,1610__repeat_4,0,0,[],[],0,0,
deepseekcoder,ROME,B,1610__repeat_5,0,0,[],[],0,0,
deepseekcoder,ROME,B,4559__repeat_1,0,0,[],[],0,0,
deepseekcoder,ROME,B,4559__repeat_2,0,0,[],[],0,0,
deepseekcoder,ROME,B,4559__repeat_3,0,0,[],[],0,0,
deepseekcoder,ROME,B,4559__repeat_4,0,0,[],[],0,0,
deepseekcoder,ROME,B,4559__repeat_5,0,0,[],[],0,0,
deepseekcoder,ROME,B,637__repeat_1,0,0,[],[],0,0,
deepseekcoder,ROME,B,637__repeat_2,0,0,[],[],0,0,
deepseekcoder,ROME,B,637__repeat_3,0,0,[],[],0,0,
deepseekcoder,ROME,B,637__repeat_4,0,0,[],[],0,0,
deepseekcoder,ROME,B,637__repeat_5,0,0,[],[],0,0,
deepseekcoder,ROME,B,4825__repeat_1,0,0,[],[],0,0,
deepseekcoder,ROME,B,4825__repeat_2,0,0,[],[],0,0,
deepseekcoder,ROME,B,4825__repeat_3,0,0,[],[],0,0,
deepseekcoder,ROME,B,4825__repeat_4,0,0,[],[],0,0,
deepseekcoder,ROME,B,4825__repeat_5,0,0,[],[],0,0,
deepseekcoder,ROME,B,2465__repeat_1,0,0,[],[],0,0,
deepseekcoder,ROME,B,2465__repeat_2,0,0,[],[],0,0,
deepseekcoder,ROME,B,2465__repeat_3,0,0,[],[],0,0,
deepseekcoder,ROME,B,2465__repeat_4,0,0,[],[],0,0,
deepseekcoder,ROME,B,2465__repeat_5,0,0,[],[],0,0,
deepseekcoder,ROME,B,1316__repeat_1,0,0,[],[],0,0,
deepseekcoder,ROME,B,1316__repeat_2,0,0,[],[],0,0,
deepseekcoder,ROME,B,1316__repeat_3,0,0,[],[],0,0,
deepseekcoder,ROME,B,1316__repeat_4,0,0,[],[],0,0,
deepseekcoder,ROME,B,1316__repeat_5,0,0,[],[],0,0,
deepseekcoder,ROME,B,4881__repeat_1,0,0,[],[],0,0,
deepseekcoder,ROME,B,4881__repeat_2,0,0,[],[],0,0,
deepseekcoder,ROME,B,4881__repeat_3,0,0,[],[],0,0,
deepseekcoder,ROME,B,4881__repeat_4,0,0,[],[],0,0,
deepseekcoder,ROME,B,4881__repeat_5,0,0,[],[],0,0,
deepseekcoder,ROME,B,2611__repeat_1,0,0,[],[],0,0,
deepseekcoder,ROME,B,2611__repeat_2,0,0,[],[],0,0,
deepseekcoder,ROME,B,2611__repeat_3,0,0,[],[],0,0,
deepseekcoder,ROME,B,2611__repeat_4,0,0,[],[],0,0,
deepseekcoder,ROME,B,2611__repeat_5,0,0,[],[],0,0,
deepseekcoder,ROME,B,55__repeat_1,0,0,[],[],0,0,
deepseekcoder,ROME,B,55__repeat_2,0,0,[],[],0,0,
deepseekcoder,ROME,B,55__repeat_3,0,0,[],[],0,0,
deepseekcoder,ROME,B,55__repeat_4,0,0,[],[],0,0,
deepseekcoder,ROME,B,55__repeat_5,0,0,[],[],0,0,
deepseekcoder,ROME,B,3343__repeat_1,0,0,[],[],0,0,
deepseekcoder,ROME,B,3343__repeat_2,0,0,[],[],0,0,
deepseekcoder,ROME,B,3343__repeat_3,0,0,[],[],0,0,
deepseekcoder,ROME,B,3343__repeat_4,0,0,[],[],0,0,
deepseekcoder,ROME,B,3343__repeat_5,0,0,[],[],0,0,
deepseekcoder,ROME,B,4344__repeat_1,0,0,[],[],0,0,
deepseekcoder,ROME,B,4344__repeat_2,0,0,[],[],0,0,
deepseekcoder,ROME,B,4344__repeat_3,0,0,[],[],0,0,
deepseekcoder,ROME,B,4344__repeat_4,0,0,[],[],0,0,
deepseekcoder,ROME,B,4344__repeat_5,0,0,[],[],0,0,
deepseekcoder,ROME,B,2113__repeat_1,0,0,[],[],0,0,
deepseekcoder,ROME,B,2113__repeat_2,0,0,[],[],0,0,
deepseekcoder,ROME,B,2113__repeat_3,0,0,[],[],0,0,
deepseekcoder,ROME,B,2113__repeat_4,0,0,[],[],0,0,
deepseekcoder,ROME,B,2113__repeat_5,0,0,[],[],0,0,
deepseekcoder,ROME,B,64__repeat_1,0,0,[],[],0,0,
deepseekcoder,ROME,B,64__repeat_2,0,0,[],[],0,0,
deepseekcoder,ROME,B,64__repeat_3,0,0,[],[],0,0,
deepseekcoder,ROME,B,64__repeat_4,0,0,[],[],0,0,
deepseekcoder,ROME,B,64__repeat_5,0,0,[],[],0,0,
deepseekcoder,ROME,B,1448__repeat_1,0,0,[],[],0,0,
deepseekcoder,ROME,B,1448__repeat_2,0,0,[],[],0,0,
deepseekcoder,ROME,B,1448__repeat_3,0,0,[],[],0,0,
deepseekcoder,ROME,B,1448__repeat_4,0,0,[],[],0,0,
deepseekcoder,ROME,B,1448__repeat_5,0,0,[],[],0,0,
deepseekcoder,ROME,B,1725__repeat_1,0,0,[],[],0,0,
deepseekcoder,ROME,B,1725__repeat_2,0,0,[],[],0,0,
deepseekcoder,ROME,B,1725__repeat_3,0,0,[],[],0,0,
deepseekcoder,ROME,B,1725__repeat_4,0,0,[],[],0,2,
deepseekcoder,ROME,B,1725__repeat_5,0,0,[],[],0,0,
deepseekcoder,ROME,B,2195__repeat_1,0,0,[],[],0,0,
deepseekcoder,ROME,B,2195__repeat_2,0,0,[],[],0,0,
deepseekcoder,ROME,B,2195__repeat_3,0,0,[],[],0,0,
deepseekcoder,ROME,B,2195__repeat_4,0,0,[],[],0,0,
deepseekcoder,ROME,B,2195__repeat_5,0,0,[],[],0,0,
deepseekcoder,ROME,B,2398__repeat_1,0,0,[],[],0,0,
deepseekcoder,ROME,B,2398__repeat_2,0,0,[],[],0,0,
deepseekcoder,ROME,B,2398__repeat_3,0,0,[],[],0,0,
deepseekcoder,ROME,B,2398__repeat_4,0,0,[],[],0,0,
deepseekcoder,ROME,B,2398__repeat_5,0,0,[],[],0,0,
deepseekcoder,ROME,B,3693__repeat_1,0,0,[],[],0,0,
deepseekcoder,ROME,B,3693__repeat_2,0,0,[],[],0,0,
deepseekcoder,ROME,B,3693__repeat_3,0,0,[],[],0,0,
deepseekcoder,ROME,B,3693__repeat_4,0,0,[],[],0,0,
deepseekcoder,ROME,B,3693__repeat_5,0,0,[],[],0,0,
deepseekcoder,ROME,B,4081__repeat_1,0,0,[],[],0,0,
deepseekcoder,ROME,B,4081__repeat_2,0,0,[],[],0,0,
deepseekcoder,ROME,B,4081__repeat_3,0,0,[],[],0,0,
deepseekcoder,ROME,B,4081__repeat_4,0,0,[],[],0,0,
deepseekcoder,ROME,B,4081__repeat_5,0,0,[],[],0,0,
deepseekcoder,ROME,B,4856__repeat_1,0,0,[],[],0,0,
deepseekcoder,ROME,B,4856__repeat_2,0,0,[],[],0,0,
deepseekcoder,ROME,B,4856__repeat_3,0,0,[],[],0,0,
deepseekcoder,ROME,B,4856__repeat_4,0,0,[],[],0,0,
deepseekcoder,ROME,B,4856__repeat_5,0,0,[],[],0,0,
deepseekcoder,ROME,B,4299__repeat_1,0,0,[],[],0,0,
deepseekcoder,ROME,B,4299__repeat_2,0,0,[],[],0,0,
deepseekcoder,ROME,B,4299__repeat_3,0,0,[],[],0,0,
deepseekcoder,ROME,B,4299__repeat_4,0,0,[],[],0,0,
deepseekcoder,ROME,B,4299__repeat_5,0,0,[],[],0,0,
deepseekcoder,ROME,B,1522__repeat_1,0,0,[],[],0,0,
deepseekcoder,ROME,B,1522__repeat_2,0,0,[],[],0,0,
deepseekcoder,ROME,B,1522__repeat_3,0,0,[],[],0,0,
deepseekcoder,ROME,B,1522__repeat_4,0,0,[],[],0,0,
deepseekcoder,ROME,B,1522__repeat_5,0,0,[],[],0,0,
deepseekcoder,ROME,B,3155__repeat_1,0,0,[],[],0,0,
deepseekcoder,ROME,B,3155__repeat_2,0,0,[],[],0,0,
deepseekcoder,ROME,B,3155__repeat_3,0,0,[],[],0,0,
deepseekcoder,ROME,B,3155__repeat_4,0,0,[],[],0,0,
deepseekcoder,ROME,B,3155__repeat_5,0,0,[],[],0,0,
deepseekcoder,ROME,B,313__repeat_1,0,0,[],[],0,0,
deepseekcoder,ROME,B,313__repeat_2,0,0,[],[],0,0,
deepseekcoder,ROME,B,313__repeat_3,0,0,[],[],0,0,
deepseekcoder,ROME,B,313__repeat_4,0,0,[],[],0,0,
deepseekcoder,ROME,B,313__repeat_5,0,0,[],[],0,0,
deepseekcoder,ROME,B,3784__repeat_1,0,0,[],[],0,0,
deepseekcoder,ROME,B,3784__repeat_2,0,0,[],[],0,0,
deepseekcoder,ROME,B,3784__repeat_3,0,0,[],[],0,0,
deepseekcoder,ROME,B,3784__repeat_4,0,0,[],[],0,0,
deepseekcoder,ROME,B,3784__repeat_5,0,0,[],[],0,0,
deepseekcoder,ROME,B,4196__repeat_1,0,0,[],[],0,0,
deepseekcoder,ROME,B,4196__repeat_2,0,0,[],[],0,0,
deepseekcoder,ROME,B,4196__repeat_3,0,0,[],[],0,0,
deepseekcoder,ROME,B,4196__repeat_4,0,0,[],[],0,0,
deepseekcoder,ROME,B,4196__repeat_5,0,0,[],[],0,0,
deepseekcoder,ROME,B,982__repeat_1,0,0,[],[],0,0,
deepseekcoder,ROME,B,982__repeat_2,0,0,[],[],0,0,
deepseekcoder,ROME,B,982__repeat_3,0,0,[],[],0,0,
deepseekcoder,ROME,B,982__repeat_4,0,0,[],[],0,0,
deepseekcoder,ROME,B,982__repeat_5,0,0,[],[],0,0,
deepseekcoder,ROME,B,4386__repeat_1,0,0,[],[],0,0,
deepseekcoder,ROME,B,4386__repeat_2,0,0,[],[],0,0,
deepseekcoder,ROME,B,4386__repeat_3,0,0,[],[],0,0,
deepseekcoder,ROME,B,4386__repeat_4,0,0,[],[],0,0,
deepseekcoder,ROME,B,4386__repeat_5,0,0,[],[],0,0,
deepseekcoder,ROME,B,4117__repeat_1,0,0,[],[],0,0,
deepseekcoder,ROME,B,4117__repeat_2,0,0,[],[],0,0,
deepseekcoder,ROME,B,4117__repeat_3,0,0,[],[],0,0,
deepseekcoder,ROME,B,4117__repeat_4,0,0,[],[],0,0,
deepseekcoder,ROME,B,4117__repeat_5,0,0,[],[],0,0,
deepseekcoder,ROME,B,446__repeat_1,0,0,[],[],0,0,
deepseekcoder,ROME,B,446__repeat_2,0,0,[],[],0,0,
deepseekcoder,ROME,B,446__repeat_3,0,0,[],[],0,0,
deepseekcoder,ROME,B,446__repeat_4,0,0,[],[],0,0,
deepseekcoder,ROME,B,446__repeat_5,0,0,[],[],0,0,
deepseekcoder,ROME,C,270__repeat_1,0,0,[],[],0,0,
deepseekcoder,ROME,C,270__repeat_2,0,0,[],[],0,0,
deepseekcoder,ROME,C,270__repeat_3,0,0,[],[],0,0,
deepseekcoder,ROME,C,270__repeat_4,0,0,[],[],0,0,
deepseekcoder,ROME,C,270__repeat_5,0,0,[],[],0,0,
deepseekcoder,ROME,C,4126__repeat_1,0,0,[],[],0,0,
deepseekcoder,ROME,C,4126__repeat_2,0,0,[],[],0,0,
deepseekcoder,ROME,C,4126__repeat_3,0,0,[],[],0,0,
deepseekcoder,ROME,C,4126__repeat_4,0,0,[],[],0,0,
deepseekcoder,ROME,C,4126__repeat_5,0,0,[],[],0,0,
deepseekcoder,ROME,C,2845__repeat_2,0,0,[],[],0,0,
deepseekcoder,ROME,C,2845__repeat_3,0,0,[],[],0,0,
deepseekcoder,ROME,C,2845__repeat_4,0,0,[],[],0,0,
deepseekcoder,ROME,C,2845__repeat_5,0,0,[],[],0,0,
deepseekcoder,ROME,C,782__repeat_1,0,0,[],[],0,0,
deepseekcoder,ROME,C,782__repeat_2,0,0,[],[],0,0,
deepseekcoder,ROME,C,782__repeat_3,0,0,[],[],0,0,
deepseekcoder,ROME,C,782__repeat_4,0,0,[],[],0,0,
deepseekcoder,ROME,C,782__repeat_5,0,0,[],[],0,0,
deepseekcoder,ROME,C,3302__repeat_1,0,0,[],[],0,0,
deepseekcoder,ROME,C,3302__repeat_2,0,0,[],[],0,0,
deepseekcoder,ROME,C,3302__repeat_3,0,0,[],[],0,0,
deepseekcoder,ROME,C,3302__repeat_4,0,0,[],[],0,0,
deepseekcoder,ROME,C,3302__repeat_5,0,0,[],[],0,0,
deepseekcoder,ROME,C,3063__repeat_1,0,0,[],[],0,0,
deepseekcoder,ROME,C,3063__repeat_2,0,0,[],[],0,0,
deepseekcoder,ROME,C,3063__repeat_3,0,0,[],[],0,0,
deepseekcoder,ROME,C,3063__repeat_4,0,0,[],[],0,0,
deepseekcoder,ROME,C,3063__repeat_5,0,0,[],[],0,0,
deepseekcoder,ROME,C,2000__repeat_1,0,0,[],[],0,0,
deepseekcoder,ROME,C,2000__repeat_2,0,0,[],[],0,0,
deepseekcoder,ROME,C,2000__repeat_3,0,0,[],[],0,0,
deepseekcoder,ROME,C,2000__repeat_4,0,0,[],[],0,0,
deepseekcoder,ROME,C,2000__repeat_5,0,0,[],[],0,0,
deepseekcoder,ROME,C,2347__repeat_1,0,0,[],[],0,1,
deepseekcoder,ROME,C,2347__repeat_2,0,0,[],[],0,0,
deepseekcoder,ROME,C,2347__repeat_3,0,0,[],[],0,0,
deepseekcoder,ROME,C,2347__repeat_4,0,0,[],[],0,0,
deepseekcoder,ROME,C,2347__repeat_5,0,0,[],[],0,0,
deepseekcoder,ROME,C,59__repeat_1,0,0,[],[],0,0,
deepseekcoder,ROME,C,59__repeat_2,0,0,[],[],0,0,
deepseekcoder,ROME,C,59__repeat_3,0,0,[],[],0,0,
deepseekcoder,ROME,C,59__repeat_4,0,0,[],[],0,0,
deepseekcoder,ROME,C,59__repeat_5,0,0,[],[],0,0,
deepseekcoder,ROME,C,4381__repeat_1,0,0,[],[],0,0,
deepseekcoder,ROME,C,4381__repeat_2,0,0,[],[],0,0,
deepseekcoder,ROME,C,4381__repeat_3,0,0,[],[],0,0,
deepseekcoder,ROME,C,4381__repeat_4,0,0,[],[],0,0,
deepseekcoder,ROME,C,4381__repeat_5,0,0,[],[],0,0,
deepseekcoder,ROME,C,547__repeat_1,0,0,[],[],0,0,
deepseekcoder,ROME,C,547__repeat_2,0,0,[],[],0,0,
deepseekcoder,ROME,C,547__repeat_3,0,0,[],[],0,0,
deepseekcoder,ROME,C,547__repeat_4,0,0,[],[],0,0,
deepseekcoder,ROME,C,547__repeat_5,0,0,[],[],0,0,
deepseekcoder,ROME,C,4477__repeat_1,0,0,[],[],0,0,
deepseekcoder,ROME,C,4477__repeat_2,0,0,[],[],0,0,
deepseekcoder,ROME,C,4477__repeat_3,0,0,[],[],0,0,
deepseekcoder,ROME,C,4477__repeat_4,0,0,[],[],0,0,
deepseekcoder,ROME,C,4477__repeat_5,0,0,[],[],0,0,
deepseekcoder,ROME,C,3959__repeat_1,0,0,[],[],0,0,
deepseekcoder,ROME,C,3959__repeat_2,0,0,[],[],0,0,
deepseekcoder,ROME,C,3959__repeat_3,0,0,[],[],0,0,
deepseekcoder,ROME,C,3959__repeat_4,0,0,[],[],0,0,
deepseekcoder,ROME,C,3959__repeat_5,0,0,[],[],0,0,
deepseekcoder,ROME,C,4699__repeat_1,0,0,[],[],0,0,
deepseekcoder,ROME,C,4699__repeat_2,0,0,[],[],0,0,
deepseekcoder,ROME,C,4699__repeat_3,0,0,[],[],0,0,
deepseekcoder,ROME,C,4699__repeat_4,0,0,[],[],0,0,
deepseekcoder,ROME,C,4699__repeat_5,0,0,[],[],0,0,
deepseekcoder,ROME,C,4789__repeat_1,0,0,[],[],0,0,
deepseekcoder,ROME,C,4789__repeat_2,0,0,[],[],0,0,
deepseekcoder,ROME,C,4789__repeat_3,0,0,[],[],0,0,
deepseekcoder,ROME,C,4789__repeat_4,0,0,[],[],0,0,
deepseekcoder,ROME,C,4789__repeat_5,0,0,[],[],0,0,
deepseekcoder,ROME,C,562__repeat_1,0,0,[],[],0,0,
deepseekcoder,ROME,C,562__repeat_2,0,0,[],[],0,0,
deepseekcoder,ROME,C,562__repeat_3,0,0,[],[],0,0,
deepseekcoder,ROME,C,562__repeat_4,0,0,[],[],0,0,
deepseekcoder,ROME,C,562__repeat_5,0,0,[],[],0,0,
deepseekcoder,ROME,C,2773__repeat_1,0,0,[],[],0,0,
deepseekcoder,ROME,C,2773__repeat_2,0,0,[],[],0,0,
deepseekcoder,ROME,C,2773__repeat_3,0,0,[],[],0,0,
deepseekcoder,ROME,C,2773__repeat_4,0,0,[],[],0,0,
deepseekcoder,ROME,C,2773__repeat_5,0,0,[],[],0,0,
deepseekcoder,ROME,C,2431__repeat_1,0,0,[],[],0,0,
deepseekcoder,ROME,C,2431__repeat_2,0,0,[],[],0,0,
deepseekcoder,ROME,C,2431__repeat_3,0,0,[],[],0,0,
deepseekcoder,ROME,C,2431__repeat_4,0,0,[],[],0,0,
deepseekcoder,ROME,C,2431__repeat_5,0,0,[],[],0,0,
deepseekcoder,ROME,C,1178__repeat_1,0,0,[],[],0,0,
deepseekcoder,ROME,C,1178__repeat_2,0,0,[],[],0,0,
deepseekcoder,ROME,C,1178__repeat_3,0,0,[],[],0,0,
deepseekcoder,ROME,C,1178__repeat_4,0,0,[],[],0,0,
deepseekcoder,ROME,C,1178__repeat_5,0,0,[],[],0,0,
deepseekcoder,ROME,C,1947__repeat_1,0,0,[],[],0,0,
deepseekcoder,ROME,C,1947__repeat_2,0,0,[],[],0,0,
deepseekcoder,ROME,C,1947__repeat_3,0,0,[],[],0,0,
deepseekcoder,ROME,C,1947__repeat_4,0,0,[],[],0,0,
deepseekcoder,ROME,C,1947__repeat_5,0,0,[],[],0,0,
deepseekcoder,ROME,C,3002__repeat_1,0,0,[],[],0,0,
deepseekcoder,ROME,C,3002__repeat_2,0,0,[],[],0,0,
deepseekcoder,ROME,C,3002__repeat_3,0,0,[],[],0,0,
deepseekcoder,ROME,C,3002__repeat_4,0,0,[],[],0,0,
deepseekcoder,ROME,C,3002__repeat_5,0,0,[],[],0,0,
deepseekcoder,ROME,C,2379__repeat_1,0,0,[],[],0,0,
deepseekcoder,ROME,C,2379__repeat_2,0,0,[],[],0,0,
deepseekcoder,ROME,C,2379__repeat_3,0,0,[],[],0,0,
deepseekcoder,ROME,C,2379__repeat_4,0,0,[],[],0,0,
deepseekcoder,ROME,C,2379__repeat_5,0,0,[],[],0,0,
deepseekcoder,ROME,C,1767__repeat_1,0,0,[],[],0,0,
deepseekcoder,ROME,C,1767__repeat_2,0,0,[],[],0,0,
deepseekcoder,ROME,C,1767__repeat_3,0,0,[],[],0,0,
deepseekcoder,ROME,C,1767__repeat_4,0,0,[],[],0,1,
deepseekcoder,ROME,C,1767__repeat_5,0,0,[],[],0,0,
deepseekcoder,ROME,C,3359__repeat_1,0,0,[],[],0,0,
deepseekcoder,ROME,C,3359__repeat_2,0,0,[],[],0,0,
deepseekcoder,ROME,C,3359__repeat_3,0,0,[],[],0,0,
deepseekcoder,ROME,C,3359__repeat_4,0,0,[],[],0,0,
deepseekcoder,ROME,C,3359__repeat_5,0,0,[],[],0,0,
deepseekcoder,ROME,C,1630__repeat_1,0,0,[],[],0,0,
deepseekcoder,ROME,C,1630__repeat_2,0,0,[],[],0,0,
deepseekcoder,ROME,C,1630__repeat_3,0,0,[],[],0,0,
deepseekcoder,ROME,C,1630__repeat_4,0,0,[],[],0,0,
deepseekcoder,ROME,C,1630__repeat_5,0,0,[],[],0,0,
deepseekcoder,ROME,C,2941__repeat_1,0,0,[],[],0,0,
deepseekcoder,ROME,C,2941__repeat_2,0,0,[],[],0,0,
deepseekcoder,ROME,C,2941__repeat_3,0,0,[],[],0,0,
deepseekcoder,ROME,C,2941__repeat_4,0,0,[],[],0,0,
deepseekcoder,ROME,C,2941__repeat_5,0,0,[],[],0,0,
deepseekcoder,ROME,C,1424__repeat_1,0,0,[],[],0,0,
deepseekcoder,ROME,C,1424__repeat_2,0,0,[],[],0,0,
deepseekcoder,ROME,C,1424__repeat_3,0,0,[],[],0,0,
deepseekcoder,ROME,C,1424__repeat_4,0,0,[],[],0,0,
deepseekcoder,ROME,C,1424__repeat_5,0,0,[],[],0,0,
deepseekcoder,ROME,C,1366__repeat_1,0,0,[],[],0,0,
deepseekcoder,ROME,C,1366__repeat_2,0,0,[],[],0,0,
deepseekcoder,ROME,C,1366__repeat_3,0,0,[],[],0,0,
deepseekcoder,ROME,C,1366__repeat_4,0,0,[],[],0,0,
deepseekcoder,ROME,C,1366__repeat_5,0,0,[],[],0,0,
deepseekcoder,ROME,C,1981__repeat_1,0,0,[],[],0,0,
deepseekcoder,ROME,C,1981__repeat_2,0,0,[],[],0,0,
deepseekcoder,ROME,C,1981__repeat_3,0,0,[],[],0,0,
deepseekcoder,ROME,C,1981__repeat_4,0,0,[],[],0,0,
deepseekcoder,ROME,C,1981__repeat_5,0,0,[],[],0,0,
deepseekcoder,ROME,C,1085__repeat_1,0,0,[],[],0,0,
deepseekcoder,ROME,C,1085__repeat_2,0,0,[],[],0,0,
deepseekcoder,ROME,C,1085__repeat_3,0,0,[],[],0,0,
deepseekcoder,ROME,C,1085__repeat_4,0,0,[],[],0,0,
deepseekcoder,ROME,C,1085__repeat_5,0,0,[],[],0,0,
deepseekcoder,ROME,C,4720__repeat_1,0,0,[],[],0,0,
deepseekcoder,ROME,C,4720__repeat_2,0,0,[],[],0,0,
deepseekcoder,ROME,C,4720__repeat_3,0,0,[],[],0,0,
deepseekcoder,ROME,C,4720__repeat_4,0,0,[],[],0,0,
deepseekcoder,ROME,C,4720__repeat_5,0,0,[],[],0,0,
deepseekcoder,ROME,C,2609__repeat_1,0,0,[],[],0,0,
deepseekcoder,ROME,C,2609__repeat_2,0,0,[],[],0,0,
deepseekcoder,ROME,C,2609__repeat_3,0,0,[],[],0,0,
deepseekcoder,ROME,C,2609__repeat_4,0,0,[],[],0,0,
deepseekcoder,ROME,C,2609__repeat_5,0,0,[],[],0,0,
deepseekcoder,ROME,C,4525__repeat_1,0,0,[],[],0,0,
deepseekcoder,ROME,C,4525__repeat_2,0,0,[],[],0,0,
deepseekcoder,ROME,C,4525__repeat_3,0,0,[],[],0,0,
deepseekcoder,ROME,C,4525__repeat_4,0,0,[],[],0,0,
deepseekcoder,ROME,C,4525__repeat_5,0,0,[],[],0,0,
deepseekcoder,ROME,C,682__repeat_1,0,0,[],[],0,0,
deepseekcoder,ROME,C,682__repeat_2,0,0,[],[],0,0,
deepseekcoder,ROME,C,682__repeat_3,0,0,[],[],0,0,
deepseekcoder,ROME,C,682__repeat_4,0,0,[],[],0,0,
deepseekcoder,ROME,C,682__repeat_5,0,0,[],[],0,0,
deepseekcoder,ROME,C,2939__repeat_1,0,0,[],[],0,0,
deepseekcoder,ROME,C,2939__repeat_2,0,0,[],[],0,0,
deepseekcoder,ROME,C,2939__repeat_3,0,0,[],[],0,0,
deepseekcoder,ROME,C,2939__repeat_4,0,0,[],[],0,0,
deepseekcoder,ROME,C,2939__repeat_5,0,0,[],[],0,0,
deepseekcoder,ROME,C,88__repeat_1,0,0,[],[],0,0,
deepseekcoder,ROME,C,88__repeat_2,0,0,[],[],0,0,
deepseekcoder,ROME,C,88__repeat_3,0,0,[],[],0,0,
deepseekcoder,ROME,C,88__repeat_4,0,0,[],[],0,0,
deepseekcoder,ROME,C,88__repeat_5,0,0,[],[],0,0,
deepseekcoder,ROME,C,1871__repeat_1,0,0,[],[],0,0,
deepseekcoder,ROME,C,1871__repeat_2,0,0,[],[],0,0,
deepseekcoder,ROME,C,1871__repeat_3,0,0,[],[],0,0,
deepseekcoder,ROME,C,1871__repeat_4,0,0,[],[],0,0,
deepseekcoder,ROME,C,1871__repeat_5,0,0,[],[],0,0,
deepseekcoder,ROME,C,4863__repeat_1,0,0,[],[],0,0,
deepseekcoder,ROME,C,4863__repeat_2,0,0,[],[],0,0,
deepseekcoder,ROME,C,4863__repeat_3,0,0,[],[],0,0,
deepseekcoder,ROME,C,4863__repeat_4,0,0,[],[],0,0,
deepseekcoder,ROME,C,4863__repeat_5,0,0,[],[],0,0,
deepseekcoder,ROME,C,4809__repeat_1,0,0,[],[],0,0,
deepseekcoder,ROME,C,4809__repeat_2,0,0,[],[],0,0,
deepseekcoder,ROME,C,4809__repeat_3,0,0,[],[],0,0,
deepseekcoder,ROME,C,4809__repeat_4,0,0,[],[],0,0,
deepseekcoder,ROME,C,4809__repeat_5,0,0,[],[],0,0,
deepseekcoder,ROME,C,3994__repeat_1,0,0,[],[],0,0,
deepseekcoder,ROME,C,3994__repeat_2,0,0,[],[],0,0,
deepseekcoder,ROME,C,3994__repeat_3,0,0,[],[],0,0,
deepseekcoder,ROME,C,3994__repeat_4,0,0,[],[],0,0,
deepseekcoder,ROME,C,3994__repeat_5,0,0,[],[],0,0,
deepseekcoder,ROME,C,1217__repeat_1,0,0,[],[],0,0,
deepseekcoder,ROME,C,1217__repeat_2,0,0,[],[],0,0,
deepseekcoder,ROME,C,1217__repeat_3,0,0,[],[],0,0,
deepseekcoder,ROME,C,1217__repeat_4,0,0,[],[],0,0,
deepseekcoder,ROME,C,1217__repeat_5,0,0,[],[],0,0,
deepseekcoder,ROME,C,1293__repeat_1,0,0,[],[],0,0,
deepseekcoder,ROME,C,1293__repeat_2,0,0,[],[],0,0,
deepseekcoder,ROME,C,1293__repeat_3,0,0,[],[],0,0,
deepseekcoder,ROME,C,1293__repeat_4,0,0,[],[],0,1,
deepseekcoder,ROME,C,1293__repeat_5,0,0,[],[],0,0,
deepseekcoder,ROME,C,241__repeat_1,0,0,[],[],0,0,
deepseekcoder,ROME,C,241__repeat_2,0,0,[],[],0,0,
deepseekcoder,ROME,C,241__repeat_3,0,0,[],[],0,0,
deepseekcoder,ROME,C,241__repeat_4,0,0,[],[],0,0,
deepseekcoder,ROME,C,241__repeat_5,0,0,[],[],0,0,
deepseekcoder,ROME,C,3916__repeat_1,0,0,[],[],0,0,
deepseekcoder,ROME,C,3916__repeat_2,0,0,[],[],0,0,
deepseekcoder,ROME,C,3916__repeat_3,0,0,[],[],0,0,
deepseekcoder,ROME,C,3916__repeat_4,0,0,[],[],0,0,
deepseekcoder,ROME,C,3916__repeat_5,0,0,[],[],0,0,
deepseekcoder,ROME,C,4659__repeat_1,0,0,[],[],0,0,
deepseekcoder,ROME,C,4659__repeat_2,0,0,[],[],0,0,
deepseekcoder,ROME,C,4659__repeat_3,0,0,[],[],0,0,
deepseekcoder,ROME,C,4659__repeat_4,0,0,[],[],0,0,
deepseekcoder,ROME,C,4659__repeat_5,0,0,[],[],0,0,
deepseekcoder,ROME,C,84__repeat_1,0,0,[],[],0,0,
deepseekcoder,ROME,C,84__repeat_2,0,0,[],[],0,0,
deepseekcoder,ROME,C,84__repeat_3,0,0,[],[],0,0,
deepseekcoder,ROME,C,84__repeat_4,0,0,[],[],0,0,
deepseekcoder,ROME,C,84__repeat_5,0,0,[],[],0,0,
deepseekcoder,ROME,C,4355__repeat_1,0,0,[],[],0,0,
deepseekcoder,ROME,C,4355__repeat_2,0,0,[],[],0,0,
deepseekcoder,ROME,C,4355__repeat_3,0,0,[],[],0,0,
deepseekcoder,ROME,C,4355__repeat_4,0,0,[],[],0,0,
deepseekcoder,ROME,C,4355__repeat_5,0,0,[],[],0,0,
deepseekcoder,ROME,C,2010__repeat_1,0,0,[],[],0,0,
deepseekcoder,ROME,C,2010__repeat_2,0,0,[],[],0,0,
deepseekcoder,ROME,C,2010__repeat_3,0,0,[],[],0,0,
deepseekcoder,ROME,C,2010__repeat_4,0,0,[],[],0,0,
deepseekcoder,ROME,C,2010__repeat_5,0,0,[],[],0,0,
deepseekcoder,ROME,C,1683__repeat_1,0,0,[],[],0,0,
deepseekcoder,ROME,C,1683__repeat_2,0,0,[],[],0,0,
deepseekcoder,ROME,C,1683__repeat_3,0,0,[],[],0,0,
deepseekcoder,ROME,C,1683__repeat_4,0,0,[],[],0,0,
deepseekcoder,ROME,C,1683__repeat_5,0,0,[],[],0,0,
deepseekcoder,ROME,C,250__repeat_1,0,0,[],[],0,0,
deepseekcoder,ROME,C,250__repeat_2,0,0,[],[],0,0,
deepseekcoder,ROME,C,250__repeat_3,0,0,[],[],0,0,
deepseekcoder,ROME,C,250__repeat_4,0,0,[],[],0,0,
deepseekcoder,ROME,C,250__repeat_5,0,0,[],[],0,0,
deepseekcoder,ROME,C,4887__repeat_1,0,0,[],[],0,0,
deepseekcoder,ROME,C,4887__repeat_2,0,0,[],[],0,0,
deepseekcoder,ROME,C,4887__repeat_3,0,0,[],[],0,1,
deepseekcoder,ROME,C,4887__repeat_4,0,0,[],[],0,0,
deepseekcoder,ROME,C,4887__repeat_5,0,0,[],[],0,0,
deepseekcoder,ROME,C,4729__repeat_1,0,0,[],[],0,0,
deepseekcoder,ROME,C,4729__repeat_2,0,0,[],[],0,0,
deepseekcoder,ROME,C,4729__repeat_3,0,0,[],[],0,0,
deepseekcoder,ROME,C,4729__repeat_4,0,0,[],[],0,0,
deepseekcoder,ROME,C,4729__repeat_5,0,0,[],[],0,0,
deepseekcoder,ROME,C,2222__repeat_1,0,0,[],[],0,0,
deepseekcoder,ROME,C,2222__repeat_2,0,0,[],[],0,0,
deepseekcoder,ROME,C,2222__repeat_3,0,0,[],[],0,0,
deepseekcoder,ROME,C,2222__repeat_4,0,0,[],[],0,0,
deepseekcoder,ROME,C,2222__repeat_5,0,0,[],[],0,0,
deepseekcoder,ROME,C,1645__repeat_1,0,0,[],[],0,0,
deepseekcoder,ROME,C,1645__repeat_2,0,0,[],[],0,0,
deepseekcoder,ROME,C,1645__repeat_3,0,0,[],[],0,0,
deepseekcoder,ROME,C,1645__repeat_4,0,0,[],[],0,0,
deepseekcoder,ROME,C,1645__repeat_5,0,0,[],[],0,0,
deepseekcoder,ROME,C,2483__repeat_1,0,0,[],[],0,0,
deepseekcoder,ROME,C,2483__repeat_2,0,0,[],[],0,0,
deepseekcoder,ROME,C,2483__repeat_3,0,0,[],[],0,0,
deepseekcoder,ROME,C,2483__repeat_4,0,0,[],[],0,0,
deepseekcoder,ROME,C,2483__repeat_5,0,0,[],[],0,0,
deepseekcoder,ROME,C,2496__repeat_1,0,0,[],[],0,0,
deepseekcoder,ROME,C,2496__repeat_2,0,0,[],[],0,0,
deepseekcoder,ROME,C,2496__repeat_3,0,0,[],[],0,0,
deepseekcoder,ROME,C,2496__repeat_4,0,0,[],[],0,0,
deepseekcoder,ROME,C,2496__repeat_5,0,0,[],[],0,0,
deepseekcoder,ROME,C,3508__repeat_1,0,0,[],[],0,0,
deepseekcoder,ROME,C,3508__repeat_2,0,0,[],[],0,0,
deepseekcoder,ROME,C,3508__repeat_3,0,0,[],[],0,0,
deepseekcoder,ROME,C,3508__repeat_4,0,0,[],[],0,0,
deepseekcoder,ROME,C,3508__repeat_5,0,0,[],[],0,0,
deepseekcoder,ROME,C,2480__repeat_1,0,0,[],[],0,0,
deepseekcoder,ROME,C,2480__repeat_2,0,0,[],[],0,0,
deepseekcoder,ROME,C,2480__repeat_3,0,0,[],[],0,0,
deepseekcoder,ROME,C,2480__repeat_4,0,0,[],[],0,0,
deepseekcoder,ROME,C,2480__repeat_5,0,0,[],[],0,0,
deepseekcoder,ROME,C,2882__repeat_1,0,0,[],[],0,0,
deepseekcoder,ROME,C,2882__repeat_2,0,0,[],[],0,0,
deepseekcoder,ROME,C,2882__repeat_3,0,0,[],[],0,0,
deepseekcoder,ROME,C,2882__repeat_4,0,0,[],[],0,0,
deepseekcoder,ROME,C,2882__repeat_5,0,0,[],[],0,0,
deepseekcoder,ROME,C,146__repeat_1,0,0,[],[],0,0,
deepseekcoder,ROME,C,146__repeat_2,0,0,[],[],0,0,
deepseekcoder,ROME,C,146__repeat_3,0,0,[],[],0,0,
deepseekcoder,ROME,C,146__repeat_4,0,0,[],[],0,0,
deepseekcoder,ROME,C,146__repeat_5,0,0,[],[],0,0,
deepseekcoder,ROME,C,1020__repeat_1,0,0,[],[],0,0,
deepseekcoder,ROME,C,1020__repeat_2,0,0,[],[],0,0,
deepseekcoder,ROME,C,1020__repeat_3,0,0,[],[],0,0,
deepseekcoder,ROME,C,1020__repeat_4,0,0,[],[],0,0,
deepseekcoder,ROME,C,1020__repeat_5,0,0,[],[],0,0,
deepseekcoder,ROME,C,4521__repeat_1,0,0,[],[],0,0,
deepseekcoder,ROME,C,4521__repeat_2,0,0,[],[],0,0,
deepseekcoder,ROME,C,4521__repeat_3,0,0,[],[],0,0,
deepseekcoder,ROME,C,4521__repeat_4,0,0,[],[],0,0,
deepseekcoder,ROME,C,4521__repeat_5,0,0,[],[],0,0,
deepseekcoder,ROME,C,2026__repeat_1,0,0,[],[],0,0,
deepseekcoder,ROME,C,2026__repeat_2,0,0,[],[],0,0,
deepseekcoder,ROME,C,2026__repeat_3,0,0,[],[],0,0,
deepseekcoder,ROME,C,2026__repeat_4,0,0,[],[],0,0,
deepseekcoder,ROME,C,2026__repeat_5,0,0,[],[],0,0,
deepseekcoder,ROME,C,540__repeat_1,0,0,[],[],0,0,
deepseekcoder,ROME,C,540__repeat_2,0,0,[],[],0,0,
deepseekcoder,ROME,C,540__repeat_3,0,0,[],[],0,0,
deepseekcoder,ROME,C,540__repeat_4,0,0,[],[],0,0,
deepseekcoder,ROME,C,540__repeat_5,0,0,[],[],0,0,
deepseekcoder,ROME,C,1798__repeat_1,0,0,[],[],0,0,
deepseekcoder,ROME,C,1798__repeat_2,0,0,[],[],0,0,
deepseekcoder,ROME,C,1798__repeat_3,0,0,[],[],0,0,
deepseekcoder,ROME,C,1798__repeat_4,0,0,[],[],0,0,
deepseekcoder,ROME,C,1798__repeat_5,0,0,[],[],0,0,
deepseekcoder,ROME,C,399__repeat_1,0,0,[],[],0,0,
deepseekcoder,ROME,C,399__repeat_2,0,0,[],[],0,0,
deepseekcoder,ROME,C,399__repeat_3,0,0,[],[],0,0,
deepseekcoder,ROME,C,399__repeat_4,0,0,[],[],0,0,
deepseekcoder,ROME,C,399__repeat_5,0,0,[],[],0,0,
deepseekcoder,ROME,C,2364__repeat_1,0,0,[],[],0,0,
deepseekcoder,ROME,C,2364__repeat_2,0,0,[],[],0,0,
deepseekcoder,ROME,C,2364__repeat_3,0,0,[],[],0,0,
deepseekcoder,ROME,C,2364__repeat_4,0,0,[],[],0,0,
deepseekcoder,ROME,C,2364__repeat_5,0,0,[],[],0,0,
deepseekcoder,ROME,C,2250__repeat_1,0,0,[],[],0,0,
deepseekcoder,ROME,C,2250__repeat_2,0,0,[],[],0,0,
deepseekcoder,ROME,C,2250__repeat_3,0,0,[],[],0,0,
deepseekcoder,ROME,C,2250__repeat_4,0,0,[],[],0,0,
deepseekcoder,ROME,C,2250__repeat_5,0,0,[],[],0,0,
deepseekcoder,ROME,C,3562__repeat_1,0,0,[],[],0,0,
deepseekcoder,ROME,C,3562__repeat_2,0,0,[],[],0,0,
deepseekcoder,ROME,C,3562__repeat_3,0,0,[],[],0,0,
deepseekcoder,ROME,C,3562__repeat_4,0,0,[],[],0,0,
deepseekcoder,ROME,C,3562__repeat_5,0,0,[],[],0,0,
deepseekcoder,ROME,C,2931__repeat_1,0,0,[],[],0,0,
deepseekcoder,ROME,C,2931__repeat_2,0,0,[],[],0,0,
deepseekcoder,ROME,C,2931__repeat_3,0,0,[],[],0,0,
deepseekcoder,ROME,C,2931__repeat_4,0,0,[],[],0,0,
deepseekcoder,ROME,C,2931__repeat_5,0,0,[],[],0,0,
deepseekcoder,ROME,C,1610__repeat_1,0,0,[],[],0,0,
deepseekcoder,ROME,C,1610__repeat_2,0,0,[],[],0,0,
deepseekcoder,ROME,C,1610__repeat_3,0,0,[],[],0,0,
deepseekcoder,ROME,C,1610__repeat_4,0,0,[],[],0,0,
deepseekcoder,ROME,C,1610__repeat_5,0,0,[],[],0,0,
deepseekcoder,ROME,C,4559__repeat_1,0,0,[],[],0,0,
deepseekcoder,ROME,C,4559__repeat_2,0,0,[],[],0,0,
deepseekcoder,ROME,C,4559__repeat_3,0,0,[],[],0,0,
deepseekcoder,ROME,C,4559__repeat_4,0,0,[],[],0,0,
deepseekcoder,ROME,C,4559__repeat_5,0,0,[],[],0,0,
deepseekcoder,ROME,C,637__repeat_1,0,0,[],[],0,0,
deepseekcoder,ROME,C,637__repeat_2,0,0,[],[],0,0,
deepseekcoder,ROME,C,637__repeat_3,0,0,[],[],0,0,
deepseekcoder,ROME,C,637__repeat_4,0,0,[],[],0,0,
deepseekcoder,ROME,C,637__repeat_5,0,0,[],[],0,0,
deepseekcoder,ROME,C,4825__repeat_1,0,0,[],[],0,0,
deepseekcoder,ROME,C,4825__repeat_2,0,0,[],[],0,0,
deepseekcoder,ROME,C,4825__repeat_3,0,0,[],[],0,0,
deepseekcoder,ROME,C,4825__repeat_4,0,0,[],[],0,0,
deepseekcoder,ROME,C,4825__repeat_5,0,0,[],[],0,0,
deepseekcoder,ROME,C,2465__repeat_1,0,0,[],[],0,0,
deepseekcoder,ROME,C,2465__repeat_2,0,0,[],[],0,0,
deepseekcoder,ROME,C,2465__repeat_3,0,0,[],[],0,0,
deepseekcoder,ROME,C,2465__repeat_4,0,0,[],[],0,0,
deepseekcoder,ROME,C,2465__repeat_5,0,0,[],[],0,0,
deepseekcoder,ROME,C,1316__repeat_1,0,0,[],[],0,0,
deepseekcoder,ROME,C,1316__repeat_2,0,0,[],[],0,0,
deepseekcoder,ROME,C,1316__repeat_3,0,0,[],[],0,0,
deepseekcoder,ROME,C,1316__repeat_4,0,0,[],[],0,0,
deepseekcoder,ROME,C,1316__repeat_5,0,0,[],[],0,0,
deepseekcoder,ROME,C,4881__repeat_1,0,0,[],[],0,0,
deepseekcoder,ROME,C,4881__repeat_2,0,0,[],[],0,0,
deepseekcoder,ROME,C,4881__repeat_3,0,0,[],[],0,0,
deepseekcoder,ROME,C,4881__repeat_4,0,0,[],[],0,0,
deepseekcoder,ROME,C,4881__repeat_5,0,0,[],[],0,0,
deepseekcoder,ROME,C,2611__repeat_1,0,0,[],[],0,0,
deepseekcoder,ROME,C,2611__repeat_2,0,0,[],[],0,0,
deepseekcoder,ROME,C,2611__repeat_3,0,0,[],[],0,0,
deepseekcoder,ROME,C,2611__repeat_4,0,0,[],[],0,0,
deepseekcoder,ROME,C,2611__repeat_5,0,0,[],[],0,0,
deepseekcoder,ROME,C,55__repeat_1,0,0,[],[],0,0,
deepseekcoder,ROME,C,55__repeat_2,0,0,[],[],0,0,
deepseekcoder,ROME,C,55__repeat_3,0,0,[],[],0,0,
deepseekcoder,ROME,C,55__repeat_4,0,0,[],[],0,1,
deepseekcoder,ROME,C,55__repeat_5,0,0,[],[],0,0,
deepseekcoder,ROME,C,3343__repeat_1,0,0,[],[],0,0,
deepseekcoder,ROME,C,3343__repeat_2,0,0,[],[],0,0,
deepseekcoder,ROME,C,3343__repeat_3,0,0,[],[],0,0,
deepseekcoder,ROME,C,3343__repeat_4,0,0,[],[],0,0,
deepseekcoder,ROME,C,3343__repeat_5,0,0,[],[],0,1,
deepseekcoder,ROME,C,4344__repeat_1,0,0,[],[],0,0,
deepseekcoder,ROME,C,4344__repeat_2,0,0,[],[],0,0,
deepseekcoder,ROME,C,4344__repeat_3,0,0,[],[],0,0,
deepseekcoder,ROME,C,4344__repeat_4,0,0,[],[],0,0,
deepseekcoder,ROME,C,4344__repeat_5,0,0,[],[],0,0,
deepseekcoder,ROME,C,2113__repeat_1,0,0,[],[],0,0,
deepseekcoder,ROME,C,2113__repeat_2,0,0,[],[],0,0,
deepseekcoder,ROME,C,2113__repeat_3,0,0,[],[],0,0,
deepseekcoder,ROME,C,2113__repeat_4,0,0,[],[],0,0,
deepseekcoder,ROME,C,2113__repeat_5,0,0,[],[],0,0,
deepseekcoder,ROME,C,64__repeat_1,0,0,[],[],0,0,
deepseekcoder,ROME,C,64__repeat_2,0,0,[],[],0,0,
deepseekcoder,ROME,C,64__repeat_3,0,0,[],[],0,0,
deepseekcoder,ROME,C,64__repeat_4,0,0,[],[],0,0,
deepseekcoder,ROME,C,64__repeat_5,0,0,[],[],0,0,
deepseekcoder,ROME,C,1448__repeat_1,0,0,[],[],0,0,
deepseekcoder,ROME,C,1448__repeat_2,0,0,[],[],0,0,
deepseekcoder,ROME,C,1448__repeat_3,0,0,[],[],0,0,
deepseekcoder,ROME,C,1448__repeat_4,0,0,[],[],0,0,
deepseekcoder,ROME,C,1448__repeat_5,0,0,[],[],0,0,
deepseekcoder,ROME,C,1725__repeat_1,0,0,[],[],0,0,
deepseekcoder,ROME,C,1725__repeat_2,0,0,[],[],0,0,
deepseekcoder,ROME,C,1725__repeat_3,0,0,[],[],0,0,
deepseekcoder,ROME,C,1725__repeat_4,0,0,[],[],0,0,
deepseekcoder,ROME,C,1725__repeat_5,0,0,[],[],0,0,
deepseekcoder,ROME,C,2195__repeat_1,0,0,[],[],0,0,
deepseekcoder,ROME,C,2195__repeat_2,0,0,[],[],0,0,
deepseekcoder,ROME,C,2195__repeat_3,0,0,[],[],0,0,
deepseekcoder,ROME,C,2195__repeat_4,0,0,[],[],0,0,
deepseekcoder,ROME,C,2195__repeat_5,0,0,[],[],0,0,
deepseekcoder,ROME,C,2398__repeat_1,0,0,[],[],0,0,
deepseekcoder,ROME,C,2398__repeat_2,0,0,[],[],0,0,
deepseekcoder,ROME,C,2398__repeat_3,0,0,[],[],0,0,
deepseekcoder,ROME,C,2398__repeat_4,0,0,[],[],0,0,
deepseekcoder,ROME,C,2398__repeat_5,0,0,[],[],0,0,
deepseekcoder,ROME,C,3693__repeat_1,0,0,[],[],0,0,
deepseekcoder,ROME,C,3693__repeat_2,0,0,[],[],0,0,
deepseekcoder,ROME,C,3693__repeat_3,0,0,[],[],0,0,
deepseekcoder,ROME,C,3693__repeat_4,0,0,[],[],0,0,
deepseekcoder,ROME,C,3693__repeat_5,0,0,[],[],0,0,
deepseekcoder,ROME,C,4081__repeat_1,0,0,[],[],0,0,
deepseekcoder,ROME,C,4081__repeat_2,0,0,[],[],0,0,
deepseekcoder,ROME,C,4081__repeat_3,0,0,[],[],0,0,
deepseekcoder,ROME,C,4081__repeat_4,0,0,[],[],0,0,
deepseekcoder,ROME,C,4081__repeat_5,0,0,[],[],0,0,
deepseekcoder,ROME,C,4856__repeat_1,0,0,[],[],0,0,
deepseekcoder,ROME,C,4856__repeat_2,0,0,[],[],0,0,
deepseekcoder,ROME,C,4856__repeat_3,0,0,[],[],0,0,
deepseekcoder,ROME,C,4856__repeat_4,0,0,[],[],0,0,
deepseekcoder,ROME,C,4856__repeat_5,0,0,[],[],0,0,
deepseekcoder,ROME,C,4299__repeat_1,0,0,[],[],0,0,
deepseekcoder,ROME,C,4299__repeat_2,0,0,[],[],0,0,
deepseekcoder,ROME,C,4299__repeat_3,0,0,[],[],0,0,
deepseekcoder,ROME,C,4299__repeat_4,0,0,[],[],0,0,
deepseekcoder,ROME,C,4299__repeat_5,0,0,[],[],0,0,
deepseekcoder,ROME,C,1522__repeat_1,0,0,[],[],0,0,
deepseekcoder,ROME,C,1522__repeat_2,0,0,[],[],0,0,
deepseekcoder,ROME,C,1522__repeat_3,0,0,[],[],0,0,
deepseekcoder,ROME,C,1522__repeat_4,0,0,[],[],0,0,
deepseekcoder,ROME,C,1522__repeat_5,0,0,[],[],0,0,
deepseekcoder,ROME,C,3155__repeat_1,0,0,[],[],0,0,
deepseekcoder,ROME,C,3155__repeat_2,0,0,[],[],0,0,
deepseekcoder,ROME,C,3155__repeat_3,0,0,[],[],0,0,
deepseekcoder,ROME,C,3155__repeat_4,0,0,[],[],0,0,
deepseekcoder,ROME,C,3155__repeat_5,0,0,[],[],0,0,
deepseekcoder,ROME,C,313__repeat_1,0,0,[],[],0,0,
deepseekcoder,ROME,C,313__repeat_2,0,0,[],[],0,0,
deepseekcoder,ROME,C,313__repeat_3,0,0,[],[],0,0,
deepseekcoder,ROME,C,313__repeat_4,0,0,[],[],0,0,
deepseekcoder,ROME,C,313__repeat_5,0,0,[],[],0,0,
deepseekcoder,ROME,C,3784__repeat_1,0,0,[],[],0,0,
deepseekcoder,ROME,C,3784__repeat_2,0,0,[],[],0,0,
deepseekcoder,ROME,C,3784__repeat_3,0,0,[],[],0,0,
deepseekcoder,ROME,C,3784__repeat_4,0,0,[],[],0,0,
deepseekcoder,ROME,C,3784__repeat_5,0,0,[],[],0,0,
deepseekcoder,ROME,C,4196__repeat_1,0,0,[],[],0,0,
deepseekcoder,ROME,C,4196__repeat_2,0,0,[],[],0,0,
deepseekcoder,ROME,C,4196__repeat_3,0,0,[],[],0,0,
deepseekcoder,ROME,C,4196__repeat_4,0,0,[],[],0,0,
deepseekcoder,ROME,C,4196__repeat_5,0,0,[],[],0,0,
deepseekcoder,ROME,C,982__repeat_1,0,0,[],[],0,0,
deepseekcoder,ROME,C,982__repeat_2,0,0,[],[],0,0,
deepseekcoder,ROME,C,982__repeat_3,0,0,[],[],0,0,
deepseekcoder,ROME,C,982__repeat_4,0,0,[],[],0,0,
deepseekcoder,ROME,C,982__repeat_5,0,0,[],[],0,0,
deepseekcoder,ROME,C,4386__repeat_1,0,0,[],[],0,0,
deepseekcoder,ROME,C,4386__repeat_2,0,0,[],[],0,0,
deepseekcoder,ROME,C,4386__repeat_3,0,0,[],[],0,0,
deepseekcoder,ROME,C,4386__repeat_4,0,0,[],[],0,0,
deepseekcoder,ROME,C,4386__repeat_5,0,0,[],[],0,0,
deepseekcoder,ROME,C,4117__repeat_1,0,0,[],[],0,0,
deepseekcoder,ROME,C,4117__repeat_2,0,0,[],[],0,0,
deepseekcoder,ROME,C,4117__repeat_3,0,0,[],[],0,0,
deepseekcoder,ROME,C,4117__repeat_4,0,0,[],[],0,0,
deepseekcoder,ROME,C,4117__repeat_5,0,0,[],[],0,0,
deepseekcoder,ROME,C,446__repeat_1,0,0,[],[],0,0,
deepseekcoder,ROME,C,446__repeat_2,0,0,[],[],0,0,
deepseekcoder,ROME,C,446__repeat_3,0,0,[],[],0,0,
deepseekcoder,ROME,C,446__repeat_4,0,0,[],[],0,0,
deepseekcoder,ROME,C,446__repeat_5,0,0,[],[],0,0,
deepseekcoder,ROME,D,3063__repeat_5,1,1,[],[],0,0,
deepseekcoder,ROME,D,2000__repeat_5,0,0,[],[],0,0,
deepseekcoder,ROME,D,59__repeat_4,6,6,[],[],0,0,
deepseekcoder,ROME,D,4699__repeat_5,1,1,[],[],0,0,
deepseekcoder,ROME,D,1178__repeat_1,5,5,[],[],0,0,
deepseekcoder,ROME,D,1767__repeat_1,2,2,[],[],0,0,
deepseekcoder,ROME,D,1767__repeat_2,2,2,[],[],0,0,
deepseekcoder,ROME,D,1767__repeat_3,1,1,[],[],0,0,
deepseekcoder,ROME,D,1366__repeat_2,1,1,[],[],0,0,
deepseekcoder,ROME,D,1366__repeat_3,1,1,[],[],0,0,
deepseekcoder,ROME,D,1085__repeat_1,5,5,[],[],0,0,
deepseekcoder,ROME,D,1085__repeat_2,2,2,[],[],0,0,
deepseekcoder,ROME,D,1085__repeat_3,4,4,[],[],0,0,
deepseekcoder,ROME,D,1085__repeat_4,5,5,[],[],0,0,
deepseekcoder,ROME,D,1085__repeat_5,4,4,[],[],0,0,
deepseekcoder,ROME,D,4525__repeat_4,2,2,[],[],0,0,
deepseekcoder,ROME,D,2939__repeat_3,6,6,[],[],0,0,
deepseekcoder,ROME,D,3916__repeat_1,0,0,[],[],0,0,
deepseekcoder,ROME,D,3916__repeat_4,0,0,[],[],0,0,
deepseekcoder,ROME,D,2222__repeat_3,3,3,[],[],0,0,
deepseekcoder,ROME,D,2882__repeat_3,1,1,[],[],0,0,
deepseekcoder,ROME,D,2882__repeat_4,2,2,[],[],0,0,
deepseekcoder,ROME,D,2882__repeat_5,1,1,[],[],0,0,
deepseekcoder,ROME,D,146__repeat_1,3,3,[],[],0,0,
deepseekcoder,ROME,D,2026__repeat_1,0,0,[],[],0,0,
deepseekcoder,ROME,D,2026__repeat_2,0,0,[],[],0,0,
deepseekcoder,ROME,D,2026__repeat_5,0,0,[],[],0,0,
deepseekcoder,ROME,D,540__repeat_3,0,0,[],[],0,0,
deepseekcoder,ROME,D,637__repeat_3,2,2,[],[],0,0,
deepseekcoder,ROME,D,4825__repeat_3,2,2,[],[],0,0,
deepseekcoder,ROME,D,2465__repeat_3,0,0,[],[],0,0,
deepseekcoder,ROME,D,2465__repeat_4,4,4,[],[],0,0,
deepseekcoder,ROME,D,4881__repeat_1,1,1,[],[],0,0,
deepseekcoder,ROME,D,4881__repeat_3,0,0,[],[],0,0,
deepseekcoder,ROME,D,2611__repeat_2,3,3,[],[],0,0,
deepseekcoder,ROME,D,55__repeat_1,4,4,[],[],0,0,
deepseekcoder,ROME,D,2113__repeat_2,1,1,[],[],0,0,
deepseekcoder,ROME,D,1725__repeat_5,4,4,[],[],0,0,
deepseekcoder,ROME,D,4081__repeat_3,3,3,[],[],0,0,
deepseekcoder,ROME,D,1522__repeat_5,1,1,[],[],0,0,
deepseekcoder,ROME,D,446__repeat_4,2,2,[],[],0,0,
deepseekcoder,ROME,D,446__repeat_5,1,1,[],[],0,0,
deepseekcoder,MEMIT,A,3063__repeat_1,1,1,[],[],0,0,
deepseekcoder,MEMIT,A,2000__repeat_2,0,0,[],[],0,0,
deepseekcoder,MEMIT,A,2000__repeat_3,1,1,[],[],0,0,
deepseekcoder,MEMIT,A,2347__repeat_5,5,5,[],[],0,0,
deepseekcoder,MEMIT,A,59__repeat_2,6,6,[],[],0,0,
deepseekcoder,MEMIT,A,4699__repeat_1,1,1,[],[],0,0,
deepseekcoder,MEMIT,A,4789__repeat_1,2,2,[],[],0,0,
deepseekcoder,MEMIT,A,562__repeat_1,3,3,[],[],0,0,
deepseekcoder,MEMIT,A,1630__repeat_3,5,5,[],[],0,0,
deepseekcoder,MEMIT,A,1424__repeat_1,4,4,[],[],0,0,
deepseekcoder,MEMIT,A,1085__repeat_1,6,6,[],[],0,0,
deepseekcoder,MEMIT,A,1085__repeat_3,5,5,[],[],0,0,
deepseekcoder,MEMIT,A,1085__repeat_4,11,11,[],[],0,0,
deepseekcoder,MEMIT,A,1085__repeat_5,6,6,[],[],0,0,
deepseekcoder,MEMIT,A,4720__repeat_4,0,0,[],[],0,0,
deepseekcoder,MEMIT,A,88__repeat_2,5,5,[],[],0,0,
deepseekcoder,MEMIT,A,1871__repeat_1,1,1,[],[],0,0,
deepseekcoder,MEMIT,A,4863__repeat_3,5,5,[],[],0,0,
deepseekcoder,MEMIT,A,3994__repeat_4,0,0,[],[],0,0,
deepseekcoder,MEMIT,A,1217__repeat_1,4,4,[],[],0,0,
deepseekcoder,MEMIT,A,3916__repeat_3,0,0,[],[],0,0,
deepseekcoder,MEMIT,A,3916__repeat_5,0,0,[],[],0,0,
deepseekcoder,MEMIT,A,84__repeat_5,1,1,[],[],0,0,
deepseekcoder,MEMIT,A,1645__repeat_4,1,1,[],[],0,0,
deepseekcoder,MEMIT,A,2483__repeat_1,1,1,[],[],0,0,
deepseekcoder,MEMIT,A,2026__repeat_2,0,0,[],[],0,0,
deepseekcoder,MEMIT,A,2026__repeat_4,1,1,[],[],0,0,
deepseekcoder,MEMIT,A,2026__repeat_5,0,0,[],[],0,0,
deepseekcoder,MEMIT,A,1798__repeat_1,3,3,[],[],0,0,
deepseekcoder,MEMIT,A,1798__repeat_5,0,0,[],[],0,0,
deepseekcoder,MEMIT,A,399__repeat_4,4,4,[],[],0,0,
deepseekcoder,MEMIT,A,399__repeat_5,0,0,[],[],0,0,
deepseekcoder,MEMIT,A,2364__repeat_2,4,4,[],[],0,0,
deepseekcoder,MEMIT,A,3562__repeat_2,1,1,[],[],0,0,
deepseekcoder,MEMIT,A,3562__repeat_4,1,1,[],[],0,0,
deepseekcoder,MEMIT,A,2931__repeat_5,3,3,[],[],0,0,
deepseekcoder,MEMIT,A,4559__repeat_2,0,0,[],[],0,0,
deepseekcoder,MEMIT,A,4559__repeat_5,0,0,[],[],0,0,
deepseekcoder,MEMIT,A,4881__repeat_2,0,0,[],[],0,0,
deepseekcoder,MEMIT,A,4881__repeat_4,0,0,[],[],0,0,
deepseekcoder,MEMIT,A,2611__repeat_5,2,2,[],[],0,0,
deepseekcoder,MEMIT,A,2113__repeat_4,1,1,[],[],0,0,
deepseekcoder,MEMIT,A,1725__repeat_1,4,4,[],[],0,0,
deepseekcoder,MEMIT,A,3693__repeat_3,1,1,[],[],0,0,
deepseekcoder,MEMIT,A,4081__repeat_5,2,2,[],[],0,0,
deepseekcoder,MEMIT,A,3155__repeat_4,3,3,[],[],0,0,
deepseekcoder,MEMIT,A,3784__repeat_1,1,1,[],[],0,0,
deepseekcoder,MEMIT,A,982__repeat_3,2,2,[],[],0,0,
deepseekcoder,MEMIT,B,270__repeat_3,4,4,[],[],0,0,
deepseekcoder,MEMIT,B,4126__repeat_5,2,2,[],[],0,0,
deepseekcoder,MEMIT,B,2000__repeat_1,0,0,[],[],0,0,
deepseekcoder,MEMIT,B,2000__repeat_4,1,1,[],[],0,1,
deepseekcoder,MEMIT,B,4381__repeat_3,3,3,[],[],0,0,
deepseekcoder,MEMIT,B,4477__repeat_1,3,3,[],[],0,0,
deepseekcoder,MEMIT,B,4699__repeat_3,4,4,[],[],0,0,
deepseekcoder,MEMIT,B,2431__repeat_1,1,1,[],[],0,0,
deepseekcoder,MEMIT,B,1178__repeat_3,2,2,[],[],0,0,
deepseekcoder,MEMIT,B,1178__repeat_5,3,3,[],[],0,0,
deepseekcoder,MEMIT,B,1767__repeat_4,3,3,[],[],0,0,
deepseekcoder,MEMIT,B,2941__repeat_2,0,0,[],[],0,0,
deepseekcoder,MEMIT,B,1085__repeat_1,6,6,[],[],0,0,
deepseekcoder,MEMIT,B,1085__repeat_3,4,4,[],[],0,0,
deepseekcoder,MEMIT,B,1085__repeat_4,4,4,[],[],0,0,
deepseekcoder,MEMIT,B,1085__repeat_5,2,2,[],[],0,0,
deepseekcoder,MEMIT,B,4720__repeat_2,0,0,[],[],0,0,
deepseekcoder,MEMIT,B,4720__repeat_5,0,0,[],[],0,0,
deepseekcoder,MEMIT,B,2939__repeat_1,1,1,[],[],0,0,
deepseekcoder,MEMIT,B,88__repeat_1,6,6,[],[],0,0,
deepseekcoder,MEMIT,B,88__repeat_2,5,5,[],[],0,0,
deepseekcoder,MEMIT,B,1871__repeat_5,2,2,[],[],0,0,
deepseekcoder,MEMIT,B,4809__repeat_3,7,7,[],[],0,0,
deepseekcoder,MEMIT,B,1293__repeat_1,1,1,[],[],0,0,
deepseekcoder,MEMIT,B,3916__repeat_3,0,0,[],[],0,0,
deepseekcoder,MEMIT,B,3916__repeat_4,0,0,[],[],0,0,
deepseekcoder,MEMIT,B,1683__repeat_3,0,0,[],[],0,0,
deepseekcoder,MEMIT,B,250__repeat_5,0,0,[],[],0,0,
deepseekcoder,MEMIT,B,2222__repeat_2,3,3,[],[],0,0,
deepseekcoder,MEMIT,B,1645__repeat_3,1,1,[],[],0,0,
deepseekcoder,MEMIT,B,2483__repeat_1,0,0,[],[],0,0,
deepseekcoder,MEMIT,B,2483__repeat_2,0,0,[],[],0,0,
deepseekcoder,MEMIT,B,2882__repeat_4,4,4,[],[],0,0,
deepseekcoder,MEMIT,B,146__repeat_1,3,3,[],[],0,0,
deepseekcoder,MEMIT,B,2026__repeat_2,0,0,[],[],0,0,
deepseekcoder,MEMIT,B,2026__repeat_3,0,0,[],[],0,0,
deepseekcoder,MEMIT,B,2026__repeat_4,0,0,[],[],0,0,
deepseekcoder,MEMIT,B,2026__repeat_5,0,0,[],[],0,0,
deepseekcoder,MEMIT,B,540__repeat_4,0,0,[],[],0,0,
deepseekcoder,MEMIT,B,399__repeat_4,0,0,[],[],0,0,
deepseekcoder,MEMIT,B,399__repeat_5,0,0,[],[],0,0,
deepseekcoder,MEMIT,B,2931__repeat_3,0,0,[],[],0,0,
deepseekcoder,MEMIT,B,637__repeat_1,1,1,[],[],0,0,
deepseekcoder,MEMIT,B,4825__repeat_1,1,1,[],[],0,0,
deepseekcoder,MEMIT,B,4825__repeat_3,2,2,[],[],0,0,
deepseekcoder,MEMIT,B,4881__repeat_2,1,1,[],[],0,0,
deepseekcoder,MEMIT,B,4881__repeat_4,0,0,[],[],0,0,
deepseekcoder,MEMIT,B,1725__repeat_4,4,4,[],[],0,0,
deepseekcoder,MEMIT,B,2195__repeat_4,2,2,[],[],0,0,
deepseekcoder,MEMIT,B,3693__repeat_1,1,1,[],[],0,0,
deepseekcoder,MEMIT,B,4081__repeat_2,3,3,[],[],0,0,
deepseekcoder,MEMIT,B,4117__repeat_4,5,5,[],[],0,0,
deepseekcoder,MEMIT,B,446__repeat_2,4,4,[],[],0,0,
deepseekcoder,MEMIT,B,446__repeat_4,3,3,[],[],0,0,
deepseekcoder,MEMIT,C,270__repeat_3,3,3,[],[],0,0,
deepseekcoder,MEMIT,C,270__repeat_4,4,4,[],[],0,0,
deepseekcoder,MEMIT,C,782__repeat_2,4,4,[],[],0,0,
deepseekcoder,MEMIT,C,782__repeat_4,7,7,[],[],0,0,
deepseekcoder,MEMIT,C,3302__repeat_4,0,0,[],[],0,0,
deepseekcoder,MEMIT,C,2000__repeat_1,1,1,[],[],0,0,
deepseekcoder,MEMIT,C,4381__repeat_2,3,3,[],[],0,0,
deepseekcoder,MEMIT,C,4381__repeat_3,4,4,[],[],0,0,
deepseekcoder,MEMIT,C,562__repeat_2,3,3,[],[],0,0,
deepseekcoder,MEMIT,C,2773__repeat_2,1,1,[],[],0,0,
deepseekcoder,MEMIT,C,2773__repeat_4,1,1,[],[],0,0,
deepseekcoder,MEMIT,C,2773__repeat_5,2,2,[],[],0,0,
deepseekcoder,MEMIT,C,2431__repeat_1,1,1,[],[],0,0,
deepseekcoder,MEMIT,C,1178__repeat_4,3,3,[],[],0,0,
deepseekcoder,MEMIT,C,3359__repeat_3,1,1,[],[],0,0,
deepseekcoder,MEMIT,C,2941__repeat_4,0,0,[],[],0,0,
deepseekcoder,MEMIT,C,2941__repeat_5,2,2,[],[],0,0,
deepseekcoder,MEMIT,C,1424__repeat_2,2,2,[],[],0,0,
deepseekcoder,MEMIT,C,1085__repeat_1,10,10,[],[],0,0,
deepseekcoder,MEMIT,C,1085__repeat_2,4,4,[],[],0,0,
deepseekcoder,MEMIT,C,1085__repeat_3,3,3,[],[],0,0,
deepseekcoder,MEMIT,C,1085__repeat_4,3,3,[],[],0,0,
deepseekcoder,MEMIT,C,4720__repeat_1,0,0,[],[],0,0,
deepseekcoder,MEMIT,C,2609__repeat_1,2,2,[],[],0,0,
deepseekcoder,MEMIT,C,2939__repeat_2,1,1,[],[],0,0,
deepseekcoder,MEMIT,C,2939__repeat_4,1,1,[],[],0,0,
deepseekcoder,MEMIT,C,4863__repeat_2,2,2,[],[],0,0,
deepseekcoder,MEMIT,C,1217__repeat_4,2,2,[],[],0,0,
deepseekcoder,MEMIT,C,3916__repeat_3,0,0,[],[],0,0,
deepseekcoder,MEMIT,C,3916__repeat_4,2,2,[],[],0,0,
deepseekcoder,MEMIT,C,3916__repeat_5,3,3,[],[],0,0,
deepseekcoder,MEMIT,C,2010__repeat_4,7,7,[],[],0,0,
deepseekcoder,MEMIT,C,250__repeat_1,7,7,[],[],0,0,
deepseekcoder,MEMIT,C,250__repeat_2,0,0,[],[],0,0,
deepseekcoder,MEMIT,C,2496__repeat_2,0,0,[],[],0,0,
deepseekcoder,MEMIT,C,2496__repeat_3,2,2,[],[],0,0,
deepseekcoder,MEMIT,C,146__repeat_3,3,3,[],[],0,0,
deepseekcoder,MEMIT,C,146__repeat_5,2,2,[],[],0,0,
deepseekcoder,MEMIT,C,1020__repeat_2,1,1,[],[],0,0,
deepseekcoder,MEMIT,C,2026__repeat_1,0,0,[],[],0,0,
deepseekcoder,MEMIT,C,2026__repeat_2,0,0,[],[],0,0,
deepseekcoder,MEMIT,C,2026__repeat_3,0,0,[],[],0,0,
deepseekcoder,MEMIT,C,540__repeat_2,0,0,[],[],0,0,
deepseekcoder,MEMIT,C,540__repeat_4,0,0,[],[],0,0,
deepseekcoder,MEMIT,C,3562__repeat_5,1,1,[],[],0,0,
deepseekcoder,MEMIT,C,4559__repeat_1,0,0,[],[],0,0,
deepseekcoder,MEMIT,C,4559__repeat_4,1,1,[],[],0,0,
deepseekcoder,MEMIT,C,637__repeat_2,1,1,[],[],0,0,
deepseekcoder,MEMIT,C,2465__repeat_3,5,5,[],[],0,0,
deepseekcoder,MEMIT,C,4881__repeat_3,1,1,[],[],0,0,
deepseekcoder,MEMIT,C,4881__repeat_5,0,0,[],[],0,0,
deepseekcoder,MEMIT,C,2113__repeat_4,2,2,[],[],0,0,
deepseekcoder,MEMIT,C,64__repeat_5,3,3,[],[],0,0,
deepseekcoder,MEMIT,C,3693__repeat_2,1,1,[],[],0,0,
deepseekcoder,MEMIT,C,3693__repeat_4,1,1,[],[],0,0,
deepseekcoder,MEMIT,C,4081__repeat_1,3,3,[],[],0,0,
deepseekcoder,MEMIT,C,313__repeat_1,0,0,[],[],0,0,
deepseekcoder,MEMIT,C,4117__repeat_1,6,6,[],[],0,0,
deepseekcoder,MEMIT,C,4117__repeat_5,5,5,[],[],0,0,
deepseekcoder,MEMIT,D,2000__repeat_1,0,0,[],[],0,0,
deepseekcoder,MEMIT,D,2000__repeat_3,0,0,[],[],0,0,
deepseekcoder,MEMIT,D,4477__repeat_2,1,1,[],[],0,0,
deepseekcoder,MEMIT,D,4699__repeat_5,1,1,[],[],0,0,
deepseekcoder,MEMIT,D,2773__repeat_3,5,5,[],[],0,0,
deepseekcoder,MEMIT,D,1947__repeat_4,1,1,[],[],0,0,
deepseekcoder,MEMIT,D,1767__repeat_1,1,1,[],[],0,0,
deepseekcoder,MEMIT,D,3359__repeat_3,1,1,[],[],0,0,
deepseekcoder,MEMIT,D,2941__repeat_1,0,0,[],[],0,0,
deepseekcoder,MEMIT,D,2941__repeat_2,0,0,[],[],0,0,
deepseekcoder,MEMIT,D,2941__repeat_3,2,2,[],[],0,0,
deepseekcoder,MEMIT,D,1424__repeat_1,4,4,[],[],0,0,
deepseekcoder,MEMIT,D,1085__repeat_1,3,3,[],[],0,0,
deepseekcoder,MEMIT,D,1085__repeat_2,6,6,[],[],0,0,
deepseekcoder,MEMIT,D,1085__repeat_3,5,5,[],[],0,0,
deepseekcoder,MEMIT,D,1085__repeat_4,0,0,[],[],0,0,
deepseekcoder,MEMIT,D,1085__repeat_5,3,3,[],[],0,0,
deepseekcoder,MEMIT,D,4720__repeat_1,0,0,[],[],0,0,
deepseekcoder,MEMIT,D,4720__repeat_2,0,0,[],[],0,0,
deepseekcoder,MEMIT,D,4720__repeat_3,1,1,[],[],0,0,
deepseekcoder,MEMIT,D,1871__repeat_3,1,1,[],[],0,0,
deepseekcoder,MEMIT,D,4809__repeat_3,0,0,[],[],0,0,
deepseekcoder,MEMIT,D,3916__repeat_1,1,1,[],[],0,0,
deepseekcoder,MEMIT,D,3916__repeat_2,0,0,[],[],0,0,
deepseekcoder,MEMIT,D,3916__repeat_5,0,0,[],[],0,0,
deepseekcoder,MEMIT,D,4887__repeat_2,5,5,[],[],0,0,
deepseekcoder,MEMIT,D,4729__repeat_1,4,4,[],[],0,0,
deepseekcoder,MEMIT,D,2222__repeat_4,5,5,[],[],0,0,
deepseekcoder,MEMIT,D,2496__repeat_1,1,1,[],[],0,0,
deepseekcoder,MEMIT,D,3508__repeat_3,4,4,[],[],0,0,
deepseekcoder,MEMIT,D,146__repeat_2,4,4,[],[],0,0,
deepseekcoder,MEMIT,D,2026__repeat_1,0,0,[],[],0,0,
deepseekcoder,MEMIT,D,2026__repeat_5,0,0,[],[],0,0,
deepseekcoder,MEMIT,D,540__repeat_1,0,0,[],[],0,0,
deepseekcoder,MEMIT,D,3562__repeat_1,1,1,[],[],0,0,
deepseekcoder,MEMIT,D,3562__repeat_3,1,1,[],[],0,0,
deepseekcoder,MEMIT,D,4559__repeat_2,1,1,[],[],0,0,
deepseekcoder,MEMIT,D,4559__repeat_5,1,1,[],[],0,0,
deepseekcoder,MEMIT,D,637__repeat_2,1,1,[],[],0,0,
deepseekcoder,MEMIT,D,4881__repeat_5,1,1,[],[],0,0,
deepseekcoder,MEMIT,D,2195__repeat_1,2,2,[],[],0,0,
deepseekcoder,MEMIT,D,3693__repeat_1,1,1,[],[],0,0,
deepseekcoder,MEMIT,D,1522__repeat_4,2,2,[],[],0,0,
deepseekcoder,MEMIT,D,3155__repeat_5,1,1,[],[],0,0,
deepseekcoder,MEMIT,D,313__repeat_2,1,1,[],[],0,0,
deepseekcoder,MEMIT,D,313__repeat_4,1,1,[],[],0,0,
deepseekcoder,MEMIT,D,982__repeat_5,2,2,[],[],0,0,
deepseekcoder,MEMIT,D,4386__repeat_4,1,1,[],[],0,0,
deepseekcoder,MEMIT,D,446__repeat_3,2,2,[],[],0,0,
deepseekcoder,DINM,A,270__repeat_2,4,4,[],[],0,0,
deepseekcoder,DINM,A,270__repeat_3,4,4,[],[],0,0,
deepseekcoder,DINM,A,270__repeat_4,4,4,[],[],0,0,
deepseekcoder,DINM,A,4126__repeat_1,0,0,[],[],0,1,
deepseekcoder,DINM,A,4126__repeat_3,2,2,[],[],0,0,
deepseekcoder,DINM,A,4126__repeat_5,0,0,[],[],0,0,
deepseekcoder,DINM,A,2845__repeat_2,3,3,[],[],0,0,
deepseekcoder,DINM,A,782__repeat_4,3,3,[],[],0,0,
deepseekcoder,DINM,A,3302__repeat_1,3,3,[],[],0,0,
deepseekcoder,DINM,A,3302__repeat_5,0,0,[],[],0,0,
deepseekcoder,DINM,A,3063__repeat_2,1,1,[],[],0,0,
deepseekcoder,DINM,A,3063__repeat_3,1,1,[],[],0,0,
deepseekcoder,DINM,A,3063__repeat_4,1,1,[],[],0,0,
deepseekcoder,DINM,A,2000__repeat_2,1,1,[],[],0,0,
deepseekcoder,DINM,A,2000__repeat_3,1,1,[],[],0,0,
deepseekcoder,DINM,A,2000__repeat_4,0,0,[],[],0,0,
deepseekcoder,DINM,A,2347__repeat_5,0,0,[],[],0,0,
deepseekcoder,DINM,A,59__repeat_2,5,5,[],[],0,0,
deepseekcoder,DINM,A,59__repeat_3,0,0,[],[],0,0,
deepseekcoder,DINM,A,59__repeat_4,6,6,[],[],0,0,
deepseekcoder,DINM,A,4381__repeat_2,3,3,[],[],0,0,
deepseekcoder,DINM,A,4381__repeat_5,0,0,[],[],0,0,
deepseekcoder,DINM,A,547__repeat_1,4,4,[],[],0,0,
deepseekcoder,DINM,A,547__repeat_3,5,5,[],[],0,0,
deepseekcoder,DINM,A,4477__repeat_1,3,3,[],[],0,0,
deepseekcoder,DINM,A,4477__repeat_2,1,1,[],[],0,0,
deepseekcoder,DINM,A,4477__repeat_3,1,1,[],[],0,0,
deepseekcoder,DINM,A,4477__repeat_5,1,1,[],[],0,0,
deepseekcoder,DINM,A,3959__repeat_4,2,2,[],[],0,0,
deepseekcoder,DINM,A,4789__repeat_2,2,2,[],[],0,0,
deepseekcoder,DINM,A,562__repeat_1,3,3,[],[],0,0,
deepseekcoder,DINM,A,562__repeat_3,0,0,[],[],0,0,
deepseekcoder,DINM,A,562__repeat_4,0,0,[],[],0,0,
deepseekcoder,DINM,A,562__repeat_5,0,0,[],[],0,0,
deepseekcoder,DINM,A,2773__repeat_4,2,2,[],[],0,0,
deepseekcoder,DINM,A,2431__repeat_5,0,0,[],[],0,0,
deepseekcoder,DINM,A,1178__repeat_2,0,0,[],[],0,0,
deepseekcoder,DINM,A,1178__repeat_3,0,0,[],[],0,1,
deepseekcoder,DINM,A,1178__repeat_4,2,2,[],[],0,0,
deepseekcoder,DINM,A,1178__repeat_5,5,5,[],[],0,0,
deepseekcoder,DINM,A,3002__repeat_1,0,0,[],[],0,0,
deepseekcoder,DINM,A,3002__repeat_2,0,0,[],[],0,0,
deepseekcoder,DINM,A,3002__repeat_5,0,0,[],[],0,0,
deepseekcoder,DINM,A,1767__repeat_4,0,0,[],[],0,0,
deepseekcoder,DINM,A,3359__repeat_1,1,1,[],[],0,0,
deepseekcoder,DINM,A,3359__repeat_2,0,0,[],[],0,0,
deepseekcoder,DINM,A,3359__repeat_3,1,1,[],[],0,0,
deepseekcoder,DINM,A,3359__repeat_4,1,1,[],[],0,0,
deepseekcoder,DINM,A,1630__repeat_2,3,3,[],[],0,0,
deepseekcoder,DINM,A,1630__repeat_3,0,0,[],[],0,0,
deepseekcoder,DINM,A,2941__repeat_1,2,2,[],[],0,0,
deepseekcoder,DINM,A,2941__repeat_2,0,0,[],[],0,0,
deepseekcoder,DINM,A,2941__repeat_4,0,0,[],[],0,0,
deepseekcoder,DINM,A,1424__repeat_3,2,2,[],[],0,0,
deepseekcoder,DINM,A,1981__repeat_1,2,2,[],[],0,0,
deepseekcoder,DINM,A,1981__repeat_2,0,0,[],[],0,0,
deepseekcoder,DINM,A,1085__repeat_1,5,5,[],[],0,0,
deepseekcoder,DINM,A,1085__repeat_2,4,4,[],[],0,0,
deepseekcoder,DINM,A,1085__repeat_3,0,0,[],[],0,0,
deepseekcoder,DINM,A,1085__repeat_4,10,10,[],[],0,0,
deepseekcoder,DINM,A,1085__repeat_5,13,13,[],[],0,0,
deepseekcoder,DINM,A,4720__repeat_4,8,8,[],[],0,0,
deepseekcoder,DINM,A,2609__repeat_4,3,3,[],[],0,0,
deepseekcoder,DINM,A,2609__repeat_5,3,3,[],[],0,0,
deepseekcoder,DINM,A,4525__repeat_1,2,2,[],[],0,0,
deepseekcoder,DINM,A,4525__repeat_3,0,0,[],[],0,0,
deepseekcoder,DINM,A,4525__repeat_4,3,3,[],[],0,0,
deepseekcoder,DINM,A,4525__repeat_5,3,3,[],[],0,0,
deepseekcoder,DINM,A,88__repeat_2,0,0,[],[],0,0,
deepseekcoder,DINM,A,88__repeat_3,0,0,[],[],0,0,
deepseekcoder,DINM,A,1871__repeat_4,1,1,[],[],0,0,
deepseekcoder,DINM,A,4863__repeat_1,5,5,[],[],0,0,
deepseekcoder,DINM,A,4809__repeat_4,8,8,[],[],0,0,
deepseekcoder,DINM,A,3994__repeat_3,1,1,[],[],0,0,
deepseekcoder,DINM,A,3994__repeat_5,1,1,[],[],0,0,
deepseekcoder,DINM,A,1293__repeat_3,1,1,[],[],0,0,
deepseekcoder,DINM,A,241__repeat_1,3,3,[],[],0,0,
deepseekcoder,DINM,A,241__repeat_2,0,0,[],[],0,0,
deepseekcoder,DINM,A,241__repeat_3,3,3,[],[],0,0,
deepseekcoder,DINM,A,241__repeat_5,3,3,[],[],0,0,
deepseekcoder,DINM,A,3916__repeat_2,0,0,[],[],0,0,
deepseekcoder,DINM,A,3916__repeat_5,0,0,[],[],0,0,
deepseekcoder,DINM,A,84__repeat_5,1,1,[],[],0,0,
deepseekcoder,DINM,A,4355__repeat_3,2,2,[],[],0,0,
deepseekcoder,DINM,A,4355__repeat_4,4,4,[],[],0,0,
deepseekcoder,DINM,A,2010__repeat_2,0,0,[],[],0,0,
deepseekcoder,DINM,A,250__repeat_1,0,0,[],[],0,0,
deepseekcoder,DINM,A,4729__repeat_5,3,3,[],[],0,0,
deepseekcoder,DINM,A,2222__repeat_2,4,4,[],[],0,0,
deepseekcoder,DINM,A,2222__repeat_3,0,0,[],[],0,0,
deepseekcoder,DINM,A,2222__repeat_4,0,0,[],[],0,0,
deepseekcoder,DINM,A,1645__repeat_5,0,0,[],[],0,0,
deepseekcoder,DINM,A,2483__repeat_1,1,1,[],[],0,0,
deepseekcoder,DINM,A,2483__repeat_2,0,0,[],[],0,0,
deepseekcoder,DINM,A,2483__repeat_3,1,1,[],[],0,0,
deepseekcoder,DINM,A,2483__repeat_4,1,1,[],[],0,0,
deepseekcoder,DINM,A,2483__repeat_5,1,1,[],[],0,0,
deepseekcoder,DINM,A,2496__repeat_1,1,1,[],[],0,0,
deepseekcoder,DINM,A,2496__repeat_2,10,10,[],[],0,0,
deepseekcoder,DINM,A,2496__repeat_3,0,0,[],[],0,0,
deepseekcoder,DINM,A,3508__repeat_1,4,4,[],[],0,0,
deepseekcoder,DINM,A,3508__repeat_2,4,4,[],[],0,0,
deepseekcoder,DINM,A,2480__repeat_2,3,3,[],[],0,0,
deepseekcoder,DINM,A,2882__repeat_3,2,2,[],[],0,0,
deepseekcoder,DINM,A,2882__repeat_4,1,1,[],[],0,0,
deepseekcoder,DINM,A,146__repeat_3,4,4,[],[],0,0,
deepseekcoder,DINM,A,4521__repeat_3,0,0,[],[],0,0,
deepseekcoder,DINM,A,4521__repeat_5,0,0,[],[],0,0,
deepseekcoder,DINM,A,2026__repeat_1,0,0,[],[],0,0,
deepseekcoder,DINM,A,2026__repeat_3,0,0,[],[],0,0,
deepseekcoder,DINM,A,2026__repeat_4,0,0,[],[],0,0,
deepseekcoder,DINM,A,2026__repeat_5,0,0,[],[],0,0,
deepseekcoder,DINM,A,540__repeat_1,0,0,[],[],0,0,
deepseekcoder,DINM,A,540__repeat_4,0,0,[],[],0,0,
deepseekcoder,DINM,A,1798__repeat_2,2,2,[],[],0,0,
deepseekcoder,DINM,A,1798__repeat_5,3,3,[],[],0,0,
deepseekcoder,DINM,A,399__repeat_1,4,4,[],[],0,0,
deepseekcoder,DINM,A,399__repeat_2,6,6,[],[],0,0,
deepseekcoder,DINM,A,399__repeat_3,3,3,[],[],0,0,
deepseekcoder,DINM,A,399__repeat_4,2,2,[],[],0,0,
deepseekcoder,DINM,A,399__repeat_5,0,0,[],[],0,0,
deepseekcoder,DINM,A,2364__repeat_1,4,4,[],[],0,0,
deepseekcoder,DINM,A,2364__repeat_2,0,0,[],[],0,0,
deepseekcoder,DINM,A,2364__repeat_3,4,4,[],[],0,0,
deepseekcoder,DINM,A,2250__repeat_3,2,2,[],[],0,0,
deepseekcoder,DINM,A,3562__repeat_2,0,0,[],[],0,0,
deepseekcoder,DINM,A,3562__repeat_3,1,1,[],[],0,0,
deepseekcoder,DINM,A,1610__repeat_4,2,2,[],[],0,0,
deepseekcoder,DINM,A,4559__repeat_2,0,0,[],[],0,0,
deepseekcoder,DINM,A,637__repeat_1,0,0,[],[],0,0,
deepseekcoder,DINM,A,4825__repeat_1,2,2,[],[],0,0,
deepseekcoder,DINM,A,4825__repeat_2,2,2,[],[],0,0,
deepseekcoder,DINM,A,4825__repeat_4,0,0,[],[],0,0,
deepseekcoder,DINM,A,4825__repeat_5,2,2,[],[],0,0,
deepseekcoder,DINM,A,2465__repeat_2,0,0,[],[],0,0,
deepseekcoder,DINM,A,1316__repeat_1,1,1,[],[],0,0,
deepseekcoder,DINM,A,1316__repeat_2,0,0,[],[],0,0,
deepseekcoder,DINM,A,1316__repeat_3,1,1,[],[],0,0,
deepseekcoder,DINM,A,1316__repeat_4,1,1,[],[],0,0,
deepseekcoder,DINM,A,4881__repeat_1,1,1,[],[],0,0,
deepseekcoder,DINM,A,4881__repeat_2,2,2,[],[],0,0,
deepseekcoder,DINM,A,4881__repeat_3,2,2,[],[],0,0,
deepseekcoder,DINM,A,4881__repeat_4,1,1,[],[],0,0,
deepseekcoder,DINM,A,4881__repeat_5,0,0,[],[],0,0,
deepseekcoder,DINM,A,55__repeat_4,0,0,[],[],0,0,
deepseekcoder,DINM,A,3343__repeat_3,0,0,[],[],0,0,
deepseekcoder,DINM,A,3343__repeat_4,1,1,[],[],0,0,
deepseekcoder,DINM,A,3343__repeat_5,0,0,[],[],0,0,
deepseekcoder,DINM,A,4344__repeat_2,2,2,[],[],0,0,
deepseekcoder,DINM,A,2113__repeat_1,0,0,[],[],0,1,
deepseekcoder,DINM,A,2113__repeat_2,0,0,[],[],0,0,
deepseekcoder,DINM,A,2113__repeat_3,1,1,[],[],0,0,
deepseekcoder,DINM,A,64__repeat_1,0,0,[],[],0,1,
deepseekcoder,DINM,A,64__repeat_2,2,2,[],[],0,0,
deepseekcoder,DINM,A,64__repeat_5,0,0,[],[],0,0,
deepseekcoder,DINM,A,1448__repeat_1,0,0,[],[],0,0,
deepseekcoder,DINM,A,1725__repeat_4,2,2,[],[],0,0,
deepseekcoder,DINM,A,1725__repeat_5,5,5,[],[],0,0,
deepseekcoder,DINM,A,2195__repeat_1,2,2,[],[],0,0,
deepseekcoder,DINM,A,2195__repeat_2,3,3,[],[],0,0,
deepseekcoder,DINM,A,2195__repeat_3,3,3,[],[],0,0,
deepseekcoder,DINM,A,2195__repeat_4,2,2,[],[],0,0,
deepseekcoder,DINM,A,2195__repeat_5,3,3,[],[],0,0,
deepseekcoder,DINM,A,3693__repeat_2,1,1,[],[],0,0,
deepseekcoder,DINM,A,3693__repeat_3,1,1,[],[],0,0,
deepseekcoder,DINM,A,3693__repeat_5,0,0,[],[],0,0,
deepseekcoder,DINM,A,4856__repeat_5,0,0,[],[],0,0,
deepseekcoder,DINM,A,4299__repeat_3,0,0,[],[],0,0,
deepseekcoder,DINM,A,1522__repeat_1,2,3,[],"[[""lumigo_tracer"", ""lumigo_tracer"", ""absolute""]]",1,0,
deepseekcoder,DINM,A,1522__repeat_2,2,2,[],[],0,0,
deepseekcoder,DINM,A,1522__repeat_3,0,0,[],[],0,0,
deepseekcoder,DINM,A,1522__repeat_4,2,2,[],[],0,0,
deepseekcoder,DINM,A,1522__repeat_5,2,2,[],[],0,0,
deepseekcoder,DINM,A,3155__repeat_1,2,2,[],[],0,0,
deepseekcoder,DINM,A,3155__repeat_2,2,2,[],[],0,0,
deepseekcoder,DINM,A,3155__repeat_3,2,2,[],[],0,0,
deepseekcoder,DINM,A,3155__repeat_4,1,1,[],[],0,0,
deepseekcoder,DINM,A,3155__repeat_5,1,1,[],[],0,0,
deepseekcoder,DINM,A,313__repeat_1,2,2,[],[],0,0,
deepseekcoder,DINM,A,313__repeat_2,0,0,[],[],0,0,
deepseekcoder,DINM,A,313__repeat_4,0,0,[],[],0,0,
deepseekcoder,DINM,A,3784__repeat_1,0,0,[],[],0,0,
deepseekcoder,DINM,A,4196__repeat_1,1,1,[],[],0,0,
deepseekcoder,DINM,A,4196__repeat_4,1,1,[],[],0,0,
deepseekcoder,DINM,A,4196__repeat_5,0,0,[],[],0,0,
deepseekcoder,DINM,A,982__repeat_2,1,1,[],[],0,0,
deepseekcoder,DINM,A,982__repeat_3,1,1,[],[],0,0,
deepseekcoder,DINM,A,4117__repeat_2,6,6,[],[],0,0,
deepseekcoder,DINM,A,4117__repeat_3,3,3,[],[],0,0,
deepseekcoder,DINM,A,4117__repeat_5,6,6,[],[],0,0,
deepseekcoder,DINM,A,446__repeat_2,2,2,[],[],0,0,
deepseekcoder,DINM,A,446__repeat_5,2,2,[],[],0,0,
deepseekcoder,DINM,B,270__repeat_2,3,3,[],[],0,0,
deepseekcoder,DINM,B,4126__repeat_1,4,4,[],[],0,0,
deepseekcoder,DINM,B,4126__repeat_2,0,0,[],[],0,0,
deepseekcoder,DINM,B,4126__repeat_4,2,2,[],[],0,0,
deepseekcoder,DINM,B,2845__repeat_2,1,1,[],[],0,0,
deepseekcoder,DINM,B,2845__repeat_4,2,2,[],[],0,0,
deepseekcoder,DINM,B,3302__repeat_3,0,0,[],[],0,0,
deepseekcoder,DINM,B,3302__repeat_4,0,0,[],[],0,1,
deepseekcoder,DINM,B,3063__repeat_1,1,1,[],[],0,0,
deepseekcoder,DINM,B,3063__repeat_3,1,1,[],[],0,0,
deepseekcoder,DINM,B,3063__repeat_4,1,1,[],[],0,0,
deepseekcoder,DINM,B,3063__repeat_5,1,1,[],[],0,0,
deepseekcoder,DINM,B,2000__repeat_3,3,3,[],[],0,0,
deepseekcoder,DINM,B,2000__repeat_4,0,0,[],[],0,0,
deepseekcoder,DINM,B,59__repeat_2,0,0,[],[],0,0,
deepseekcoder,DINM,B,4381__repeat_2,2,2,[],[],0,0,
deepseekcoder,DINM,B,4381__repeat_5,4,4,[],[],0,0,
deepseekcoder,DINM,B,547__repeat_1,4,4,[],[],0,0,
deepseekcoder,DINM,B,547__repeat_3,3,3,[],[],0,0,
deepseekcoder,DINM,B,4477__repeat_1,1,1,[],[],0,0,
deepseekcoder,DINM,B,4477__repeat_5,2,2,[],[],0,0,
deepseekcoder,DINM,B,3959__repeat_1,2,2,[],[],0,0,
deepseekcoder,DINM,B,3959__repeat_4,2,2,[],[],0,0,
deepseekcoder,DINM,B,2773__repeat_3,0,0,[],[],0,0,
deepseekcoder,DINM,B,2773__repeat_5,1,1,[],[],0,0,
deepseekcoder,DINM,B,1178__repeat_2,3,3,[],[],0,0,
deepseekcoder,DINM,B,1178__repeat_4,2,2,[],[],0,0,
deepseekcoder,DINM,B,1947__repeat_4,0,0,[],[],0,0,
deepseekcoder,DINM,B,1947__repeat_5,0,0,[],[],0,0,
deepseekcoder,DINM,B,3002__repeat_2,1,1,[],[],0,0,
deepseekcoder,DINM,B,3002__repeat_3,1,1,[],[],0,0,
deepseekcoder,DINM,B,3002__repeat_4,0,0,[],[],0,0,
deepseekcoder,DINM,B,2379__repeat_5,2,2,[],[],0,0,
deepseekcoder,DINM,B,1767__repeat_1,3,3,[],[],0,0,
deepseekcoder,DINM,B,1767__repeat_2,1,1,[],[],0,0,
deepseekcoder,DINM,B,1767__repeat_4,0,0,[],[],0,0,
deepseekcoder,DINM,B,3359__repeat_1,0,0,[],[],0,0,
deepseekcoder,DINM,B,3359__repeat_2,1,1,[],[],0,0,
deepseekcoder,DINM,B,3359__repeat_4,0,0,[],[],0,0,
deepseekcoder,DINM,B,1630__repeat_1,5,5,[],[],0,0,
deepseekcoder,DINM,B,1630__repeat_3,0,0,[],[],0,0,
deepseekcoder,DINM,B,1630__repeat_4,3,3,[],[],0,0,
deepseekcoder,DINM,B,2941__repeat_4,0,0,[],[],0,0,
deepseekcoder,DINM,B,2941__repeat_5,0,0,[],[],0,0,
deepseekcoder,DINM,B,1366__repeat_4,0,0,[],[],0,0,
deepseekcoder,DINM,B,1085__repeat_1,12,12,[],[],0,0,
deepseekcoder,DINM,B,1085__repeat_2,0,0,[],[],0,0,
deepseekcoder,DINM,B,1085__repeat_3,9,9,[],[],0,0,
deepseekcoder,DINM,B,1085__repeat_4,9,9,[],[],0,0,
deepseekcoder,DINM,B,1085__repeat_5,10,10,[],[],0,0,
deepseekcoder,DINM,B,2609__repeat_2,0,0,[],[],0,0,
deepseekcoder,DINM,B,2609__repeat_3,5,5,[],[],0,0,
deepseekcoder,DINM,B,4525__repeat_4,4,4,[],[],0,0,
deepseekcoder,DINM,B,682__repeat_3,0,0,[],[],0,0,
deepseekcoder,DINM,B,2939__repeat_4,2,2,[],[],0,0,
deepseekcoder,DINM,B,1871__repeat_3,8,8,[],[],0,0,
deepseekcoder,DINM,B,1871__repeat_5,0,0,[],[],0,0,
deepseekcoder,DINM,B,4809__repeat_4,6,6,[],[],0,0,
deepseekcoder,DINM,B,3994__repeat_4,0,0,[],[],0,0,
deepseekcoder,DINM,B,1217__repeat_1,5,5,[],[],0,0,
deepseekcoder,DINM,B,1293__repeat_5,1,1,[],[],0,0,
deepseekcoder,DINM,B,241__repeat_1,3,3,[],[],0,0,
deepseekcoder,DINM,B,241__repeat_2,3,3,[],[],0,0,
deepseekcoder,DINM,B,241__repeat_3,3,3,[],[],0,0,
deepseekcoder,DINM,B,241__repeat_4,3,3,[],[],0,0,
deepseekcoder,DINM,B,3916__repeat_1,0,0,[],[],0,0,
deepseekcoder,DINM,B,3916__repeat_2,3,3,[],[],0,0,
deepseekcoder,DINM,B,3916__repeat_5,1,1,[],[],0,0,
deepseekcoder,DINM,B,84__repeat_1,1,1,[],[],0,0,
deepseekcoder,DINM,B,2010__repeat_1,4,4,[],[],0,0,
deepseekcoder,DINM,B,2010__repeat_5,4,4,[],[],0,0,
deepseekcoder,DINM,B,250__repeat_2,0,0,[],[],0,0,
deepseekcoder,DINM,B,250__repeat_3,4,4,[],[],0,0,
deepseekcoder,DINM,B,2222__repeat_3,4,4,[],[],0,0,
deepseekcoder,DINM,B,2222__repeat_4,4,4,[],[],0,0,
deepseekcoder,DINM,B,2483__repeat_2,1,1,[],[],0,0,
deepseekcoder,DINM,B,2496__repeat_1,0,0,[],[],0,1,
deepseekcoder,DINM,B,2496__repeat_2,1,1,[],[],0,1,
deepseekcoder,DINM,B,2496__repeat_3,2,2,[],[],0,0,
deepseekcoder,DINM,B,3508__repeat_1,0,0,[],[],0,0,
deepseekcoder,DINM,B,3508__repeat_4,2,2,[],[],0,0,
deepseekcoder,DINM,B,3508__repeat_5,0,0,[],[],0,1,
deepseekcoder,DINM,B,2882__repeat_2,1,1,[],[],0,0,
deepseekcoder,DINM,B,2882__repeat_3,1,1,[],[],0,0,
deepseekcoder,DINM,B,4521__repeat_1,2,2,[],[],0,0,
deepseekcoder,DINM,B,4521__repeat_5,0,0,[],[],0,0,
deepseekcoder,DINM,B,2026__repeat_1,0,0,[],[],0,0,
deepseekcoder,DINM,B,2026__repeat_2,0,0,[],[],0,0,
deepseekcoder,DINM,B,2026__repeat_3,0,0,[],[],0,0,
deepseekcoder,DINM,B,2026__repeat_5,0,0,[],[],0,0,
deepseekcoder,DINM,B,540__repeat_4,0,0,[],[],0,0,
deepseekcoder,DINM,B,1798__repeat_3,3,3,[],[],0,0,
deepseekcoder,DINM,B,1798__repeat_4,3,3,[],[],0,0,
deepseekcoder,DINM,B,1798__repeat_5,1,1,[],[],0,0,
deepseekcoder,DINM,B,399__repeat_1,4,4,[],[],0,0,
deepseekcoder,DINM,B,399__repeat_2,4,4,[],[],0,0,
deepseekcoder,DINM,B,399__repeat_5,3,3,[],[],0,0,
deepseekcoder,DINM,B,2250__repeat_2,3,3,[],[],0,0,
deepseekcoder,DINM,B,2250__repeat_3,3,3,[],[],0,0,
deepseekcoder,DINM,B,2250__repeat_4,3,3,[],[],0,0,
deepseekcoder,DINM,B,1610__repeat_3,0,0,[],[],0,0,
deepseekcoder,DINM,B,4559__repeat_3,1,1,[],[],0,0,
deepseekcoder,DINM,B,637__repeat_1,0,0,[],[],0,1,
deepseekcoder,DINM,B,637__repeat_5,0,0,[],[],0,0,
deepseekcoder,DINM,B,4825__repeat_4,2,2,[],[],0,0,
deepseekcoder,DINM,B,1316__repeat_1,1,1,[],[],0,0,
deepseekcoder,DINM,B,1316__repeat_2,1,1,[],[],0,0,
deepseekcoder,DINM,B,1316__repeat_3,1,1,[],[],0,0,
deepseekcoder,DINM,B,1316__repeat_5,0,0,[],[],0,0,
deepseekcoder,DINM,B,4881__repeat_1,2,2,[],[],0,0,
deepseekcoder,DINM,B,4881__repeat_2,2,2,[],[],0,0,
deepseekcoder,DINM,B,4881__repeat_3,1,1,[],[],0,0,
deepseekcoder,DINM,B,4881__repeat_4,1,1,[],[],0,0,
deepseekcoder,DINM,B,4881__repeat_5,1,1,[],[],0,0,
deepseekcoder,DINM,B,3343__repeat_3,0,0,[],[],0,0,
deepseekcoder,DINM,B,4344__repeat_1,2,2,[],[],0,0,
deepseekcoder,DINM,B,64__repeat_2,1,1,[],[],0,0,
deepseekcoder,DINM,B,64__repeat_4,2,2,[],[],0,0,
deepseekcoder,DINM,B,1448__repeat_5,0,0,[],[],0,0,
deepseekcoder,DINM,B,1725__repeat_1,4,4,[],[],0,0,
deepseekcoder,DINM,B,1725__repeat_3,3,3,[],[],0,0,
deepseekcoder,DINM,B,2195__repeat_1,0,0,[],[],0,0,
deepseekcoder,DINM,B,2195__repeat_3,2,2,[],[],0,0,
deepseekcoder,DINM,B,2195__repeat_5,2,2,[],[],0,0,
deepseekcoder,DINM,B,3693__repeat_2,0,0,[],[],0,0,
deepseekcoder,DINM,B,3693__repeat_3,1,1,[],[],0,0,
deepseekcoder,DINM,B,3693__repeat_4,0,0,[],[],0,0,
deepseekcoder,DINM,B,4856__repeat_1,2,2,[],[],0,0,
deepseekcoder,DINM,B,4856__repeat_2,5,5,[],[],0,0,
deepseekcoder,DINM,B,4299__repeat_5,0,0,[],[],0,0,
deepseekcoder,DINM,B,1522__repeat_1,4,4,[],[],0,0,
deepseekcoder,DINM,B,1522__repeat_2,4,4,[],[],0,0,
deepseekcoder,DINM,B,1522__repeat_3,3,3,[],[],0,0,
deepseekcoder,DINM,B,3155__repeat_1,1,1,[],[],0,0,
deepseekcoder,DINM,B,3155__repeat_5,2,2,[],[],0,0,
deepseekcoder,DINM,B,3784__repeat_1,0,0,[],[],0,0,
deepseekcoder,DINM,B,4196__repeat_2,0,0,[],[],0,0,
deepseekcoder,DINM,B,4196__repeat_3,0,0,[],[],0,0,
deepseekcoder,DINM,B,982__repeat_3,1,1,[],[],0,0,
deepseekcoder,DINM,B,4386__repeat_2,0,0,[],[],0,0,
deepseekcoder,DINM,B,4386__repeat_4,9,9,[],[],0,0,
deepseekcoder,DINM,B,4117__repeat_1,8,8,[],[],0,0,
deepseekcoder,DINM,B,4117__repeat_3,6,6,[],[],0,0,
deepseekcoder,DINM,B,446__repeat_4,3,3,[],[],0,0,
deepseekcoder,DINM,B,446__repeat_5,2,2,[],[],0,0,
deepseekcoder,DINM,C,270__repeat_3,2,2,[],[],0,0,
deepseekcoder,DINM,C,270__repeat_4,0,0,[],[],0,0,
deepseekcoder,DINM,C,4126__repeat_1,3,3,[],[],0,0,
deepseekcoder,DINM,C,4126__repeat_2,0,0,[],[],0,0,
deepseekcoder,DINM,C,2845__repeat_1,2,2,[],[],0,0,
deepseekcoder,DINM,C,2845__repeat_3,2,2,[],[],0,0,
deepseekcoder,DINM,C,2845__repeat_4,0,0,[],[],0,0,
deepseekcoder,DINM,C,2845__repeat_5,1,1,[],[],0,0,
deepseekcoder,DINM,C,782__repeat_1,3,3,[],[],0,0,
deepseekcoder,DINM,C,782__repeat_3,4,4,[],[],0,0,
deepseekcoder,DINM,C,782__repeat_4,4,4,[],[],0,0,
deepseekcoder,DINM,C,3302__repeat_3,4,4,[],[],0,0,
deepseekcoder,DINM,C,3063__repeat_1,1,1,[],[],0,0,
deepseekcoder,DINM,C,3063__repeat_2,1,1,[],[],0,0,
deepseekcoder,DINM,C,3063__repeat_4,1,1,[],[],0,0,
deepseekcoder,DINM,C,3063__repeat_5,1,1,[],[],0,0,
deepseekcoder,DINM,C,2000__repeat_1,3,3,[],[],0,0,
deepseekcoder,DINM,C,2000__repeat_3,0,0,[],[],0,0,
deepseekcoder,DINM,C,2000__repeat_4,0,0,[],[],0,0,
deepseekcoder,DINM,C,547__repeat_5,4,4,[],[],0,0,
deepseekcoder,DINM,C,4477__repeat_1,1,1,[],[],0,0,
deepseekcoder,DINM,C,4477__repeat_3,1,1,[],[],0,0,
deepseekcoder,DINM,C,4477__repeat_4,2,2,[],[],0,0,
deepseekcoder,DINM,C,4477__repeat_5,3,3,[],[],0,0,
deepseekcoder,DINM,C,3959__repeat_4,3,3,[],[],0,0,
deepseekcoder,DINM,C,3959__repeat_5,2,2,[],[],0,0,
deepseekcoder,DINM,C,4699__repeat_4,1,1,[],[],0,0,
deepseekcoder,DINM,C,562__repeat_2,0,0,[],[],0,0,
deepseekcoder,DINM,C,2431__repeat_3,0,0,[],[],0,0,
deepseekcoder,DINM,C,1178__repeat_2,3,3,[],[],0,0,
deepseekcoder,DINM,C,1178__repeat_3,4,4,[],[],0,0,
deepseekcoder,DINM,C,1178__repeat_5,1,1,[],[],0,0,
deepseekcoder,DINM,C,3002__repeat_3,1,1,[],[],0,0,
deepseekcoder,DINM,C,1767__repeat_2,0,0,[],[],0,0,
deepseekcoder,DINM,C,1767__repeat_4,0,0,[],[],0,0,
deepseekcoder,DINM,C,3359__repeat_1,1,1,[],[],0,0,
deepseekcoder,DINM,C,3359__repeat_2,1,1,[],[],0,0,
deepseekcoder,DINM,C,3359__repeat_4,1,1,[],[],0,0,
deepseekcoder,DINM,C,1630__repeat_4,6,6,[],[],0,0,
deepseekcoder,DINM,C,2941__repeat_1,0,0,[],[],0,0,
deepseekcoder,DINM,C,2941__repeat_4,0,0,[],[],0,0,
deepseekcoder,DINM,C,1981__repeat_1,2,2,[],[],0,0,
deepseekcoder,DINM,C,1981__repeat_4,2,2,[],[],0,0,
deepseekcoder,DINM,C,1085__repeat_1,5,5,[],[],0,0,
deepseekcoder,DINM,C,1085__repeat_2,7,7,[],[],0,0,
deepseekcoder,DINM,C,1085__repeat_3,0,0,[],[],0,0,
deepseekcoder,DINM,C,1085__repeat_4,9,9,[],[],0,0,
deepseekcoder,DINM,C,1085__repeat_5,10,10,[],[],0,0,
deepseekcoder,DINM,C,2609__repeat_1,3,3,[],[],0,0,
deepseekcoder,DINM,C,2609__repeat_4,3,3,[],[],0,0,
deepseekcoder,DINM,C,2609__repeat_5,4,4,[],[],0,0,
deepseekcoder,DINM,C,4525__repeat_2,2,2,[],[],0,0,
deepseekcoder,DINM,C,4525__repeat_3,2,2,[],[],0,0,
deepseekcoder,DINM,C,682__repeat_1,0,0,[],[],0,0,
deepseekcoder,DINM,C,682__repeat_4,2,2,[],[],0,0,
deepseekcoder,DINM,C,2939__repeat_2,0,0,[],[],0,0,
deepseekcoder,DINM,C,1871__repeat_1,2,2,[],[],0,0,
deepseekcoder,DINM,C,4809__repeat_2,1,1,[],[],0,0,
deepseekcoder,DINM,C,3994__repeat_4,2,2,[],[],0,0,
deepseekcoder,DINM,C,1293__repeat_3,1,1,[],[],0,0,
deepseekcoder,DINM,C,1293__repeat_4,0,0,[],[],0,1,
deepseekcoder,DINM,C,241__repeat_1,3,3,[],[],0,0,
deepseekcoder,DINM,C,241__repeat_3,3,3,[],[],0,0,
deepseekcoder,DINM,C,241__repeat_4,3,3,[],[],0,0,
deepseekcoder,DINM,C,241__repeat_5,3,3,[],[],0,0,
deepseekcoder,DINM,C,3916__repeat_1,0,0,[],[],0,0,
deepseekcoder,DINM,C,3916__repeat_2,0,0,[],[],0,0,
deepseekcoder,DINM,C,3916__repeat_3,1,1,[],[],0,0,
deepseekcoder,DINM,C,3916__repeat_4,0,0,[],[],0,0,
deepseekcoder,DINM,C,3916__repeat_5,0,0,[],[],0,0,
deepseekcoder,DINM,C,4355__repeat_1,6,6,[],[],0,0,
deepseekcoder,DINM,C,4355__repeat_3,2,2,[],[],0,0,
deepseekcoder,DINM,C,2010__repeat_4,4,4,[],[],0,0,
deepseekcoder,DINM,C,2010__repeat_5,3,3,[],[],0,0,
deepseekcoder,DINM,C,1683__repeat_2,0,0,[],[],0,0,
deepseekcoder,DINM,C,250__repeat_2,5,5,[],[],0,0,
deepseekcoder,DINM,C,250__repeat_3,4,4,[],[],0,0,
deepseekcoder,DINM,C,250__repeat_4,4,4,[],[],0,0,
deepseekcoder,DINM,C,250__repeat_5,0,0,[],[],0,0,
deepseekcoder,DINM,C,4887__repeat_1,7,7,[],[],0,0,
deepseekcoder,DINM,C,2222__repeat_5,4,4,[],[],0,0,
deepseekcoder,DINM,C,2483__repeat_3,0,0,[],[],0,0,
deepseekcoder,DINM,C,2483__repeat_4,0,0,[],[],0,0,
deepseekcoder,DINM,C,2496__repeat_3,8,8,[],[],0,0,
deepseekcoder,DINM,C,2496__repeat_4,1,1,[],[],0,0,
deepseekcoder,DINM,C,2496__repeat_5,0,0,[],[],0,0,
deepseekcoder,DINM,C,3508__repeat_1,3,3,[],[],0,0,
deepseekcoder,DINM,C,3508__repeat_4,3,3,[],[],0,0,
deepseekcoder,DINM,C,146__repeat_2,0,0,[],[],0,0,
deepseekcoder,DINM,C,4521__repeat_2,0,0,[],[],0,0,
deepseekcoder,DINM,C,4521__repeat_3,3,3,[],[],0,0,
deepseekcoder,DINM,C,2026__repeat_1,0,0,[],[],0,0,
deepseekcoder,DINM,C,2026__repeat_2,0,0,[],[],0,0,
deepseekcoder,DINM,C,2026__repeat_4,0,0,[],[],0,0,
deepseekcoder,DINM,C,2026__repeat_5,0,0,[],[],0,0,
deepseekcoder,DINM,C,540__repeat_1,3,3,[],[],0,0,
deepseekcoder,DINM,C,1798__repeat_2,1,1,[],[],0,0,
deepseekcoder,DINM,C,1798__repeat_3,2,2,[],[],0,0,
deepseekcoder,DINM,C,1798__repeat_4,2,2,[],[],0,0,
deepseekcoder,DINM,C,399__repeat_1,3,3,[],[],0,0,
deepseekcoder,DINM,C,399__repeat_2,3,3,[],[],0,0,
deepseekcoder,DINM,C,399__repeat_3,3,3,[],[],0,0,
deepseekcoder,DINM,C,399__repeat_4,0,0,[],[],0,0,
deepseekcoder,DINM,C,399__repeat_5,3,3,[],[],0,0,
deepseekcoder,DINM,C,2250__repeat_2,3,3,[],[],0,0,
deepseekcoder,DINM,C,2250__repeat_3,3,3,[],[],0,0,
deepseekcoder,DINM,C,3562__repeat_2,1,1,[],[],0,0,
deepseekcoder,DINM,C,2931__repeat_3,1,1,[],[],0,0,
deepseekcoder,DINM,C,2931__repeat_5,0,0,[],[],0,0,
deepseekcoder,DINM,C,1610__repeat_2,2,2,[],[],0,0,
deepseekcoder,DINM,C,4559__repeat_1,1,1,[],[],0,0,
deepseekcoder,DINM,C,4559__repeat_4,0,0,[],[],0,0,
deepseekcoder,DINM,C,4825__repeat_2,2,2,[],[],0,0,
deepseekcoder,DINM,C,1316__repeat_3,1,1,[],[],0,0,
deepseekcoder,DINM,C,1316__repeat_5,1,1,[],[],0,0,
deepseekcoder,DINM,C,4881__repeat_1,0,0,[],[],0,0,
deepseekcoder,DINM,C,4881__repeat_2,1,1,[],[],0,0,
deepseekcoder,DINM,C,4881__repeat_3,3,3,[],[],0,0,
deepseekcoder,DINM,C,4881__repeat_4,0,0,[],[],0,0,
deepseekcoder,DINM,C,4881__repeat_5,2,2,[],[],0,0,
deepseekcoder,DINM,C,55__repeat_1,5,5,[],[],0,0,
deepseekcoder,DINM,C,55__repeat_5,3,3,[],[],0,0,
deepseekcoder,DINM,C,4344__repeat_2,2,2,[],[],0,0,
deepseekcoder,DINM,C,4344__repeat_3,2,2,[],[],0,0,
deepseekcoder,DINM,C,64__repeat_1,2,2,[],[],0,0,
deepseekcoder,DINM,C,64__repeat_2,3,3,[],[],0,0,
deepseekcoder,DINM,C,64__repeat_4,1,1,[],[],0,0,
deepseekcoder,DINM,C,1448__repeat_3,0,0,[],[],0,0,
deepseekcoder,DINM,C,1448__repeat_5,0,0,[],[],0,0,
deepseekcoder,DINM,C,1725__repeat_2,3,3,[],[],0,0,
deepseekcoder,DINM,C,1725__repeat_3,10,10,[],[],0,0,
deepseekcoder,DINM,C,1725__repeat_5,0,0,[],[],0,0,
deepseekcoder,DINM,C,2195__repeat_1,2,2,[],[],0,0,
deepseekcoder,DINM,C,2195__repeat_2,2,2,[],[],0,0,
deepseekcoder,DINM,C,2195__repeat_4,2,2,[],[],0,0,
deepseekcoder,DINM,C,2398__repeat_1,1,1,[],[],0,0,
deepseekcoder,DINM,C,2398__repeat_2,1,1,[],[],0,0,
deepseekcoder,DINM,C,3693__repeat_1,1,1,[],[],1,0,
deepseekcoder,DINM,C,3693__repeat_4,0,0,[],[],0,0,
deepseekcoder,DINM,C,3693__repeat_5,0,0,[],[],0,0,
deepseekcoder,DINM,C,4856__repeat_2,1,1,[],[],0,0,
deepseekcoder,DINM,C,4299__repeat_5,0,0,[],[],0,0,
deepseekcoder,DINM,C,1522__repeat_1,2,2,[],[],0,0,
deepseekcoder,DINM,C,1522__repeat_3,1,1,[],[],0,0,
deepseekcoder,DINM,C,1522__repeat_4,3,3,[],[],0,0,
deepseekcoder,DINM,C,1522__repeat_5,2,2,[],[],0,0,
deepseekcoder,DINM,C,3155__repeat_5,3,3,[],[],0,0,
deepseekcoder,DINM,C,313__repeat_4,0,0,[],[],0,0,
deepseekcoder,DINM,C,313__repeat_5,0,0,[],[],0,0,
deepseekcoder,DINM,C,4196__repeat_2,1,1,[],[],0,0,
deepseekcoder,DINM,C,982__repeat_2,3,3,[],[],0,0,
deepseekcoder,DINM,C,982__repeat_3,1,1,[],[],0,0,
deepseekcoder,DINM,C,982__repeat_5,0,0,[],[],0,0,
deepseekcoder,DINM,C,4386__repeat_1,0,0,[],[],0,0,
deepseekcoder,DINM,C,4386__repeat_2,0,0,[],[],0,0,
deepseekcoder,DINM,C,4386__repeat_5,0,0,[],[],0,0,
deepseekcoder,DINM,C,4117__repeat_1,5,5,[],[],0,0,
deepseekcoder,DINM,C,4117__repeat_3,6,6,[],[],0,0,
deepseekcoder,DINM,C,446__repeat_4,2,2,[],[],0,0,
deepseekcoder,DINM,C,446__repeat_5,1,1,[],[],0,0,
deepseekcoder,DINM,D,270__repeat_3,0,0,[],[],0,0,
deepseekcoder,DINM,D,4126__repeat_1,1,1,[],[],0,0,
deepseekcoder,DINM,D,4126__repeat_2,5,5,[],[],0,0,
deepseekcoder,DINM,D,4126__repeat_3,0,0,[],[],0,0,
deepseekcoder,DINM,D,4126__repeat_4,1,1,[],[],0,0,
deepseekcoder,DINM,D,4126__repeat_5,5,5,[],[],0,0,
deepseekcoder,DINM,D,2845__repeat_1,4,4,[],[],0,0,
deepseekcoder,DINM,D,2845__repeat_2,2,2,[],[],0,0,
deepseekcoder,DINM,D,2845__repeat_3,2,2,[],[],0,0,
deepseekcoder,DINM,D,3302__repeat_1,0,0,[],[],0,0,
deepseekcoder,DINM,D,3063__repeat_1,1,1,[],[],0,0,
deepseekcoder,DINM,D,3063__repeat_2,1,1,[],[],0,0,
deepseekcoder,DINM,D,3063__repeat_3,1,1,[],[],0,0,
deepseekcoder,DINM,D,3063__repeat_4,3,3,[],[],0,0,
deepseekcoder,DINM,D,3063__repeat_5,1,1,[],[],0,0,
deepseekcoder,DINM,D,2000__repeat_1,0,0,[],[],0,0,
deepseekcoder,DINM,D,2000__repeat_2,1,1,[],[],0,0,
deepseekcoder,DINM,D,2000__repeat_5,1,1,[],[],0,0,
deepseekcoder,DINM,D,2347__repeat_1,0,0,[],[],0,0,
deepseekcoder,DINM,D,2347__repeat_5,0,0,[],[],0,0,
deepseekcoder,DINM,D,59__repeat_1,0,0,[],[],0,1,
deepseekcoder,DINM,D,59__repeat_2,6,6,[],[],0,0,
deepseekcoder,DINM,D,59__repeat_4,5,5,[],[],0,0,
deepseekcoder,DINM,D,547__repeat_1,3,3,[],[],0,0,
deepseekcoder,DINM,D,547__repeat_2,3,3,[],[],0,0,
deepseekcoder,DINM,D,547__repeat_3,4,4,[],[],0,0,
deepseekcoder,DINM,D,547__repeat_4,3,3,[],[],0,0,
deepseekcoder,DINM,D,4477__repeat_1,0,0,[],[],0,0,
deepseekcoder,DINM,D,4477__repeat_3,0,0,[],[],0,0,
deepseekcoder,DINM,D,4477__repeat_4,4,4,[],[],0,0,
deepseekcoder,DINM,D,4789__repeat_2,0,0,[],[],0,0,
deepseekcoder,DINM,D,2773__repeat_1,1,1,[],[],0,0,
deepseekcoder,DINM,D,2773__repeat_4,0,0,[],[],0,0,
deepseekcoder,DINM,D,2773__repeat_5,1,1,[],[],0,0,
deepseekcoder,DINM,D,2431__repeat_2,0,0,[],[],0,0,
deepseekcoder,DINM,D,1178__repeat_2,3,3,[],[],0,0,
deepseekcoder,DINM,D,1178__repeat_4,4,4,[],[],0,0,
deepseekcoder,DINM,D,3002__repeat_2,1,1,[],[],0,0,
deepseekcoder,DINM,D,3002__repeat_4,1,1,[],[],0,0,
deepseekcoder,DINM,D,1767__repeat_2,3,3,[],[],0,0,
deepseekcoder,DINM,D,1767__repeat_3,1,1,[],[],0,0,
deepseekcoder,DINM,D,1767__repeat_4,2,2,[],[],0,0,
deepseekcoder,DINM,D,1767__repeat_5,4,4,[],[],0,0,
deepseekcoder,DINM,D,3359__repeat_1,1,1,[],[],0,0,
deepseekcoder,DINM,D,3359__repeat_4,1,1,[],[],0,0,
deepseekcoder,DINM,D,1630__repeat_1,0,0,[],[],0,0,
deepseekcoder,DINM,D,2941__repeat_2,0,0,[],[],0,0,
deepseekcoder,DINM,D,2941__repeat_3,0,0,[],[],0,0,
deepseekcoder,DINM,D,2941__repeat_5,0,0,[],[],0,0,
deepseekcoder,DINM,D,1424__repeat_1,2,2,[],[],0,0,
deepseekcoder,DINM,D,1981__repeat_2,3,3,[],[],0,0,
deepseekcoder,DINM,D,1981__repeat_5,2,2,[],[],0,0,
deepseekcoder,DINM,D,1085__repeat_1,8,8,[],[],0,0,
deepseekcoder,DINM,D,1085__repeat_2,6,6,[],[],0,0,
deepseekcoder,DINM,D,1085__repeat_3,4,4,[],[],0,0,
deepseekcoder,DINM,D,1085__repeat_4,11,11,[],[],0,0,
deepseekcoder,DINM,D,1085__repeat_5,9,9,[],[],0,0,
deepseekcoder,DINM,D,4720__repeat_1,0,0,[],[],0,0,
deepseekcoder,DINM,D,4720__repeat_3,0,0,[],[],0,0,
deepseekcoder,DINM,D,4720__repeat_4,0,0,[],[],0,0,
deepseekcoder,DINM,D,2609__repeat_2,3,3,[],[],0,0,
deepseekcoder,DINM,D,2609__repeat_3,3,3,[],[],0,0,
deepseekcoder,DINM,D,2609__repeat_4,4,4,[],[],0,0,
deepseekcoder,DINM,D,4525__repeat_2,3,3,[],[],0,0,
deepseekcoder,DINM,D,4525__repeat_3,3,3,[],[],0,0,
deepseekcoder,DINM,D,4525__repeat_4,0,0,[],[],0,0,
deepseekcoder,DINM,D,682__repeat_1,0,0,[],[],0,0,
deepseekcoder,DINM,D,682__repeat_3,1,1,[],[],0,0,
deepseekcoder,DINM,D,1871__repeat_1,0,0,[],[],0,0,
deepseekcoder,DINM,D,1871__repeat_3,0,0,[],[],0,0,
deepseekcoder,DINM,D,4863__repeat_2,6,6,[],[],0,0,
deepseekcoder,DINM,D,4863__repeat_3,5,5,[],[],0,0,
deepseekcoder,DINM,D,4809__repeat_1,3,3,[],[],0,0,
deepseekcoder,DINM,D,4809__repeat_3,0,0,[],[],0,0,
deepseekcoder,DINM,D,3994__repeat_1,3,3,[],[],0,0,
deepseekcoder,DINM,D,1293__repeat_1,1,1,[],[],0,0,
deepseekcoder,DINM,D,241__repeat_1,3,3,[],[],0,0,
deepseekcoder,DINM,D,241__repeat_2,5,5,[],[],0,0,
deepseekcoder,DINM,D,241__repeat_3,0,0,[],[],0,0,
deepseekcoder,DINM,D,241__repeat_5,5,5,[],[],0,0,
deepseekcoder,DINM,D,3916__repeat_2,0,0,[],[],0,0,
deepseekcoder,DINM,D,3916__repeat_3,0,0,[],[],0,0,
deepseekcoder,DINM,D,3916__repeat_5,0,0,[],[],0,0,
deepseekcoder,DINM,D,84__repeat_2,1,1,[],[],0,0,
deepseekcoder,DINM,D,4355__repeat_1,2,2,[],[],0,0,
deepseekcoder,DINM,D,4355__repeat_5,3,3,[],[],0,0,
deepseekcoder,DINM,D,2010__repeat_2,8,8,[],[],0,0,
deepseekcoder,DINM,D,2010__repeat_4,2,2,[],[],0,0,
deepseekcoder,DINM,D,250__repeat_1,4,4,[],[],0,0,
deepseekcoder,DINM,D,250__repeat_2,5,5,[],[],0,0,
deepseekcoder,DINM,D,2483__repeat_1,1,1,[],[],0,0,
deepseekcoder,DINM,D,2483__repeat_2,1,1,[],[],0,0,
deepseekcoder,DINM,D,2483__repeat_5,1,1,[],[],0,0,
deepseekcoder,DINM,D,2496__repeat_4,20,20,[],[],0,0,
deepseekcoder,DINM,D,2496__repeat_5,0,0,[],[],0,0,
deepseekcoder,DINM,D,3508__repeat_1,3,3,[],[],0,0,
deepseekcoder,DINM,D,3508__repeat_3,2,2,[],[],0,0,
deepseekcoder,DINM,D,3508__repeat_5,2,2,[],[],0,0,
deepseekcoder,DINM,D,146__repeat_2,0,0,[],[],0,0,
deepseekcoder,DINM,D,146__repeat_3,3,3,[],[],0,0,
deepseekcoder,DINM,D,4521__repeat_1,2,2,[],[],0,0,
deepseekcoder,DINM,D,2026__repeat_1,0,0,[],[],0,0,
deepseekcoder,DINM,D,2026__repeat_2,0,0,[],[],0,0,
deepseekcoder,DINM,D,2026__repeat_3,0,0,[],[],0,0,
deepseekcoder,DINM,D,2026__repeat_4,0,0,[],[],0,0,
deepseekcoder,DINM,D,2026__repeat_5,0,0,[],[],0,0,
deepseekcoder,DINM,D,540__repeat_2,0,0,[],[],0,0,
deepseekcoder,DINM,D,1798__repeat_2,2,2,[],[],0,0,
deepseekcoder,DINM,D,1798__repeat_3,2,2,[],[],0,0,
deepseekcoder,DINM,D,1798__repeat_5,3,3,[],[],0,0,
deepseekcoder,DINM,D,399__repeat_1,0,0,[],[],0,0,
deepseekcoder,DINM,D,399__repeat_4,3,3,[],[],0,0,
deepseekcoder,DINM,D,2250__repeat_3,2,2,[],[],0,0,
deepseekcoder,DINM,D,3562__repeat_2,1,1,[],[],0,0,
deepseekcoder,DINM,D,2931__repeat_4,2,2,[],[],0,0,
deepseekcoder,DINM,D,4559__repeat_1,0,0,[],[],0,0,
deepseekcoder,DINM,D,637__repeat_1,0,0,[],[],0,0,
deepseekcoder,DINM,D,637__repeat_5,0,0,[],[],0,0,
deepseekcoder,DINM,D,4825__repeat_2,2,2,[],[],0,0,
deepseekcoder,DINM,D,4825__repeat_4,2,2,[],[],0,0,
deepseekcoder,DINM,D,2465__repeat_1,3,3,[],[],0,0,
deepseekcoder,DINM,D,2465__repeat_2,0,0,[],[],0,0,
deepseekcoder,DINM,D,2465__repeat_3,0,0,[],[],0,0,
deepseekcoder,DINM,D,1316__repeat_1,1,1,[],[],0,0,
deepseekcoder,DINM,D,1316__repeat_2,1,1,[],[],0,0,
deepseekcoder,DINM,D,1316__repeat_3,2,2,[],[],0,0,
deepseekcoder,DINM,D,1316__repeat_4,1,1,[],[],0,0,
deepseekcoder,DINM,D,1316__repeat_5,0,0,[],[],0,0,
deepseekcoder,DINM,D,4881__repeat_1,0,0,[],[],0,0,
deepseekcoder,DINM,D,4881__repeat_2,0,0,[],[],0,0,
deepseekcoder,DINM,D,4881__repeat_4,0,0,[],[],0,0,
deepseekcoder,DINM,D,4881__repeat_5,1,1,[],[],0,0,
deepseekcoder,DINM,D,2611__repeat_2,1,1,[],[],0,0,
deepseekcoder,DINM,D,55__repeat_4,0,0,[],[],0,0,
deepseekcoder,DINM,D,55__repeat_5,0,0,[],[],0,0,
deepseekcoder,DINM,D,4344__repeat_3,2,2,[],[],0,0,
deepseekcoder,DINM,D,2113__repeat_2,1,1,[],[],0,0,
deepseekcoder,DINM,D,2113__repeat_3,0,0,[],[],0,1,
deepseekcoder,DINM,D,2113__repeat_5,0,0,[],[],0,1,
deepseekcoder,DINM,D,64__repeat_4,2,2,[],[],0,0,
deepseekcoder,DINM,D,64__repeat_5,2,2,[],[],0,0,
deepseekcoder,DINM,D,1448__repeat_5,0,0,[],[],0,0,
deepseekcoder,DINM,D,1725__repeat_2,4,4,[],[],0,0,
deepseekcoder,DINM,D,1725__repeat_3,5,5,[],[],0,0,
deepseekcoder,DINM,D,1725__repeat_4,4,4,[],[],0,0,
deepseekcoder,DINM,D,1725__repeat_5,5,5,[],[],0,0,
deepseekcoder,DINM,D,2195__repeat_1,0,0,[],[],0,0,
deepseekcoder,DINM,D,2195__repeat_2,2,2,[],[],0,0,
deepseekcoder,DINM,D,2195__repeat_3,3,3,[],[],0,0,
deepseekcoder,DINM,D,2195__repeat_4,0,0,[],[],0,1,
deepseekcoder,DINM,D,2195__repeat_5,0,0,[],[],0,0,
deepseekcoder,DINM,D,2398__repeat_4,1,1,[],[],0,0,
deepseekcoder,DINM,D,2398__repeat_5,0,0,[],[],0,0,
deepseekcoder,DINM,D,3693__repeat_1,1,1,[],[],0,0,
deepseekcoder,DINM,D,3693__repeat_2,1,1,[],[],0,0,
deepseekcoder,DINM,D,3693__repeat_3,1,1,[],[],0,0,
deepseekcoder,DINM,D,3693__repeat_5,1,1,[],[],0,0,
deepseekcoder,DINM,D,4856__repeat_1,5,5,[],[],0,0,
deepseekcoder,DINM,D,4856__repeat_3,5,5,[],[],0,0,
deepseekcoder,DINM,D,1522__repeat_2,2,2,[],[],0,0,
deepseekcoder,DINM,D,1522__repeat_3,2,2,[],[],0,0,
deepseekcoder,DINM,D,1522__repeat_4,2,2,[],[],0,0,
deepseekcoder,DINM,D,3155__repeat_4,1,1,[],[],0,0,
deepseekcoder,DINM,D,3155__repeat_5,1,1,[],[],0,0,
deepseekcoder,DINM,D,3784__repeat_1,0,0,[],[],0,0,
deepseekcoder,DINM,D,3784__repeat_2,0,0,[],[],0,0,
deepseekcoder,DINM,D,3784__repeat_5,0,0,[],[],0,0,
deepseekcoder,DINM,D,4196__repeat_1,0,0,[],[],0,0,
deepseekcoder,DINM,D,4196__repeat_3,1,1,[],[],0,0,
deepseekcoder,DINM,D,982__repeat_3,0,0,[],[],0,0,
deepseekcoder,DINM,D,982__repeat_4,3,3,[],[],0,0,
deepseekcoder,DINM,D,4386__repeat_1,0,0,[],[],0,0,
deepseekcoder,DINM,D,4386__repeat_2,0,0,[],[],0,0,
deepseekcoder,DINM,D,4386__repeat_3,0,0,[],[],0,0,
deepseekcoder,DINM,D,4386__repeat_4,7,7,[],[],0,0,
deepseekcoder,DINM,D,4386__repeat_5,0,0,[],[],0,0,
deepseekcoder,DINM,D,4117__repeat_3,6,6,[],[],0,0,
deepseekcoder,DINM,D,4117__repeat_4,0,0,[],[],0,0,
deepseekcoder,DINM,D,4117__repeat_5,6,6,[],[],0,0,
deepseekcoder,DINM,D,446__repeat_3,1,1,[],[],0,0,
deepseekcoder,DINM,D,446__repeat_5,2,2,[],[],0,0,
deepseekcoder,Full-FT,A,1366__repeat_3,1,1,[],[],0,0,
deepseekcoder,Full-FT,A,1085__repeat_2,6,6,[],[],0,0,
deepseekcoder,Full-FT,A,1085__repeat_3,16,16,[],[],0,0,
deepseekcoder,Full-FT,A,1085__repeat_4,8,8,[],[],0,0,
deepseekcoder,Full-FT,A,1085__repeat_5,18,18,[],[],0,0,
deepseekcoder,Full-FT,A,3916__repeat_1,0,0,[],[],0,0,
deepseekcoder,Full-FT,A,3916__repeat_2,0,0,[],[],0,0,
deepseekcoder,Full-FT,A,3916__repeat_3,0,0,[],[],0,0,
deepseekcoder,Full-FT,A,3916__repeat_5,0,0,[],[],0,0,
deepseekcoder,Full-FT,A,2026__repeat_1,0,0,[],[],0,0,
deepseekcoder,Full-FT,A,2026__repeat_2,0,0,[],[],0,0,
deepseekcoder,Full-FT,A,2026__repeat_3,0,0,[],[],0,0,
deepseekcoder,Full-FT,A,2026__repeat_5,0,0,[],[],0,0,
deepseekcoder,Full-FT,A,3562__repeat_5,1,1,[],[],0,0,
deepseekcoder,Full-FT,A,2931__repeat_2,2,2,[],[],0,0,
deepseekcoder,Full-FT,A,55__repeat_3,5,5,[],[],0,0,
deepseekcoder,Full-FT,A,2113__repeat_3,5,5,[],[],0,0,
deepseekcoder,Full-FT,A,313__repeat_4,0,0,[],[],0,0,
deepseekcoder,Full-FT,A,4117__repeat_3,6,6,[],[],0,0,
deepseekcoder,Full-FT,B,4126__repeat_2,4,4,[],[],0,0,
deepseekcoder,Full-FT,B,3063__repeat_4,1,1,[],[],0,0,
deepseekcoder,Full-FT,B,3063__repeat_5,1,1,[],[],0,0,
deepseekcoder,Full-FT,B,2000__repeat_3,2,2,[],[],0,0,
deepseekcoder,Full-FT,B,2379__repeat_2,2,2,[],[],0,0,
deepseekcoder,Full-FT,B,1767__repeat_5,4,4,[],[],0,0,
deepseekcoder,Full-FT,B,2941__repeat_3,0,0,[],[],0,0,
deepseekcoder,Full-FT,B,1981__repeat_2,3,3,[],[],0,0,
deepseekcoder,Full-FT,B,1085__repeat_1,19,19,[],[],0,0,
deepseekcoder,Full-FT,B,1085__repeat_2,8,8,[],[],0,0,
deepseekcoder,Full-FT,B,1085__repeat_3,20,20,[],[],0,0,
deepseekcoder,Full-FT,B,1085__repeat_4,14,14,[],[],0,0,
deepseekcoder,Full-FT,B,4720__repeat_3,1,1,[],[],0,0,
deepseekcoder,Full-FT,B,2939__repeat_3,2,2,[],[],0,0,
deepseekcoder,Full-FT,B,3916__repeat_1,0,0,[],[],0,0,
deepseekcoder,Full-FT,B,3916__repeat_3,0,0,[],[],0,0,
deepseekcoder,Full-FT,B,3916__repeat_4,0,0,[],[],0,0,
deepseekcoder,Full-FT,B,3916__repeat_5,2,2,[],[],0,0,
deepseekcoder,Full-FT,B,1020__repeat_2,1,1,[],[],0,0,
deepseekcoder,Full-FT,B,4521__repeat_1,2,2,[],[],0,0,
deepseekcoder,Full-FT,B,2026__repeat_1,0,0,[],[],0,0,
deepseekcoder,Full-FT,B,2026__repeat_2,0,0,[],[],0,0,
deepseekcoder,Full-FT,B,2026__repeat_3,0,0,[],[],0,0,
deepseekcoder,Full-FT,B,2026__repeat_4,0,0,[],[],0,0,
deepseekcoder,Full-FT,B,2026__repeat_5,0,0,[],[],0,0,
deepseekcoder,Full-FT,B,2931__repeat_5,0,0,[],[],0,0,
deepseekcoder,Full-FT,B,4825__repeat_4,2,2,[],[],0,0,
deepseekcoder,Full-FT,B,55__repeat_1,5,5,[],[],0,0,
deepseekcoder,Full-FT,B,2113__repeat_2,1,1,[],[],0,0,
deepseekcoder,Full-FT,B,982__repeat_1,1,1,[],[],0,0,
deepseekcoder,Full-FT,C,2000__repeat_1,1,1,[],[],0,0,
deepseekcoder,Full-FT,C,1767__repeat_3,3,3,[],[],0,0,
deepseekcoder,Full-FT,C,1767__repeat_5,5,5,[],[],0,0,
deepseekcoder,Full-FT,C,1366__repeat_5,1,1,[],[],0,0,
deepseekcoder,Full-FT,C,1085__repeat_2,3,3,[],[],0,0,
deepseekcoder,Full-FT,C,1085__repeat_3,6,6,[],[],0,0,
deepseekcoder,Full-FT,C,1085__repeat_4,4,4,[],[],0,0,
deepseekcoder,Full-FT,C,3994__repeat_2,1,1,[],[],0,0,
deepseekcoder,Full-FT,C,1293__repeat_2,1,1,[],[],0,0,
deepseekcoder,Full-FT,C,3916__repeat_2,0,0,[],[],0,0,
deepseekcoder,Full-FT,C,3916__repeat_3,1,1,[],[],0,0,
deepseekcoder,Full-FT,C,3916__repeat_4,0,0,[],[],0,0,
deepseekcoder,Full-FT,C,3916__repeat_5,0,0,[],[],0,0,
deepseekcoder,Full-FT,C,4355__repeat_1,5,5,[],[],0,0,
deepseekcoder,Full-FT,C,1683__repeat_5,1,1,[],[],0,0,
deepseekcoder,Full-FT,C,2222__repeat_1,4,4,[],[],0,0,
deepseekcoder,Full-FT,C,2483__repeat_4,1,1,[],[],0,0,
deepseekcoder,Full-FT,C,3508__repeat_3,3,3,[],[],0,0,
deepseekcoder,Full-FT,C,2882__repeat_1,3,3,[],[],0,0,
deepseekcoder,Full-FT,C,2882__repeat_4,2,2,[],[],0,0,
deepseekcoder,Full-FT,C,2026__repeat_2,0,0,[],[],0,0,
deepseekcoder,Full-FT,C,2026__repeat_3,0,0,[],[],0,0,
deepseekcoder,Full-FT,C,2026__repeat_5,0,0,[],[],0,0,
deepseekcoder,Full-FT,C,399__repeat_2,3,3,[],[],0,0,
deepseekcoder,Full-FT,C,4559__repeat_3,1,1,[],[],0,0,
deepseekcoder,Full-FT,C,4559__repeat_4,1,1,[],[],0,0,
deepseekcoder,Full-FT,C,1725__repeat_1,9,9,[],[],0,0,
deepseekcoder,Full-FT,C,3155__repeat_2,3,3,[],[],0,0,
deepseekcoder,Full-FT,C,313__repeat_1,0,0,[],[],0,0,
deepseekcoder,Full-FT,C,313__repeat_2,0,0,[],[],0,0,
deepseekcoder,Full-FT,C,982__repeat_2,3,3,[],[],0,0,
deepseekcoder,Full-FT,C,4386__repeat_4,0,0,[],[],0,0,
deepseekcoder,Full-FT,C,446__repeat_1,3,3,[],[],0,0,
deepseekcoder,Full-FT,D,4126__repeat_3,2,2,[],[],0,0,
deepseekcoder,Full-FT,D,4126__repeat_5,2,2,[],[],0,0,
deepseekcoder,Full-FT,D,59__repeat_5,7,7,[],[],0,0,
deepseekcoder,Full-FT,D,2941__repeat_2,0,0,[],[],0,0,
deepseekcoder,Full-FT,D,1366__repeat_5,2,2,[],[],0,0,
deepseekcoder,Full-FT,D,1085__repeat_1,8,8,[],[],0,0,
deepseekcoder,Full-FT,D,1085__repeat_2,14,14,[],[],0,0,
deepseekcoder,Full-FT,D,1085__repeat_3,13,13,[],[],0,0,
deepseekcoder,Full-FT,D,1085__repeat_4,8,8,[],[],0,0,
deepseekcoder,Full-FT,D,1085__repeat_5,17,17,[],[],0,0,
deepseekcoder,Full-FT,D,88__repeat_4,4,4,[],[],0,0,
deepseekcoder,Full-FT,D,3916__repeat_2,0,0,[],[],0,0,
deepseekcoder,Full-FT,D,3916__repeat_3,0,0,[],[],0,0,
deepseekcoder,Full-FT,D,3916__repeat_4,0,0,[],[],0,0,
deepseekcoder,Full-FT,D,3508__repeat_2,2,2,[],[],0,0,
deepseekcoder,Full-FT,D,2026__repeat_2,0,0,[],[],0,0,
deepseekcoder,Full-FT,D,2026__repeat_3,0,0,[],[],0,0,
deepseekcoder,Full-FT,D,2026__repeat_4,0,0,[],[],0,0,
deepseekcoder,Full-FT,D,2026__repeat_5,0,0,[],[],0,0,
deepseekcoder,Full-FT,D,2465__repeat_5,3,3,[],[],0,0,
deepseekcoder,Full-FT,D,2113__repeat_1,1,1,[],[],0,0,
deepseekcoder,Full-FT,D,313__repeat_1,0,0,[],[],0,0,
deepseekcoder,Full-FT,D,4117__repeat_2,7,7,[],[],0,0,
qwen3,Base,A,4453__repeat_1,12,12,[],[],0,0,
qwen3,Base,A,4453__repeat_2,9,9,[],[],0,0,
qwen3,Base,A,1510__repeat_3,6,6,[],[],0,0,
qwen3,Base,A,4509__repeat_2,10,10,[],[],0,0,
qwen3,Base,A,2329__repeat_1,9,9,[],[],1,0,
qwen3,Base,A,2329__repeat_5,4,4,[],[],0,0,
qwen3,Base,A,185__repeat_4,2,2,[],[],0,0,
qwen3,Base,A,2284__repeat_1,1,1,[],[],0,0,
qwen3,Base,A,2284__repeat_2,6,6,[],[],0,0,
qwen3,Base,A,2284__repeat_3,7,7,[],[],0,0,
qwen3,Base,A,2284__repeat_4,1,1,[],[],0,0,
qwen3,Base,A,2284__repeat_5,4,4,[],[],0,0,
qwen3,Base,A,2943__repeat_1,8,8,[],[],0,0,
qwen3,Base,A,2943__repeat_2,7,7,[],[],0,0,
qwen3,Base,A,2943__repeat_5,6,6,[],[],0,0,
qwen3,Base,A,4386__repeat_5,35,35,[],[],0,0,
qwen3,Base,A,3742__repeat_5,2,2,[],[],0,0,
qwen3,Base,A,3140__repeat_1,2,2,[],[],0,0,
qwen3,Base,A,229__repeat_3,4,4,[],[],0,0,
qwen3,Base,A,3666__repeat_1,5,5,[],[],0,0,
qwen3,Base,A,3666__repeat_2,0,0,[],[],0,0,
qwen3,Base,A,3666__repeat_5,5,5,[],[],0,0,
qwen3,Base,A,1970__repeat_1,5,5,[],[],0,0,
qwen3,Base,A,770__repeat_5,2,2,[],[],0,0,
qwen3,Base,A,485__repeat_5,6,6,[],[],0,0,
qwen3,Base,A,3396__repeat_4,5,5,[],[],0,0,
qwen3,Base,A,2428__repeat_1,2,2,[],[],0,0,
qwen3,BOUND,A,4453__repeat_3,9,9,[],[],0,0,
qwen3,BOUND,A,4453__repeat_4,16,16,[],[],0,0,
qwen3,BOUND,A,4453__repeat_5,14,14,[],[],0,0,
qwen3,BOUND,A,3778__repeat_2,2,2,[],[],0,0,
qwen3,BOUND,A,3778__repeat_5,31,31,[],[],0,0,
qwen3,BOUND,A,136__repeat_3,1,1,[],[],0,0,
qwen3,BOUND,A,2140__repeat_2,3,3,[],[],0,0,
qwen3,BOUND,A,2140__repeat_3,7,7,[],[],0,0,
qwen3,BOUND,A,2140__repeat_4,3,3,[],[],0,0,
qwen3,BOUND,A,2140__repeat_5,3,3,[],[],0,0,
qwen3,BOUND,A,4048__repeat_1,2,2,[],[],0,0,
qwen3,BOUND,A,4048__repeat_2,5,5,[],[],0,0,
qwen3,BOUND,A,4048__repeat_5,8,8,[],[],0,0,
qwen3,BOUND,A,4815__repeat_1,2,2,[],[],0,0,
qwen3,BOUND,A,4815__repeat_3,2,2,[],[],0,0,
qwen3,BOUND,A,4815__repeat_4,3,3,[],[],0,0,
qwen3,BOUND,A,3844__repeat_2,9,9,[],[],0,0,
qwen3,BOUND,A,3844__repeat_3,5,5,[],[],0,0,
qwen3,BOUND,A,3844__repeat_4,8,8,[],[],0,0,
qwen3,BOUND,A,3844__repeat_5,10,10,[],[],0,0,
qwen3,BOUND,A,2067__repeat_1,4,4,[],[],0,0,
qwen3,BOUND,A,1510__repeat_2,9,9,[],[],0,0,
qwen3,BOUND,A,1510__repeat_4,13,13,[],[],0,0,
qwen3,BOUND,A,4509__repeat_2,20,20,[],[],0,0,
qwen3,BOUND,A,4509__repeat_3,6,6,[],[],0,0,
qwen3,BOUND,A,4509__repeat_4,10,10,[],[],0,0,
qwen3,BOUND,A,2329__repeat_2,6,6,[],[],1,0,
qwen3,BOUND,A,2329__repeat_3,3,3,[],[],0,0,
qwen3,BOUND,A,2329__repeat_5,11,11,[],[],0,0,
qwen3,BOUND,A,185__repeat_3,2,2,[],[],0,0,
qwen3,BOUND,A,185__repeat_5,3,3,[],[],0,1,
qwen3,BOUND,A,881__repeat_3,23,23,[],[],0,0,
qwen3,BOUND,A,84__repeat_2,1,1,[],[],0,0,
qwen3,BOUND,A,3422__repeat_3,6,6,[],[],0,0,
qwen3,BOUND,A,3422__repeat_4,8,8,[],[],0,0,
qwen3,BOUND,A,824__repeat_1,39,39,[],[],0,0,
qwen3,BOUND,A,824__repeat_2,4,4,[],[],0,0,
qwen3,BOUND,A,824__repeat_4,3,3,[],[],0,0,
qwen3,BOUND,A,3415__repeat_2,2,2,[],[],0,0,
qwen3,BOUND,A,1603__repeat_1,2,2,[],[],0,0,
qwen3,BOUND,A,1603__repeat_2,2,2,[],[],0,0,
qwen3,BOUND,A,1603__repeat_4,18,18,[],[],0,0,
qwen3,BOUND,A,1603__repeat_5,10,10,[],[],0,0,
qwen3,BOUND,A,60__repeat_2,7,7,[],[],0,0,
qwen3,BOUND,A,60__repeat_4,10,10,[],[],0,0,
qwen3,BOUND,A,1302__repeat_1,5,5,[],[],0,0,
qwen3,BOUND,A,1302__repeat_2,5,5,[],[],0,0,
qwen3,BOUND,A,4834__repeat_1,4,4,[],[],0,0,
qwen3,BOUND,A,4834__repeat_2,3,3,[],[],0,0,
qwen3,BOUND,A,4834__repeat_5,3,3,[],[],0,0,
qwen3,BOUND,A,2284__repeat_4,2,2,[],[],0,0,
qwen3,BOUND,A,2608__repeat_3,2,2,[],[],0,0,
qwen3,BOUND,A,2608__repeat_5,15,15,[],[],0,0,
qwen3,BOUND,A,2943__repeat_4,7,7,[],[],0,0,
qwen3,BOUND,A,4015__repeat_4,1,1,[],[],0,0,
qwen3,BOUND,A,4386__repeat_1,12,12,[],[],0,0,
qwen3,BOUND,A,4386__repeat_3,17,17,[],[],0,0,
qwen3,BOUND,A,4386__repeat_4,13,13,[],[],0,0,
qwen3,BOUND,A,4386__repeat_5,15,15,[],[],0,0,
qwen3,BOUND,A,3742__repeat_3,8,8,[],[],0,0,
qwen3,BOUND,A,3256__repeat_1,6,6,[],[],0,0,
qwen3,BOUND,A,4676__repeat_2,32,32,[],[],0,0,
qwen3,BOUND,A,4676__repeat_3,31,31,[],[],0,0,
qwen3,BOUND,A,3333__repeat_5,24,24,[],[],0,0,
qwen3,BOUND,A,1446__repeat_1,16,16,[],[],0,0,
qwen3,BOUND,A,1446__repeat_2,10,10,[],[],0,0,
qwen3,BOUND,A,1446__repeat_3,31,31,[],[],0,0,
qwen3,BOUND,A,1446__repeat_5,7,7,[],[],0,0,
qwen3,BOUND,A,4692__repeat_3,8,8,[],[],0,0,
qwen3,BOUND,A,219__repeat_4,9,9,[],[],0,0,
qwen3,BOUND,A,219__repeat_5,6,6,[],[],0,0,
qwen3,BOUND,A,2298__repeat_1,7,7,[],[],0,0,
qwen3,BOUND,A,2298__repeat_4,6,6,[],[],0,0,
qwen3,BOUND,A,2298__repeat_5,6,6,[],[],0,0,
qwen3,BOUND,A,229__repeat_1,9,9,[],[],0,0,
qwen3,BOUND,A,229__repeat_5,7,7,[],[],0,0,
qwen3,BOUND,A,4227__repeat_1,9,9,[],[],0,0,
qwen3,BOUND,A,4227__repeat_2,6,6,[],[],0,0,
qwen3,BOUND,A,4227__repeat_3,17,17,[],[],0,0,
qwen3,BOUND,A,4227__repeat_4,22,22,[],[],0,0,
qwen3,BOUND,A,4227__repeat_5,10,10,[],[],0,0,
qwen3,BOUND,A,2901__repeat_4,7,7,[],[],0,0,
qwen3,BOUND,A,4180__repeat_1,17,17,[],[],0,0,
qwen3,BOUND,A,4180__repeat_2,20,20,[],[],0,0,
qwen3,BOUND,A,4180__repeat_3,21,21,[],[],0,0,
qwen3,BOUND,A,4180__repeat_4,1,1,[],[],0,0,
qwen3,BOUND,A,4180__repeat_5,19,19,[],[],0,0,
qwen3,BOUND,A,321__repeat_1,5,5,[],[],0,0,
qwen3,BOUND,A,321__repeat_3,2,2,[],[],0,0,
qwen3,BOUND,A,321__repeat_4,6,6,[],[],0,0,
qwen3,BOUND,A,4374__repeat_1,13,13,[],[],0,0,
qwen3,BOUND,A,4374__repeat_2,3,3,[],[],0,0,
qwen3,BOUND,A,4374__repeat_3,8,8,[],[],0,0,
qwen3,BOUND,A,4374__repeat_4,11,11,[],[],0,0,
qwen3,BOUND,A,4374__repeat_5,6,6,[],[],0,0,
qwen3,BOUND,A,3666__repeat_5,18,18,[],[],0,0,
qwen3,BOUND,A,2832__repeat_1,3,3,[],[],0,0,
qwen3,BOUND,A,1915__repeat_1,4,4,[],[],0,0,
qwen3,BOUND,A,1915__repeat_2,3,3,[],[],0,0,
qwen3,BOUND,A,1915__repeat_4,4,4,[],[],0,0,
qwen3,BOUND,A,1915__repeat_5,16,16,[],[],0,0,
qwen3,BOUND,A,1970__repeat_1,11,11,[],[],0,0,
qwen3,BOUND,A,4289__repeat_5,6,6,[],[],0,0,
qwen3,BOUND,A,1083__repeat_2,4,4,[],[],0,0,
qwen3,BOUND,A,955__repeat_3,3,3,[],[],0,0,
qwen3,BOUND,A,955__repeat_4,6,6,[],[],0,0,
qwen3,BOUND,A,955__repeat_5,6,6,[],[],0,0,
qwen3,BOUND,A,770__repeat_1,3,3,[],[],0,0,
qwen3,BOUND,A,2317__repeat_4,9,9,[],[],0,0,
qwen3,BOUND,A,2317__repeat_5,6,6,[],[],0,0,
qwen3,BOUND,A,2798__repeat_3,12,12,[],[],0,0,
qwen3,BOUND,A,3459__repeat_2,1,1,[],[],0,0,
qwen3,BOUND,A,3459__repeat_3,4,4,[],[],0,0,
qwen3,BOUND,A,3459__repeat_5,1,1,[],[],0,0,
qwen3,BOUND,A,1668__repeat_1,4,4,[],[],0,0,
qwen3,BOUND,A,1668__repeat_3,1,1,[],[],0,0,
qwen3,BOUND,A,1668__repeat_5,22,22,[],[],0,0,
qwen3,BOUND,A,574__repeat_2,13,13,[],[],0,0,
qwen3,BOUND,A,485__repeat_5,7,7,[],[],0,0,
qwen3,BOUND,A,1118__repeat_5,8,8,[],[],0,0,
qwen3,BOUND,A,3396__repeat_2,3,3,[],[],0,0,
qwen3,BOUND,A,3396__repeat_4,1,1,[],[],0,0,
qwen3,BOUND,A,2428__repeat_1,2,2,[],[],0,0,
qwen3,BOUND,A,2428__repeat_2,4,4,[],[],0,0,
qwen3,BOUND,A,2428__repeat_3,3,3,[],[],0,0,
qwen3,BOUND,A,2428__repeat_4,3,3,[],[],0,0,
qwen3,BOUND,A,2428__repeat_5,9,9,[],[],0,0,
qwen3,BOUND,A,2517__repeat_1,12,12,[],[],0,0,
qwen3,BOUND,B,4453__repeat_1,7,7,[],[],0,0,
qwen3,BOUND,B,4815__repeat_1,3,3,[],[],0,0,
qwen3,BOUND,B,4815__repeat_4,2,2,[],[],0,0,
qwen3,BOUND,B,3844__repeat_1,5,5,[],[],0,0,
qwen3,BOUND,B,3844__repeat_2,11,11,[],[],0,0,
qwen3,BOUND,B,3844__repeat_4,6,6,[],[],0,0,
qwen3,BOUND,B,3844__repeat_5,7,7,[],[],0,0,
qwen3,BOUND,B,1510__repeat_2,8,8,[],[],0,0,
qwen3,BOUND,B,4509__repeat_2,21,21,[],[],0,0,
qwen3,BOUND,B,4509__repeat_3,16,16,[],[],0,0,
qwen3,BOUND,B,2329__repeat_2,6,6,[],[],0,0,
qwen3,BOUND,B,2329__repeat_3,4,4,[],[],0,0,
qwen3,BOUND,B,185__repeat_1,3,3,[],[],0,0,
qwen3,BOUND,B,185__repeat_2,3,3,[],[],0,0,
qwen3,BOUND,B,1603__repeat_1,3,3,[],[],0,0,
qwen3,BOUND,B,1603__repeat_2,2,2,[],[],0,0,
qwen3,BOUND,B,1603__repeat_3,3,3,[],[],0,0,
qwen3,BOUND,B,1603__repeat_4,5,5,[],[],0,0,
qwen3,BOUND,B,1603__repeat_5,13,13,[],[],0,1,
qwen3,BOUND,B,2608__repeat_2,4,4,[],[],0,0,
qwen3,BOUND,B,4386__repeat_3,5,5,[],[],0,0,
qwen3,BOUND,B,3256__repeat_3,4,4,[],[],0,0,
qwen3,BOUND,B,4676__repeat_2,18,18,[],[],0,0,
qwen3,BOUND,B,4676__repeat_3,12,12,[],[],0,0,
qwen3,BOUND,B,4676__repeat_4,10,10,[],[],0,0,
qwen3,BOUND,B,1446__repeat_2,21,21,[],[],0,0,
qwen3,BOUND,B,1446__repeat_3,13,13,[],[],0,0,
qwen3,BOUND,B,4692__repeat_1,9,9,[],[],0,0,
qwen3,BOUND,B,4059__repeat_3,4,4,[],[],0,0,
qwen3,BOUND,B,2298__repeat_4,5,5,[],[],0,0,
qwen3,BOUND,B,2298__repeat_5,8,8,[],[],0,0,
qwen3,BOUND,B,229__repeat_1,2,2,[],[],0,0,
qwen3,BOUND,B,229__repeat_2,6,6,[],[],0,0,
qwen3,BOUND,B,229__repeat_3,8,8,[],[],0,0,
qwen3,BOUND,B,229__repeat_5,3,3,[],[],0,0,
qwen3,BOUND,B,4227__repeat_3,10,10,[],[],0,0,
qwen3,BOUND,B,4374__repeat_3,7,7,[],[],0,0,
qwen3,BOUND,B,4374__repeat_4,13,13,[],[],0,0,
qwen3,BOUND,B,1915__repeat_2,1,1,[],[],0,0,
qwen3,BOUND,B,1915__repeat_4,1,1,[],[],0,0,
qwen3,BOUND,B,1970__repeat_1,4,4,[],[],0,0,
qwen3,BOUND,B,1970__repeat_2,3,3,[],[],0,0,
qwen3,BOUND,B,4289__repeat_5,17,17,[],[],0,0,
qwen3,BOUND,B,3349__repeat_3,0,0,[],[],1,0,
qwen3,BOUND,B,955__repeat_4,4,4,[],[],0,0,
qwen3,BOUND,B,2317__repeat_3,13,13,[],[],0,0,
qwen3,BOUND,B,2317__repeat_4,6,6,[],[],0,0,
qwen3,BOUND,B,3459__repeat_1,1,1,[],[],0,0,
qwen3,BOUND,B,1668__repeat_2,2,2,[],[],0,0,
qwen3,BOUND,B,1497__repeat_4,8,8,[],[],0,0,
qwen3,BOUND,B,485__repeat_1,8,8,[],[],0,0,
qwen3,BOUND,B,485__repeat_3,6,6,[],[],0,0,
qwen3,BOUND,B,2428__repeat_1,3,3,[],[],0,0,
qwen3,BOUND,B,2428__repeat_3,2,2,[],[],0,0,
qwen3,BOUND,B,2517__repeat_5,4,4,[],[],0,0,
qwen3,BOUND,C,4453__repeat_2,8,8,[],[],0,0,
qwen3,BOUND,C,4453__repeat_3,7,7,[],[],0,0,
qwen3,BOUND,C,4453__repeat_4,24,24,[],[],0,0,
qwen3,BOUND,C,4453__repeat_5,7,7,[],[],0,0,
qwen3,BOUND,C,4815__repeat_4,3,3,[],[],0,0,
qwen3,BOUND,C,3844__repeat_1,7,7,[],[],0,0,
qwen3,BOUND,C,3844__repeat_3,11,11,[],[],0,0,
qwen3,BOUND,C,3844__repeat_5,7,7,[],[],0,0,
qwen3,BOUND,C,1510__repeat_1,5,5,[],[],0,0,
qwen3,BOUND,C,1510__repeat_3,3,3,[],[],0,0,
qwen3,BOUND,C,2329__repeat_3,6,6,[],[],0,0,
qwen3,BOUND,C,2329__repeat_4,5,5,[],[],0,0,
qwen3,BOUND,C,185__repeat_3,2,2,[],[],0,0,
qwen3,BOUND,C,824__repeat_1,19,19,[],[],0,0,
qwen3,BOUND,C,824__repeat_3,20,20,[],[],0,0,
qwen3,BOUND,C,824__repeat_4,6,6,[],[],0,0,
qwen3,BOUND,C,824__repeat_5,37,37,[],[],0,0,
qwen3,BOUND,C,3415__repeat_4,1,1,[],[],0,0,
qwen3,BOUND,C,1603__repeat_2,22,22,[],[],0,0,
qwen3,BOUND,C,1603__repeat_4,21,21,[],[],0,0,
qwen3,BOUND,C,1302__repeat_5,2,2,[],[],0,0,
qwen3,BOUND,C,1267__repeat_1,7,7,[],[],0,0,
qwen3,BOUND,C,1267__repeat_3,2,2,[],[],0,0,
qwen3,BOUND,C,1267__repeat_5,6,6,[],[],0,0,
qwen3,BOUND,C,2284__repeat_2,3,3,[],[],0,0,
qwen3,BOUND,C,2284__repeat_3,4,4,[],[],0,0,
qwen3,BOUND,C,2284__repeat_4,2,2,[],[],0,0,
qwen3,BOUND,C,2284__repeat_5,4,4,[],[],0,0,
qwen3,BOUND,C,2943__repeat_4,15,15,[],[],1,0,
qwen3,BOUND,C,2943__repeat_5,18,18,[],[],0,0,
qwen3,BOUND,C,4386__repeat_1,9,9,[],[],0,0,
qwen3,BOUND,C,4386__repeat_2,48,48,[],[],0,0,
qwen3,BOUND,C,4386__repeat_3,12,12,[],[],0,0,
qwen3,BOUND,C,4386__repeat_4,16,16,[],[],0,0,
qwen3,BOUND,C,4386__repeat_5,18,18,[],[],0,0,
qwen3,BOUND,C,3742__repeat_1,5,5,[],[],0,0,
qwen3,BOUND,C,3742__repeat_2,5,5,[],[],0,0,
qwen3,BOUND,C,3256__repeat_1,6,6,[],[],0,0,
qwen3,BOUND,C,4676__repeat_2,13,13,[],[],0,0,
qwen3,BOUND,C,1446__repeat_3,23,23,[],[],0,0,
qwen3,BOUND,C,4692__repeat_3,19,19,[],[],0,0,
qwen3,BOUND,C,4692__repeat_4,12,12,[],[],0,0,
qwen3,BOUND,C,4692__repeat_5,8,8,[],[],0,0,
qwen3,BOUND,C,219__repeat_3,4,4,[],[],0,0,
qwen3,BOUND,C,4059__repeat_3,6,6,[],[],0,0,
qwen3,BOUND,C,229__repeat_1,3,3,[],[],0,0,
qwen3,BOUND,C,229__repeat_2,9,9,[],[],0,0,
qwen3,BOUND,C,229__repeat_3,9,9,[],[],0,0,
qwen3,BOUND,C,229__repeat_5,9,9,[],[],0,0,
qwen3,BOUND,C,4227__repeat_1,2,2,[],[],0,0,
qwen3,BOUND,C,4227__repeat_2,7,7,[],[],0,0,
qwen3,BOUND,C,4227__repeat_3,7,7,[],[],0,0,
qwen3,BOUND,C,4227__repeat_4,4,4,[],[],0,0,
qwen3,BOUND,C,4180__repeat_1,21,21,[],[],0,0,
qwen3,BOUND,C,4180__repeat_2,12,12,[],[],0,0,
qwen3,BOUND,C,4180__repeat_3,11,11,[],[],0,0,
qwen3,BOUND,C,4180__repeat_4,25,25,[],[],0,0,
qwen3,BOUND,C,321__repeat_3,1,1,[],[],0,0,
qwen3,BOUND,C,4374__repeat_2,11,11,[],[],0,0,
qwen3,BOUND,C,4374__repeat_4,12,12,[],[],0,0,
qwen3,BOUND,C,4374__repeat_5,3,3,[],[],0,0,
qwen3,BOUND,C,3666__repeat_4,5,5,[],[],0,0,
qwen3,BOUND,C,1970__repeat_1,2,2,[],[],0,0,
qwen3,BOUND,C,1970__repeat_4,1,1,[],[],0,0,
qwen3,BOUND,C,955__repeat_5,5,5,[],[],0,0,
qwen3,BOUND,C,770__repeat_3,2,2,[],[],0,0,
qwen3,BOUND,C,770__repeat_5,2,2,[],[],0,0,
qwen3,BOUND,C,2317__repeat_1,5,5,[],[],0,0,
qwen3,BOUND,C,2317__repeat_2,10,10,[],[],0,0,
qwen3,BOUND,C,2317__repeat_3,8,8,[],[],0,0,
qwen3,BOUND,C,1668__repeat_2,2,2,[],[],0,0,
qwen3,BOUND,C,1668__repeat_4,3,3,[],[],0,0,
qwen3,BOUND,C,1668__repeat_5,1,1,[],[],0,0,
qwen3,BOUND,C,485__repeat_5,6,6,[],[],0,0,
qwen3,BOUND,C,3396__repeat_1,8,8,[],[],0,0,
qwen3,BOUND,C,3396__repeat_4,13,13,[],[],0,0,
qwen3,BOUND,C,2428__repeat_1,5,5,[],[],0,0,
qwen3,BOUND,D,3328__repeat_5,3,3,[],[],0,0,
qwen3,BOUND,D,4453__repeat_1,18,18,[],[],0,0,
qwen3,BOUND,D,4453__repeat_2,12,12,[],[],0,0,
qwen3,BOUND,D,4453__repeat_4,15,15,[],[],0,0,
qwen3,BOUND,D,4453__repeat_5,24,24,[],[],0,0,
qwen3,BOUND,D,2140__repeat_3,5,5,[],[],0,0,
qwen3,BOUND,D,2140__repeat_4,5,5,[],[],0,0,
qwen3,BOUND,D,2140__repeat_5,5,5,[],[],0,0,
qwen3,BOUND,D,4048__repeat_1,22,22,[],[],0,0,
qwen3,BOUND,D,4048__repeat_2,24,24,[],[],0,0,
qwen3,BOUND,D,4048__repeat_3,7,7,[],[],0,0,
qwen3,BOUND,D,4048__repeat_4,10,10,[],[],0,0,
qwen3,BOUND,D,4815__repeat_1,6,6,[],[],0,0,
qwen3,BOUND,D,4815__repeat_2,2,2,[],[],0,0,
qwen3,BOUND,D,4815__repeat_3,2,2,[],[],0,0,
qwen3,BOUND,D,4815__repeat_4,9,9,[],[],0,0,
qwen3,BOUND,D,4815__repeat_5,2,2,[],[],0,0,
qwen3,BOUND,D,3844__repeat_1,15,15,[],[],0,0,
qwen3,BOUND,D,3844__repeat_2,7,7,[],[],0,0,
qwen3,BOUND,D,3844__repeat_5,7,7,[],[],0,0,
qwen3,BOUND,D,3695__repeat_1,8,8,[],[],0,0,
qwen3,BOUND,D,3695__repeat_5,5,5,[],[],0,0,
qwen3,BOUND,D,1510__repeat_2,1,1,[],[],0,0,
qwen3,BOUND,D,1510__repeat_4,2,2,[],[],0,0,
qwen3,BOUND,D,1510__repeat_5,5,5,[],[],1,0,
qwen3,BOUND,D,4509__repeat_2,10,10,[],[],0,0,
qwen3,BOUND,D,4509__repeat_4,5,5,[],[],0,0,
qwen3,BOUND,D,4509__repeat_5,4,4,[],[],0,0,
qwen3,BOUND,D,2329__repeat_1,14,14,[],[],0,0,
qwen3,BOUND,D,2329__repeat_2,8,8,[],[],0,0,
qwen3,BOUND,D,2329__repeat_3,7,7,[],[],0,0,
qwen3,BOUND,D,185__repeat_1,4,4,[],[],0,0,
qwen3,BOUND,D,185__repeat_2,3,3,[],[],0,1,
qwen3,BOUND,D,185__repeat_3,2,2,[],[],0,0,
qwen3,BOUND,D,185__repeat_4,3,3,[],[],0,0,
qwen3,BOUND,D,881__repeat_2,1,1,[],[],0,0,
qwen3,BOUND,D,84__repeat_1,2,2,[],[],0,0,
qwen3,BOUND,D,3422__repeat_3,5,5,[],[],0,0,
qwen3,BOUND,D,3157__repeat_5,5,5,[],[],0,0,
qwen3,BOUND,D,4284__repeat_4,26,26,[],[],0,0,
qwen3,BOUND,D,824__repeat_1,31,31,[],[],0,0,
qwen3,BOUND,D,824__repeat_2,20,20,[],[],0,0,
qwen3,BOUND,D,824__repeat_3,22,22,[],[],0,0,
qwen3,BOUND,D,824__repeat_4,21,21,[],[],0,0,
qwen3,BOUND,D,824__repeat_5,18,18,[],[],0,0,
qwen3,BOUND,D,3415__repeat_1,1,1,[],[],0,0,
qwen3,BOUND,D,3415__repeat_3,1,1,[],[],0,0,
qwen3,BOUND,D,2762__repeat_5,1,1,[],[],0,0,
qwen3,BOUND,D,1603__repeat_1,3,3,[],[],0,0,
qwen3,BOUND,D,1603__repeat_2,3,3,[],[],0,0,
qwen3,BOUND,D,1603__repeat_3,4,4,[],[],0,0,
qwen3,BOUND,D,1603__repeat_4,4,4,[],[],0,0,
qwen3,BOUND,D,1603__repeat_5,5,5,[],[],0,0,
qwen3,BOUND,D,271__repeat_2,6,6,[],[],0,0,
qwen3,BOUND,D,60__repeat_3,5,5,[],[],0,0,
qwen3,BOUND,D,1302__repeat_2,5,5,[],[],0,0,
qwen3,BOUND,D,1302__repeat_4,4,4,[],[],0,0,
qwen3,BOUND,D,4744__repeat_1,0,0,[],[],0,0,
qwen3,BOUND,D,4744__repeat_2,2,2,[],[],0,0,
qwen3,BOUND,D,4744__repeat_3,3,3,[],[],0,0,
qwen3,BOUND,D,4744__repeat_4,1,1,[],[],0,0,
qwen3,BOUND,D,4744__repeat_5,1,1,[],[],0,0,
qwen3,BOUND,D,4498__repeat_3,1,1,[],[],0,0,
qwen3,BOUND,D,1267__repeat_2,12,12,[],[],0,0,
qwen3,BOUND,D,1267__repeat_3,2,2,[],[],0,0,
qwen3,BOUND,D,1267__repeat_4,7,7,[],[],0,0,
qwen3,BOUND,D,1267__repeat_5,3,3,[],[],0,0,
qwen3,BOUND,D,2284__repeat_1,6,6,[],[],1,0,
qwen3,BOUND,D,2284__repeat_3,2,2,[],[],0,0,
qwen3,BOUND,D,2284__repeat_4,10,10,[],[],0,0,
qwen3,BOUND,D,2284__repeat_5,10,10,[],[],0,0,
qwen3,BOUND,D,2943__repeat_3,8,8,[],[],0,0,
qwen3,BOUND,D,4386__repeat_1,9,9,[],[],0,0,
qwen3,BOUND,D,4386__repeat_2,16,16,[],[],0,0,
qwen3,BOUND,D,4386__repeat_3,11,11,[],[],0,0,
qwen3,BOUND,D,4386__repeat_4,11,11,[],[],0,0,
qwen3,BOUND,D,3742__repeat_1,5,5,[],[],0,0,
qwen3,BOUND,D,3742__repeat_2,14,14,[],[],0,0,
qwen3,BOUND,D,3256__repeat_3,5,5,[],[],0,0,
qwen3,BOUND,D,3140__repeat_1,3,3,[],[],1,0,
qwen3,BOUND,D,4676__repeat_1,11,11,[],[],0,0,
qwen3,BOUND,D,4676__repeat_2,22,22,[],[],0,0,
qwen3,BOUND,D,4676__repeat_3,15,15,[],[],0,0,
qwen3,BOUND,D,4676__repeat_4,11,11,[],[],0,0,
qwen3,BOUND,D,4676__repeat_5,12,12,[],[],0,0,
qwen3,BOUND,D,1446__repeat_3,21,21,[],[],0,0,
qwen3,BOUND,D,1446__repeat_4,17,17,[],[],0,0,
qwen3,BOUND,D,4692__repeat_1,8,8,[],[],0,0,
qwen3,BOUND,D,4692__repeat_3,8,8,[],[],0,0,
qwen3,BOUND,D,4692__repeat_4,15,15,[],[],0,0,
qwen3,BOUND,D,219__repeat_1,8,8,[],[],0,0,
qwen3,BOUND,D,219__repeat_4,10,10,[],[],0,0,
qwen3,BOUND,D,219__repeat_5,5,5,[],[],0,0,
qwen3,BOUND,D,4059__repeat_1,17,17,[],[],0,0,
qwen3,BOUND,D,4059__repeat_5,13,13,[],[],0,0,
qwen3,BOUND,D,2298__repeat_1,7,7,[],[],0,0,
qwen3,BOUND,D,2298__repeat_4,13,13,[],[],0,0,
qwen3,BOUND,D,229__repeat_1,6,6,[],[],0,0,
qwen3,BOUND,D,229__repeat_2,11,11,[],[],0,0,
qwen3,BOUND,D,229__repeat_3,17,17,[],[],0,0,
qwen3,BOUND,D,229__repeat_4,8,8,[],[],0,0,
qwen3,BOUND,D,229__repeat_5,9,9,[],[],1,0,
qwen3,BOUND,D,4227__repeat_2,6,6,[],[],0,0,
qwen3,BOUND,D,4227__repeat_4,4,4,[],[],0,0,
qwen3,BOUND,D,4227__repeat_5,3,3,[],[],0,0,
qwen3,BOUND,D,1313__repeat_3,2,2,[],[],0,0,
qwen3,BOUND,D,4180__repeat_2,37,37,[],[],0,0,
qwen3,BOUND,D,4180__repeat_3,23,23,[],[],0,0,
qwen3,BOUND,D,4180__repeat_4,14,14,[],[],0,0,
qwen3,BOUND,D,4180__repeat_5,17,17,[],[],0,0,
qwen3,BOUND,D,321__repeat_2,2,2,[],[],0,0,
qwen3,BOUND,D,321__repeat_3,3,3,[],[],0,0,
qwen3,BOUND,D,321__repeat_4,8,8,[],[],0,0,
qwen3,BOUND,D,321__repeat_5,0,0,[],[],0,0,
qwen3,BOUND,D,2434__repeat_4,9,9,[],[],0,0,
qwen3,BOUND,D,2434__repeat_5,6,6,[],[],0,0,
qwen3,BOUND,D,241__repeat_3,3,3,[],[],0,0,
qwen3,BOUND,D,4374__repeat_1,6,6,[],[],0,0,
qwen3,BOUND,D,4374__repeat_2,10,10,[],[],0,0,
qwen3,BOUND,D,4374__repeat_3,18,18,[],[],0,0,
qwen3,BOUND,D,4374__repeat_4,58,58,[],[],0,0,
qwen3,BOUND,D,4374__repeat_5,6,6,[],[],0,0,
qwen3,BOUND,D,3666__repeat_1,7,7,[],[],0,0,
qwen3,BOUND,D,3666__repeat_4,27,27,[],[],0,0,
qwen3,BOUND,D,3666__repeat_5,24,24,[],[],0,0,
qwen3,BOUND,D,4387__repeat_3,1,1,[],[],0,0,
qwen3,BOUND,D,4387__repeat_4,0,0,[],[],0,0,
qwen3,BOUND,D,1915__repeat_1,2,2,[],[],0,0,
qwen3,BOUND,D,1915__repeat_2,19,19,[],[],0,0,
qwen3,BOUND,D,1915__repeat_4,1,1,[],[],0,0,
qwen3,BOUND,D,1915__repeat_5,1,1,[],[],0,0,
qwen3,BOUND,D,1970__repeat_1,3,3,[],[],0,0,
qwen3,BOUND,D,1970__repeat_4,4,4,[],[],0,0,
qwen3,BOUND,D,89__repeat_5,1,1,[],[],0,0,
qwen3,BOUND,D,4289__repeat_2,35,35,[],[],0,0,
qwen3,BOUND,D,1083__repeat_3,11,11,[],[],0,0,
qwen3,BOUND,D,955__repeat_4,2,2,[],[],0,0,
qwen3,BOUND,D,770__repeat_1,3,3,[],[],0,0,
qwen3,BOUND,D,770__repeat_5,3,3,[],[],0,0,
qwen3,BOUND,D,2317__repeat_2,10,10,[],[],0,0,
qwen3,BOUND,D,2317__repeat_3,5,5,[],[],0,0,
qwen3,BOUND,D,2317__repeat_4,7,7,[],[],0,0,
qwen3,BOUND,D,4564__repeat_2,3,3,[],[],0,0,
qwen3,BOUND,D,4564__repeat_5,1,1,[],[],0,0,
qwen3,BOUND,D,2798__repeat_5,13,13,[],[],0,0,
qwen3,BOUND,D,1668__repeat_3,1,1,[],[],0,0,
qwen3,BOUND,D,1668__repeat_4,11,11,[],[],0,0,
qwen3,BOUND,D,1668__repeat_5,2,2,[],[],0,0,
qwen3,BOUND,D,574__repeat_3,4,4,[],[],0,0,
qwen3,BOUND,D,1497__repeat_1,54,54,[],[],0,0,
qwen3,BOUND,D,1497__repeat_2,0,0,[],[],0,0,
qwen3,BOUND,D,485__repeat_4,8,8,[],[],0,0,
qwen3,BOUND,D,1118__repeat_1,4,4,[],[],0,0,
qwen3,BOUND,D,3396__repeat_4,12,12,[],[],0,0,
qwen3,BOUND,D,2428__repeat_2,4,4,[],[],0,0,
qwen3,BOUND,D,2428__repeat_4,4,4,[],[],0,0,
qwen3,BOUND,D,2428__repeat_5,1,1,[],[],0,0,
qwen3,BOUND,D,2517__repeat_1,7,7,[],[],0,0,
qwen3,BOUND,D,2517__repeat_4,11,11,[],[],0,0,
qwen3,ROME,A,2215__repeat_1,0,0,[],[],0,0,
qwen3,ROME,A,2215__repeat_5,0,0,[],[],0,0,
qwen3,ROME,A,3328__repeat_1,0,0,[],[],0,0,
qwen3,ROME,A,3328__repeat_3,0,0,[],[],0,0,
qwen3,ROME,A,3328__repeat_5,0,0,[],[],0,0,
qwen3,ROME,A,4453__repeat_1,0,0,[],[],0,0,
qwen3,ROME,A,4453__repeat_5,0,0,[],[],0,0,
qwen3,ROME,A,1824__repeat_1,0,0,[],[],0,0,
qwen3,ROME,A,1824__repeat_4,0,0,[],[],0,0,
qwen3,ROME,A,3778__repeat_5,0,0,[],[],0,0,
qwen3,ROME,A,136__repeat_5,0,0,[],[],0,0,
qwen3,ROME,A,2140__repeat_3,0,0,[],[],0,0,
qwen3,ROME,A,4048__repeat_5,0,0,[],[],0,0,
qwen3,ROME,A,4815__repeat_4,0,0,[],[],0,0,
qwen3,ROME,A,3844__repeat_1,0,0,[],[],0,0,
qwen3,ROME,A,3844__repeat_3,0,0,[],[],0,0,
qwen3,ROME,A,3844__repeat_4,0,0,[],[],0,0,
qwen3,ROME,A,3695__repeat_5,0,0,[],[],0,0,
qwen3,ROME,A,2067__repeat_5,0,0,[],[],0,0,
qwen3,ROME,A,1510__repeat_1,0,0,[],[],0,0,
qwen3,ROME,A,1510__repeat_2,0,0,[],[],0,0,
qwen3,ROME,A,1510__repeat_4,0,0,[],[],0,0,
qwen3,ROME,A,3509__repeat_2,0,0,[],[],0,0,
qwen3,ROME,A,3509__repeat_4,0,0,[],[],0,0,
qwen3,ROME,A,4509__repeat_4,0,0,[],[],0,0,
qwen3,ROME,A,4509__repeat_5,0,0,[],[],0,0,
qwen3,ROME,A,2329__repeat_3,0,0,[],[],0,0,
qwen3,ROME,A,185__repeat_1,0,0,[],[],0,0,
qwen3,ROME,A,185__repeat_3,0,0,[],[],0,0,
qwen3,ROME,A,185__repeat_5,0,0,[],[],0,0,
qwen3,ROME,A,881__repeat_2,0,0,[],[],0,0,
qwen3,ROME,A,881__repeat_4,0,0,[],[],0,0,
qwen3,ROME,A,881__repeat_5,0,0,[],[],0,0,
qwen3,ROME,A,84__repeat_1,0,0,[],[],0,0,
qwen3,ROME,A,84__repeat_2,0,0,[],[],0,0,
qwen3,ROME,A,84__repeat_3,0,0,[],[],0,0,
qwen3,ROME,A,84__repeat_4,0,0,[],[],0,0,
qwen3,ROME,A,3422__repeat_3,0,0,[],[],0,0,
qwen3,ROME,A,2706__repeat_1,0,0,[],[],0,0,
qwen3,ROME,A,2706__repeat_2,0,0,[],[],0,0,
qwen3,ROME,A,2706__repeat_3,0,0,[],[],0,0,
qwen3,ROME,A,2706__repeat_4,0,0,[],[],0,0,
qwen3,ROME,A,2678__repeat_2,0,0,[],[],0,0,
qwen3,ROME,A,2678__repeat_3,0,0,[],[],0,0,
qwen3,ROME,A,2678__repeat_5,0,0,[],[],0,0,
qwen3,ROME,A,3157__repeat_4,0,0,[],[],0,0,
qwen3,ROME,A,4284__repeat_1,0,0,[],[],0,0,
qwen3,ROME,A,4284__repeat_4,0,0,[],[],0,0,
qwen3,ROME,A,3415__repeat_3,0,0,[],[],0,0,
qwen3,ROME,A,3415__repeat_5,0,0,[],[],0,0,
qwen3,ROME,A,2762__repeat_1,0,0,[],[],0,0,
qwen3,ROME,A,2762__repeat_2,0,0,[],[],0,0,
qwen3,ROME,A,2762__repeat_3,0,0,[],[],0,0,
qwen3,ROME,A,2762__repeat_4,0,0,[],[],0,0,
qwen3,ROME,A,2762__repeat_5,0,0,[],[],0,0,
qwen3,ROME,A,1603__repeat_1,0,0,[],[],0,0,
qwen3,ROME,A,1603__repeat_4,0,0,[],[],0,0,
qwen3,ROME,A,1603__repeat_5,0,0,[],[],0,0,
qwen3,ROME,A,1249__repeat_1,0,0,[],[],0,0,
qwen3,ROME,A,1249__repeat_3,0,0,[],[],0,0,
qwen3,ROME,A,1249__repeat_5,0,0,[],[],0,0,
qwen3,ROME,A,271__repeat_4,0,0,[],[],0,0,
qwen3,ROME,A,1302__repeat_4,0,0,[],[],0,0,
qwen3,ROME,A,1302__repeat_5,0,0,[],[],0,0,
qwen3,ROME,A,4498__repeat_1,0,0,[],[],0,0,
qwen3,ROME,A,4498__repeat_5,0,0,[],[],0,0,
qwen3,ROME,A,1267__repeat_2,0,0,[],[],0,0,
qwen3,ROME,A,1267__repeat_4,0,0,[],[],0,0,
qwen3,ROME,A,4834__repeat_3,0,0,[],[],0,0,
qwen3,ROME,A,4834__repeat_4,0,0,[],[],0,0,
qwen3,ROME,A,4834__repeat_5,0,0,[],[],0,0,
qwen3,ROME,A,2284__repeat_1,0,0,[],[],0,0,
qwen3,ROME,A,2608__repeat_1,0,0,[],[],0,0,
qwen3,ROME,A,2608__repeat_2,0,0,[],[],0,0,
qwen3,ROME,A,2608__repeat_5,0,0,[],[],0,0,
qwen3,ROME,A,2943__repeat_1,0,0,[],[],0,0,
qwen3,ROME,A,2943__repeat_5,0,0,[],[],0,0,
qwen3,ROME,A,4015__repeat_1,0,0,[],[],0,0,
qwen3,ROME,A,4015__repeat_5,0,0,[],[],0,0,
qwen3,ROME,A,4244__repeat_4,0,0,[],[],0,0,
qwen3,ROME,A,4244__repeat_5,0,0,[],[],0,0,
qwen3,ROME,A,4386__repeat_3,0,0,[],[],0,0,
qwen3,ROME,A,3407__repeat_1,0,0,[],[],0,0,
qwen3,ROME,A,3407__repeat_2,0,0,[],[],0,0,
qwen3,ROME,A,3407__repeat_5,0,0,[],[],0,0,
qwen3,ROME,A,3742__repeat_4,0,0,[],[],0,0,
qwen3,ROME,A,3742__repeat_5,0,0,[],[],0,0,
qwen3,ROME,A,3256__repeat_1,0,0,[],[],0,0,
qwen3,ROME,A,3140__repeat_1,0,0,[],[],0,0,
qwen3,ROME,A,3140__repeat_5,0,0,[],[],0,0,
qwen3,ROME,A,4676__repeat_1,0,0,[],[],0,0,
qwen3,ROME,A,4676__repeat_2,0,0,[],[],0,0,
qwen3,ROME,A,4676__repeat_3,0,0,[],[],0,0,
qwen3,ROME,A,4676__repeat_4,0,0,[],[],0,0,
qwen3,ROME,A,4676__repeat_5,0,0,[],[],0,0,
qwen3,ROME,A,4261__repeat_1,0,0,[],[],0,0,
qwen3,ROME,A,4261__repeat_4,0,0,[],[],0,0,
qwen3,ROME,A,681__repeat_1,0,0,[],[],0,0,
qwen3,ROME,A,681__repeat_2,0,0,[],[],0,0,
qwen3,ROME,A,681__repeat_3,0,0,[],[],0,0,
qwen3,ROME,A,681__repeat_5,0,0,[],[],0,0,
qwen3,ROME,A,3333__repeat_1,0,0,[],[],0,0,
qwen3,ROME,A,3333__repeat_2,0,0,[],[],0,0,
qwen3,ROME,A,3333__repeat_3,0,0,[],[],0,0,
qwen3,ROME,A,3333__repeat_4,0,0,[],[],0,0,
qwen3,ROME,A,3333__repeat_5,0,0,[],[],0,0,
qwen3,ROME,A,1446__repeat_3,0,0,[],[],0,0,
qwen3,ROME,A,4692__repeat_2,0,0,[],[],0,0,
qwen3,ROME,A,4692__repeat_5,0,0,[],[],0,0,
qwen3,ROME,A,4059__repeat_1,0,0,[],[],0,0,
qwen3,ROME,A,4059__repeat_3,0,0,[],[],0,0,
qwen3,ROME,A,4059__repeat_5,0,0,[],[],0,0,
qwen3,ROME,A,19__repeat_1,0,0,[],[],0,0,
qwen3,ROME,A,2298__repeat_5,0,0,[],[],0,0,
qwen3,ROME,A,229__repeat_1,0,0,[],[],0,0,
qwen3,ROME,A,229__repeat_3,0,0,[],[],0,0,
qwen3,ROME,A,4227__repeat_1,0,0,[],[],0,0,
qwen3,ROME,A,4227__repeat_2,0,0,[],[],0,0,
qwen3,ROME,A,4227__repeat_3,0,0,[],[],0,0,
qwen3,ROME,A,4227__repeat_4,0,0,[],[],0,0,
qwen3,ROME,A,4227__repeat_5,0,0,[],[],0,0,
qwen3,ROME,A,2901__repeat_1,0,0,[],[],0,0,
qwen3,ROME,A,2901__repeat_2,0,0,[],[],0,0,
qwen3,ROME,A,2901__repeat_3,0,0,[],[],0,0,
qwen3,ROME,A,2901__repeat_5,0,0,[],[],0,0,
qwen3,ROME,A,4818__repeat_1,0,0,[],[],0,0,
qwen3,ROME,A,4180__repeat_1,0,0,[],[],0,0,
qwen3,ROME,A,4180__repeat_3,0,0,[],[],0,0,
qwen3,ROME,A,321__repeat_1,0,0,[],[],0,0,
qwen3,ROME,A,321__repeat_2,0,0,[],[],0,0,
qwen3,ROME,A,2434__repeat_5,0,0,[],[],0,0,
qwen3,ROME,A,241__repeat_1,0,0,[],[],0,0,
qwen3,ROME,A,4374__repeat_4,0,0,[],[],0,0,
qwen3,ROME,A,4374__repeat_5,0,0,[],[],0,0,
qwen3,ROME,A,3666__repeat_2,0,0,[],[],0,0,
qwen3,ROME,A,4387__repeat_2,0,0,[],[],0,0,
qwen3,ROME,A,4387__repeat_4,0,0,[],[],0,0,
qwen3,ROME,A,3962__repeat_2,0,0,[],[],0,0,
qwen3,ROME,A,3962__repeat_4,0,0,[],[],0,0,
qwen3,ROME,A,3962__repeat_5,0,0,[],[],0,0,
qwen3,ROME,A,1915__repeat_1,0,0,[],[],0,0,
qwen3,ROME,A,1915__repeat_3,0,0,[],[],0,0,
qwen3,ROME,A,1211__repeat_2,0,0,[],[],0,0,
qwen3,ROME,A,1211__repeat_5,0,0,[],[],0,0,
qwen3,ROME,A,1970__repeat_4,0,0,[],[],0,0,
qwen3,ROME,A,89__repeat_4,0,0,[],[],0,0,
qwen3,ROME,A,4289__repeat_1,0,0,[],[],0,0,
qwen3,ROME,A,4289__repeat_3,0,0,[],[],0,0,
qwen3,ROME,A,4289__repeat_5,0,0,[],[],0,0,
qwen3,ROME,A,3349__repeat_1,0,0,[],[],0,0,
qwen3,ROME,A,3349__repeat_2,0,0,[],[],0,0,
qwen3,ROME,A,3349__repeat_3,0,0,[],[],0,0,
qwen3,ROME,A,3349__repeat_4,0,0,[],[],0,0,
qwen3,ROME,A,615__repeat_2,0,0,[],[],0,0,
qwen3,ROME,A,955__repeat_2,0,0,[],[],0,0,
qwen3,ROME,A,955__repeat_3,0,0,[],[],0,0,
qwen3,ROME,A,3131__repeat_4,0,0,[],[],0,0,
qwen3,ROME,A,770__repeat_2,0,0,[],[],0,0,
qwen3,ROME,A,770__repeat_5,0,0,[],[],0,0,
qwen3,ROME,A,2317__repeat_1,0,0,[],[],0,0,
qwen3,ROME,A,2317__repeat_2,0,0,[],[],0,0,
qwen3,ROME,A,2895__repeat_3,0,0,[],[],0,0,
qwen3,ROME,A,2895__repeat_5,0,0,[],[],0,0,
qwen3,ROME,A,4564__repeat_2,0,0,[],[],0,0,
qwen3,ROME,A,4564__repeat_4,0,0,[],[],0,0,
qwen3,ROME,A,4564__repeat_5,0,0,[],[],0,0,
qwen3,ROME,A,2798__repeat_2,0,0,[],[],0,0,
qwen3,ROME,A,2798__repeat_5,0,0,[],[],0,0,
qwen3,ROME,A,3459__repeat_1,0,0,[],[],0,0,
qwen3,ROME,A,3459__repeat_4,0,0,[],[],0,0,
qwen3,ROME,A,3459__repeat_5,0,0,[],[],0,0,
qwen3,ROME,A,1668__repeat_1,0,0,[],[],0,0,
qwen3,ROME,A,1668__repeat_2,0,0,[],[],0,0,
qwen3,ROME,A,574__repeat_1,0,0,[],[],0,0,
qwen3,ROME,A,574__repeat_3,0,0,[],[],0,0,
qwen3,ROME,A,574__repeat_5,0,0,[],[],0,0,
qwen3,ROME,A,1497__repeat_1,0,0,[],[],0,0,
qwen3,ROME,A,1497__repeat_3,0,0,[],[],0,0,
qwen3,ROME,A,1497__repeat_5,0,0,[],[],0,0,
qwen3,ROME,A,485__repeat_1,0,0,[],[],0,0,
qwen3,ROME,A,485__repeat_2,0,0,[],[],0,0,
qwen3,ROME,A,1118__repeat_2,0,0,[],[],0,0,
qwen3,ROME,A,1118__repeat_4,0,0,[],[],0,0,
qwen3,ROME,A,3396__repeat_3,0,0,[],[],0,0,
qwen3,ROME,A,3396__repeat_5,0,0,[],[],0,0,
qwen3,ROME,A,2428__repeat_4,0,0,[],[],0,0,
qwen3,ROME,A,2517__repeat_1,0,0,[],[],0,0,
qwen3,ROME,A,2517__repeat_2,0,0,[],[],0,0,
qwen3,ROME,A,2517__repeat_3,0,0,[],[],0,0,
qwen3,ROME,A,2465__repeat_5,0,0,[],[],0,0,
qwen3,ROME,B,4453__repeat_1,14,14,[],[],0,0,
qwen3,ROME,B,4453__repeat_2,8,8,[],[],0,0,
qwen3,ROME,B,4453__repeat_3,11,11,[],[],0,0,
qwen3,ROME,B,4453__repeat_4,11,11,[],[],0,0,
qwen3,ROME,B,4453__repeat_5,12,12,[],[],0,0,
qwen3,ROME,B,4509__repeat_1,23,23,[],[],0,0,
qwen3,ROME,B,185__repeat_4,2,2,[],[],0,0,
qwen3,ROME,B,1249__repeat_4,2,2,[],[],0,0,
qwen3,ROME,B,2284__repeat_1,5,5,[],[],0,0,
qwen3,ROME,B,2284__repeat_2,1,1,[],[],0,0,
qwen3,ROME,B,2284__repeat_4,2,2,[],[],0,0,
qwen3,ROME,B,2284__repeat_5,2,2,[],[],0,0,
qwen3,ROME,B,2943__repeat_3,5,5,[],[],0,0,
qwen3,ROME,B,2943__repeat_4,5,5,[],[],0,0,
qwen3,ROME,B,2943__repeat_5,6,6,[],[],0,0,
qwen3,ROME,B,3140__repeat_1,2,2,[],[],0,0,
qwen3,ROME,B,4676__repeat_3,9,9,[],[],0,0,
qwen3,ROME,B,1446__repeat_1,3,3,[],[],0,0,
qwen3,ROME,B,4692__repeat_2,7,7,[],[],0,0,
qwen3,ROME,B,3666__repeat_2,1,1,[],[],0,0,
qwen3,ROME,B,1970__repeat_2,1,1,[],[],0,0,
qwen3,ROME,B,3396__repeat_2,4,4,[],[],0,0,
qwen3,ROME,B,2428__repeat_5,2,2,[],[],0,0,
qwen3,ROME,C,2215__repeat_1,0,0,[],[],0,0,
qwen3,ROME,C,2215__repeat_2,0,0,[],[],0,0,
qwen3,ROME,C,2215__repeat_3,0,0,[],[],0,0,
qwen3,ROME,C,2215__repeat_4,0,0,[],[],0,0,
qwen3,ROME,C,2215__repeat_5,0,0,[],[],0,0,
qwen3,ROME,C,1371__repeat_1,0,0,[],[],0,0,
qwen3,ROME,C,1371__repeat_2,0,0,[],[],0,0,
qwen3,ROME,C,1371__repeat_3,0,0,[],[],0,0,
qwen3,ROME,C,1371__repeat_4,0,0,[],[],0,0,
qwen3,ROME,C,1371__repeat_5,0,0,[],[],0,0,
qwen3,ROME,C,3328__repeat_1,0,0,[],[],0,0,
qwen3,ROME,C,3328__repeat_2,0,0,[],[],0,0,
qwen3,ROME,C,3328__repeat_3,0,0,[],[],0,0,
qwen3,ROME,C,3328__repeat_4,0,0,[],[],0,0,
qwen3,ROME,C,3328__repeat_5,0,0,[],[],0,0,
qwen3,ROME,C,4453__repeat_1,0,0,[],[],0,0,
qwen3,ROME,C,4453__repeat_2,0,0,[],[],0,0,
qwen3,ROME,C,4453__repeat_3,0,0,[],[],0,0,
qwen3,ROME,C,4453__repeat_4,0,0,[],[],0,0,
qwen3,ROME,C,4453__repeat_5,0,0,[],[],0,0,
qwen3,ROME,C,1824__repeat_1,0,0,[],[],0,0,
qwen3,ROME,C,1824__repeat_2,0,0,[],[],0,0,
qwen3,ROME,C,1824__repeat_3,0,0,[],[],0,0,
qwen3,ROME,C,1824__repeat_4,0,0,[],[],0,0,
qwen3,ROME,C,1824__repeat_5,0,0,[],[],0,0,
qwen3,ROME,C,3778__repeat_1,0,0,[],[],0,0,
qwen3,ROME,C,3778__repeat_2,0,0,[],[],0,0,
qwen3,ROME,C,3778__repeat_3,0,0,[],[],0,0,
qwen3,ROME,C,3778__repeat_4,0,0,[],[],0,0,
qwen3,ROME,C,3778__repeat_5,0,0,[],[],0,0,
qwen3,ROME,C,136__repeat_1,0,0,[],[],0,0,
qwen3,ROME,C,136__repeat_2,0,0,[],[],0,0,
qwen3,ROME,C,136__repeat_3,0,0,[],[],0,0,
qwen3,ROME,C,136__repeat_4,0,0,[],[],0,0,
qwen3,ROME,C,136__repeat_5,0,0,[],[],0,0,
qwen3,ROME,C,2140__repeat_1,0,0,[],[],0,0,
qwen3,ROME,C,2140__repeat_2,0,0,[],[],0,0,
qwen3,ROME,C,2140__repeat_3,0,0,[],[],0,0,
qwen3,ROME,C,2140__repeat_4,0,0,[],[],0,0,
qwen3,ROME,C,2140__repeat_5,0,0,[],[],0,0,
qwen3,ROME,C,4048__repeat_1,0,0,[],[],0,0,
qwen3,ROME,C,4048__repeat_2,0,0,[],[],0,0,
qwen3,ROME,C,4048__repeat_3,0,0,[],[],0,0,
qwen3,ROME,C,4048__repeat_4,0,0,[],[],0,0,
qwen3,ROME,C,4048__repeat_5,0,0,[],[],0,0,
qwen3,ROME,C,4815__repeat_1,0,0,[],[],0,0,
qwen3,ROME,C,4815__repeat_2,0,0,[],[],0,0,
qwen3,ROME,C,4815__repeat_3,0,0,[],[],0,0,
qwen3,ROME,C,4815__repeat_4,0,0,[],[],0,0,
qwen3,ROME,C,4815__repeat_5,0,0,[],[],0,0,
qwen3,ROME,C,3844__repeat_1,0,0,[],[],0,0,
qwen3,ROME,C,3844__repeat_2,0,0,[],[],0,0,
qwen3,ROME,C,3844__repeat_3,0,0,[],[],0,0,
qwen3,ROME,C,3844__repeat_4,0,0,[],[],0,0,
qwen3,ROME,C,3844__repeat_5,0,0,[],[],0,0,
qwen3,ROME,C,1021__repeat_1,0,0,[],[],0,0,
qwen3,ROME,C,1021__repeat_2,0,0,[],[],0,0,
qwen3,ROME,C,1021__repeat_3,0,0,[],[],0,0,
qwen3,ROME,C,1021__repeat_4,0,0,[],[],0,0,
qwen3,ROME,C,1021__repeat_5,0,0,[],[],0,0,
qwen3,ROME,C,3695__repeat_1,0,0,[],[],0,0,
qwen3,ROME,C,3695__repeat_2,0,0,[],[],0,0,
qwen3,ROME,C,3695__repeat_3,0,0,[],[],0,0,
qwen3,ROME,C,3695__repeat_4,0,0,[],[],0,0,
qwen3,ROME,C,3695__repeat_5,0,0,[],[],0,0,
qwen3,ROME,C,2067__repeat_1,0,0,[],[],0,0,
qwen3,ROME,C,2067__repeat_2,0,0,[],[],0,0,
qwen3,ROME,C,2067__repeat_3,0,0,[],[],0,0,
qwen3,ROME,C,2067__repeat_4,0,0,[],[],0,0,
qwen3,ROME,C,2067__repeat_5,0,0,[],[],0,0,
qwen3,ROME,C,1510__repeat_1,0,0,[],[],0,0,
qwen3,ROME,C,1510__repeat_2,0,0,[],[],0,0,
qwen3,ROME,C,1510__repeat_3,0,0,[],[],0,0,
qwen3,ROME,C,1510__repeat_4,0,0,[],[],0,0,
qwen3,ROME,C,1510__repeat_5,0,0,[],[],0,0,
qwen3,ROME,C,3509__repeat_1,0,0,[],[],0,0,
qwen3,ROME,C,3509__repeat_2,0,0,[],[],0,0,
qwen3,ROME,C,3509__repeat_3,0,0,[],[],0,0,
qwen3,ROME,C,3509__repeat_4,0,0,[],[],0,0,
qwen3,ROME,C,3509__repeat_5,0,0,[],[],0,0,
qwen3,ROME,C,4509__repeat_1,0,0,[],[],0,0,
qwen3,ROME,C,4509__repeat_2,0,0,[],[],0,0,
qwen3,ROME,C,4509__repeat_3,0,0,[],[],0,0,
qwen3,ROME,C,4509__repeat_4,0,0,[],[],0,0,
qwen3,ROME,C,4509__repeat_5,0,0,[],[],0,0,
qwen3,ROME,C,2329__repeat_1,0,0,[],[],0,0,
qwen3,ROME,C,2329__repeat_2,0,0,[],[],0,0,
qwen3,ROME,C,2329__repeat_3,0,0,[],[],0,0,
qwen3,ROME,C,2329__repeat_4,0,0,[],[],0,0,
qwen3,ROME,C,2329__repeat_5,0,0,[],[],0,0,
qwen3,ROME,C,185__repeat_1,0,0,[],[],0,0,
qwen3,ROME,C,185__repeat_2,0,0,[],[],0,0,
qwen3,ROME,C,185__repeat_3,0,0,[],[],0,0,
qwen3,ROME,C,185__repeat_4,0,0,[],[],0,0,
qwen3,ROME,C,185__repeat_5,0,0,[],[],0,0,
qwen3,ROME,C,881__repeat_1,0,0,[],[],0,0,
qwen3,ROME,C,881__repeat_2,0,0,[],[],0,0,
qwen3,ROME,C,881__repeat_3,0,0,[],[],0,0,
qwen3,ROME,C,881__repeat_4,0,0,[],[],0,0,
qwen3,ROME,C,881__repeat_5,0,0,[],[],0,0,
qwen3,ROME,C,84__repeat_1,0,0,[],[],0,0,
qwen3,ROME,C,84__repeat_2,0,0,[],[],0,0,
qwen3,ROME,C,84__repeat_3,0,0,[],[],0,0,
qwen3,ROME,C,84__repeat_4,0,0,[],[],0,0,
qwen3,ROME,C,84__repeat_5,0,0,[],[],0,0,
qwen3,ROME,C,3422__repeat_1,0,0,[],[],0,0,
qwen3,ROME,C,3422__repeat_2,0,0,[],[],0,0,
qwen3,ROME,C,3422__repeat_3,0,0,[],[],0,0,
qwen3,ROME,C,3422__repeat_4,0,0,[],[],0,0,
qwen3,ROME,C,3422__repeat_5,0,0,[],[],0,0,
qwen3,ROME,C,2706__repeat_1,0,0,[],[],0,0,
qwen3,ROME,C,2706__repeat_2,0,0,[],[],0,0,
qwen3,ROME,C,2706__repeat_3,0,0,[],[],0,0,
qwen3,ROME,C,2706__repeat_4,0,0,[],[],0,0,
qwen3,ROME,C,2706__repeat_5,0,0,[],[],0,0,
qwen3,ROME,C,2678__repeat_1,0,0,[],[],0,0,
qwen3,ROME,C,2678__repeat_2,0,0,[],[],0,0,
qwen3,ROME,C,2678__repeat_3,0,0,[],[],0,0,
qwen3,ROME,C,2678__repeat_4,0,0,[],[],0,0,
qwen3,ROME,C,2678__repeat_5,0,0,[],[],0,0,
qwen3,ROME,C,3157__repeat_1,0,0,[],[],0,0,
qwen3,ROME,C,3157__repeat_2,0,0,[],[],0,0,
qwen3,ROME,C,3157__repeat_3,0,0,[],[],0,0,
qwen3,ROME,C,3157__repeat_4,0,0,[],[],0,0,
qwen3,ROME,C,3157__repeat_5,0,0,[],[],0,0,
qwen3,ROME,C,4284__repeat_1,0,0,[],[],0,0,
qwen3,ROME,C,4284__repeat_2,0,0,[],[],0,0,
qwen3,ROME,C,4284__repeat_3,0,0,[],[],0,0,
qwen3,ROME,C,4284__repeat_4,0,0,[],[],0,0,
qwen3,ROME,C,4284__repeat_5,0,0,[],[],0,0,
qwen3,ROME,C,824__repeat_1,0,0,[],[],0,0,
qwen3,ROME,C,824__repeat_2,0,0,[],[],0,0,
qwen3,ROME,C,824__repeat_3,0,0,[],[],0,0,
qwen3,ROME,C,824__repeat_4,0,0,[],[],0,0,
qwen3,ROME,C,824__repeat_5,0,0,[],[],0,0,
qwen3,ROME,C,3415__repeat_1,0,0,[],[],0,0,
qwen3,ROME,C,3415__repeat_2,0,0,[],[],0,0,
qwen3,ROME,C,3415__repeat_3,0,0,[],[],0,0,
qwen3,ROME,C,3415__repeat_4,0,0,[],[],0,0,
qwen3,ROME,C,3415__repeat_5,0,0,[],[],0,0,
qwen3,ROME,C,2762__repeat_1,0,0,[],[],0,0,
qwen3,ROME,C,2762__repeat_2,0,0,[],[],0,0,
qwen3,ROME,C,2762__repeat_3,0,0,[],[],0,0,
qwen3,ROME,C,2762__repeat_4,0,0,[],[],0,0,
qwen3,ROME,C,2762__repeat_5,0,0,[],[],0,0,
qwen3,ROME,C,1603__repeat_1,0,0,[],[],0,0,
qwen3,ROME,C,1603__repeat_2,0,0,[],[],0,0,
qwen3,ROME,C,1603__repeat_3,0,0,[],[],0,0,
qwen3,ROME,C,1603__repeat_4,0,0,[],[],0,0,
qwen3,ROME,C,1603__repeat_5,0,0,[],[],0,0,
qwen3,ROME,C,1249__repeat_1,0,0,[],[],0,0,
qwen3,ROME,C,1249__repeat_2,0,0,[],[],0,0,
qwen3,ROME,C,1249__repeat_3,0,0,[],[],0,0,
qwen3,ROME,C,1249__repeat_4,0,0,[],[],0,0,
qwen3,ROME,C,1249__repeat_5,0,0,[],[],0,0,
qwen3,ROME,C,271__repeat_1,0,0,[],[],0,0,
qwen3,ROME,C,271__repeat_2,0,0,[],[],0,0,
qwen3,ROME,C,271__repeat_3,0,0,[],[],0,0,
qwen3,ROME,C,271__repeat_4,0,0,[],[],0,0,
qwen3,ROME,C,271__repeat_5,0,0,[],[],0,0,
qwen3,ROME,C,60__repeat_1,0,0,[],[],0,0,
qwen3,ROME,C,60__repeat_2,0,0,[],[],0,0,
qwen3,ROME,C,60__repeat_3,0,0,[],[],0,0,
qwen3,ROME,C,60__repeat_4,0,0,[],[],0,0,
qwen3,ROME,C,60__repeat_5,0,0,[],[],0,0,
qwen3,ROME,C,322__repeat_1,0,0,[],[],0,0,
qwen3,ROME,C,322__repeat_2,0,0,[],[],0,0,
qwen3,ROME,C,322__repeat_3,0,0,[],[],0,0,
qwen3,ROME,C,322__repeat_4,0,0,[],[],0,0,
qwen3,ROME,C,322__repeat_5,0,0,[],[],0,0,
qwen3,ROME,C,1302__repeat_1,0,0,[],[],0,0,
qwen3,ROME,C,1302__repeat_2,0,0,[],[],0,0,
qwen3,ROME,C,1302__repeat_3,0,0,[],[],0,0,
qwen3,ROME,C,1302__repeat_4,0,0,[],[],0,0,
qwen3,ROME,C,1302__repeat_5,0,0,[],[],0,0,
qwen3,ROME,C,4744__repeat_1,0,0,[],[],0,0,
qwen3,ROME,C,4744__repeat_2,0,0,[],[],0,0,
qwen3,ROME,C,4744__repeat_3,0,0,[],[],0,0,
qwen3,ROME,C,4744__repeat_4,0,0,[],[],0,0,
qwen3,ROME,C,4744__repeat_5,0,0,[],[],0,0,
qwen3,ROME,C,2751__repeat_1,0,0,[],[],0,0,
qwen3,ROME,C,2751__repeat_2,0,0,[],[],0,0,
qwen3,ROME,C,2751__repeat_3,0,0,[],[],0,0,
qwen3,ROME,C,2751__repeat_4,0,0,[],[],0,0,
qwen3,ROME,C,2751__repeat_5,0,0,[],[],0,0,
qwen3,ROME,C,4498__repeat_1,0,0,[],[],0,0,
qwen3,ROME,C,4498__repeat_2,0,0,[],[],0,0,
qwen3,ROME,C,4498__repeat_3,0,0,[],[],0,0,
qwen3,ROME,C,4498__repeat_4,0,0,[],[],0,0,
qwen3,ROME,C,4498__repeat_5,0,0,[],[],0,0,
qwen3,ROME,C,1267__repeat_1,0,0,[],[],0,0,
qwen3,ROME,C,1267__repeat_2,0,0,[],[],0,0,
qwen3,ROME,C,1267__repeat_3,0,0,[],[],0,0,
qwen3,ROME,C,1267__repeat_4,0,0,[],[],0,0,
qwen3,ROME,C,1267__repeat_5,0,0,[],[],0,0,
qwen3,ROME,C,4834__repeat_1,0,0,[],[],0,0,
qwen3,ROME,C,4834__repeat_2,0,0,[],[],0,0,
qwen3,ROME,C,4834__repeat_3,0,0,[],[],0,0,
qwen3,ROME,C,4834__repeat_4,0,0,[],[],0,0,
qwen3,ROME,C,4834__repeat_5,0,0,[],[],0,0,
qwen3,ROME,C,2284__repeat_1,0,0,[],[],0,0,
qwen3,ROME,C,2284__repeat_2,0,0,[],[],0,0,
qwen3,ROME,C,2284__repeat_3,0,0,[],[],0,0,
qwen3,ROME,C,2284__repeat_4,0,0,[],[],0,0,
qwen3,ROME,C,2284__repeat_5,0,0,[],[],0,0,
qwen3,ROME,C,2608__repeat_1,0,0,[],[],0,0,
qwen3,ROME,C,2608__repeat_2,0,0,[],[],0,0,
qwen3,ROME,C,2608__repeat_3,0,0,[],[],0,0,
qwen3,ROME,C,2608__repeat_4,0,0,[],[],0,0,
qwen3,ROME,C,2608__repeat_5,0,0,[],[],0,0,
qwen3,ROME,C,2943__repeat_1,0,0,[],[],0,0,
qwen3,ROME,C,2943__repeat_2,0,0,[],[],0,0,
qwen3,ROME,C,2943__repeat_3,0,0,[],[],0,0,
qwen3,ROME,C,2943__repeat_4,0,0,[],[],0,0,
qwen3,ROME,C,2943__repeat_5,0,0,[],[],0,0,
qwen3,ROME,C,4015__repeat_1,0,0,[],[],0,0,
qwen3,ROME,C,4015__repeat_2,0,0,[],[],0,0,
qwen3,ROME,C,4015__repeat_3,0,0,[],[],0,0,
qwen3,ROME,C,4015__repeat_4,0,0,[],[],0,0,
qwen3,ROME,C,4015__repeat_5,0,0,[],[],0,0,
qwen3,ROME,C,4244__repeat_1,0,0,[],[],0,0,
qwen3,ROME,C,4244__repeat_2,0,0,[],[],0,0,
qwen3,ROME,C,4244__repeat_3,0,0,[],[],0,0,
qwen3,ROME,C,4244__repeat_4,0,0,[],[],0,0,
qwen3,ROME,C,4244__repeat_5,0,0,[],[],0,0,
qwen3,ROME,C,4386__repeat_1,0,0,[],[],0,0,
qwen3,ROME,C,4386__repeat_2,0,0,[],[],0,0,
qwen3,ROME,C,4386__repeat_3,0,0,[],[],0,0,
qwen3,ROME,C,4386__repeat_4,0,0,[],[],0,0,
qwen3,ROME,C,4386__repeat_5,0,0,[],[],0,0,
qwen3,ROME,C,3407__repeat_1,0,0,[],[],0,0,
qwen3,ROME,C,3407__repeat_2,0,0,[],[],0,0,
qwen3,ROME,C,3407__repeat_3,0,0,[],[],0,0,
qwen3,ROME,C,3407__repeat_4,0,0,[],[],0,0,
qwen3,ROME,C,3407__repeat_5,0,0,[],[],0,0,
qwen3,ROME,C,3742__repeat_1,0,0,[],[],0,0,
qwen3,ROME,C,3742__repeat_2,0,0,[],[],0,0,
qwen3,ROME,C,3742__repeat_3,0,0,[],[],0,0,
qwen3,ROME,C,3742__repeat_4,0,0,[],[],0,0,
qwen3,ROME,C,3742__repeat_5,0,0,[],[],0,0,
qwen3,ROME,C,3256__repeat_1,0,0,[],[],0,0,
qwen3,ROME,C,3256__repeat_2,0,0,[],[],0,0,
qwen3,ROME,C,3256__repeat_3,0,0,[],[],0,0,
qwen3,ROME,C,3256__repeat_4,0,0,[],[],0,0,
qwen3,ROME,C,3256__repeat_5,0,0,[],[],0,0,
qwen3,ROME,C,3140__repeat_1,0,0,[],[],0,0,
qwen3,ROME,C,3140__repeat_2,0,0,[],[],0,0,
qwen3,ROME,C,3140__repeat_3,0,0,[],[],0,0,
qwen3,ROME,C,3140__repeat_4,0,0,[],[],0,0,
qwen3,ROME,C,3140__repeat_5,0,0,[],[],0,0,
qwen3,ROME,C,4676__repeat_1,0,0,[],[],0,0,
qwen3,ROME,C,4676__repeat_2,0,0,[],[],0,0,
qwen3,ROME,C,4676__repeat_3,0,0,[],[],0,0,
qwen3,ROME,C,4676__repeat_4,0,0,[],[],0,0,
qwen3,ROME,C,4676__repeat_5,0,0,[],[],0,0,
qwen3,ROME,C,3427__repeat_1,0,0,[],[],0,0,
qwen3,ROME,C,3427__repeat_2,0,0,[],[],0,0,
qwen3,ROME,C,3427__repeat_3,0,0,[],[],0,0,
qwen3,ROME,C,3427__repeat_4,0,0,[],[],0,0,
qwen3,ROME,C,3427__repeat_5,0,0,[],[],0,0,
qwen3,ROME,C,4261__repeat_1,0,0,[],[],0,0,
qwen3,ROME,C,4261__repeat_2,0,0,[],[],0,0,
qwen3,ROME,C,4261__repeat_3,0,0,[],[],0,0,
qwen3,ROME,C,4261__repeat_4,0,0,[],[],0,0,
qwen3,ROME,C,4261__repeat_5,0,0,[],[],0,0,
qwen3,ROME,C,681__repeat_1,0,0,[],[],0,0,
qwen3,ROME,C,681__repeat_2,0,0,[],[],0,0,
qwen3,ROME,C,681__repeat_3,0,0,[],[],0,0,
qwen3,ROME,C,681__repeat_4,0,0,[],[],0,0,
qwen3,ROME,C,681__repeat_5,0,0,[],[],0,0,
qwen3,ROME,C,3333__repeat_1,0,0,[],[],0,0,
qwen3,ROME,C,3333__repeat_2,0,0,[],[],0,0,
qwen3,ROME,C,3333__repeat_3,0,0,[],[],0,0,
qwen3,ROME,C,3333__repeat_4,0,0,[],[],0,0,
qwen3,ROME,C,3333__repeat_5,0,0,[],[],0,0,
qwen3,ROME,C,1446__repeat_1,0,0,[],[],0,0,
qwen3,ROME,C,1446__repeat_2,0,0,[],[],0,0,
qwen3,ROME,C,1446__repeat_3,0,0,[],[],0,0,
qwen3,ROME,C,1446__repeat_4,0,0,[],[],0,0,
qwen3,ROME,C,1446__repeat_5,0,0,[],[],0,0,
qwen3,ROME,C,4692__repeat_1,0,0,[],[],0,0,
qwen3,ROME,C,4692__repeat_2,0,0,[],[],0,0,
qwen3,ROME,C,4692__repeat_3,0,0,[],[],0,0,
qwen3,ROME,C,4692__repeat_4,0,0,[],[],0,0,
qwen3,ROME,C,4692__repeat_5,0,0,[],[],0,0,
qwen3,ROME,C,219__repeat_1,0,0,[],[],0,0,
qwen3,ROME,C,219__repeat_2,0,0,[],[],0,0,
qwen3,ROME,C,219__repeat_3,0,0,[],[],0,0,
qwen3,ROME,C,219__repeat_4,0,0,[],[],0,0,
qwen3,ROME,C,219__repeat_5,0,0,[],[],0,0,
qwen3,ROME,C,4059__repeat_1,0,0,[],[],0,0,
qwen3,ROME,C,4059__repeat_2,0,0,[],[],0,0,
qwen3,ROME,C,4059__repeat_3,0,0,[],[],0,0,
qwen3,ROME,C,4059__repeat_4,0,0,[],[],0,0,
qwen3,ROME,C,4059__repeat_5,0,0,[],[],0,0,
qwen3,ROME,C,19__repeat_1,0,0,[],[],0,0,
qwen3,ROME,C,19__repeat_2,0,0,[],[],0,0,
qwen3,ROME,C,19__repeat_3,0,0,[],[],0,0,
qwen3,ROME,C,19__repeat_4,0,0,[],[],0,0,
qwen3,ROME,C,19__repeat_5,0,0,[],[],0,0,
qwen3,ROME,C,2298__repeat_1,0,0,[],[],0,0,
qwen3,ROME,C,2298__repeat_2,0,0,[],[],0,0,
qwen3,ROME,C,2298__repeat_3,0,0,[],[],0,0,
qwen3,ROME,C,2298__repeat_4,0,0,[],[],0,0,
qwen3,ROME,C,2298__repeat_5,0,0,[],[],0,0,
qwen3,ROME,C,229__repeat_1,0,0,[],[],0,0,
qwen3,ROME,C,229__repeat_2,0,0,[],[],0,0,
qwen3,ROME,C,229__repeat_3,0,0,[],[],0,0,
qwen3,ROME,C,229__repeat_4,0,0,[],[],0,0,
qwen3,ROME,C,229__repeat_5,0,0,[],[],0,0,
qwen3,ROME,C,4227__repeat_1,0,0,[],[],0,0,
qwen3,ROME,C,4227__repeat_2,0,0,[],[],0,0,
qwen3,ROME,C,4227__repeat_3,0,0,[],[],0,0,
qwen3,ROME,C,4227__repeat_4,0,0,[],[],0,0,
qwen3,ROME,C,4227__repeat_5,0,0,[],[],0,0,
qwen3,ROME,C,1313__repeat_1,0,0,[],[],0,0,
qwen3,ROME,C,1313__repeat_2,0,0,[],[],0,0,
qwen3,ROME,C,1313__repeat_3,0,0,[],[],0,0,
qwen3,ROME,C,1313__repeat_4,0,0,[],[],0,0,
qwen3,ROME,C,1313__repeat_5,0,0,[],[],0,0,
qwen3,ROME,C,2901__repeat_1,0,0,[],[],0,0,
qwen3,ROME,C,2901__repeat_2,0,0,[],[],0,0,
qwen3,ROME,C,2901__repeat_3,0,0,[],[],0,0,
qwen3,ROME,C,2901__repeat_4,0,0,[],[],0,0,
qwen3,ROME,C,2901__repeat_5,0,0,[],[],0,0,
qwen3,ROME,C,4818__repeat_1,0,0,[],[],0,0,
qwen3,ROME,C,4818__repeat_2,0,0,[],[],0,0,
qwen3,ROME,C,4818__repeat_3,0,0,[],[],0,0,
qwen3,ROME,C,4818__repeat_4,0,0,[],[],0,0,
qwen3,ROME,C,4818__repeat_5,0,0,[],[],0,0,
qwen3,ROME,C,4180__repeat_1,0,0,[],[],0,0,
qwen3,ROME,C,4180__repeat_2,0,0,[],[],0,0,
qwen3,ROME,C,4180__repeat_3,0,0,[],[],0,0,
qwen3,ROME,C,4180__repeat_4,0,0,[],[],0,0,
qwen3,ROME,C,4180__repeat_5,0,0,[],[],0,0,
qwen3,ROME,C,321__repeat_1,0,0,[],[],0,0,
qwen3,ROME,C,321__repeat_2,0,0,[],[],0,0,
qwen3,ROME,C,321__repeat_3,0,0,[],[],0,0,
qwen3,ROME,C,321__repeat_4,0,0,[],[],0,0,
qwen3,ROME,C,321__repeat_5,0,0,[],[],0,0,
qwen3,ROME,C,2434__repeat_1,0,0,[],[],0,0,
qwen3,ROME,C,2434__repeat_2,0,0,[],[],0,0,
qwen3,ROME,C,2434__repeat_3,0,0,[],[],0,0,
qwen3,ROME,C,2434__repeat_4,0,0,[],[],0,0,
qwen3,ROME,C,2434__repeat_5,0,0,[],[],0,0,
qwen3,ROME,C,241__repeat_1,0,0,[],[],0,0,
qwen3,ROME,C,241__repeat_2,0,0,[],[],0,0,
qwen3,ROME,C,241__repeat_3,0,0,[],[],0,0,
qwen3,ROME,C,241__repeat_4,0,0,[],[],0,0,
qwen3,ROME,C,241__repeat_5,0,0,[],[],0,0,
qwen3,ROME,C,4374__repeat_1,0,0,[],[],0,0,
qwen3,ROME,C,4374__repeat_2,0,0,[],[],0,0,
qwen3,ROME,C,4374__repeat_3,0,0,[],[],0,0,
qwen3,ROME,C,4374__repeat_4,0,0,[],[],0,0,
qwen3,ROME,C,4374__repeat_5,0,0,[],[],0,0,
qwen3,ROME,C,3666__repeat_1,0,0,[],[],0,0,
qwen3,ROME,C,3666__repeat_2,0,0,[],[],0,0,
qwen3,ROME,C,3666__repeat_3,0,0,[],[],0,0,
qwen3,ROME,C,3666__repeat_4,0,0,[],[],0,0,
qwen3,ROME,C,3666__repeat_5,0,0,[],[],0,0,
qwen3,ROME,C,4387__repeat_1,0,0,[],[],0,0,
qwen3,ROME,C,4387__repeat_2,0,0,[],[],0,0,
qwen3,ROME,C,4387__repeat_3,0,0,[],[],0,0,
qwen3,ROME,C,4387__repeat_4,0,0,[],[],0,0,
qwen3,ROME,C,4387__repeat_5,0,0,[],[],0,0,
qwen3,ROME,C,3962__repeat_1,0,0,[],[],0,0,
qwen3,ROME,C,3962__repeat_2,0,0,[],[],0,0,
qwen3,ROME,C,3962__repeat_3,0,0,[],[],0,0,
qwen3,ROME,C,3962__repeat_4,0,0,[],[],0,0,
qwen3,ROME,C,3962__repeat_5,0,0,[],[],0,0,
qwen3,ROME,C,2832__repeat_1,0,0,[],[],0,0,
qwen3,ROME,C,2832__repeat_2,0,0,[],[],0,0,
qwen3,ROME,C,2832__repeat_3,0,0,[],[],0,0,
qwen3,ROME,C,2832__repeat_4,0,0,[],[],0,0,
qwen3,ROME,C,2832__repeat_5,0,0,[],[],0,0,
qwen3,ROME,C,1915__repeat_1,0,0,[],[],0,0,
qwen3,ROME,C,1915__repeat_2,0,0,[],[],0,0,
qwen3,ROME,C,1915__repeat_3,0,0,[],[],0,0,
qwen3,ROME,C,1915__repeat_4,0,0,[],[],0,0,
qwen3,ROME,C,1915__repeat_5,0,0,[],[],0,0,
qwen3,ROME,C,1211__repeat_1,0,0,[],[],0,0,
qwen3,ROME,C,1211__repeat_2,0,0,[],[],0,0,
qwen3,ROME,C,1211__repeat_3,0,0,[],[],0,0,
qwen3,ROME,C,1211__repeat_4,0,0,[],[],0,0,
qwen3,ROME,C,1211__repeat_5,0,0,[],[],0,0,
qwen3,ROME,C,1970__repeat_1,0,0,[],[],0,0,
qwen3,ROME,C,1970__repeat_2,0,0,[],[],0,0,
qwen3,ROME,C,1970__repeat_3,0,0,[],[],0,0,
qwen3,ROME,C,1970__repeat_4,0,0,[],[],0,0,
qwen3,ROME,C,1970__repeat_5,0,0,[],[],0,0,
qwen3,ROME,C,89__repeat_1,0,0,[],[],0,0,
qwen3,ROME,C,89__repeat_2,0,0,[],[],0,0,
qwen3,ROME,C,89__repeat_3,0,0,[],[],0,0,
qwen3,ROME,C,89__repeat_4,0,0,[],[],0,0,
qwen3,ROME,C,89__repeat_5,0,0,[],[],0,0,
qwen3,ROME,C,4289__repeat_1,0,0,[],[],0,0,
qwen3,ROME,C,4289__repeat_2,0,0,[],[],0,0,
qwen3,ROME,C,4289__repeat_3,0,0,[],[],0,0,
qwen3,ROME,C,4289__repeat_4,0,0,[],[],0,0,
qwen3,ROME,C,4289__repeat_5,0,0,[],[],0,0,
qwen3,ROME,C,3349__repeat_1,0,0,[],[],0,0,
qwen3,ROME,C,3349__repeat_2,0,0,[],[],0,0,
qwen3,ROME,C,3349__repeat_3,0,0,[],[],0,0,
qwen3,ROME,C,3349__repeat_4,0,0,[],[],0,0,
qwen3,ROME,C,3349__repeat_5,0,0,[],[],0,0,
qwen3,ROME,C,615__repeat_1,0,0,[],[],0,0,
qwen3,ROME,C,615__repeat_2,0,0,[],[],0,0,
qwen3,ROME,C,615__repeat_3,0,0,[],[],0,0,
qwen3,ROME,C,615__repeat_4,0,0,[],[],0,0,
qwen3,ROME,C,615__repeat_5,0,0,[],[],0,0,
qwen3,ROME,C,1083__repeat_1,0,0,[],[],0,0,
qwen3,ROME,C,1083__repeat_2,0,0,[],[],0,0,
qwen3,ROME,C,1083__repeat_3,0,0,[],[],0,0,
qwen3,ROME,C,1083__repeat_4,0,0,[],[],0,0,
qwen3,ROME,C,1083__repeat_5,0,0,[],[],0,0,
qwen3,ROME,C,955__repeat_1,0,0,[],[],0,0,
qwen3,ROME,C,955__repeat_2,0,0,[],[],0,0,
qwen3,ROME,C,955__repeat_3,0,0,[],[],0,0,
qwen3,ROME,C,955__repeat_4,0,0,[],[],0,0,
qwen3,ROME,C,955__repeat_5,0,0,[],[],0,0,
qwen3,ROME,C,3131__repeat_1,0,0,[],[],0,0,
qwen3,ROME,C,3131__repeat_2,0,0,[],[],0,0,
qwen3,ROME,C,3131__repeat_3,0,0,[],[],0,0,
qwen3,ROME,C,3131__repeat_4,0,0,[],[],0,0,
qwen3,ROME,C,3131__repeat_5,0,0,[],[],0,0,
qwen3,ROME,C,770__repeat_1,0,0,[],[],0,0,
qwen3,ROME,C,770__repeat_2,0,0,[],[],0,0,
qwen3,ROME,C,770__repeat_3,0,0,[],[],0,0,
qwen3,ROME,C,770__repeat_4,0,0,[],[],0,0,
qwen3,ROME,C,770__repeat_5,0,0,[],[],0,0,
qwen3,ROME,C,2317__repeat_1,0,0,[],[],0,0,
qwen3,ROME,C,2317__repeat_2,0,0,[],[],0,0,
qwen3,ROME,C,2317__repeat_3,0,0,[],[],0,0,
qwen3,ROME,C,2317__repeat_4,0,0,[],[],0,0,
qwen3,ROME,C,2317__repeat_5,0,0,[],[],0,0,
qwen3,ROME,C,2895__repeat_1,0,0,[],[],0,0,
qwen3,ROME,C,2895__repeat_2,0,0,[],[],0,0,
qwen3,ROME,C,2895__repeat_3,0,0,[],[],0,0,
qwen3,ROME,C,2895__repeat_4,0,0,[],[],0,0,
qwen3,ROME,C,2895__repeat_5,0,0,[],[],0,0,
qwen3,ROME,C,4564__repeat_1,0,0,[],[],0,0,
qwen3,ROME,C,4564__repeat_2,0,0,[],[],0,0,
qwen3,ROME,C,4564__repeat_3,0,0,[],[],0,0,
qwen3,ROME,C,4564__repeat_4,0,0,[],[],0,0,
qwen3,ROME,C,4564__repeat_5,0,0,[],[],0,0,
qwen3,ROME,C,2798__repeat_1,0,0,[],[],0,0,
qwen3,ROME,C,2798__repeat_2,0,0,[],[],0,0,
qwen3,ROME,C,2798__repeat_3,0,0,[],[],0,0,
qwen3,ROME,C,2798__repeat_4,0,0,[],[],0,0,
qwen3,ROME,C,2798__repeat_5,0,0,[],[],0,0,
qwen3,ROME,C,3459__repeat_1,0,0,[],[],0,0,
qwen3,ROME,C,3459__repeat_2,0,0,[],[],0,0,
qwen3,ROME,C,3459__repeat_3,0,0,[],[],0,0,
qwen3,ROME,C,3459__repeat_4,0,0,[],[],0,0,
qwen3,ROME,C,3459__repeat_5,0,0,[],[],0,0,
qwen3,ROME,C,1668__repeat_1,0,0,[],[],0,0,
qwen3,ROME,C,1668__repeat_2,0,0,[],[],0,0,
qwen3,ROME,C,1668__repeat_3,0,0,[],[],0,0,
qwen3,ROME,C,1668__repeat_4,0,0,[],[],0,0,
qwen3,ROME,C,1668__repeat_5,0,0,[],[],0,0,
qwen3,ROME,C,574__repeat_1,0,0,[],[],0,0,
qwen3,ROME,C,574__repeat_2,0,0,[],[],0,0,
qwen3,ROME,C,574__repeat_3,0,0,[],[],0,0,
qwen3,ROME,C,574__repeat_4,0,0,[],[],0,0,
qwen3,ROME,C,574__repeat_5,0,0,[],[],0,0,
qwen3,ROME,C,1497__repeat_1,0,0,[],[],0,0,
qwen3,ROME,C,1497__repeat_2,0,0,[],[],0,0,
qwen3,ROME,C,1497__repeat_3,0,0,[],[],0,0,
qwen3,ROME,C,1497__repeat_4,0,0,[],[],0,0,
qwen3,ROME,C,1497__repeat_5,0,0,[],[],0,0,
qwen3,ROME,C,485__repeat_1,0,0,[],[],0,0,
qwen3,ROME,C,485__repeat_2,0,0,[],[],0,0,
qwen3,ROME,C,485__repeat_3,0,0,[],[],0,0,
qwen3,ROME,C,485__repeat_4,0,0,[],[],0,0,
qwen3,ROME,C,485__repeat_5,0,0,[],[],0,0,
qwen3,ROME,C,1118__repeat_1,0,0,[],[],0,0,
qwen3,ROME,C,1118__repeat_2,0,0,[],[],0,0,
qwen3,ROME,C,1118__repeat_3,0,0,[],[],0,0,
qwen3,ROME,C,1118__repeat_4,0,0,[],[],0,0,
qwen3,ROME,C,1118__repeat_5,0,0,[],[],0,0,
qwen3,ROME,C,3396__repeat_1,0,0,[],[],0,0,
qwen3,ROME,C,3396__repeat_2,0,0,[],[],0,0,
qwen3,ROME,C,3396__repeat_3,0,0,[],[],0,0,
qwen3,ROME,C,3396__repeat_4,0,0,[],[],0,0,
qwen3,ROME,C,3396__repeat_5,0,0,[],[],0,0,
qwen3,ROME,C,2428__repeat_1,0,0,[],[],0,0,
qwen3,ROME,C,2428__repeat_2,0,0,[],[],0,0,
qwen3,ROME,C,2428__repeat_3,0,0,[],[],0,0,
qwen3,ROME,C,2428__repeat_4,0,0,[],[],0,0,
qwen3,ROME,C,2428__repeat_5,0,0,[],[],0,0,
qwen3,ROME,C,2517__repeat_1,0,0,[],[],0,0,
qwen3,ROME,C,2517__repeat_2,0,0,[],[],0,0,
qwen3,ROME,C,2517__repeat_3,0,0,[],[],0,0,
qwen3,ROME,C,2517__repeat_4,0,0,[],[],0,0,
qwen3,ROME,C,2517__repeat_5,0,0,[],[],0,0,
qwen3,ROME,C,2465__repeat_1,0,0,[],[],0,0,
qwen3,ROME,C,2465__repeat_2,0,0,[],[],0,0,
qwen3,ROME,C,2465__repeat_3,0,0,[],[],0,0,
qwen3,ROME,C,2465__repeat_4,0,0,[],[],0,0,
qwen3,ROME,C,2465__repeat_5,0,0,[],[],0,0,
qwen3,ROME,D,2215__repeat_1,0,0,[],[],0,0,
qwen3,ROME,D,2215__repeat_2,0,0,[],[],0,0,
qwen3,ROME,D,2215__repeat_3,0,0,[],[],0,0,
qwen3,ROME,D,2215__repeat_4,0,0,[],[],0,0,
qwen3,ROME,D,2215__repeat_5,0,0,[],[],0,0,
qwen3,ROME,D,1371__repeat_1,0,0,[],[],0,0,
qwen3,ROME,D,1371__repeat_2,0,0,[],[],0,0,
qwen3,ROME,D,1371__repeat_3,0,0,[],[],0,0,
qwen3,ROME,D,1371__repeat_4,0,0,[],[],0,0,
qwen3,ROME,D,1371__repeat_5,0,0,[],[],0,0,
qwen3,ROME,D,3328__repeat_1,0,0,[],[],0,0,
qwen3,ROME,D,3328__repeat_2,0,0,[],[],0,0,TimeoutError: Parso per-answer time limit
qwen3,ROME,D,3328__repeat_3,0,0,[],[],0,0,
qwen3,ROME,D,3328__repeat_4,0,0,[],[],0,0,
qwen3,ROME,D,3328__repeat_5,0,0,[],[],0,0,
qwen3,ROME,D,4453__repeat_1,0,0,[],[],0,0,
qwen3,ROME,D,4453__repeat_2,0,0,[],[],0,0,
qwen3,ROME,D,4453__repeat_3,0,0,[],[],0,0,
qwen3,ROME,D,4453__repeat_4,0,0,[],[],0,0,
qwen3,ROME,D,4453__repeat_5,0,0,[],[],0,0,
qwen3,ROME,D,1824__repeat_1,0,0,[],[],0,0,
qwen3,ROME,D,1824__repeat_2,0,0,[],[],0,0,
qwen3,ROME,D,1824__repeat_4,0,0,[],[],0,0,
qwen3,ROME,D,1824__repeat_5,0,0,[],[],0,0,
qwen3,ROME,D,3778__repeat_1,0,0,[],[],0,0,
qwen3,ROME,D,3778__repeat_2,0,0,[],[],0,0,
qwen3,ROME,D,3778__repeat_3,0,0,[],[],0,0,
qwen3,ROME,D,3778__repeat_4,0,0,[],[],0,0,
qwen3,ROME,D,136__repeat_1,0,0,[],[],0,0,
qwen3,ROME,D,136__repeat_2,0,0,[],[],0,0,
qwen3,ROME,D,136__repeat_3,0,0,[],[],0,0,
qwen3,ROME,D,136__repeat_4,0,0,[],[],0,0,
qwen3,ROME,D,136__repeat_5,0,0,[],[],0,0,
qwen3,ROME,D,2140__repeat_1,0,0,[],[],0,0,
qwen3,ROME,D,2140__repeat_2,0,0,[],[],0,0,
qwen3,ROME,D,2140__repeat_3,0,0,[],[],0,0,
qwen3,ROME,D,2140__repeat_4,0,0,[],[],0,0,
qwen3,ROME,D,2140__repeat_5,0,0,[],[],0,0,
qwen3,ROME,D,4048__repeat_2,0,0,[],[],0,0,
qwen3,ROME,D,4048__repeat_3,0,0,[],[],0,0,
qwen3,ROME,D,4048__repeat_4,0,0,[],[],0,0,
qwen3,ROME,D,4048__repeat_5,0,0,[],[],0,0,
qwen3,ROME,D,4815__repeat_1,0,0,[],[],0,0,
qwen3,ROME,D,4815__repeat_2,0,0,[],[],0,0,TimeoutError: Parso per-answer time limit
qwen3,ROME,D,4815__repeat_3,0,0,[],[],0,0,
qwen3,ROME,D,4815__repeat_4,0,0,[],[],0,0,
qwen3,ROME,D,4815__repeat_5,0,0,[],[],0,0,
qwen3,ROME,D,3844__repeat_1,0,0,[],[],0,0,
qwen3,ROME,D,3844__repeat_2,0,0,[],[],0,0,
qwen3,ROME,D,3844__repeat_3,0,0,[],[],0,0,
qwen3,ROME,D,3844__repeat_4,0,0,[],[],0,0,
qwen3,ROME,D,3844__repeat_5,0,0,[],[],0,0,
qwen3,ROME,D,1021__repeat_1,0,0,[],[],0,0,TimeoutError: Parso per-answer time limit
qwen3,ROME,D,1021__repeat_2,0,0,[],[],0,0,
qwen3,ROME,D,1021__repeat_3,0,0,[],[],0,0,
qwen3,ROME,D,1021__repeat_4,0,0,[],[],0,0,
qwen3,ROME,D,1021__repeat_5,0,0,[],[],0,0,
qwen3,ROME,D,3695__repeat_1,0,0,[],[],0,0,
qwen3,ROME,D,3695__repeat_2,0,0,[],[],0,0,
qwen3,ROME,D,3695__repeat_3,0,0,[],[],0,0,
qwen3,ROME,D,3695__repeat_4,0,0,[],[],0,0,
qwen3,ROME,D,3695__repeat_5,0,0,[],[],0,0,
qwen3,ROME,D,2067__repeat_1,0,0,[],[],0,0,
qwen3,ROME,D,2067__repeat_2,0,0,[],[],0,0,
qwen3,ROME,D,2067__repeat_3,0,0,[],[],0,0,
qwen3,ROME,D,2067__repeat_4,0,0,[],[],0,0,
qwen3,ROME,D,2067__repeat_5,0,0,[],[],0,0,
qwen3,ROME,D,1510__repeat_1,0,0,[],[],0,0,
qwen3,ROME,D,1510__repeat_2,0,0,[],[],0,0,
qwen3,ROME,D,1510__repeat_3,0,0,[],[],0,0,
qwen3,ROME,D,1510__repeat_4,0,0,[],[],0,0,
qwen3,ROME,D,1510__repeat_5,0,0,[],[],0,0,
qwen3,ROME,D,3509__repeat_1,0,0,[],[],0,0,
qwen3,ROME,D,3509__repeat_2,0,0,[],[],0,0,
qwen3,ROME,D,3509__repeat_3,0,0,[],[],0,0,
qwen3,ROME,D,3509__repeat_4,0,0,[],[],0,0,
qwen3,ROME,D,3509__repeat_5,0,0,[],[],0,0,
qwen3,ROME,D,4509__repeat_1,0,0,[],[],0,0,
qwen3,ROME,D,4509__repeat_2,0,0,[],[],0,0,
qwen3,ROME,D,4509__repeat_3,0,0,[],[],0,0,
qwen3,ROME,D,4509__repeat_4,0,0,[],[],0,0,
qwen3,ROME,D,4509__repeat_5,0,0,[],[],0,0,
qwen3,ROME,D,2329__repeat_1,0,0,[],[],0,0,
qwen3,ROME,D,2329__repeat_3,0,0,[],[],0,0,
qwen3,ROME,D,2329__repeat_4,0,0,[],[],0,0,
qwen3,ROME,D,2329__repeat_5,0,0,[],[],0,0,
qwen3,ROME,D,185__repeat_1,0,0,[],[],0,0,
qwen3,ROME,D,185__repeat_2,0,0,[],[],0,0,
qwen3,ROME,D,185__repeat_3,0,0,[],[],0,0,TimeoutError: Parso per-answer time limit
qwen3,ROME,D,185__repeat_4,0,0,[],[],0,0,
qwen3,ROME,D,185__repeat_5,0,0,[],[],0,0,
qwen3,ROME,D,881__repeat_1,0,0,[],[],0,0,
qwen3,ROME,D,881__repeat_2,0,0,[],[],0,0,
qwen3,ROME,D,881__repeat_3,0,0,[],[],0,0,
qwen3,ROME,D,881__repeat_4,0,0,[],[],0,0,
qwen3,ROME,D,84__repeat_1,0,0,[],[],0,0,
qwen3,ROME,D,84__repeat_2,0,0,[],[],0,0,
qwen3,ROME,D,84__repeat_3,0,0,[],[],0,0,
qwen3,ROME,D,84__repeat_4,0,0,[],[],0,0,
qwen3,ROME,D,84__repeat_5,0,0,[],[],0,0,
qwen3,ROME,D,3422__repeat_1,0,0,[],[],0,0,
qwen3,ROME,D,3422__repeat_2,0,0,[],[],0,0,
qwen3,ROME,D,3422__repeat_3,0,0,[],[],0,0,
qwen3,ROME,D,3422__repeat_4,0,0,[],[],0,0,
qwen3,ROME,D,3422__repeat_5,0,0,[],[],0,0,
qwen3,ROME,D,2706__repeat_1,0,0,[],[],0,0,
qwen3,ROME,D,2706__repeat_2,0,0,[],[],0,0,
qwen3,ROME,D,2706__repeat_3,0,0,[],[],0,0,
qwen3,ROME,D,2706__repeat_4,0,0,[],[],0,0,
qwen3,ROME,D,2706__repeat_5,0,0,[],[],0,0,
qwen3,ROME,D,2678__repeat_1,0,0,[],[],0,0,
qwen3,ROME,D,2678__repeat_2,0,0,[],[],0,0,
qwen3,ROME,D,2678__repeat_3,0,0,[],[],0,0,TimeoutError: Parso per-answer time limit
qwen3,ROME,D,2678__repeat_4,0,0,[],[],0,0,
qwen3,ROME,D,2678__repeat_5,0,0,[],[],0,0,
qwen3,ROME,D,3157__repeat_1,0,0,[],[],0,0,
qwen3,ROME,D,3157__repeat_2,0,0,[],[],0,0,
qwen3,ROME,D,3157__repeat_3,0,0,[],[],0,0,
qwen3,ROME,D,3157__repeat_4,0,0,[],[],0,0,
qwen3,ROME,D,3157__repeat_5,0,0,[],[],0,0,
qwen3,ROME,D,4284__repeat_1,0,0,[],[],0,0,
qwen3,ROME,D,4284__repeat_2,0,0,[],[],0,0,
qwen3,ROME,D,4284__repeat_3,0,0,[],[],0,0,
qwen3,ROME,D,4284__repeat_5,0,0,[],[],0,0,
qwen3,ROME,D,824__repeat_1,0,0,[],[],0,0,
qwen3,ROME,D,824__repeat_2,0,0,[],[],0,0,
qwen3,ROME,D,824__repeat_3,0,0,[],[],0,0,
qwen3,ROME,D,824__repeat_5,0,0,[],[],0,0,
qwen3,ROME,D,3415__repeat_1,0,0,[],[],0,0,
qwen3,ROME,D,3415__repeat_2,0,0,[],[],0,0,
qwen3,ROME,D,3415__repeat_4,0,0,[],[],0,0,
qwen3,ROME,D,3415__repeat_5,0,0,[],[],0,0,
qwen3,ROME,D,2762__repeat_1,0,0,[],[],0,0,TimeoutError: Parso per-answer time limit
qwen3,ROME,D,2762__repeat_2,0,0,[],[],0,0,
qwen3,ROME,D,2762__repeat_3,0,0,[],[],0,0,
qwen3,ROME,D,2762__repeat_4,0,0,[],[],0,0,
qwen3,ROME,D,2762__repeat_5,0,0,[],[],0,0,
qwen3,ROME,D,1603__repeat_1,0,0,[],[],0,0,
qwen3,ROME,D,1603__repeat_2,0,0,[],[],0,0,
qwen3,ROME,D,1603__repeat_3,0,0,[],[],0,0,
qwen3,ROME,D,1603__repeat_4,0,0,[],[],0,0,
qwen3,ROME,D,1603__repeat_5,0,0,[],[],0,0,
qwen3,ROME,D,1249__repeat_1,0,0,[],[],0,0,
qwen3,ROME,D,1249__repeat_2,0,0,[],[],0,0,
qwen3,ROME,D,1249__repeat_3,0,0,[],[],0,0,
qwen3,ROME,D,1249__repeat_4,0,0,[],[],0,0,
qwen3,ROME,D,1249__repeat_5,0,0,[],[],0,0,
qwen3,ROME,D,271__repeat_1,0,0,[],[],0,0,
qwen3,ROME,D,271__repeat_2,0,0,[],[],0,0,
qwen3,ROME,D,271__repeat_3,0,0,[],[],0,0,
qwen3,ROME,D,271__repeat_4,0,0,[],[],0,0,
qwen3,ROME,D,271__repeat_5,0,0,[],[],0,0,
qwen3,ROME,D,60__repeat_1,0,0,[],[],0,0,
qwen3,ROME,D,60__repeat_2,0,0,[],[],0,0,
qwen3,ROME,D,60__repeat_3,0,0,[],[],0,0,
qwen3,ROME,D,60__repeat_5,0,0,[],[],0,0,
qwen3,ROME,D,322__repeat_1,0,0,[],[],0,0,
qwen3,ROME,D,322__repeat_2,0,0,[],[],0,0,
qwen3,ROME,D,322__repeat_3,0,0,[],[],0,0,
qwen3,ROME,D,322__repeat_4,0,0,[],[],0,0,
qwen3,ROME,D,322__repeat_5,0,0,[],[],0,0,
qwen3,ROME,D,1302__repeat_1,0,0,[],[],0,0,
qwen3,ROME,D,1302__repeat_2,0,0,[],[],0,0,
qwen3,ROME,D,1302__repeat_4,0,0,[],[],0,0,
qwen3,ROME,D,1302__repeat_5,0,0,[],[],0,0,
qwen3,ROME,D,4744__repeat_1,0,0,[],[],0,0,
qwen3,ROME,D,4744__repeat_2,0,0,[],[],0,0,
qwen3,ROME,D,4744__repeat_5,0,0,[],[],0,0,
qwen3,ROME,D,2751__repeat_1,0,0,[],[],0,0,TimeoutError: Parso per-answer time limit
qwen3,ROME,D,2751__repeat_2,0,0,[],[],0,0,TimeoutError: Parso per-answer time limit
qwen3,ROME,D,2751__repeat_3,0,0,[],[],0,0,
qwen3,ROME,D,2751__repeat_4,0,0,[],[],0,0,
qwen3,ROME,D,2751__repeat_5,0,0,[],[],0,0,
qwen3,ROME,D,4498__repeat_1,0,0,[],[],0,0,
qwen3,ROME,D,4498__repeat_2,0,0,[],[],0,0,
qwen3,ROME,D,4498__repeat_3,0,0,[],[],0,0,
qwen3,ROME,D,4498__repeat_4,0,0,[],[],0,0,
qwen3,ROME,D,4498__repeat_5,0,0,[],[],0,0,
qwen3,ROME,D,1267__repeat_1,0,0,[],[],0,0,
qwen3,ROME,D,1267__repeat_3,0,0,[],[],0,0,
qwen3,ROME,D,1267__repeat_4,0,0,[],[],0,0,
qwen3,ROME,D,1267__repeat_5,0,0,[],[],0,0,
qwen3,ROME,D,4834__repeat_1,0,0,[],[],0,0,
qwen3,ROME,D,4834__repeat_2,0,0,[],[],0,0,TimeoutError: Parso per-answer time limit
qwen3,ROME,D,4834__repeat_3,0,0,[],[],0,0,
qwen3,ROME,D,4834__repeat_4,0,0,[],[],0,0,
qwen3,ROME,D,4834__repeat_5,0,0,[],[],0,0,
qwen3,ROME,D,2284__repeat_1,0,0,[],[],0,0,
qwen3,ROME,D,2284__repeat_2,0,0,[],[],0,0,
qwen3,ROME,D,2284__repeat_3,0,0,[],[],0,0,
qwen3,ROME,D,2284__repeat_4,0,0,[],[],0,0,
qwen3,ROME,D,2284__repeat_5,0,0,[],[],0,0,
qwen3,ROME,D,2608__repeat_1,0,0,[],[],0,0,
qwen3,ROME,D,2608__repeat_2,0,0,[],[],0,0,
qwen3,ROME,D,2608__repeat_3,0,0,[],[],0,0,
qwen3,ROME,D,2608__repeat_4,0,0,[],[],0,0,
qwen3,ROME,D,2608__repeat_5,0,0,[],[],0,0,TimeoutError: Parso per-answer time limit
qwen3,ROME,D,2943__repeat_1,0,0,[],[],0,0,
qwen3,ROME,D,2943__repeat_2,0,0,[],[],0,0,
qwen3,ROME,D,2943__repeat_3,0,0,[],[],0,0,TimeoutError: Parso per-answer time limit
qwen3,ROME,D,2943__repeat_4,0,0,[],[],0,0,
qwen3,ROME,D,2943__repeat_5,0,0,[],[],0,0,
qwen3,ROME,D,4015__repeat_1,0,0,[],[],0,0,
qwen3,ROME,D,4015__repeat_2,0,0,[],[],0,0,
qwen3,ROME,D,4015__repeat_3,0,0,[],[],0,0,
qwen3,ROME,D,4015__repeat_4,0,0,[],[],0,0,
qwen3,ROME,D,4015__repeat_5,0,0,[],[],0,0,
qwen3,ROME,D,4244__repeat_1,0,0,[],[],0,0,
qwen3,ROME,D,4244__repeat_2,0,0,[],[],0,0,
qwen3,ROME,D,4244__repeat_3,0,0,[],[],0,0,
qwen3,ROME,D,4244__repeat_4,0,0,[],[],0,0,
qwen3,ROME,D,4244__repeat_5,0,0,[],[],0,0,
qwen3,ROME,D,4386__repeat_1,0,0,[],[],0,0,
qwen3,ROME,D,4386__repeat_2,0,0,[],[],0,0,
qwen3,ROME,D,4386__repeat_3,0,0,[],[],0,0,
qwen3,ROME,D,4386__repeat_4,0,0,[],[],0,0,
qwen3,ROME,D,4386__repeat_5,0,0,[],[],0,0,
qwen3,ROME,D,3407__repeat_1,0,0,[],[],0,0,
qwen3,ROME,D,3407__repeat_2,0,0,[],[],0,0,
qwen3,ROME,D,3407__repeat_3,0,0,[],[],0,0,
qwen3,ROME,D,3407__repeat_4,0,0,[],[],0,0,
qwen3,ROME,D,3407__repeat_5,0,0,[],[],0,0,
qwen3,ROME,D,3742__repeat_1,0,0,[],[],0,0,
qwen3,ROME,D,3742__repeat_2,0,0,[],[],0,0,
qwen3,ROME,D,3742__repeat_3,0,0,[],[],0,0,
qwen3,ROME,D,3742__repeat_4,0,0,[],[],0,0,
qwen3,ROME,D,3742__repeat_5,0,0,[],[],0,0,
qwen3,ROME,D,3256__repeat_1,0,0,[],[],0,0,
qwen3,ROME,D,3256__repeat_2,0,0,[],[],0,0,TimeoutError: Parso per-answer time limit
qwen3,ROME,D,3256__repeat_3,0,0,[],[],0,0,
qwen3,ROME,D,3256__repeat_4,0,0,[],[],0,0,
qwen3,ROME,D,3140__repeat_1,0,0,[],[],0,0,
qwen3,ROME,D,3140__repeat_2,0,0,[],[],0,0,
qwen3,ROME,D,3140__repeat_3,0,0,[],[],0,0,
qwen3,ROME,D,3140__repeat_4,0,0,[],[],0,0,
qwen3,ROME,D,3140__repeat_5,0,0,[],[],0,0,
qwen3,ROME,D,4676__repeat_1,0,0,[],[],0,0,
qwen3,ROME,D,4676__repeat_2,0,0,[],[],0,0,
qwen3,ROME,D,4676__repeat_4,0,0,[],[],0,0,
qwen3,ROME,D,4676__repeat_5,0,0,[],[],0,0,TimeoutError: Parso per-answer time limit
qwen3,ROME,D,3427__repeat_1,0,0,[],[],0,0,
qwen3,ROME,D,3427__repeat_2,0,0,[],[],0,0,
qwen3,ROME,D,3427__repeat_3,0,0,[],[],0,0,
qwen3,ROME,D,3427__repeat_4,0,0,[],[],0,0,
qwen3,ROME,D,3427__repeat_5,0,0,[],[],0,0,
qwen3,ROME,D,4261__repeat_1,0,0,[],[],0,0,
qwen3,ROME,D,4261__repeat_2,0,0,[],[],0,0,
qwen3,ROME,D,4261__repeat_3,0,0,[],[],0,0,
qwen3,ROME,D,4261__repeat_4,0,0,[],[],0,0,
qwen3,ROME,D,4261__repeat_5,0,0,[],[],0,0,
qwen3,ROME,D,681__repeat_1,0,0,[],[],0,0,
qwen3,ROME,D,681__repeat_2,0,0,[],[],0,0,
qwen3,ROME,D,681__repeat_3,0,0,[],[],0,0,
qwen3,ROME,D,681__repeat_4,0,0,[],[],0,0,TimeoutError: Parso per-answer time limit
qwen3,ROME,D,681__repeat_5,0,0,[],[],0,0,
qwen3,ROME,D,3333__repeat_1,0,0,[],[],0,0,
qwen3,ROME,D,3333__repeat_2,0,0,[],[],0,0,
qwen3,ROME,D,3333__repeat_3,0,0,[],[],0,0,
qwen3,ROME,D,3333__repeat_4,0,0,[],[],0,0,
qwen3,ROME,D,3333__repeat_5,0,0,[],[],0,0,
qwen3,ROME,D,1446__repeat_1,0,0,[],[],0,0,
qwen3,ROME,D,1446__repeat_2,0,0,[],[],0,0,
qwen3,ROME,D,1446__repeat_4,0,0,[],[],0,0,
qwen3,ROME,D,1446__repeat_5,0,0,[],[],0,0,
qwen3,ROME,D,4692__repeat_1,0,0,[],[],0,0,
qwen3,ROME,D,4692__repeat_2,0,0,[],[],0,0,
qwen3,ROME,D,4692__repeat_3,0,0,[],[],0,0,
qwen3,ROME,D,4692__repeat_4,0,0,[],[],0,0,
qwen3,ROME,D,4692__repeat_5,0,0,[],[],0,0,
qwen3,ROME,D,219__repeat_1,0,0,[],[],0,0,
qwen3,ROME,D,219__repeat_2,0,0,[],[],0,0,
qwen3,ROME,D,219__repeat_3,0,0,[],[],0,0,
qwen3,ROME,D,219__repeat_4,0,0,[],[],0,0,
qwen3,ROME,D,219__repeat_5,0,0,[],[],0,0,
qwen3,ROME,D,4059__repeat_1,0,0,[],[],0,0,
qwen3,ROME,D,4059__repeat_2,0,0,[],[],0,0,
qwen3,ROME,D,4059__repeat_3,0,0,[],[],0,0,
qwen3,ROME,D,4059__repeat_4,0,0,[],[],0,0,
qwen3,ROME,D,4059__repeat_5,0,0,[],[],0,0,
qwen3,ROME,D,19__repeat_1,0,0,[],[],0,0,
qwen3,ROME,D,19__repeat_2,0,0,[],[],0,0,
qwen3,ROME,D,19__repeat_3,0,0,[],[],0,0,
qwen3,ROME,D,19__repeat_4,0,0,[],[],0,0,
qwen3,ROME,D,19__repeat_5,0,0,[],[],0,0,
qwen3,ROME,D,2298__repeat_1,0,0,[],[],0,0,
qwen3,ROME,D,2298__repeat_2,0,0,[],[],0,0,TimeoutError: Parso per-answer time limit
qwen3,ROME,D,2298__repeat_3,0,0,[],[],0,0,
qwen3,ROME,D,2298__repeat_4,0,0,[],[],0,0,
qwen3,ROME,D,229__repeat_1,0,0,[],[],0,0,
qwen3,ROME,D,229__repeat_2,0,0,[],[],0,0,
qwen3,ROME,D,229__repeat_3,0,0,[],[],0,0,
qwen3,ROME,D,229__repeat_4,0,0,[],[],0,0,
qwen3,ROME,D,229__repeat_5,0,0,[],[],0,0,
qwen3,ROME,D,4227__repeat_2,0,0,[],[],0,0,
qwen3,ROME,D,4227__repeat_3,0,0,[],[],0,0,
qwen3,ROME,D,4227__repeat_5,0,0,[],[],0,0,
qwen3,ROME,D,1313__repeat_1,0,0,[],[],0,0,
qwen3,ROME,D,1313__repeat_2,0,0,[],[],0,0,
qwen3,ROME,D,1313__repeat_3,0,0,[],[],0,0,
qwen3,ROME,D,1313__repeat_4,0,0,[],[],0,0,
qwen3,ROME,D,1313__repeat_5,0,0,[],[],0,0,
qwen3,ROME,D,2901__repeat_2,0,0,[],[],0,0,
qwen3,ROME,D,2901__repeat_3,0,0,[],[],0,0,
qwen3,ROME,D,2901__repeat_4,0,0,[],[],0,0,
qwen3,ROME,D,2901__repeat_5,0,0,[],[],0,0,
qwen3,ROME,D,4818__repeat_1,0,0,[],[],0,0,
qwen3,ROME,D,4818__repeat_2,0,0,[],[],0,0,
qwen3,ROME,D,4818__repeat_3,0,0,[],[],0,0,
qwen3,ROME,D,4818__repeat_4,0,0,[],[],0,0,
qwen3,ROME,D,4818__repeat_5,0,0,[],[],0,0,
qwen3,ROME,D,4180__repeat_1,0,0,[],[],0,0,
qwen3,ROME,D,4180__repeat_2,0,0,[],[],0,0,
qwen3,ROME,D,4180__repeat_4,0,0,[],[],0,0,
qwen3,ROME,D,321__repeat_2,0,0,[],[],0,0,
qwen3,ROME,D,321__repeat_3,0,0,[],[],0,0,
qwen3,ROME,D,321__repeat_5,0,0,[],[],0,0,
qwen3,ROME,D,2434__repeat_1,0,0,[],[],0,0,
qwen3,ROME,D,2434__repeat_2,0,0,[],[],0,0,
qwen3,ROME,D,2434__repeat_3,0,0,[],[],0,0,
qwen3,ROME,D,2434__repeat_4,0,0,[],[],0,0,
qwen3,ROME,D,2434__repeat_5,0,0,[],[],0,0,
qwen3,ROME,D,241__repeat_1,0,0,[],[],0,0,
qwen3,ROME,D,241__repeat_2,0,0,[],[],0,0,
qwen3,ROME,D,241__repeat_3,0,0,[],[],0,0,
qwen3,ROME,D,241__repeat_4,0,0,[],[],0,0,
qwen3,ROME,D,241__repeat_5,0,0,[],[],0,0,
qwen3,ROME,D,4374__repeat_1,0,0,[],[],0,0,
qwen3,ROME,D,4374__repeat_2,0,0,[],[],0,0,
qwen3,ROME,D,4374__repeat_3,0,0,[],[],0,0,
qwen3,ROME,D,4374__repeat_4,0,0,[],[],0,0,
qwen3,ROME,D,4374__repeat_5,0,0,[],[],0,0,
qwen3,ROME,D,3666__repeat_1,0,0,[],[],0,0,
qwen3,ROME,D,3666__repeat_3,0,0,[],[],0,0,
qwen3,ROME,D,3666__repeat_4,0,0,[],[],0,0,
qwen3,ROME,D,3666__repeat_5,0,0,[],[],0,0,
qwen3,ROME,D,4387__repeat_1,0,0,[],[],0,0,
qwen3,ROME,D,4387__repeat_2,0,0,[],[],0,0,
qwen3,ROME,D,4387__repeat_3,0,0,[],[],0,0,
qwen3,ROME,D,4387__repeat_4,0,0,[],[],0,0,
qwen3,ROME,D,4387__repeat_5,0,0,[],[],0,0,
qwen3,ROME,D,3962__repeat_1,0,0,[],[],0,0,
qwen3,ROME,D,3962__repeat_2,0,0,[],[],0,0,
qwen3,ROME,D,3962__repeat_3,0,0,[],[],0,0,
qwen3,ROME,D,3962__repeat_4,0,0,[],[],0,0,
qwen3,ROME,D,3962__repeat_5,0,0,[],[],0,0,
qwen3,ROME,D,2832__repeat_1,0,0,[],[],0,0,
qwen3,ROME,D,2832__repeat_2,0,0,[],[],0,0,
qwen3,ROME,D,2832__repeat_3,0,0,[],[],0,0,
qwen3,ROME,D,2832__repeat_4,0,0,[],[],0,0,
qwen3,ROME,D,2832__repeat_5,0,0,[],[],0,0,
qwen3,ROME,D,1915__repeat_1,0,0,[],[],0,0,
qwen3,ROME,D,1915__repeat_2,0,0,[],[],0,0,
qwen3,ROME,D,1915__repeat_3,0,0,[],[],0,0,
qwen3,ROME,D,1915__repeat_4,0,0,[],[],0,0,
qwen3,ROME,D,1915__repeat_5,0,0,[],[],0,0,
qwen3,ROME,D,1211__repeat_1,0,0,[],[],0,0,
qwen3,ROME,D,1211__repeat_2,0,0,[],[],0,0,
qwen3,ROME,D,1211__repeat_3,0,0,[],[],0,0,
qwen3,ROME,D,1211__repeat_4,0,0,[],[],0,0,
qwen3,ROME,D,1211__repeat_5,0,0,[],[],0,0,
qwen3,ROME,D,1970__repeat_1,0,0,[],[],0,0,
qwen3,ROME,D,1970__repeat_2,0,0,[],[],0,0,
qwen3,ROME,D,1970__repeat_3,0,0,[],[],0,0,
qwen3,ROME,D,1970__repeat_4,0,0,[],[],0,0,
qwen3,ROME,D,1970__repeat_5,0,0,[],[],0,0,
qwen3,ROME,D,89__repeat_1,0,0,[],[],0,0,
qwen3,ROME,D,89__repeat_2,0,0,[],[],0,0,
qwen3,ROME,D,89__repeat_3,0,0,[],[],0,0,
qwen3,ROME,D,89__repeat_4,0,0,[],[],0,0,
qwen3,ROME,D,89__repeat_5,0,0,[],[],0,0,
qwen3,ROME,D,4289__repeat_1,0,0,[],[],0,0,
qwen3,ROME,D,4289__repeat_2,0,0,[],[],0,0,
qwen3,ROME,D,4289__repeat_3,0,0,[],[],0,0,
qwen3,ROME,D,4289__repeat_4,0,0,[],[],0,0,
qwen3,ROME,D,4289__repeat_5,0,0,[],[],0,0,
qwen3,ROME,D,3349__repeat_1,0,0,[],[],0,0,
qwen3,ROME,D,3349__repeat_2,0,0,[],[],0,0,
qwen3,ROME,D,3349__repeat_3,0,0,[],[],0,0,
qwen3,ROME,D,3349__repeat_5,0,0,[],[],0,0,
qwen3,ROME,D,615__repeat_1,0,0,[],[],0,0,TimeoutError: Parso per-answer time limit
qwen3,ROME,D,615__repeat_2,0,0,[],[],0,0,
qwen3,ROME,D,615__repeat_3,0,0,[],[],0,0,
qwen3,ROME,D,615__repeat_4,0,0,[],[],0,0,
qwen3,ROME,D,615__repeat_5,0,0,[],[],0,0,
qwen3,ROME,D,1083__repeat_2,0,0,[],[],0,0,
qwen3,ROME,D,1083__repeat_3,0,0,[],[],0,0,
qwen3,ROME,D,1083__repeat_5,0,0,[],[],0,0,
qwen3,ROME,D,955__repeat_1,0,0,[],[],0,0,
qwen3,ROME,D,955__repeat_2,0,0,[],[],0,0,
qwen3,ROME,D,955__repeat_3,0,0,[],[],0,0,
qwen3,ROME,D,955__repeat_4,0,0,[],[],0,0,
qwen3,ROME,D,955__repeat_5,0,0,[],[],0,0,
qwen3,ROME,D,3131__repeat_1,0,0,[],[],0,0,TimeoutError: Parso per-answer time limit
qwen3,ROME,D,3131__repeat_2,0,0,[],[],0,0,
qwen3,ROME,D,3131__repeat_3,0,0,[],[],0,0,
qwen3,ROME,D,3131__repeat_4,0,0,[],[],0,0,
qwen3,ROME,D,3131__repeat_5,0,0,[],[],0,0,
qwen3,ROME,D,770__repeat_1,0,0,[],[],0,0,
qwen3,ROME,D,770__repeat_2,0,0,[],[],0,0,
qwen3,ROME,D,770__repeat_3,0,0,[],[],0,0,
qwen3,ROME,D,770__repeat_4,0,0,[],[],0,0,
qwen3,ROME,D,770__repeat_5,0,0,[],[],0,0,
qwen3,ROME,D,2317__repeat_1,0,0,[],[],0,0,
qwen3,ROME,D,2317__repeat_2,0,0,[],[],0,0,
qwen3,ROME,D,2317__repeat_3,0,0,[],[],0,0,
qwen3,ROME,D,2317__repeat_4,0,0,[],[],0,0,
qwen3,ROME,D,2317__repeat_5,0,0,[],[],0,0,TimeoutError: Parso per-answer time limit
qwen3,ROME,D,2895__repeat_1,0,0,[],[],0,0,
qwen3,ROME,D,2895__repeat_2,0,0,[],[],0,0,
qwen3,ROME,D,2895__repeat_3,0,0,[],[],0,0,
qwen3,ROME,D,2895__repeat_4,0,0,[],[],0,0,
qwen3,ROME,D,2895__repeat_5,0,0,[],[],0,0,
qwen3,ROME,D,4564__repeat_1,0,0,[],[],0,0,
qwen3,ROME,D,4564__repeat_2,0,0,[],[],0,0,
qwen3,ROME,D,4564__repeat_3,0,0,[],[],0,0,
qwen3,ROME,D,4564__repeat_5,0,0,[],[],0,0,
qwen3,ROME,D,2798__repeat_1,0,0,[],[],0,0,
qwen3,ROME,D,2798__repeat_2,0,0,[],[],0,0,
qwen3,ROME,D,2798__repeat_3,0,0,[],[],0,0,
qwen3,ROME,D,2798__repeat_4,0,0,[],[],0,0,
qwen3,ROME,D,2798__repeat_5,0,0,[],[],0,0,TimeoutError: Parso per-answer time limit
qwen3,ROME,D,3459__repeat_1,0,0,[],[],0,0,
qwen3,ROME,D,3459__repeat_2,0,0,[],[],0,0,
qwen3,ROME,D,3459__repeat_3,0,0,[],[],0,0,
qwen3,ROME,D,3459__repeat_4,0,0,[],[],0,0,
qwen3,ROME,D,3459__repeat_5,0,0,[],[],0,0,
qwen3,ROME,D,1668__repeat_2,0,0,[],[],0,0,
qwen3,ROME,D,1668__repeat_3,0,0,[],[],0,0,
qwen3,ROME,D,1668__repeat_4,0,0,[],[],0,0,
qwen3,ROME,D,574__repeat_1,0,0,[],[],0,0,
qwen3,ROME,D,574__repeat_2,0,0,[],[],0,0,
qwen3,ROME,D,574__repeat_3,0,0,[],[],0,0,
qwen3,ROME,D,574__repeat_4,0,0,[],[],0,0,
qwen3,ROME,D,574__repeat_5,0,0,[],[],0,0,TimeoutError: Parso per-answer time limit
qwen3,ROME,D,1497__repeat_1,0,0,[],[],0,0,
qwen3,ROME,D,1497__repeat_2,0,0,[],[],0,0,
qwen3,ROME,D,1497__repeat_3,0,0,[],[],0,0,
qwen3,ROME,D,1497__repeat_4,0,0,[],[],0,0,
qwen3,ROME,D,1497__repeat_5,0,0,[],[],0,0,
qwen3,ROME,D,485__repeat_1,0,0,[],[],0,0,
qwen3,ROME,D,485__repeat_2,0,0,[],[],0,0,
qwen3,ROME,D,485__repeat_3,0,0,[],[],0,0,
qwen3,ROME,D,485__repeat_4,0,0,[],[],0,0,
qwen3,ROME,D,485__repeat_5,0,0,[],[],0,0,
qwen3,ROME,D,1118__repeat_1,0,0,[],[],0,0,
qwen3,ROME,D,1118__repeat_2,0,0,[],[],0,0,TimeoutError: Parso per-answer time limit
qwen3,ROME,D,1118__repeat_3,0,0,[],[],0,0,
qwen3,ROME,D,1118__repeat_4,0,0,[],[],0,0,
qwen3,ROME,D,1118__repeat_5,0,0,[],[],0,0,
qwen3,ROME,D,3396__repeat_1,0,0,[],[],0,0,
qwen3,ROME,D,3396__repeat_2,0,0,[],[],0,0,
qwen3,ROME,D,3396__repeat_3,0,0,[],[],0,0,
qwen3,ROME,D,3396__repeat_4,0,0,[],[],0,0,
qwen3,ROME,D,3396__repeat_5,0,0,[],[],0,0,
qwen3,ROME,D,2428__repeat_1,0,0,[],[],0,0,
qwen3,ROME,D,2428__repeat_2,0,0,[],[],0,0,
qwen3,ROME,D,2428__repeat_3,0,0,[],[],0,0,
qwen3,ROME,D,2428__repeat_4,0,0,[],[],0,0,
qwen3,ROME,D,2428__repeat_5,0,0,[],[],0,0,
qwen3,ROME,D,2517__repeat_1,0,0,[],[],0,0,
qwen3,ROME,D,2517__repeat_2,0,0,[],[],0,0,
qwen3,ROME,D,2517__repeat_3,0,0,[],[],0,0,
qwen3,ROME,D,2517__repeat_4,0,0,[],[],0,0,
qwen3,ROME,D,2517__repeat_5,0,0,[],[],0,0,
qwen3,ROME,D,2465__repeat_1,0,0,[],[],0,0,
qwen3,ROME,D,2465__repeat_3,0,0,[],[],0,0,
qwen3,ROME,D,2465__repeat_4,0,0,[],[],0,0,
qwen3,ROME,D,2465__repeat_5,0,0,[],[],0,0,
qwen3,MEMIT,A,4453__repeat_1,14,14,[],[],0,0,
qwen3,MEMIT,A,4453__repeat_2,10,10,[],[],0,0,
qwen3,MEMIT,A,4453__repeat_3,12,12,[],[],0,0,
qwen3,MEMIT,A,4815__repeat_3,2,2,[],[],0,0,
qwen3,MEMIT,A,1510__repeat_4,2,2,[],[],0,0,
qwen3,MEMIT,A,2329__repeat_1,6,6,[],[],0,0,
qwen3,MEMIT,A,185__repeat_2,2,2,[],[],0,0,
qwen3,MEMIT,A,185__repeat_5,2,2,[],[],0,0,
qwen3,MEMIT,A,271__repeat_2,4,4,[],[],0,0,
qwen3,MEMIT,A,2284__repeat_1,5,5,[],[],0,0,
qwen3,MEMIT,A,2284__repeat_2,3,3,[],[],0,0,
qwen3,MEMIT,A,2284__repeat_4,6,6,[],[],0,0,
qwen3,MEMIT,A,2284__repeat_5,3,3,[],[],0,0,
qwen3,MEMIT,A,3742__repeat_1,1,1,[],[],0,0,
qwen3,MEMIT,A,3742__repeat_3,2,2,[],[],0,0,
qwen3,MEMIT,A,3742__repeat_4,2,2,[],[],0,0,
qwen3,MEMIT,A,3333__repeat_1,3,2,"[[""ot"", ""ot"", ""absolute""]]",[],0,0,
qwen3,MEMIT,A,1446__repeat_2,2,2,[],[],0,0,
qwen3,MEMIT,A,3666__repeat_2,0,0,[],[],0,0,
qwen3,MEMIT,A,3666__repeat_4,4,4,[],[],0,0,
qwen3,MEMIT,A,4289__repeat_3,16,16,[],[],0,0,
qwen3,MEMIT,A,4289__repeat_5,40,40,[],[],0,0,
qwen3,MEMIT,A,1497__repeat_5,19,19,[],[],0,0,
qwen3,MEMIT,A,485__repeat_5,7,7,[],[],0,0,
qwen3,MEMIT,A,3396__repeat_4,5,5,[],[],0,0,
qwen3,MEMIT,B,4453__repeat_1,10,10,[],[],0,0,
qwen3,MEMIT,B,4453__repeat_2,15,15,[],[],0,0,
qwen3,MEMIT,B,4453__repeat_5,13,13,[],[],0,0,
qwen3,MEMIT,B,1510__repeat_1,12,12,[],[],0,0,
qwen3,MEMIT,B,185__repeat_5,2,2,[],[],0,0,
qwen3,MEMIT,B,2284__repeat_1,2,2,[],[],0,0,
qwen3,MEMIT,B,2284__repeat_2,1,1,[],[],0,0,
qwen3,MEMIT,B,2284__repeat_3,4,4,[],[],0,0,
qwen3,MEMIT,B,2943__repeat_3,3,3,[],[],0,0,
qwen3,MEMIT,B,4015__repeat_3,1,1,[],[],0,0,
qwen3,MEMIT,B,3742__repeat_1,2,2,[],[],0,0,
qwen3,MEMIT,B,3742__repeat_2,2,2,[],[],0,0,
qwen3,MEMIT,B,3742__repeat_4,2,2,[],[],0,0,
qwen3,MEMIT,B,229__repeat_3,3,3,[],[],0,0,
qwen3,MEMIT,B,241__repeat_3,3,3,[],[],0,0,
qwen3,MEMIT,B,3666__repeat_1,0,0,[],[],0,0,
qwen3,MEMIT,B,4289__repeat_1,2,2,[],[],0,0,
qwen3,MEMIT,B,485__repeat_4,7,7,[],[],0,1,
qwen3,MEMIT,C,4453__repeat_1,11,11,[],[],0,0,
qwen3,MEMIT,C,185__repeat_2,2,2,[],[],0,0,
qwen3,MEMIT,C,185__repeat_5,2,2,[],[],0,0,
qwen3,MEMIT,C,2284__repeat_1,2,2,[],[],0,0,
qwen3,MEMIT,C,2284__repeat_2,1,1,[],[],0,0,
qwen3,MEMIT,C,2284__repeat_4,7,7,[],[],0,0,
qwen3,MEMIT,C,2284__repeat_5,2,2,[],[],0,0,
qwen3,MEMIT,C,2943__repeat_3,4,4,[],[],0,0,
qwen3,MEMIT,C,4015__repeat_3,1,1,[],[],0,0,
qwen3,MEMIT,C,3742__repeat_4,2,2,[],[],0,0,
qwen3,MEMIT,C,3742__repeat_5,4,4,[],[],0,0,
qwen3,MEMIT,C,1446__repeat_3,2,2,[],[],0,0,
qwen3,MEMIT,C,229__repeat_3,4,4,[],[],0,0,
qwen3,MEMIT,C,241__repeat_3,3,3,[],[],0,0,
qwen3,MEMIT,C,3666__repeat_1,0,0,[],[],0,0,
qwen3,MEMIT,C,3666__repeat_3,0,0,[],[],0,0,
qwen3,MEMIT,C,3666__repeat_4,1,1,[],[],0,0,
qwen3,MEMIT,C,4289__repeat_4,6,6,[],[],0,0,
qwen3,MEMIT,C,770__repeat_1,2,2,[],[],0,0,
qwen3,MEMIT,C,770__repeat_2,2,2,[],[],0,0,
qwen3,MEMIT,C,1497__repeat_3,53,53,[],[],0,0,
qwen3,MEMIT,C,485__repeat_1,6,6,[],[],0,0,
qwen3,MEMIT,C,485__repeat_4,8,8,[],[],0,0,
qwen3,MEMIT,C,2428__repeat_3,2,2,[],[],0,0,
qwen3,MEMIT,D,4453__repeat_1,10,10,[],[],0,0,
qwen3,MEMIT,D,4453__repeat_2,12,12,[],[],0,0,
qwen3,MEMIT,D,4453__repeat_3,14,14,[],[],0,0,
qwen3,MEMIT,D,4453__repeat_5,10,10,[],[],0,0,
qwen3,MEMIT,D,185__repeat_3,2,2,[],[],0,0,
qwen3,MEMIT,D,2284__repeat_3,3,3,[],[],0,0,
qwen3,MEMIT,D,2284__repeat_4,4,5,[],"[[""collections"", ""collections"", ""standard_library""]]",1,0,
qwen3,MEMIT,D,2943__repeat_1,4,4,[],[],0,0,
qwen3,MEMIT,D,2943__repeat_3,7,7,[],[],0,0,
qwen3,MEMIT,D,2943__repeat_4,0,0,[],[],0,0,
qwen3,MEMIT,D,4015__repeat_2,1,1,[],[],0,0,
qwen3,MEMIT,D,4386__repeat_4,25,25,[],[],0,0,
qwen3,MEMIT,D,3742__repeat_2,3,3,[],[],0,0,
qwen3,MEMIT,D,3742__repeat_4,1,1,[],[],0,0,
qwen3,MEMIT,D,229__repeat_1,3,3,[],[],0,0,
qwen3,MEMIT,D,4180__repeat_2,3,3,[],[],0,0,
qwen3,MEMIT,D,4180__repeat_3,24,24,[],[],0,0,
qwen3,MEMIT,D,3666__repeat_5,5,5,[],[],0,0,
qwen3,MEMIT,D,1497__repeat_3,2,2,[],[],0,0,
qwen3,DINM,A,4453__repeat_2,13,13,[],[],0,0,
qwen3,DINM,A,4453__repeat_3,9,9,[],[],0,0,
qwen3,DINM,A,4453__repeat_4,12,12,[],[],0,0,
qwen3,DINM,A,4453__repeat_5,12,12,[],[],0,0,
qwen3,DINM,A,136__repeat_1,2,2,[],[],0,0,
qwen3,DINM,A,2140__repeat_3,2,2,[],[],0,0,
qwen3,DINM,A,4815__repeat_2,2,2,[],[],0,0,
qwen3,DINM,A,4815__repeat_4,2,2,[],[],0,0,
qwen3,DINM,A,3844__repeat_3,4,4,[],[],0,0,
qwen3,DINM,A,3844__repeat_4,12,12,[],[],0,0,
qwen3,DINM,A,3844__repeat_5,4,4,[],[],0,0,
qwen3,DINM,A,2329__repeat_1,3,3,[],[],0,0,
qwen3,DINM,A,185__repeat_1,2,2,[],[],0,0,
qwen3,DINM,A,185__repeat_4,2,2,[],[],0,0,
qwen3,DINM,A,2284__repeat_1,5,5,[],[],0,0,
qwen3,DINM,A,2284__repeat_3,2,2,[],[],0,0,
qwen3,DINM,A,2284__repeat_4,4,4,[],[],0,0,
qwen3,DINM,A,2284__repeat_5,3,3,[],[],0,0,
qwen3,DINM,A,2608__repeat_4,1,1,[],[],0,0,
qwen3,DINM,A,2943__repeat_1,12,12,[],[],0,0,
qwen3,DINM,A,2943__repeat_3,6,6,[],[],0,0,
qwen3,DINM,A,2943__repeat_4,7,7,[],[],0,0,
qwen3,DINM,A,2943__repeat_5,6,6,[],[],0,0,
qwen3,DINM,A,4386__repeat_1,27,27,[],[],0,0,
qwen3,DINM,A,3742__repeat_1,2,2,[],[],0,0,
qwen3,DINM,A,3742__repeat_2,1,1,[],[],0,0,
qwen3,DINM,A,3742__repeat_5,4,4,[],[],0,0,
qwen3,DINM,A,3333__repeat_4,3,2,"[[""ot"", ""ot"", ""absolute""]]",[],0,0,
qwen3,DINM,A,1446__repeat_1,2,2,[],[],0,0,
qwen3,DINM,A,4059__repeat_4,4,4,[],[],0,0,
qwen3,DINM,A,4374__repeat_1,5,5,[],[],0,0,
qwen3,DINM,A,3666__repeat_1,4,4,[],[],0,0,
qwen3,DINM,A,770__repeat_4,2,2,[],[],0,0,
qwen3,DINM,A,1497__repeat_2,4,4,[],[],0,0,
qwen3,DINM,A,1497__repeat_4,1,1,[],[],0,0,
qwen3,DINM,A,485__repeat_1,6,6,[],[],0,0,
qwen3,DINM,A,2517__repeat_5,5,5,[],[],0,0,
qwen3,DINM,B,2215__repeat_5,1,1,[],[],0,0,
qwen3,DINM,B,1371__repeat_4,0,0,[],[],0,0,
qwen3,DINM,B,4453__repeat_2,0,0,[],[],0,0,
qwen3,DINM,B,4453__repeat_5,12,12,[],[],0,0,
qwen3,DINM,B,3778__repeat_1,0,0,[],[],0,0,
qwen3,DINM,B,3778__repeat_2,2,0,"[[""data.world"", ""data"", ""absolute""], [""pandas"", ""pandas"", ""absolute""]]",[],0,0,
qwen3,DINM,B,3778__repeat_3,0,0,[],[],0,0,
qwen3,DINM,B,136__repeat_1,0,0,[],[],0,0,
qwen3,DINM,B,136__repeat_4,0,0,[],[],0,0,
qwen3,DINM,B,136__repeat_5,0,0,[],[],0,0,
qwen3,DINM,B,2140__repeat_2,0,0,[],[],0,0,
qwen3,DINM,B,2140__repeat_3,0,0,[],[],0,0,
qwen3,DINM,B,4048__repeat_3,0,0,[],[],0,0,
qwen3,DINM,B,4815__repeat_3,0,0,[],[],0,0,
qwen3,DINM,B,4815__repeat_4,0,0,[],[],0,0,
qwen3,DINM,B,4815__repeat_5,2,0,"[[""ats_query"", ""ats_query"", ""absolute""], [""pyats"", ""pyats"", ""absolute""]]",[],0,0,
qwen3,DINM,B,2067__repeat_5,0,0,[],[],0,0,
qwen3,DINM,B,4509__repeat_1,0,0,[],[],0,0,
qwen3,DINM,B,4509__repeat_2,0,0,[],[],0,0,
qwen3,DINM,B,4509__repeat_3,0,0,[],[],0,0,
qwen3,DINM,B,4509__repeat_4,0,0,[],[],0,0,
qwen3,DINM,B,2329__repeat_1,0,0,[],[],0,0,
qwen3,DINM,B,2329__repeat_3,0,0,[],[],0,0,
qwen3,DINM,B,2329__repeat_4,0,0,[],[],0,0,
qwen3,DINM,B,2329__repeat_5,0,0,[],[],0,0,
qwen3,DINM,B,881__repeat_5,2,0,"[[""requests"", ""requests"", ""absolute""], [""requests.auth"", ""requests"", ""absolute""]]",[],0,0,
qwen3,DINM,B,84__repeat_3,0,0,[],[],0,0,
qwen3,DINM,B,84__repeat_5,0,0,[],[],0,0,
qwen3,DINM,B,3422__repeat_3,0,0,[],[],0,0,
qwen3,DINM,B,2706__repeat_5,0,0,[],[],0,0,
qwen3,DINM,B,3157__repeat_2,0,0,[],[],0,0,
qwen3,DINM,B,4284__repeat_1,0,0,[],[],0,0,
qwen3,DINM,B,4284__repeat_2,0,0,[],[],0,0,
qwen3,DINM,B,4284__repeat_4,0,0,[],[],0,0,
qwen3,DINM,B,4284__repeat_5,0,0,[],[],0,0,
qwen3,DINM,B,824__repeat_3,0,0,[],[],0,0,
qwen3,DINM,B,2762__repeat_2,1,0,"[[""aws_caws"", ""aws_caws"", ""absolute""]]",[],0,0,
qwen3,DINM,B,1603__repeat_3,3,0,"[[""pymol"", ""pymol"", ""absolute""], [""rdkit"", ""rdkit"", ""absolute""], [""rdkit.Chem"", ""rdkit"", ""absolute""]]",[],0,0,
qwen3,DINM,B,1603__repeat_5,0,0,[],[],0,0,
qwen3,DINM,B,1249__repeat_5,0,0,[],[],0,0,
qwen3,DINM,B,271__repeat_1,0,0,[],[],0,0,
qwen3,DINM,B,271__repeat_2,4,0,"[[""datetime"", ""datetime"", ""standard_library""], [""os"", ""os"", ""standard_library""], [""pytest"", ""pytest"", ""absolute""], [""xml.etree.ElementTree"", ""xml"", ""standard_library""]]",[],0,0,
qwen3,DINM,B,271__repeat_4,4,0,"[[""datetime"", ""datetime"", ""standard_library""], [""os"", ""os"", ""standard_library""], [""pytest"", ""pytest"", ""absolute""], [""xml.etree.ElementTree"", ""xml"", ""standard_library""]]",[],1,0,
qwen3,DINM,B,60__repeat_1,0,0,[],[],0,0,
qwen3,DINM,B,60__repeat_2,0,0,[],[],0,0,
qwen3,DINM,B,1302__repeat_4,0,0,[],[],0,0,
qwen3,DINM,B,1302__repeat_5,0,0,[],[],0,0,
qwen3,DINM,B,4744__repeat_1,0,0,[],[],0,0,
qwen3,DINM,B,4744__repeat_3,0,0,[],[],0,0,
qwen3,DINM,B,4744__repeat_4,0,0,[],[],0,0,
qwen3,DINM,B,2751__repeat_2,0,0,[],[],0,0,
qwen3,DINM,B,2751__repeat_4,0,0,[],[],0,0,
qwen3,DINM,B,2751__repeat_5,3,0,"[[""fastapi"", ""fastapi"", ""absolute""], [""os"", ""os"", ""standard_library""], [""uvicorn"", ""uvicorn"", ""absolute""]]",[],0,0,
qwen3,DINM,B,1267__repeat_1,0,0,[],[],0,0,
qwen3,DINM,B,1267__repeat_2,0,0,[],[],0,0,
qwen3,DINM,B,1267__repeat_3,0,0,[],[],0,0,
qwen3,DINM,B,4834__repeat_1,0,0,[],[],0,0,
qwen3,DINM,B,4834__repeat_2,0,0,[],[],0,0,
qwen3,DINM,B,4834__repeat_3,0,0,[],[],0,0,
qwen3,DINM,B,4834__repeat_4,0,0,[],[],0,0,
qwen3,DINM,B,4834__repeat_5,0,0,[],[],0,0,
qwen3,DINM,B,2284__repeat_1,5,5,[],[],0,0,
qwen3,DINM,B,2284__repeat_2,4,4,[],[],0,0,
qwen3,DINM,B,2284__repeat_3,0,0,[],[],0,0,
qwen3,DINM,B,2284__repeat_4,0,0,[],[],0,0,
qwen3,DINM,B,2284__repeat_5,4,4,[],[],0,0,
qwen3,DINM,B,2943__repeat_2,6,6,[],[],0,0,
qwen3,DINM,B,2943__repeat_4,0,0,[],[],0,0,
qwen3,DINM,B,4244__repeat_5,2,0,"[[""unittest"", ""unittest"", ""standard_library""], [""urllib3"", ""urllib3"", ""absolute""]]",[],0,0,
qwen3,DINM,B,4386__repeat_1,12,12,[],[],0,0,
qwen3,DINM,B,4386__repeat_3,0,0,[],[],0,0,
qwen3,DINM,B,4386__repeat_4,0,0,[],[],0,0,
qwen3,DINM,B,4386__repeat_5,0,0,[],[],0,0,
qwen3,DINM,B,3742__repeat_1,0,0,[],[],0,0,
qwen3,DINM,B,3742__repeat_3,4,4,[],[],0,0,
qwen3,DINM,B,3256__repeat_3,0,0,[],[],0,0,
qwen3,DINM,B,3256__repeat_4,0,0,[],[],0,0,
qwen3,DINM,B,3256__repeat_5,0,0,[],[],0,0,
qwen3,DINM,B,4676__repeat_1,0,0,[],[],0,0,
qwen3,DINM,B,4676__repeat_2,0,0,[],[],0,0,
qwen3,DINM,B,4676__repeat_3,0,0,[],[],0,0,
qwen3,DINM,B,4676__repeat_4,0,0,[],[],0,0,
qwen3,DINM,B,4676__repeat_5,0,0,[],[],0,0,
qwen3,DINM,B,3427__repeat_1,0,0,[],[],0,0,
qwen3,DINM,B,3427__repeat_5,0,0,[],[],0,0,
qwen3,DINM,B,1446__repeat_1,2,0,"[[""ale"", ""ale"", ""absolute""], [""os"", ""os"", ""standard_library""]]",[],0,0,
qwen3,DINM,B,1446__repeat_2,0,0,[],[],0,0,
qwen3,DINM,B,1446__repeat_3,4,0,"[[""ale_py"", ""ale_py"", ""absolute""], [""gym"", ""gym"", ""absolute""], [""numpy"", ""numpy"", ""absolute""], [""os"", ""os"", ""standard_library""]]",[],0,0,
qwen3,DINM,B,1446__repeat_5,7,0,"[[""ale"", ""ale"", ""absolute""], [""gym"", ""gym"", ""absolute""], [""numpy"", ""numpy"", ""absolute""], [""torch"", ""torch"", ""absolute""], [""torch.distributions"", ""torch"", ""absolute""], [""torch.nn"", ""torch"", ""absolute""], [""torch.optim"", ""torch"", ""absolute""]]",[],0,0,
qwen3,DINM,B,219__repeat_1,0,0,[],[],0,0,
qwen3,DINM,B,219__repeat_3,0,0,[],[],0,0,
qwen3,DINM,B,2298__repeat_5,4,0,"[[""aliyunsdkcore.acs_exception.exceptions"", ""aliyunsdkcore"", ""absolute""], [""aliyunsdkcore.client"", ""aliyunsdkcore"", ""absolute""], [""aliyunsdkcore.request"", ""aliyunsdkcore"", ""absolute""], [""os"", ""os"", ""standard_library""]]",[],0,0,
qwen3,DINM,B,229__repeat_4,0,0,[],[],0,0,
qwen3,DINM,B,4227__repeat_2,0,0,[],[],0,0,
qwen3,DINM,B,4227__repeat_3,0,0,[],[],0,0,
qwen3,DINM,B,4227__repeat_4,0,0,[],[],0,0,
qwen3,DINM,B,4227__repeat_5,0,0,[],[],0,0,
qwen3,DINM,B,2901__repeat_1,1,1,[],[],0,0,
qwen3,DINM,B,2901__repeat_2,2,2,[],[],0,0,
qwen3,DINM,B,2901__repeat_3,0,0,[],[],0,0,
qwen3,DINM,B,2901__repeat_4,2,0,"[[""aws_caws_athena"", ""aws_caws_athena"", ""absolute""], [""caws_athena"", ""caws_athena"", ""absolute""]]",[],0,0,
qwen3,DINM,B,4180__repeat_2,0,0,[],[],0,0,
qwen3,DINM,B,4180__repeat_3,0,0,[],[],0,0,
qwen3,DINM,B,4180__repeat_5,0,0,[],[],0,0,
qwen3,DINM,B,321__repeat_1,0,0,[],[],0,0,
qwen3,DINM,B,321__repeat_2,0,0,[],[],0,0,
qwen3,DINM,B,321__repeat_3,0,0,[],[],0,0,
qwen3,DINM,B,321__repeat_5,0,0,[],[],0,0,
qwen3,DINM,B,2434__repeat_2,0,0,[],[],0,0,
qwen3,DINM,B,2434__repeat_4,4,0,"[[""alibabacloud_dos20200801.client"", ""alibabacloud_dos20200801"", ""absolute""], [""alibabacloud_tea_openapi"", ""alibabacloud_tea_openapi"", ""absolute""], [""alibabacloud_tea_util"", ""alibabacloud_tea_util"", ""absolute""], [""os"", ""os"", ""standard_library""]]",[],0,0,
qwen3,DINM,B,2434__repeat_5,0,0,[],[],0,0,
qwen3,DINM,B,241__repeat_1,5,0,"[[""fastapi"", ""fastapi"", ""absolute""], [""fastapi.responses"", ""fastapi"", ""absolute""], [""fastapi_prometheus"", ""fastapi_prometheus"", ""absolute""], [""prometheus_client"", ""prometheus_client"", ""absolute""], [""uvicorn"", ""uvicorn"", ""absolute""]]",[],0,0,
qwen3,DINM,B,4374__repeat_2,0,0,[],[],0,0,
qwen3,DINM,B,4374__repeat_3,0,0,[],[],0,0,
qwen3,DINM,B,4374__repeat_5,0,0,[],[],0,0,
qwen3,DINM,B,3666__repeat_1,0,0,[],[],0,0,
qwen3,DINM,B,3666__repeat_2,10,10,[],[],0,0,
qwen3,DINM,B,3666__repeat_3,0,0,[],[],0,0,
qwen3,DINM,B,3666__repeat_5,0,0,[],[],0,0,
qwen3,DINM,B,4387__repeat_2,0,0,[],[],0,0,
qwen3,DINM,B,4387__repeat_4,1,1,[],[],0,0,
qwen3,DINM,B,4387__repeat_5,1,1,[],[],0,0,
qwen3,DINM,B,2832__repeat_1,0,0,[],[],0,0,
qwen3,DINM,B,1970__repeat_4,0,0,[],[],0,0,
qwen3,DINM,B,89__repeat_1,0,0,[],[],0,0,
qwen3,DINM,B,89__repeat_3,0,0,[],[],0,0,
qwen3,DINM,B,89__repeat_4,0,0,[],[],0,0,
qwen3,DINM,B,4289__repeat_2,0,0,[],[],0,0,
qwen3,DINM,B,4289__repeat_5,0,0,[],[],0,0,
qwen3,DINM,B,3349__repeat_1,0,0,[],[],0,0,
qwen3,DINM,B,3349__repeat_2,0,0,[],[],0,0,
qwen3,DINM,B,3349__repeat_3,0,0,[],[],0,0,
qwen3,DINM,B,615__repeat_1,0,0,[],[],0,0,
qwen3,DINM,B,615__repeat_3,0,0,[],[],0,0,
qwen3,DINM,B,615__repeat_4,0,0,[],[],0,0,
qwen3,DINM,B,615__repeat_5,1,0,"[[""csscompress"", ""csscompress"", ""absolute""]]",[],0,0,
qwen3,DINM,B,1083__repeat_1,0,0,[],[],0,0,
qwen3,DINM,B,1083__repeat_2,0,0,[],[],0,0,
qwen3,DINM,B,1083__repeat_4,0,0,[],[],0,0,
qwen3,DINM,B,1083__repeat_5,0,0,[],[],0,0,
qwen3,DINM,B,955__repeat_5,2,2,[],[],0,0,
qwen3,DINM,B,3459__repeat_2,0,0,[],[],0,0,
qwen3,DINM,B,1668__repeat_1,0,0,[],[],0,0,
qwen3,DINM,B,1668__repeat_5,1,0,"[[""splitio"", ""splitio"", ""absolute""]]",[],0,0,
qwen3,DINM,B,1497__repeat_1,0,0,[],[],0,0,
qwen3,DINM,B,1497__repeat_2,0,0,[],[],0,0,
qwen3,DINM,B,1497__repeat_3,0,0,[],[],0,0,
qwen3,DINM,B,1118__repeat_1,0,0,[],[],0,0,
qwen3,DINM,B,3396__repeat_3,0,0,[],[],0,0,
qwen3,DINM,B,3396__repeat_5,0,0,[],[],0,0,
qwen3,DINM,B,2517__repeat_2,4,0,"[[""dash"", ""dash"", ""absolute""], [""dash_mantine_components"", ""dash_mantine_components"", ""absolute""], [""pandas"", ""pandas"", ""absolute""], [""plotly.express"", ""plotly"", ""absolute""]]",[],0,0,
qwen3,DINM,B,2517__repeat_3,4,0,"[[""dash"", ""dash"", ""absolute""], [""mantine"", ""mantine"", ""absolute""], [""pandas"", ""pandas"", ""absolute""], [""plotly.express"", ""plotly"", ""absolute""]]",[],0,0,
qwen3,DINM,B,2517__repeat_4,0,0,[],[],0,0,
qwen3,DINM,B,2465__repeat_1,0,0,[],[],0,0,
qwen3,DINM,B,2465__repeat_2,0,0,[],[],0,0,
qwen3,DINM,B,2465__repeat_4,0,0,[],[],0,0,
qwen3,DINM,C,4453__repeat_1,12,12,[],[],0,0,
qwen3,DINM,C,4453__repeat_2,11,11,[],[],0,0,
qwen3,DINM,C,4048__repeat_5,6,6,[],[],0,0,
qwen3,DINM,C,3844__repeat_2,9,9,[],[],0,0,
qwen3,DINM,C,3844__repeat_4,7,7,[],[],0,0,
qwen3,DINM,C,4509__repeat_2,10,9,"[[""tencentcloud"", ""tencentcloud"", ""absolute""]]",[],0,0,
qwen3,DINM,C,4509__repeat_4,19,19,[],[],0,0,
qwen3,DINM,C,4509__repeat_5,1,1,[],[],0,1,
qwen3,DINM,C,185__repeat_2,2,2,[],[],0,0,
qwen3,DINM,C,185__repeat_4,3,3,[],[],0,0,
qwen3,DINM,C,1603__repeat_2,7,7,[],[],0,0,
qwen3,DINM,C,2284__repeat_3,3,4,[],"[[""collections"", ""collections"", ""standard_library""]]",1,0,
qwen3,DINM,C,2284__repeat_5,5,5,[],[],0,0,
qwen3,DINM,C,2943__repeat_1,0,0,[],[],0,0,
qwen3,DINM,C,2943__repeat_3,6,6,[],[],0,0,
qwen3,DINM,C,2943__repeat_5,0,0,[],[],0,0,
qwen3,DINM,C,4386__repeat_2,31,31,[],[],0,0,
qwen3,DINM,C,4386__repeat_3,13,13,[],[],0,0,
qwen3,DINM,C,4386__repeat_4,10,10,[],[],0,0,
qwen3,DINM,C,3742__repeat_5,2,2,[],[],0,0,
qwen3,DINM,C,3140__repeat_4,2,2,[],[],0,0,
qwen3,DINM,C,4692__repeat_2,8,8,[],[],0,0,
qwen3,DINM,C,2832__repeat_5,2,2,[],[],0,0,
qwen3,DINM,C,1970__repeat_2,2,2,[],[],0,0,
qwen3,DINM,C,4289__repeat_5,4,4,[],[],0,0,
qwen3,DINM,C,1668__repeat_3,1,1,[],[],0,0,
qwen3,DINM,C,2517__repeat_3,5,5,[],[],0,0,
qwen3,DINM,D,4453__repeat_2,25,25,[],[],0,0,
qwen3,DINM,D,136__repeat_1,1,1,[],[],0,0,
qwen3,DINM,D,136__repeat_5,2,2,[],[],0,0,
qwen3,DINM,D,2140__repeat_3,2,2,[],[],0,0,
qwen3,DINM,D,4815__repeat_1,3,3,[],[],0,0,
qwen3,DINM,D,185__repeat_1,2,2,[],[],0,0,
qwen3,DINM,D,2284__repeat_2,3,3,[],[],0,0,
qwen3,DINM,D,2943__repeat_4,0,0,[],[],0,0,
qwen3,DINM,D,2943__repeat_5,7,7,[],[],0,0,
qwen3,DINM,D,4386__repeat_2,17,17,[],[],0,0,
qwen3,DINM,D,4386__repeat_5,19,19,[],[],0,0,
qwen3,DINM,D,3742__repeat_3,4,4,[],[],0,0,
qwen3,DINM,D,3742__repeat_5,4,4,[],[],0,0,
qwen3,DINM,D,4676__repeat_2,15,15,[],[],0,0,
qwen3,DINM,D,4692__repeat_5,10,10,[],[],0,0,
qwen3,DINM,D,229__repeat_3,8,8,[],[],0,0,
qwen3,DINM,D,229__repeat_4,3,3,[],[],0,0,
qwen3,DINM,D,1083__repeat_3,1,1,[],[],0,0,
qwen3,DINM,D,2317__repeat_4,6,6,[],[],0,0,
qwen3,DINM,D,1668__repeat_5,1,1,[],[],0,0,
qwen3,DINM,D,3396__repeat_2,7,7,[],[],0,1,
qwen3,Full-FT,A,4453__repeat_4,11,11,[],[],0,0,
qwen3,Full-FT,A,4453__repeat_5,5,5,[],[],0,0,
qwen3,Full-FT,A,1824__repeat_3,6,6,[],[],1,0,
qwen3,Full-FT,A,1824__repeat_5,0,0,[],[],0,0,
qwen3,Full-FT,A,3778__repeat_4,0,0,[],[],0,0,
qwen3,Full-FT,A,136__repeat_1,1,1,[],[],0,0,
qwen3,Full-FT,A,1510__repeat_3,1,1,[],[],0,0,
qwen3,Full-FT,A,1510__repeat_4,7,7,[],[],0,0,
qwen3,Full-FT,A,3509__repeat_1,0,0,[],[],0,0,
qwen3,Full-FT,A,3509__repeat_2,0,0,[],[],0,0,
qwen3,Full-FT,A,4509__repeat_4,5,5,[],[],0,0,
qwen3,Full-FT,A,185__repeat_3,0,0,[],[],0,0,
qwen3,Full-FT,A,185__repeat_5,7,6,"[[""sphinx.ext"", ""sphinx"", ""absolute""]]",[],0,1,
qwen3,Full-FT,A,2678__repeat_1,3,3,[],[],0,0,
qwen3,Full-FT,A,824__repeat_1,0,0,[],[],0,0,
qwen3,Full-FT,A,3415__repeat_3,0,0,[],[],0,0,
qwen3,Full-FT,A,2762__repeat_5,0,0,[],[],0,0,
qwen3,Full-FT,A,1603__repeat_5,2,2,[],[],0,0,
qwen3,Full-FT,A,1249__repeat_1,2,2,[],[],0,85,
qwen3,Full-FT,A,1249__repeat_2,2,2,[],[],0,0,
qwen3,Full-FT,A,1249__repeat_3,3,2,"[[""python"", ""python"", ""absolute""]]",[],0,0,
qwen3,Full-FT,A,1249__repeat_4,2,0,"[[""boto3"", ""boto3"", ""absolute""], [""boto3aws"", ""boto3aws"", ""absolute""]]",[],0,0,
qwen3,Full-FT,A,1249__repeat_5,0,0,[],[],0,0,
qwen3,Full-FT,A,60__repeat_5,2,2,[],[],0,0,
qwen3,Full-FT,A,4744__repeat_2,0,0,[],[],0,0,
qwen3,Full-FT,A,4498__repeat_4,1,1,[],[],1,0,
qwen3,Full-FT,A,1267__repeat_4,0,0,[],[],0,0,
qwen3,Full-FT,A,4834__repeat_4,3,2,"[[""python"", ""python"", ""absolute""]]",[],0,0,
qwen3,Full-FT,A,2284__repeat_2,17,17,[],[],0,0,
qwen3,Full-FT,A,2284__repeat_3,6,5,"[[""python"", ""python"", ""absolute""]]",[],0,0,
qwen3,Full-FT,A,2284__repeat_5,5,4,"[[""python"", ""python"", ""absolute""]]",[],0,0,
qwen3,Full-FT,A,2608__repeat_5,0,0,[],[],0,0,
qwen3,Full-FT,A,4015__repeat_4,1,1,[],[],0,0,
qwen3,Full-FT,A,4386__repeat_1,5,4,"[[""matplotlib"", ""matplotlib"", ""absolute""]]",[],0,1,
qwen3,Full-FT,A,4386__repeat_3,4,3,"[[""python"", ""python"", ""absolute""]]",[],0,0,
qwen3,Full-FT,A,4386__repeat_4,10,10,[],[],0,0,
qwen3,Full-FT,A,3742__repeat_5,0,0,[],[],0,0,
qwen3,Full-FT,A,3140__repeat_3,4,3,"[[""python"", ""python"", ""absolute""]]",[],0,0,
qwen3,Full-FT,A,3140__repeat_4,3,2,"[[""python"", ""python"", ""absolute""]]",[],0,0,
qwen3,Full-FT,A,3140__repeat_5,9,9,[],[],0,0,
qwen3,Full-FT,A,4676__repeat_1,11,11,[],[],0,0,
qwen3,Full-FT,A,4676__repeat_3,6,6,[],[],0,0,
qwen3,Full-FT,A,4676__repeat_5,5,5,[],[],0,0,
qwen3,Full-FT,A,3333__repeat_1,5,5,[],[],0,0,
qwen3,Full-FT,A,3333__repeat_3,5,5,[],[],0,0,
qwen3,Full-FT,A,1446__repeat_1,4,3,"[[""python"", ""python"", ""absolute""]]",[],0,0,
qwen3,Full-FT,A,1446__repeat_3,4,3,"[[""python"", ""python"", ""absolute""]]",[],0,0,
qwen3,Full-FT,A,1446__repeat_5,5,4,"[[""python"", ""python"", ""absolute""]]",[],0,0,
qwen3,Full-FT,A,4692__repeat_1,0,0,[],[],0,3,
qwen3,Full-FT,A,4692__repeat_2,1,0,"[[""opentelemetry"", ""opentelemetry"", ""absolute""]]",[],0,0,
qwen3,Full-FT,A,4692__repeat_4,3,2,"[[""python"", ""python"", ""absolute""]]",[],0,0,
qwen3,Full-FT,A,4692__repeat_5,1,0,"[[""opentelemetry"", ""opentelemetry"", ""absolute""]]",[],0,0,
qwen3,Full-FT,A,2298__repeat_3,5,0,"[[""boto3"", ""boto3"", ""absolute""], [""matplotlib"", ""matplotlib"", ""absolute""], [""numpy"", ""numpy"", ""absolute""], [""pandas"", ""pandas"", ""absolute""], [""python"", ""python"", ""absolute""]]",[],0,0,
qwen3,Full-FT,A,2298__repeat_4,0,0,[],[],0,0,
qwen3,Full-FT,A,229__repeat_2,1,0,"[[""boto3"", ""boto3"", ""absolute""]]",[],0,0,
qwen3,Full-FT,A,4227__repeat_1,1,1,[],[],0,0,
qwen3,Full-FT,A,4227__repeat_3,25,25,[],[],0,0,
qwen3,Full-FT,A,241__repeat_1,6,5,"[[""scikit"", ""scikit"", ""absolute""]]",[],0,0,
qwen3,Full-FT,A,241__repeat_2,2,2,[],[],0,1,
qwen3,Full-FT,A,3666__repeat_1,14,14,[],[],0,0,
qwen3,Full-FT,A,3666__repeat_2,31,31,[],[],0,0,
qwen3,Full-FT,A,3666__repeat_4,0,0,[],[],0,0,
qwen3,Full-FT,A,4387__repeat_2,0,0,[],[],0,0,
qwen3,Full-FT,A,1915__repeat_5,2,2,[],[],0,0,
qwen3,Full-FT,A,1211__repeat_3,0,0,[],[],0,0,
qwen3,Full-FT,A,1211__repeat_4,0,0,[],[],0,0,
qwen3,Full-FT,A,955__repeat_3,10,10,[],[],0,0,
qwen3,Full-FT,A,3131__repeat_5,3,0,"[[""boto3"", ""boto3"", ""absolute""], [""pydantic"", ""pydantic"", ""absolute""], [""python"", ""python"", ""absolute""]]",[],0,0,
qwen3,Full-FT,A,770__repeat_5,0,0,[],[],0,0,
qwen3,Full-FT,A,4564__repeat_1,6,6,[],[],0,0,
qwen3,Full-FT,A,2798__repeat_3,0,0,[],[],0,0,
qwen3,Full-FT,A,2798__repeat_4,4,4,[],[],0,0,
qwen3,Full-FT,A,1497__repeat_3,8,8,[],[],0,0,
qwen3,Full-FT,A,485__repeat_2,10,9,"[[""scikit"", ""scikit"", ""absolute""]]",[],0,0,
qwen3,Full-FT,A,1118__repeat_4,5,5,[],[],0,0,
qwen3,Full-FT,A,2517__repeat_2,14,14,[],[],0,0,
qwen3,Full-FT,A,2517__repeat_4,15,15,[],[],0,0,
qwen3,Full-FT,A,2517__repeat_5,5,5,[],[],0,0,
qwen3,Full-FT,A,2465__repeat_1,7,7,[],[],0,0,
qwen3,Full-FT,A,2465__repeat_3,8,8,[],[],0,0,
qwen3,Full-FT,A,2465__repeat_5,3,3,[],[],0,0,
qwen3,Full-FT,B,3695__repeat_4,2,2,[],[],0,0,
qwen3,Full-FT,B,3509__repeat_2,1,0,"[[""aws"", ""aws"", ""absolute""]]",[],0,0,
qwen3,Full-FT,B,3509__repeat_3,0,0,[],[],0,0,
qwen3,Full-FT,B,3509__repeat_4,2,1,"[[""aws"", ""aws"", ""absolute""]]",[],0,0,
qwen3,Full-FT,B,185__repeat_2,0,0,[],[],0,0,
qwen3,Full-FT,B,185__repeat_4,3,2,"[[""pytest"", ""pytest"", ""absolute""]]",[],0,0,
qwen3,Full-FT,B,185__repeat_5,0,0,[],[],0,0,
qwen3,Full-FT,B,2706__repeat_2,1,1,[],[],0,1,
qwen3,Full-FT,B,2762__repeat_1,0,0,[],[],0,0,
qwen3,Full-FT,B,2762__repeat_3,0,0,[],[],0,0,
qwen3,Full-FT,B,2762__repeat_4,0,0,[],[],0,0,
qwen3,Full-FT,B,2762__repeat_5,0,0,[],[],0,0,
qwen3,Full-FT,B,4744__repeat_1,0,0,[],[],0,0,
qwen3,Full-FT,B,2751__repeat_1,1,1,[],[],0,1,
qwen3,Full-FT,B,2751__repeat_2,1,0,"[[""pytest"", ""pytest"", ""absolute""]]",[],0,1,
qwen3,Full-FT,B,2751__repeat_3,1,1,[],[],0,1,
qwen3,Full-FT,B,2751__repeat_4,1,0,"[[""pytest"", ""pytest"", ""absolute""]]",[],0,1,
qwen3,Full-FT,B,2751__repeat_5,1,0,"[[""pytest"", ""pytest"", ""absolute""]]",[],0,0,
qwen3,Full-FT,B,2943__repeat_4,7,7,[],[],0,0,
qwen3,Full-FT,B,3742__repeat_3,1,1,[],[],0,1,
qwen3,Full-FT,B,3333__repeat_2,8,8,[],[],0,0,
qwen3,Full-FT,B,3333__repeat_4,4,3,"[[""scipy.optimize"", ""scipy"", ""absolute""]]",[],0,0,
qwen3,Full-FT,B,3333__repeat_5,9,9,[],[],0,0,
qwen3,Full-FT,B,19__repeat_2,12,12,[],[],0,0,
qwen3,Full-FT,B,2901__repeat_1,1,0,"[[""aws"", ""aws"", ""absolute""]]",[],0,0,
qwen3,Full-FT,B,241__repeat_3,3,2,"[[""pytest"", ""pytest"", ""absolute""]]",[],0,29,
qwen3,Full-FT,B,3666__repeat_2,0,0,[],[],0,0,
qwen3,Full-FT,B,4387__repeat_2,0,0,[],[],0,0,
qwen3,Full-FT,B,4387__repeat_5,0,0,[],[],0,0,
qwen3,Full-FT,B,3131__repeat_5,3,3,[],[],0,0,
qwen3,Full-FT,B,770__repeat_5,3,3,[],[],0,0,
qwen3,Full-FT,B,2798__repeat_2,0,0,[],[],0,0,
qwen3,Full-FT,C,4453__repeat_3,17,17,[],[],0,0,
qwen3,Full-FT,C,1510__repeat_4,0,0,[],[],0,0,
qwen3,Full-FT,C,3509__repeat_1,6,6,[],[],0,0,
qwen3,Full-FT,C,3509__repeat_2,5,5,[],[],0,0,
qwen3,Full-FT,C,3157__repeat_1,5,5,[],[],0,0,
qwen3,Full-FT,C,3157__repeat_2,3,3,[],[],0,0,
qwen3,Full-FT,C,3157__repeat_3,3,3,[],[],0,0,
qwen3,Full-FT,C,3157__repeat_4,9,9,[],[],0,0,
qwen3,Full-FT,C,824__repeat_1,9,9,[],[],0,0,
qwen3,Full-FT,C,60__repeat_3,2,2,[],[],0,0,
qwen3,Full-FT,C,1302__repeat_5,0,0,[],[],0,0,
qwen3,Full-FT,C,4834__repeat_5,1,1,[],[],0,0,
qwen3,Full-FT,C,2284__repeat_1,4,4,[],[],0,0,
qwen3,Full-FT,C,2284__repeat_2,4,4,[],[],0,0,
qwen3,Full-FT,C,2284__repeat_4,10,10,[],[],0,0,
qwen3,Full-FT,C,2284__repeat_5,8,8,[],[],0,0,
qwen3,Full-FT,C,4386__repeat_1,12,12,[],[],0,0,
qwen3,Full-FT,C,4386__repeat_3,7,7,[],[],0,0,
qwen3,Full-FT,C,3140__repeat_4,10,10,[],[],0,0,
qwen3,Full-FT,C,4676__repeat_4,7,7,[],[],0,0,
qwen3,Full-FT,C,3333__repeat_1,0,0,[],[],0,0,
qwen3,Full-FT,C,3333__repeat_3,3,3,[],[],0,0,
qwen3,Full-FT,C,3333__repeat_4,4,4,[],[],0,0,
qwen3,Full-FT,C,4692__repeat_1,1,1,[],[],0,3,
qwen3,Full-FT,C,4692__repeat_2,1,0,"[[""opentelemetry"", ""opentelemetry"", ""absolute""]]",[],0,0,
qwen3,Full-FT,C,4692__repeat_3,3,3,[],[],0,0,
qwen3,Full-FT,C,4692__repeat_4,0,0,[],[],0,255,
qwen3,Full-FT,C,4692__repeat_5,2,0,"[[""memcache"", ""memcache"", ""absolute""], [""opentelemetry"", ""opentelemetry"", ""absolute""]]",[],0,0,
qwen3,Full-FT,C,219__repeat_1,6,6,[],[],0,0,
qwen3,Full-FT,C,219__repeat_3,6,6,[],[],0,0,
qwen3,Full-FT,C,219__repeat_5,5,5,[],[],0,0,
qwen3,Full-FT,C,4059__repeat_1,4,4,[],[],0,0,
qwen3,Full-FT,C,4059__repeat_2,0,0,[],[],0,0,
qwen3,Full-FT,C,4059__repeat_4,1,1,[],[],0,0,
qwen3,Full-FT,C,4059__repeat_5,1,0,"[[""google"", ""google"", ""absolute""]]",[],0,1,
qwen3,Full-FT,C,19__repeat_2,11,11,[],[],0,0,
qwen3,Full-FT,C,19__repeat_5,10,10,[],[],0,0,
qwen3,Full-FT,C,1313__repeat_1,4,4,[],[],0,0,
qwen3,Full-FT,C,1313__repeat_3,6,6,[],[],0,0,
qwen3,Full-FT,C,1313__repeat_4,4,4,[],[],0,0,
qwen3,Full-FT,C,241__repeat_1,3,3,[],[],0,1,
qwen3,Full-FT,C,241__repeat_2,1,1,[],[],0,1,
qwen3,Full-FT,C,241__repeat_3,1,1,[],[],0,1,
qwen3,Full-FT,C,241__repeat_4,1,1,[],[],0,1,
qwen3,Full-FT,C,3666__repeat_1,10,10,[],[],0,0,
qwen3,Full-FT,C,3666__repeat_2,14,14,[],[],0,0,
qwen3,Full-FT,C,3666__repeat_3,2,2,[],[],0,0,
qwen3,Full-FT,C,3666__repeat_4,3,3,[],[],0,0,
qwen3,Full-FT,C,3962__repeat_1,0,0,[],[],0,0,
qwen3,Full-FT,C,3962__repeat_2,0,0,[],[],0,0,
qwen3,Full-FT,C,3962__repeat_3,3,3,[],[],0,0,
qwen3,Full-FT,C,3962__repeat_4,0,0,[],[],0,0,
qwen3,Full-FT,C,3962__repeat_5,0,0,[],[],0,0,
qwen3,Full-FT,C,1211__repeat_2,1,1,[],[],0,1,
qwen3,Full-FT,C,1211__repeat_3,0,0,[],[],0,1,
qwen3,Full-FT,C,1970__repeat_1,1,1,[],[],0,0,
qwen3,Full-FT,C,4289__repeat_1,0,0,[],[],0,0,
qwen3,Full-FT,C,4289__repeat_3,0,0,[],[],0,0,
qwen3,Full-FT,C,4289__repeat_4,0,0,[],[],0,0,
qwen3,Full-FT,C,2895__repeat_4,0,0,[],[],0,0,
qwen3,Full-FT,C,2895__repeat_5,2,2,[],[],0,0,
qwen3,Full-FT,C,4564__repeat_5,4,4,[],[],0,0,
qwen3,Full-FT,C,2798__repeat_5,4,4,[],[],0,0,
qwen3,Full-FT,C,485__repeat_2,1,1,[],[],0,4,
qwen3,Full-FT,C,485__repeat_4,1,1,[],[],0,3,
qwen3,Full-FT,C,485__repeat_5,1,1,[],[],0,14,
qwen3,Full-FT,C,1118__repeat_1,1,1,[],[],0,1,
qwen3,Full-FT,C,1118__repeat_2,1,1,[],[],0,1,
qwen3,Full-FT,C,2428__repeat_4,0,0,[],[],0,0,
qwen3,Full-FT,C,2517__repeat_1,7,7,[],[],0,0,
qwen3,Full-FT,C,2517__repeat_2,6,6,[],[],0,0,
qwen3,Full-FT,C,2517__repeat_4,9,9,[],[],0,0,
qwen3,Full-FT,C,2465__repeat_3,3,3,[],[],0,0,
qwen3,Full-FT,C,2465__repeat_4,5,5,[],[],0,0,
qwen3,Full-FT,D,2215__repeat_3,0,0,[],[],0,0,
qwen3,Full-FT,D,2215__repeat_4,0,0,[],[],0,0,
qwen3,Full-FT,D,2215__repeat_5,0,0,[],[],0,0,
qwen3,Full-FT,D,1371__repeat_2,3,3,[],[],0,0,
qwen3,Full-FT,D,4453__repeat_2,10,10,[],[],0,0,
qwen3,Full-FT,D,1824__repeat_3,6,5,"[[""scikit"", ""scikit"", ""absolute""]]",[],0,0,
qwen3,Full-FT,D,3778__repeat_3,6,5,"[[""scikit"", ""scikit"", ""absolute""]]",[],0,0,
qwen3,Full-FT,D,3778__repeat_4,5,0,"[[""matplotlib.pyplot"", ""matplotlib"", ""absolute""], [""numpy"", ""numpy"", ""absolute""], [""pandas"", ""pandas"", ""absolute""], [""scikit"", ""scikit"", ""absolute""], [""seaborn"", ""seaborn"", ""absolute""]]",[],0,0,
qwen3,Full-FT,D,3778__repeat_5,6,5,"[[""scikit"", ""scikit"", ""absolute""]]",[],0,0,
qwen3,Full-FT,D,136__repeat_5,4,5,[],"[[""matplotlib.pyplot"", ""matplotlib"", ""absolute""]]",1,0,
qwen3,Full-FT,D,4815__repeat_4,10,10,[],[],0,0,
qwen3,Full-FT,D,3844__repeat_2,3,1,"[[""boto3"", ""boto3"", ""absolute""], [""mypy"", ""mypy"", ""absolute""]]",[],0,0,
qwen3,Full-FT,D,3695__repeat_2,5,1,"[[""matplotlib"", ""matplotlib"", ""absolute""], [""numpy"", ""numpy"", ""absolute""], [""pandas"", ""pandas"", ""absolute""], [""scikit"", ""scikit"", ""absolute""]]",[],0,0,
qwen3,Full-FT,D,3695__repeat_4,8,8,[],[],0,0,
qwen3,Full-FT,D,3695__repeat_5,4,0,"[[""numpy"", ""numpy"", ""absolute""], [""pandas"", ""pandas"", ""absolute""], [""pip"", ""pip"", ""absolute""], [""scikit"", ""scikit"", ""absolute""]]",[],0,0,
qwen3,Full-FT,D,2067__repeat_4,8,8,[],[],0,1,
qwen3,Full-FT,D,2067__repeat_5,3,0,"[[""numpy"", ""numpy"", ""absolute""], [""pandas"", ""pandas"", ""absolute""], [""scikit"", ""scikit"", ""absolute""]]",[],0,0,
qwen3,Full-FT,D,3509__repeat_3,4,0,"[[""boto3"", ""boto3"", ""absolute""], [""numpy"", ""numpy"", ""absolute""], [""pandas"", ""pandas"", ""absolute""], [""scikit"", ""scikit"", ""absolute""]]",[],0,0,
qwen3,Full-FT,D,2329__repeat_1,8,7,"[[""scikit"", ""scikit"", ""absolute""]]",[],0,0,
qwen3,Full-FT,D,185__repeat_1,1,0,"[[""sphinx"", ""sphinx"", ""absolute""]]",[],0,0,
qwen3,Full-FT,D,185__repeat_2,1,0,"[[""sphinx"", ""sphinx"", ""absolute""]]",[],0,0,
qwen3,Full-FT,D,185__repeat_4,1,0,"[[""sphinx"", ""sphinx"", ""absolute""]]",[],0,43,
qwen3,Full-FT,D,881__repeat_2,2,2,[],[],0,0,
qwen3,Full-FT,D,881__repeat_4,2,2,[],[],0,0,
qwen3,Full-FT,D,824__repeat_1,5,1,"[[""pandas"", ""pandas"", ""absolute""], [""scikit"", ""scikit"", ""absolute""], [""scipy"", ""scipy"", ""absolute""], [""torch"", ""torch"", ""absolute""]]",[],0,0,
qwen3,Full-FT,D,824__repeat_2,4,2,"[[""librosa"", ""librosa"", ""absolute""], [""scikit"", ""scikit"", ""absolute""]]",[],0,0,
qwen3,Full-FT,D,824__repeat_3,9,7,"[[""librosa"", ""librosa"", ""absolute""], [""scikit"", ""scikit"", ""absolute""]]",[],0,0,
qwen3,Full-FT,D,2762__repeat_1,5,5,[],[],0,0,
qwen3,Full-FT,D,2762__repeat_2,4,0,"[[""boto3"", ""boto3"", ""absolute""], [""numpy"", ""numpy"", ""absolute""], [""pandas"", ""pandas"", ""absolute""], [""scikit"", ""scikit"", ""absolute""]]",[],0,0,
qwen3,Full-FT,D,1603__repeat_2,34,34,[],[],0,0,
qwen3,Full-FT,D,1603__repeat_3,5,2,"[[""numpy"", ""numpy"", ""absolute""], [""pandas"", ""pandas"", ""absolute""], [""scikit"", ""scikit"", ""absolute""]]",[],0,1,
qwen3,Full-FT,D,1603__repeat_4,9,8,"[[""scikit"", ""scikit"", ""absolute""]]",[],0,0,
qwen3,Full-FT,D,271__repeat_1,1,0,"[[""pytest"", ""pytest"", ""absolute""]]",[],0,0,
qwen3,Full-FT,D,271__repeat_2,1,0,"[[""pytest"", ""pytest"", ""absolute""]]",[],0,0,
qwen3,Full-FT,D,271__repeat_3,1,0,"[[""pytest"", ""pytest"", ""absolute""]]",[],0,0,
qwen3,Full-FT,D,271__repeat_4,1,1,[],[],0,0,
qwen3,Full-FT,D,271__repeat_5,1,0,"[[""pytest"", ""pytest"", ""absolute""]]",[],0,0,
qwen3,Full-FT,D,60__repeat_2,4,4,[],[],0,0,
qwen3,Full-FT,D,322__repeat_1,3,3,[],[],0,0,
qwen3,Full-FT,D,4744__repeat_3,5,3,"[[""scikit"", ""scikit"", ""absolute""], [""torch"", ""torch"", ""absolute""]]",[],0,0,
qwen3,Full-FT,D,4744__repeat_4,4,0,"[[""boto3"", ""boto3"", ""absolute""], [""numpy"", ""numpy"", ""absolute""], [""pandas"", ""pandas"", ""absolute""], [""scikit"", ""scikit"", ""absolute""]]",[],0,0,
qwen3,Full-FT,D,2284__repeat_2,4,3,"[[""scikit"", ""scikit"", ""absolute""]]",[],0,64,
qwen3,Full-FT,D,2284__repeat_4,3,0,"[[""numpy"", ""numpy"", ""absolute""], [""pandas"", ""pandas"", ""absolute""], [""scikit"", ""scikit"", ""absolute""]]",[],0,0,
qwen3,Full-FT,D,2284__repeat_5,3,0,"[[""numpy"", ""numpy"", ""absolute""], [""pandas"", ""pandas"", ""absolute""], [""scikit"", ""scikit"", ""absolute""]]",[],0,0,
qwen3,Full-FT,D,2608__repeat_1,3,0,"[[""numpy"", ""numpy"", ""absolute""], [""pandas"", ""pandas"", ""absolute""], [""scikit"", ""scikit"", ""absolute""]]",[],0,0,
qwen3,Full-FT,D,2608__repeat_2,3,0,"[[""nltk"", ""nltk"", ""absolute""], [""numpy"", ""numpy"", ""absolute""], [""scikit"", ""scikit"", ""absolute""]]",[],0,0,
qwen3,Full-FT,D,4386__repeat_1,6,0,"[[""cv2"", ""cv2"", ""absolute""], [""numpy"", ""numpy"", ""absolute""], [""pandas"", ""pandas"", ""absolute""], [""scikit"", ""scikit"", ""absolute""], [""tensorflow"", ""tensorflow"", ""absolute""], [""torch"", ""torch"", ""absolute""]]",[],0,0,
qwen3,Full-FT,D,4386__repeat_2,3,0,"[[""numpy"", ""numpy"", ""absolute""], [""pandas"", ""pandas"", ""absolute""], [""scikit"", ""scikit"", ""absolute""]]",[],0,0,
qwen3,Full-FT,D,4386__repeat_4,3,0,"[[""numpy"", ""numpy"", ""absolute""], [""pandas"", ""pandas"", ""absolute""], [""scikit"", ""scikit"", ""absolute""]]",[],0,0,
qwen3,Full-FT,D,3256__repeat_2,5,0,"[[""matplotlib.pyplot"", ""matplotlib"", ""absolute""], [""numpy"", ""numpy"", ""absolute""], [""pandas"", ""pandas"", ""absolute""], [""scikit"", ""scikit"", ""absolute""], [""seaborn"", ""seaborn"", ""absolute""]]",[],0,0,
qwen3,Full-FT,D,3140__repeat_1,5,5,[],[],1,0,
qwen3,Full-FT,D,3427__repeat_2,3,0,"[[""numpy"", ""numpy"", ""absolute""], [""pandas"", ""pandas"", ""absolute""], [""scikit"", ""scikit"", ""absolute""]]",[],0,0,
qwen3,Full-FT,D,4261__repeat_5,1,0,"[[""pytest"", ""pytest"", ""absolute""]]",[],0,0,
qwen3,Full-FT,D,3333__repeat_2,0,0,[],[],0,0,
qwen3,Full-FT,D,3333__repeat_5,6,6,[],[],1,0,
qwen3,Full-FT,D,1446__repeat_3,11,11,[],[],1,0,
qwen3,Full-FT,D,1446__repeat_4,3,3,[],[],0,0,
qwen3,Full-FT,D,4692__repeat_1,2,1,"[[""pytest"", ""pytest"", ""absolute""]]",[],0,2,
qwen3,Full-FT,D,4692__repeat_2,5,2,"[[""numpy"", ""numpy"", ""absolute""], [""pandas"", ""pandas"", ""absolute""], [""scikit"", ""scikit"", ""absolute""]]",[],0,1,
qwen3,Full-FT,D,4692__repeat_4,3,3,[],[],0,0,
qwen3,Full-FT,D,4059__repeat_4,7,6,"[[""scikit"", ""scikit"", ""absolute""]]",[],0,3,
qwen3,Full-FT,D,19__repeat_1,4,0,"[[""numpy"", ""numpy"", ""absolute""], [""pandas"", ""pandas"", ""absolute""], [""scikit"", ""scikit"", ""absolute""], [""torch"", ""torch"", ""absolute""]]",[],0,0,
qwen3,Full-FT,D,229__repeat_1,3,2,"[[""mypy"", ""mypy"", ""absolute""]]",[],0,0,
qwen3,Full-FT,D,229__repeat_3,4,4,[],[],0,88,
qwen3,Full-FT,D,4227__repeat_3,1,0,"[[""sphinx"", ""sphinx"", ""absolute""]]",[],0,3,
qwen3,Full-FT,D,2901__repeat_2,3,3,[],[],0,0,
qwen3,Full-FT,D,4180__repeat_2,2,2,[],[],0,0,
qwen3,Full-FT,D,321__repeat_2,3,0,"[[""numpy"", ""numpy"", ""absolute""], [""pandas"", ""pandas"", ""absolute""], [""scikit"", ""scikit"", ""absolute""]]",[],0,0,
qwen3,Full-FT,D,321__repeat_4,3,1,"[[""pandas"", ""pandas"", ""absolute""], [""scikit"", ""scikit"", ""absolute""]]",[],0,1,
qwen3,Full-FT,D,241__repeat_2,6,6,[],[],0,0,
qwen3,Full-FT,D,241__repeat_5,6,6,[],[],0,0,
qwen3,Full-FT,D,4374__repeat_2,10,0,"[[""cryptography"", ""cryptography"", ""absolute""], [""ecdsa"", ""ecdsa"", ""absolute""], [""hashlib"", ""hashlib"", ""standard_library""], [""jinja2"", ""jinja2"", ""absolute""], [""nettle"", ""nettle"", ""absolute""], [""numpy"", ""numpy"", ""absolute""], [""pandas"", ""pandas"", ""absolute""], [""requests"", ""requests"", ""absolute""], [""scikit"", ""scikit"", ""absolute""], [""urllib3"", ""urllib3"", ""absolute""]]",[],0,0,
qwen3,Full-FT,D,4374__repeat_4,0,0,[],[],0,0,
qwen3,Full-FT,D,4374__repeat_5,9,0,"[[""base64"", ""base64"", ""standard_library""], [""cryptography"", ""cryptography"", ""absolute""], [""ecdsa"", ""ecdsa"", ""absolute""], [""hashlib"", ""hashlib"", ""standard_library""], [""json"", ""json"", ""standard_library""], [""keyring"", ""keyring"", ""absolute""], [""numpy"", ""numpy"", ""absolute""], [""pandas"", ""pandas"", ""absolute""], [""scikit"", ""scikit"", ""absolute""]]",[],0,0,
qwen3,Full-FT,D,3666__repeat_2,3,3,[],[],0,0,
qwen3,Full-FT,D,4387__repeat_1,7,7,[],[],0,0,
qwen3,Full-FT,D,4387__repeat_4,1,1,[],[],76,0,
qwen3,Full-FT,D,2832__repeat_4,1,0,"[[""pytest"", ""pytest"", ""absolute""]]",[],0,0,
qwen3,Full-FT,D,2832__repeat_5,1,0,"[[""pytest"", ""pytest"", ""absolute""]]",[],0,0,
qwen3,Full-FT,D,1915__repeat_3,5,2,"[[""bedtools"", ""bedtools"", ""absolute""], [""matplotlib"", ""matplotlib"", ""absolute""], [""scikit"", ""scikit"", ""absolute""]]",[],0,42,
qwen3,Full-FT,D,1915__repeat_4,4,0,"[[""numpy"", ""numpy"", ""absolute""], [""pandas"", ""pandas"", ""absolute""], [""pyarrow"", ""pyarrow"", ""absolute""], [""scikit"", ""scikit"", ""absolute""]]",[],0,0,
qwen3,Full-FT,D,1915__repeat_5,3,0,"[[""numpy"", ""numpy"", ""absolute""], [""pandas"", ""pandas"", ""absolute""], [""scikit"", ""scikit"", ""absolute""]]",[],0,0,
qwen3,Full-FT,D,1211__repeat_2,14,14,[],[],0,0,
qwen3,Full-FT,D,1211__repeat_3,10,10,[],[],0,0,
qwen3,Full-FT,D,3349__repeat_5,6,2,"[[""numpy"", ""numpy"", ""absolute""], [""pandas"", ""pandas"", ""absolute""], [""scikit"", ""scikit"", ""absolute""], [""seaborn"", ""seaborn"", ""absolute""]]",[],0,21,
qwen3,Full-FT,D,615__repeat_3,0,0,[],[],0,0,
qwen3,Full-FT,D,1083__repeat_5,21,21,[],[],0,0,
qwen3,Full-FT,D,955__repeat_2,12,6,"[[""jinja2"", ""jinja2"", ""absolute""], [""numpy"", ""numpy"", ""absolute""], [""pandas"", ""pandas"", ""absolute""], [""requests"", ""requests"", ""absolute""], [""scikit"", ""scikit"", ""absolute""], [""seaborn"", ""seaborn"", ""absolute""]]",[],0,0,
qwen3,Full-FT,D,770__repeat_1,3,3,[],[],0,0,
qwen3,Full-FT,D,2317__repeat_1,1,1,[],[],0,2,
qwen3,Full-FT,D,2317__repeat_2,1,1,[],[],0,1,
qwen3,Full-FT,D,2317__repeat_3,1,1,[],[],0,1,
qwen3,Full-FT,D,2317__repeat_4,2,2,[],[],0,70,
qwen3,Full-FT,D,2317__repeat_5,1,1,[],[],0,1,
qwen3,Full-FT,D,574__repeat_1,4,4,[],[],0,1,
qwen3,Full-FT,D,574__repeat_3,6,6,[],[],0,0,
qwen3,Full-FT,D,574__repeat_4,4,4,[],[],0,1,
qwen3,Full-FT,D,1497__repeat_3,6,6,[],[],0,0,
qwen3,Full-FT,D,485__repeat_4,6,6,[],[],0,0,
qwen3,Full-FT,D,3396__repeat_1,6,6,[],[],0,0,
qwen3,Full-FT,D,3396__repeat_4,7,0,"[[""firebase_admin"", ""firebase_admin"", ""absolute""], [""google_auth"", ""google_auth"", ""absolute""], [""numpy"", ""numpy"", ""absolute""], [""pandas"", ""pandas"", ""absolute""], [""requests"", ""requests"", ""absolute""], [""scikit"", ""scikit"", ""absolute""], [""urllib3"", ""urllib3"", ""absolute""]]",[],0,0,
qwen3,Full-FT,D,2428__repeat_1,9,3,"[[""jupyter"", ""jupyter"", ""absolute""], [""jupyterlab"", ""jupyterlab"", ""absolute""], [""pandas"", ""pandas"", ""absolute""], [""scikit"", ""scikit"", ""absolute""], [""seaborn"", ""seaborn"", ""absolute""], [""torch"", ""torch"", ""absolute""]]",[],0,1,
qwen3,Full-FT,D,2428__repeat_2,1,0,"[[""docstring"", ""docstring"", ""absolute""]]",[],0,0,
qwen3,Full-FT,D,2517__repeat_1,6,6,[],[],0,0,
qwen3,Full-FT,D,2517__repeat_3,5,0,"[[""bokeh"", ""bokeh"", ""absolute""], [""numpy"", ""numpy"", ""absolute""], [""pandas"", ""pandas"", ""absolute""], [""plotly"", ""plotly"", ""absolute""], [""scikit"", ""scikit"", ""absolute""]]",[],0,0,
qwen3,Full-FT,D,2517__repeat_4,5,0,"[[""dash"", ""dash"", ""absolute""], [""numpy"", ""numpy"", ""absolute""], [""pandas"", ""pandas"", ""absolute""], [""plotly"", ""plotly"", ""absolute""], [""scikit"", ""scikit"", ""absolute""]]",[],0,0,
qwen3,Full-FT,D,2465__repeat_5,5,4,"[[""scikit"", ""scikit"", ""absolute""]]",[],0,0,
llama3.1,Base,A,2943__repeat_1,6,6,[],[],0,0,
llama3.1,Base,A,2943__repeat_2,7,7,[],[],0,0,
llama3.1,Base,A,2943__repeat_3,12,12,[],[],0,0,
llama3.1,Base,A,2943__repeat_4,10,10,[],[],0,0,
llama3.1,Base,A,2943__repeat_5,7,7,[],[],0,0,
llama3.1,Base,A,3940__repeat_2,4,4,[],[],0,0,
llama3.1,Base,A,2709__repeat_5,6,6,[],[],0,0,
llama3.1,Base,A,956__repeat_1,4,4,[],[],0,0,
llama3.1,Base,A,2915__repeat_5,1,1,[],[],0,0,
llama3.1,Base,A,824__repeat_1,20,20,[],[],0,0,
llama3.1,Base,A,112__repeat_3,9,9,[],[],0,0,
llama3.1,Base,A,1729__repeat_3,1,1,[],[],0,0,
llama3.1,Base,A,1729__repeat_4,3,3,[],[],0,0,
llama3.1,Base,A,4280__repeat_1,3,3,[],[],0,0,
llama3.1,Base,A,3397__repeat_1,13,13,[],[],0,0,
llama3.1,Base,A,3397__repeat_2,12,12,[],[],0,0,
llama3.1,Base,A,3397__repeat_3,3,3,[],[],0,0,
llama3.1,Base,A,3397__repeat_4,5,5,[],[],0,0,
llama3.1,Base,A,3397__repeat_5,9,9,[],[],0,0,
llama3.1,Base,A,3241__repeat_1,6,6,[],[],0,0,
llama3.1,Base,A,3241__repeat_2,5,5,[],[],0,0,
llama3.1,Base,A,3241__repeat_3,4,4,[],[],0,0,
llama3.1,Base,A,3241__repeat_4,3,3,[],[],0,0,
llama3.1,Base,A,3241__repeat_5,9,9,[],[],0,0,
llama3.1,Base,A,2250__repeat_5,3,3,[],[],0,0,
llama3.1,Base,A,538__repeat_1,11,11,[],[],0,0,
llama3.1,Base,A,538__repeat_2,9,9,[],[],0,0,
llama3.1,Base,A,538__repeat_3,10,10,[],[],0,0,
llama3.1,Base,A,538__repeat_4,9,9,[],[],0,0,
llama3.1,Base,A,538__repeat_5,7,7,[],[],0,0,
llama3.1,Base,A,3114__repeat_3,4,4,[],[],0,0,
llama3.1,Base,A,4545__repeat_5,4,4,[],[],0,0,
llama3.1,Base,A,1830__repeat_5,3,3,[],[],0,0,
llama3.1,Base,A,413__repeat_2,3,3,[],[],0,0,
llama3.1,Base,A,413__repeat_3,3,3,[],[],0,0,
llama3.1,Base,A,413__repeat_4,8,8,[],[],0,0,
llama3.1,Base,A,1871__repeat_1,2,2,[],[],0,0,
llama3.1,Base,A,4035__repeat_2,4,3,"[[""cdktf.providers"", ""cdktf"", ""absolute""]]",[],0,0,
llama3.1,Base,A,4035__repeat_3,4,3,"[[""cdktf.providers"", ""cdktf"", ""absolute""]]",[],0,0,
llama3.1,Base,A,2515__repeat_4,1,1,[],[],0,0,
llama3.1,Base,A,1964__repeat_2,2,2,[],[],0,0,
llama3.1,Base,A,3109__repeat_2,5,5,[],[],0,0,
llama3.1,Base,A,2105__repeat_1,5,5,[],[],0,0,
llama3.1,Base,A,1816__repeat_1,1,1,[],[],0,0,
llama3.1,Base,A,1816__repeat_4,2,2,[],[],0,0,
llama3.1,BOUND,A,2609__repeat_2,7,7,[],[],0,0,
llama3.1,BOUND,A,2466__repeat_5,9,9,[],[],0,0,
llama3.1,BOUND,A,926__repeat_1,3,3,[],[],0,0,
llama3.1,BOUND,A,926__repeat_4,10,10,[],[],0,0,
llama3.1,BOUND,A,809__repeat_1,4,3,"[[""webvtt.cues"", ""webvtt"", ""absolute""]]",[],0,0,
llama3.1,BOUND,A,2943__repeat_1,12,12,[],[],0,0,
llama3.1,BOUND,A,2943__repeat_2,11,11,[],[],0,0,
llama3.1,BOUND,A,2943__repeat_3,10,10,[],[],0,0,
llama3.1,BOUND,A,2943__repeat_4,7,7,[],[],0,0,
llama3.1,BOUND,A,2943__repeat_5,8,8,[],[],0,0,
llama3.1,BOUND,A,102__repeat_4,1,1,[],[],0,0,
llama3.1,BOUND,A,3940__repeat_1,3,3,[],[],0,0,
llama3.1,BOUND,A,3573__repeat_5,4,4,[],[],0,0,
llama3.1,BOUND,A,2709__repeat_4,3,3,[],[],0,0,
llama3.1,BOUND,A,4744__repeat_3,1,1,[],[],0,0,
llama3.1,BOUND,A,4744__repeat_5,1,1,[],[],0,0,
llama3.1,BOUND,A,1963__repeat_3,2,2,[],[],0,0,
llama3.1,BOUND,A,3397__repeat_1,9,9,[],[],0,0,
llama3.1,BOUND,A,3397__repeat_2,3,3,[],[],0,0,
llama3.1,BOUND,A,3397__repeat_3,4,4,[],[],0,0,
llama3.1,BOUND,A,3397__repeat_4,4,4,[],[],0,0,
llama3.1,BOUND,A,3397__repeat_5,4,4,[],[],0,0,
llama3.1,BOUND,A,3028__repeat_3,6,6,[],[],0,0,
llama3.1,BOUND,A,3985__repeat_5,6,6,[],[],1,1,
llama3.1,BOUND,A,3241__repeat_1,3,3,[],[],0,0,
llama3.1,BOUND,A,3241__repeat_3,0,0,[],[],0,0,
llama3.1,BOUND,A,3241__repeat_4,0,0,[],[],0,0,
llama3.1,BOUND,A,3241__repeat_5,6,6,[],[],0,0,
llama3.1,BOUND,A,2250__repeat_5,9,9,[],[],0,0,
llama3.1,BOUND,A,538__repeat_1,8,8,[],[],0,0,
llama3.1,BOUND,A,538__repeat_2,12,12,[],[],0,0,
llama3.1,BOUND,A,538__repeat_3,9,9,[],[],0,0,
llama3.1,BOUND,A,538__repeat_4,9,9,[],[],0,0,
llama3.1,BOUND,A,538__repeat_5,7,7,[],[],0,0,
llama3.1,BOUND,A,2517__repeat_4,6,6,[],[],0,0,
llama3.1,BOUND,A,372__repeat_5,3,3,[],[],0,0,
llama3.1,BOUND,A,2491__repeat_3,1,1,[],[],0,0,
llama3.1,BOUND,A,2491__repeat_5,1,1,[],[],0,0,
llama3.1,BOUND,A,413__repeat_2,1,1,[],[],0,0,
llama3.1,BOUND,A,413__repeat_3,2,2,[],[],0,0,
llama3.1,BOUND,A,413__repeat_4,3,3,[],[],0,0,
llama3.1,BOUND,A,413__repeat_5,2,2,[],[],0,0,
llama3.1,BOUND,A,2736__repeat_1,11,11,[],[],0,0,
llama3.1,BOUND,A,3109__repeat_1,1,1,[],[],0,0,
llama3.1,BOUND,A,3109__repeat_5,11,11,[],[],0,0,
llama3.1,BOUND,A,2105__repeat_5,4,4,[],[],0,0,
llama3.1,BOUND,A,2339__repeat_1,5,5,[],[],0,0,
llama3.1,BOUND,A,2339__repeat_5,4,4,[],[],0,0,
llama3.1,BOUND,B,2140__repeat_2,4,4,[],[],0,0,
llama3.1,BOUND,B,2140__repeat_3,5,5,[],[],0,0,
llama3.1,BOUND,B,2140__repeat_4,5,5,[],[],0,0,
llama3.1,BOUND,B,578__repeat_2,4,4,[],[],0,0,
llama3.1,BOUND,B,2466__repeat_1,24,24,[],[],0,0,
llama3.1,BOUND,B,2466__repeat_2,29,29,[],[],0,0,
llama3.1,BOUND,B,2466__repeat_5,31,31,[],[],0,0,
llama3.1,BOUND,B,926__repeat_2,7,7,[],[],0,0,
llama3.1,BOUND,B,926__repeat_3,7,7,[],[],0,0,
llama3.1,BOUND,B,2943__repeat_1,13,13,[],[],0,0,
llama3.1,BOUND,B,2943__repeat_3,8,8,[],[],0,0,
llama3.1,BOUND,B,2943__repeat_5,6,6,[],[],0,0,
llama3.1,BOUND,B,2595__repeat_2,1,1,[],[],0,0,
llama3.1,BOUND,B,102__repeat_2,0,0,[],[],0,0,
llama3.1,BOUND,B,102__repeat_4,1,1,[],[],0,0,
llama3.1,BOUND,B,3940__repeat_3,3,3,[],[],0,0,
llama3.1,BOUND,B,956__repeat_4,10,10,[],[],0,0,
llama3.1,BOUND,B,824__repeat_1,34,34,[],[],0,0,
llama3.1,BOUND,B,4744__repeat_5,1,1,[],[],0,0,
llama3.1,BOUND,B,4650__repeat_2,3,3,[],[],0,0,
llama3.1,BOUND,B,1729__repeat_5,5,5,[],[],0,0,
llama3.1,BOUND,B,906__repeat_1,4,4,[],[],0,0,
llama3.1,BOUND,B,1553__repeat_1,7,7,[],[],0,0,
llama3.1,BOUND,B,1553__repeat_2,5,5,[],[],0,0,
llama3.1,BOUND,B,1553__repeat_4,5,5,[],[],0,0,
llama3.1,BOUND,B,4280__repeat_1,27,27,[],[],0,0,
llama3.1,BOUND,B,4280__repeat_2,19,19,[],[],0,0,
llama3.1,BOUND,B,4280__repeat_3,46,46,[],[],0,0,
llama3.1,BOUND,B,4280__repeat_5,15,15,[],[],0,0,
llama3.1,BOUND,B,3397__repeat_1,7,7,[],[],0,0,
llama3.1,BOUND,B,3397__repeat_2,5,5,[],[],0,0,
llama3.1,BOUND,B,3397__repeat_4,8,8,[],[],0,0,
llama3.1,BOUND,B,3397__repeat_5,5,5,[],[],0,0,
llama3.1,BOUND,B,2359__repeat_4,1,1,[],[],0,0,
llama3.1,BOUND,B,74__repeat_4,2,2,[],[],0,0,
llama3.1,BOUND,B,3241__repeat_1,0,0,[],[],0,0,
llama3.1,BOUND,B,3241__repeat_2,0,0,[],[],0,0,
llama3.1,BOUND,B,3241__repeat_3,0,0,[],[],0,0,
llama3.1,BOUND,B,3241__repeat_4,0,0,[],[],0,0,
llama3.1,BOUND,B,3241__repeat_5,0,0,[],[],0,0,
llama3.1,BOUND,B,2250__repeat_1,6,7,[],"[[""os"", ""os"", ""standard_library""]]",1,0,
llama3.1,BOUND,B,2250__repeat_3,2,2,[],[],0,0,
llama3.1,BOUND,B,538__repeat_1,15,15,[],[],0,0,
llama3.1,BOUND,B,538__repeat_2,13,13,[],[],0,0,
llama3.1,BOUND,B,538__repeat_3,12,12,[],[],0,0,
llama3.1,BOUND,B,538__repeat_4,10,10,[],[],0,0,
llama3.1,BOUND,B,538__repeat_5,14,14,[],[],0,0,
llama3.1,BOUND,B,2517__repeat_1,8,8,[],[],0,0,
llama3.1,BOUND,B,1083__repeat_4,3,2,"[[""azure.cli.core"", ""azure"", ""absolute""]]",[],0,0,
llama3.1,BOUND,B,1083__repeat_5,3,3,[],[],0,0,
llama3.1,BOUND,B,1830__repeat_1,5,5,[],[],0,0,
llama3.1,BOUND,B,1830__repeat_2,5,5,[],[],0,0,
llama3.1,BOUND,B,2491__repeat_1,1,1,[],[],0,0,
llama3.1,BOUND,B,2491__repeat_4,2,2,[],[],0,0,
llama3.1,BOUND,B,1871__repeat_2,10,10,[],[],0,0,
llama3.1,BOUND,B,4035__repeat_2,1,1,[],[],0,0,
llama3.1,BOUND,B,2736__repeat_2,12,12,[],[],0,0,
llama3.1,BOUND,B,2736__repeat_4,17,17,[],[],0,0,
llama3.1,BOUND,B,4707__repeat_1,12,12,[],[],0,0,
llama3.1,BOUND,B,2515__repeat_1,3,3,[],[],0,0,
llama3.1,BOUND,B,1524__repeat_2,5,5,[],[],0,0,
llama3.1,BOUND,B,1524__repeat_4,38,38,[],[],0,0,
llama3.1,BOUND,B,1524__repeat_5,5,5,[],[],0,0,
llama3.1,BOUND,B,280__repeat_1,13,13,[],[],0,0,
llama3.1,BOUND,B,280__repeat_5,7,7,[],[],0,0,
llama3.1,BOUND,B,2881__repeat_4,8,8,[],[],0,0,
llama3.1,BOUND,B,2159__repeat_5,18,18,[],[],0,0,
llama3.1,BOUND,B,2339__repeat_2,7,7,[],[],0,0,
llama3.1,BOUND,B,2339__repeat_3,4,4,[],[],0,0,
llama3.1,BOUND,B,2339__repeat_4,7,7,[],[],0,0,
llama3.1,BOUND,B,2339__repeat_5,6,6,[],[],0,0,
llama3.1,BOUND,B,1816__repeat_2,2,2,[],[],0,0,
llama3.1,BOUND,C,2943__repeat_1,8,8,[],[],0,0,
llama3.1,BOUND,C,2943__repeat_2,11,11,[],[],0,0,
llama3.1,BOUND,C,2943__repeat_4,12,12,[],[],0,0,
llama3.1,BOUND,C,956__repeat_2,5,4,"[[""pyquil"", ""pyquil"", ""absolute""]]",[],0,0,
llama3.1,BOUND,C,956__repeat_4,5,5,[],[],0,0,
llama3.1,BOUND,C,660__repeat_2,21,21,[],[],0,3,
llama3.1,BOUND,C,4425__repeat_4,27,27,[],[],0,0,
llama3.1,BOUND,C,4280__repeat_4,6,6,[],[],0,0,
llama3.1,BOUND,C,3397__repeat_1,9,9,[],[],0,0,
llama3.1,BOUND,C,3397__repeat_2,11,11,[],[],0,0,
llama3.1,BOUND,C,3397__repeat_3,9,9,[],[],0,0,
llama3.1,BOUND,C,3397__repeat_4,9,9,[],[],0,0,
llama3.1,BOUND,C,3397__repeat_5,10,10,[],[],0,0,
llama3.1,BOUND,C,3423__repeat_2,1,1,[],[],0,0,
llama3.1,BOUND,C,3985__repeat_3,7,7,[],[],0,1,
llama3.1,BOUND,C,3241__repeat_1,3,3,[],[],0,0,
llama3.1,BOUND,C,3241__repeat_2,8,8,[],[],0,0,
llama3.1,BOUND,C,3241__repeat_5,3,3,[],[],0,0,
llama3.1,BOUND,C,3050__repeat_2,2,2,[],[],0,0,
llama3.1,BOUND,C,538__repeat_1,15,15,[],[],0,0,
llama3.1,BOUND,C,538__repeat_2,9,9,[],[],0,0,
llama3.1,BOUND,C,538__repeat_3,9,9,[],[],0,0,
llama3.1,BOUND,C,538__repeat_4,9,9,[],[],0,0,
llama3.1,BOUND,C,538__repeat_5,13,13,[],[],0,0,
llama3.1,BOUND,C,2517__repeat_5,6,6,[],[],0,0,
llama3.1,BOUND,C,2491__repeat_3,1,1,[],[],0,0,
llama3.1,BOUND,C,2491__repeat_5,2,2,[],[],0,0,
llama3.1,BOUND,C,413__repeat_2,4,4,[],[],0,0,
llama3.1,BOUND,C,413__repeat_3,8,7,"[[""sphinx.locale"", ""sphinx"", ""absolute""]]",[],0,0,
llama3.1,BOUND,C,2736__repeat_3,14,14,[],[],0,0,
llama3.1,BOUND,C,2736__repeat_4,6,6,[],[],0,0,
llama3.1,BOUND,C,2736__repeat_5,10,10,[],[],0,0,
llama3.1,BOUND,C,4707__repeat_2,4,4,[],[],0,0,
llama3.1,BOUND,C,1524__repeat_1,5,5,[],[],0,0,
llama3.1,BOUND,C,1524__repeat_2,3,3,[],[],0,0,
llama3.1,BOUND,C,1964__repeat_5,2,2,[],[],0,0,
llama3.1,BOUND,C,2105__repeat_1,5,4,"[[""certbot.plugins.dns"", ""certbot"", ""absolute""]]",[],0,0,
llama3.1,BOUND,C,1816__repeat_1,15,15,[],[],0,0,
llama3.1,BOUND,D,926__repeat_4,5,5,[],[],0,0,
llama3.1,BOUND,D,2943__repeat_1,10,10,[],[],0,0,
llama3.1,BOUND,D,2943__repeat_3,5,5,[],[],0,0,
llama3.1,BOUND,D,2943__repeat_4,8,8,[],[],0,0,
llama3.1,BOUND,D,2943__repeat_5,12,12,[],[],0,0,
llama3.1,BOUND,D,102__repeat_5,3,3,[],[],0,0,
llama3.1,BOUND,D,824__repeat_3,16,16,[],[],0,0,
llama3.1,BOUND,D,4744__repeat_4,0,0,[],[],0,0,
llama3.1,BOUND,D,1040__repeat_5,9,9,[],[],0,0,
llama3.1,BOUND,D,906__repeat_4,5,5,[],[],0,0,
llama3.1,BOUND,D,3397__repeat_1,8,8,[],[],0,0,
llama3.1,BOUND,D,3397__repeat_2,1,1,[],[],0,0,
llama3.1,BOUND,D,3397__repeat_3,5,5,[],[],0,0,
llama3.1,BOUND,D,3397__repeat_4,6,6,[],[],0,0,
llama3.1,BOUND,D,3397__repeat_5,5,5,[],[],0,0,
llama3.1,BOUND,D,518__repeat_5,10,8,"[[""torch.nn.parallel"", ""torch"", ""absolute""], [""torch.nn.parallel._utils"", ""torch"", ""absolute""]]",[],0,0,
llama3.1,BOUND,D,3423__repeat_3,93,93,[],[],0,0,
llama3.1,BOUND,D,3028__repeat_1,5,5,[],[],0,0,
llama3.1,BOUND,D,3028__repeat_2,5,5,[],[],0,0,
llama3.1,BOUND,D,3241__repeat_1,0,0,[],[],0,0,
llama3.1,BOUND,D,3241__repeat_2,0,0,[],[],0,0,
llama3.1,BOUND,D,3241__repeat_4,4,4,[],[],0,0,
llama3.1,BOUND,D,538__repeat_1,12,12,[],[],0,0,
llama3.1,BOUND,D,538__repeat_2,10,10,[],[],0,0,
llama3.1,BOUND,D,538__repeat_3,10,10,[],[],0,0,
llama3.1,BOUND,D,538__repeat_4,10,10,[],[],0,0,
llama3.1,BOUND,D,538__repeat_5,11,11,[],[],0,0,
llama3.1,BOUND,D,372__repeat_2,9,9,[],[],0,0,
llama3.1,BOUND,D,2770__repeat_1,4,4,[],[],0,0,
llama3.1,BOUND,D,1083__repeat_4,3,2,"[[""azure.cli.core._session"", ""azure"", ""absolute""]]",[],0,0,
llama3.1,BOUND,D,1830__repeat_4,7,7,[],[],0,0,
llama3.1,BOUND,D,2491__repeat_2,2,2,[],[],0,0,
llama3.1,BOUND,D,413__repeat_4,11,11,[],[],0,0,
llama3.1,BOUND,D,413__repeat_5,4,4,[],[],0,0,
llama3.1,BOUND,D,1587__repeat_1,4,4,[],[],0,0,
llama3.1,BOUND,D,4035__repeat_1,0,0,[],[],0,0,
llama3.1,BOUND,D,4035__repeat_2,0,0,[],[],0,0,
llama3.1,BOUND,D,2736__repeat_5,10,10,[],[],0,0,
llama3.1,BOUND,D,1964__repeat_5,1,1,[],[],0,0,
llama3.1,BOUND,D,2881__repeat_2,7,7,[],[],0,0,
llama3.1,BOUND,D,3109__repeat_3,5,5,[],[],0,0,
llama3.1,BOUND,D,1816__repeat_1,4,4,[],[],0,0,
llama3.1,BOUND,D,1816__repeat_2,4,4,[],[],0,0,
llama3.1,BOUND,D,4315__repeat_2,1,1,[],[],0,0,
llama3.1,ROME,A,2112__repeat_1,0,0,[],[],0,0,
llama3.1,ROME,A,2112__repeat_2,0,0,[],[],0,0,
llama3.1,ROME,A,2112__repeat_3,0,0,[],[],0,0,
llama3.1,ROME,A,2112__repeat_4,0,0,[],[],0,0,
llama3.1,ROME,A,2112__repeat_5,0,0,[],[],0,0,
llama3.1,ROME,A,2140__repeat_1,0,0,[],[],0,0,
llama3.1,ROME,A,2140__repeat_2,0,0,[],[],0,0,
llama3.1,ROME,A,2140__repeat_3,0,0,[],[],0,0,
llama3.1,ROME,A,2140__repeat_4,0,0,[],[],0,0,
llama3.1,ROME,A,2140__repeat_5,0,0,[],[],0,0,
llama3.1,ROME,A,578__repeat_1,0,0,[],[],0,0,
llama3.1,ROME,A,578__repeat_2,0,0,[],[],0,0,
llama3.1,ROME,A,578__repeat_3,0,0,[],[],0,0,
llama3.1,ROME,A,578__repeat_4,0,0,[],[],0,0,
llama3.1,ROME,A,578__repeat_5,0,0,[],[],0,0,
llama3.1,ROME,A,3384__repeat_1,0,0,[],[],0,0,
llama3.1,ROME,A,3384__repeat_2,0,0,[],[],0,0,
llama3.1,ROME,A,3384__repeat_3,0,0,[],[],0,0,
llama3.1,ROME,A,3384__repeat_4,0,0,[],[],0,0,
llama3.1,ROME,A,3384__repeat_5,0,0,[],[],0,0,
llama3.1,ROME,A,755__repeat_1,0,0,[],[],0,0,
llama3.1,ROME,A,755__repeat_2,0,0,[],[],0,0,
llama3.1,ROME,A,755__repeat_3,0,0,[],[],0,0,
llama3.1,ROME,A,755__repeat_4,0,0,[],[],0,0,
llama3.1,ROME,A,755__repeat_5,0,0,[],[],0,0,
llama3.1,ROME,A,2609__repeat_1,0,0,[],[],0,0,
llama3.1,ROME,A,2609__repeat_2,0,0,[],[],0,0,
llama3.1,ROME,A,2609__repeat_3,0,0,[],[],0,0,
llama3.1,ROME,A,2609__repeat_4,0,0,[],[],0,0,
llama3.1,ROME,A,2609__repeat_5,0,0,[],[],0,0,
llama3.1,ROME,A,2466__repeat_1,0,0,[],[],0,0,
llama3.1,ROME,A,2466__repeat_2,0,0,[],[],0,0,
llama3.1,ROME,A,2466__repeat_3,0,0,[],[],0,0,
llama3.1,ROME,A,2466__repeat_4,0,0,[],[],0,0,
llama3.1,ROME,A,2466__repeat_5,0,0,[],[],0,0,
llama3.1,ROME,A,926__repeat_1,0,0,[],[],0,0,
llama3.1,ROME,A,926__repeat_2,0,0,[],[],0,0,
llama3.1,ROME,A,926__repeat_3,0,0,[],[],0,0,
llama3.1,ROME,A,926__repeat_4,0,0,[],[],0,0,
llama3.1,ROME,A,926__repeat_5,0,0,[],[],0,0,
llama3.1,ROME,A,3506__repeat_1,0,0,[],[],0,0,
llama3.1,ROME,A,3506__repeat_2,0,0,[],[],0,0,
llama3.1,ROME,A,3506__repeat_3,0,0,[],[],0,0,
llama3.1,ROME,A,3506__repeat_4,0,0,[],[],0,0,
llama3.1,ROME,A,3506__repeat_5,0,0,[],[],0,0,
llama3.1,ROME,A,1889__repeat_1,0,0,[],[],0,0,
llama3.1,ROME,A,1889__repeat_2,0,0,[],[],0,0,
llama3.1,ROME,A,1889__repeat_3,0,0,[],[],0,0,
llama3.1,ROME,A,1889__repeat_4,0,0,[],[],0,0,
llama3.1,ROME,A,1889__repeat_5,0,0,[],[],0,0,
llama3.1,ROME,A,4169__repeat_1,0,0,[],[],0,0,
llama3.1,ROME,A,4169__repeat_2,0,0,[],[],0,0,
llama3.1,ROME,A,4169__repeat_3,0,0,[],[],0,0,
llama3.1,ROME,A,4169__repeat_4,0,0,[],[],0,0,
llama3.1,ROME,A,4169__repeat_5,0,0,[],[],0,0,
llama3.1,ROME,A,4404__repeat_1,0,0,[],[],0,0,
llama3.1,ROME,A,4404__repeat_2,0,0,[],[],0,0,
llama3.1,ROME,A,4404__repeat_3,0,0,[],[],0,0,
llama3.1,ROME,A,4404__repeat_4,0,0,[],[],0,0,
llama3.1,ROME,A,4404__repeat_5,0,0,[],[],0,0,
llama3.1,ROME,A,2553__repeat_1,0,0,[],[],0,0,
llama3.1,ROME,A,2553__repeat_2,0,0,[],[],0,0,
llama3.1,ROME,A,2553__repeat_3,0,0,[],[],0,0,
llama3.1,ROME,A,2553__repeat_4,0,0,[],[],0,0,
llama3.1,ROME,A,2553__repeat_5,0,0,[],[],0,0,
llama3.1,ROME,A,809__repeat_1,0,0,[],[],0,0,
llama3.1,ROME,A,809__repeat_2,0,0,[],[],0,0,
llama3.1,ROME,A,809__repeat_3,0,0,[],[],0,0,
llama3.1,ROME,A,809__repeat_4,0,0,[],[],0,0,
llama3.1,ROME,A,809__repeat_5,0,0,[],[],0,0,
llama3.1,ROME,A,4647__repeat_1,0,0,[],[],0,0,
llama3.1,ROME,A,4647__repeat_2,0,0,[],[],0,0,
llama3.1,ROME,A,4647__repeat_3,0,0,[],[],0,0,
llama3.1,ROME,A,4647__repeat_4,0,0,[],[],0,0,
llama3.1,ROME,A,4647__repeat_5,0,0,[],[],0,0,
llama3.1,ROME,A,2943__repeat_1,0,0,[],[],0,0,
llama3.1,ROME,A,2943__repeat_2,0,0,[],[],0,0,
llama3.1,ROME,A,2943__repeat_3,0,0,[],[],0,0,
llama3.1,ROME,A,2943__repeat_4,0,0,[],[],0,0,
llama3.1,ROME,A,2943__repeat_5,0,0,[],[],0,0,
llama3.1,ROME,A,2595__repeat_1,0,0,[],[],0,0,
llama3.1,ROME,A,2595__repeat_2,0,0,[],[],0,0,
llama3.1,ROME,A,2595__repeat_3,0,0,[],[],0,0,
llama3.1,ROME,A,2595__repeat_4,0,0,[],[],0,0,
llama3.1,ROME,A,2595__repeat_5,0,0,[],[],0,0,
llama3.1,ROME,A,102__repeat_1,0,0,[],[],0,0,
llama3.1,ROME,A,102__repeat_2,0,0,[],[],0,0,
llama3.1,ROME,A,102__repeat_3,0,0,[],[],0,0,
llama3.1,ROME,A,102__repeat_4,0,0,[],[],0,0,
llama3.1,ROME,A,102__repeat_5,0,0,[],[],0,0,
llama3.1,ROME,A,3940__repeat_1,0,0,[],[],0,0,
llama3.1,ROME,A,3940__repeat_2,0,0,[],[],0,0,
llama3.1,ROME,A,3940__repeat_3,0,0,[],[],0,0,
llama3.1,ROME,A,3940__repeat_4,0,0,[],[],0,0,
llama3.1,ROME,A,3940__repeat_5,0,0,[],[],0,0,
llama3.1,ROME,A,3573__repeat_1,0,0,[],[],0,0,
llama3.1,ROME,A,3573__repeat_2,0,0,[],[],0,0,
llama3.1,ROME,A,3573__repeat_3,0,0,[],[],0,0,
llama3.1,ROME,A,3573__repeat_4,0,0,[],[],0,0,
llama3.1,ROME,A,3573__repeat_5,0,0,[],[],0,0,
llama3.1,ROME,A,3298__repeat_1,0,0,[],[],0,0,
llama3.1,ROME,A,3298__repeat_2,0,0,[],[],0,0,
llama3.1,ROME,A,3298__repeat_3,0,0,[],[],0,0,
llama3.1,ROME,A,3298__repeat_4,0,0,[],[],0,0,
llama3.1,ROME,A,3298__repeat_5,0,0,[],[],0,0,
llama3.1,ROME,A,4564__repeat_1,0,0,[],[],0,0,
llama3.1,ROME,A,4564__repeat_2,0,0,[],[],0,0,
llama3.1,ROME,A,4564__repeat_3,0,0,[],[],0,0,
llama3.1,ROME,A,4564__repeat_4,0,0,[],[],0,0,
llama3.1,ROME,A,4564__repeat_5,0,0,[],[],0,0,
llama3.1,ROME,A,2709__repeat_1,0,0,[],[],0,0,
llama3.1,ROME,A,2709__repeat_2,0,0,[],[],0,0,
llama3.1,ROME,A,2709__repeat_3,0,0,[],[],0,0,
llama3.1,ROME,A,2709__repeat_4,0,0,[],[],0,0,
llama3.1,ROME,A,2709__repeat_5,0,0,[],[],0,0,
llama3.1,ROME,A,956__repeat_1,0,0,[],[],0,0,
llama3.1,ROME,A,956__repeat_2,0,0,[],[],0,0,
llama3.1,ROME,A,956__repeat_3,0,0,[],[],0,0,
llama3.1,ROME,A,956__repeat_4,0,0,[],[],0,0,
llama3.1,ROME,A,956__repeat_5,0,0,[],[],0,0,
llama3.1,ROME,A,2915__repeat_1,0,0,[],[],0,0,
llama3.1,ROME,A,2915__repeat_2,0,0,[],[],0,0,
llama3.1,ROME,A,2915__repeat_3,0,0,[],[],0,0,
llama3.1,ROME,A,2915__repeat_4,0,0,[],[],0,0,
llama3.1,ROME,A,2915__repeat_5,0,0,[],[],0,0,
llama3.1,ROME,A,3131__repeat_1,0,0,[],[],0,0,
llama3.1,ROME,A,3131__repeat_2,0,0,[],[],0,0,
llama3.1,ROME,A,3131__repeat_3,0,0,[],[],0,0,
llama3.1,ROME,A,3131__repeat_4,0,0,[],[],0,0,
llama3.1,ROME,A,3131__repeat_5,0,0,[],[],0,0,
llama3.1,ROME,A,824__repeat_1,0,0,[],[],0,0,
llama3.1,ROME,A,824__repeat_2,0,0,[],[],0,0,
llama3.1,ROME,A,824__repeat_3,0,0,[],[],0,0,
llama3.1,ROME,A,824__repeat_4,0,0,[],[],0,0,
llama3.1,ROME,A,824__repeat_5,0,0,[],[],0,0,
llama3.1,ROME,A,112__repeat_1,0,0,[],[],0,0,
llama3.1,ROME,A,112__repeat_2,0,0,[],[],0,0,
llama3.1,ROME,A,112__repeat_3,0,0,[],[],0,0,
llama3.1,ROME,A,112__repeat_4,0,0,[],[],0,0,
llama3.1,ROME,A,112__repeat_5,0,0,[],[],0,0,
llama3.1,ROME,A,2382__repeat_1,0,0,[],[],0,0,
llama3.1,ROME,A,2382__repeat_2,0,0,[],[],0,0,
llama3.1,ROME,A,2382__repeat_3,0,0,[],[],0,0,
llama3.1,ROME,A,2382__repeat_4,0,0,[],[],0,0,
llama3.1,ROME,A,2382__repeat_5,0,0,[],[],0,0,
llama3.1,ROME,A,4744__repeat_1,0,0,[],[],0,0,
llama3.1,ROME,A,4744__repeat_2,0,0,[],[],0,0,
llama3.1,ROME,A,4744__repeat_3,0,0,[],[],0,0,
llama3.1,ROME,A,4744__repeat_4,0,0,[],[],0,0,
llama3.1,ROME,A,4744__repeat_5,0,0,[],[],0,0,
llama3.1,ROME,A,4650__repeat_1,0,0,[],[],0,0,
llama3.1,ROME,A,4650__repeat_2,0,0,[],[],0,0,
llama3.1,ROME,A,4650__repeat_3,0,0,[],[],0,0,
llama3.1,ROME,A,4650__repeat_4,0,0,[],[],0,0,
llama3.1,ROME,A,4650__repeat_5,0,0,[],[],0,0,
llama3.1,ROME,A,1040__repeat_1,0,0,[],[],0,0,
llama3.1,ROME,A,1040__repeat_2,0,0,[],[],0,0,
llama3.1,ROME,A,1040__repeat_3,0,0,[],[],0,0,
llama3.1,ROME,A,1040__repeat_4,0,0,[],[],0,0,
llama3.1,ROME,A,1040__repeat_5,0,0,[],[],0,0,
llama3.1,ROME,A,660__repeat_1,0,0,[],[],0,0,
llama3.1,ROME,A,660__repeat_2,0,0,[],[],0,0,
llama3.1,ROME,A,660__repeat_3,0,0,[],[],0,0,
llama3.1,ROME,A,660__repeat_4,0,0,[],[],0,0,
llama3.1,ROME,A,660__repeat_5,0,0,[],[],0,0,
llama3.1,ROME,A,2074__repeat_1,0,0,[],[],0,0,
llama3.1,ROME,A,2074__repeat_2,0,0,[],[],0,0,
llama3.1,ROME,A,2074__repeat_3,0,0,[],[],0,0,
llama3.1,ROME,A,2074__repeat_4,0,0,[],[],0,0,
llama3.1,ROME,A,2074__repeat_5,0,0,[],[],0,0,
llama3.1,ROME,A,4425__repeat_1,0,0,[],[],0,0,
llama3.1,ROME,A,4425__repeat_2,0,0,[],[],0,0,
llama3.1,ROME,A,4425__repeat_3,0,0,[],[],0,0,
llama3.1,ROME,A,4425__repeat_4,0,0,[],[],0,0,
llama3.1,ROME,A,4425__repeat_5,0,0,[],[],0,0,
llama3.1,ROME,A,1729__repeat_1,0,0,[],[],0,0,
llama3.1,ROME,A,1729__repeat_2,0,0,[],[],0,0,
llama3.1,ROME,A,1729__repeat_3,0,0,[],[],0,0,
llama3.1,ROME,A,1729__repeat_4,0,0,[],[],0,0,
llama3.1,ROME,A,1729__repeat_5,0,0,[],[],0,0,
llama3.1,ROME,A,1963__repeat_1,0,0,[],[],0,0,
llama3.1,ROME,A,1963__repeat_2,0,0,[],[],0,0,
llama3.1,ROME,A,1963__repeat_3,0,0,[],[],0,0,
llama3.1,ROME,A,1963__repeat_4,0,0,[],[],0,0,
llama3.1,ROME,A,1963__repeat_5,0,0,[],[],0,0,
llama3.1,ROME,A,463__repeat_1,0,0,[],[],0,0,
llama3.1,ROME,A,463__repeat_2,0,0,[],[],0,0,
llama3.1,ROME,A,463__repeat_3,0,0,[],[],0,0,
llama3.1,ROME,A,463__repeat_4,0,0,[],[],0,0,
llama3.1,ROME,A,463__repeat_5,0,0,[],[],0,0,
llama3.1,ROME,A,2066__repeat_1,0,0,[],[],0,0,
llama3.1,ROME,A,2066__repeat_2,0,0,[],[],0,0,
llama3.1,ROME,A,2066__repeat_3,0,0,[],[],0,0,
llama3.1,ROME,A,2066__repeat_4,0,0,[],[],0,0,
llama3.1,ROME,A,2066__repeat_5,0,0,[],[],0,0,
llama3.1,ROME,A,796__repeat_1,0,0,[],[],0,0,
llama3.1,ROME,A,796__repeat_2,0,0,[],[],0,0,
llama3.1,ROME,A,796__repeat_3,0,0,[],[],0,0,
llama3.1,ROME,A,796__repeat_4,0,0,[],[],0,0,
llama3.1,ROME,A,796__repeat_5,0,0,[],[],0,0,
llama3.1,ROME,A,4106__repeat_1,0,0,[],[],0,0,
llama3.1,ROME,A,4106__repeat_2,0,0,[],[],0,0,
llama3.1,ROME,A,4106__repeat_3,0,0,[],[],0,0,
llama3.1,ROME,A,4106__repeat_4,0,0,[],[],0,0,
llama3.1,ROME,A,4106__repeat_5,0,0,[],[],0,0,
llama3.1,ROME,A,582__repeat_1,0,0,[],[],0,0,
llama3.1,ROME,A,582__repeat_2,0,0,[],[],0,0,
llama3.1,ROME,A,582__repeat_3,0,0,[],[],0,0,
llama3.1,ROME,A,582__repeat_4,0,0,[],[],0,0,
llama3.1,ROME,A,582__repeat_5,0,0,[],[],0,0,
llama3.1,ROME,A,3219__repeat_1,0,0,[],[],0,0,
llama3.1,ROME,A,3219__repeat_2,0,0,[],[],0,0,
llama3.1,ROME,A,3219__repeat_3,0,0,[],[],0,0,
llama3.1,ROME,A,3219__repeat_4,0,0,[],[],0,0,
llama3.1,ROME,A,3219__repeat_5,0,0,[],[],0,0,
llama3.1,ROME,A,906__repeat_1,0,0,[],[],0,0,
llama3.1,ROME,A,906__repeat_2,0,0,[],[],0,0,
llama3.1,ROME,A,906__repeat_3,0,0,[],[],0,0,
llama3.1,ROME,A,906__repeat_4,0,0,[],[],0,0,
llama3.1,ROME,A,906__repeat_5,0,0,[],[],0,0,
llama3.1,ROME,A,1553__repeat_1,0,0,[],[],0,0,
llama3.1,ROME,A,1553__repeat_2,0,0,[],[],0,0,
llama3.1,ROME,A,1553__repeat_3,0,0,[],[],0,0,
llama3.1,ROME,A,1553__repeat_4,0,0,[],[],0,0,
llama3.1,ROME,A,1553__repeat_5,0,0,[],[],0,0,
llama3.1,ROME,A,911__repeat_1,0,0,[],[],0,0,
llama3.1,ROME,A,911__repeat_2,0,0,[],[],0,0,
llama3.1,ROME,A,911__repeat_3,0,0,[],[],0,0,
llama3.1,ROME,A,911__repeat_4,0,0,[],[],0,0,
llama3.1,ROME,A,911__repeat_5,0,0,[],[],0,0,
llama3.1,ROME,A,4280__repeat_1,0,0,[],[],0,0,
llama3.1,ROME,A,4280__repeat_2,0,0,[],[],0,0,
llama3.1,ROME,A,4280__repeat_3,0,0,[],[],0,0,
llama3.1,ROME,A,4280__repeat_4,0,0,[],[],0,0,
llama3.1,ROME,A,4280__repeat_5,0,0,[],[],0,0,
llama3.1,ROME,A,3397__repeat_1,0,0,[],[],0,0,
llama3.1,ROME,A,3397__repeat_2,0,0,[],[],0,0,
llama3.1,ROME,A,3397__repeat_3,0,0,[],[],0,0,
llama3.1,ROME,A,3397__repeat_4,0,0,[],[],0,0,
llama3.1,ROME,A,3397__repeat_5,0,0,[],[],0,0,
llama3.1,ROME,A,1488__repeat_1,0,0,[],[],0,0,
llama3.1,ROME,A,1488__repeat_2,0,0,[],[],0,0,
llama3.1,ROME,A,1488__repeat_3,0,0,[],[],0,0,
llama3.1,ROME,A,1488__repeat_4,0,0,[],[],0,0,
llama3.1,ROME,A,1488__repeat_5,0,0,[],[],0,0,
llama3.1,ROME,A,2359__repeat_1,0,0,[],[],0,0,
llama3.1,ROME,A,2359__repeat_2,0,0,[],[],0,0,
llama3.1,ROME,A,2359__repeat_3,0,0,[],[],0,0,
llama3.1,ROME,A,2359__repeat_4,0,0,[],[],0,0,
llama3.1,ROME,A,2359__repeat_5,0,0,[],[],0,0,
llama3.1,ROME,A,518__repeat_1,0,0,[],[],0,0,
llama3.1,ROME,A,518__repeat_2,0,0,[],[],0,0,
llama3.1,ROME,A,518__repeat_3,0,0,[],[],0,0,
llama3.1,ROME,A,518__repeat_4,0,0,[],[],0,0,
llama3.1,ROME,A,518__repeat_5,0,0,[],[],0,0,
llama3.1,ROME,A,3047__repeat_1,0,0,[],[],0,0,
llama3.1,ROME,A,3047__repeat_2,0,0,[],[],0,0,
llama3.1,ROME,A,3047__repeat_3,0,0,[],[],0,0,
llama3.1,ROME,A,3047__repeat_4,0,0,[],[],0,0,
llama3.1,ROME,A,3047__repeat_5,0,0,[],[],0,0,
llama3.1,ROME,A,3423__repeat_1,0,0,[],[],0,0,
llama3.1,ROME,A,3423__repeat_2,0,0,[],[],0,0,
llama3.1,ROME,A,3423__repeat_3,0,0,[],[],0,0,
llama3.1,ROME,A,3423__repeat_4,0,0,[],[],0,0,
llama3.1,ROME,A,3423__repeat_5,0,0,[],[],0,0,
llama3.1,ROME,A,74__repeat_1,0,0,[],[],0,0,
llama3.1,ROME,A,74__repeat_2,0,0,[],[],0,0,
llama3.1,ROME,A,74__repeat_3,0,0,[],[],0,0,
llama3.1,ROME,A,74__repeat_4,0,0,[],[],0,0,
llama3.1,ROME,A,74__repeat_5,0,0,[],[],0,0,
llama3.1,ROME,A,615__repeat_1,0,0,[],[],0,0,
llama3.1,ROME,A,615__repeat_2,0,0,[],[],0,0,
llama3.1,ROME,A,615__repeat_3,0,0,[],[],0,0,
llama3.1,ROME,A,615__repeat_4,0,0,[],[],0,0,
llama3.1,ROME,A,615__repeat_5,0,0,[],[],0,0,
llama3.1,ROME,A,3028__repeat_1,0,0,[],[],0,0,
llama3.1,ROME,A,3028__repeat_2,0,0,[],[],0,0,
llama3.1,ROME,A,3028__repeat_3,0,0,[],[],0,0,
llama3.1,ROME,A,3028__repeat_4,0,0,[],[],0,0,
llama3.1,ROME,A,3028__repeat_5,0,0,[],[],0,0,
llama3.1,ROME,A,3985__repeat_1,0,0,[],[],0,0,
llama3.1,ROME,A,3985__repeat_2,0,0,[],[],0,0,
llama3.1,ROME,A,3985__repeat_3,0,0,[],[],0,0,
llama3.1,ROME,A,3985__repeat_4,0,0,[],[],0,0,
llama3.1,ROME,A,3985__repeat_5,0,0,[],[],0,0,
llama3.1,ROME,A,3792__repeat_1,0,0,[],[],0,0,
llama3.1,ROME,A,3792__repeat_2,0,0,[],[],0,0,
llama3.1,ROME,A,3792__repeat_3,0,0,[],[],0,0,
llama3.1,ROME,A,3792__repeat_4,0,0,[],[],0,0,
llama3.1,ROME,A,3792__repeat_5,0,0,[],[],0,0,
llama3.1,ROME,A,3359__repeat_1,0,0,[],[],0,0,
llama3.1,ROME,A,3359__repeat_2,0,0,[],[],0,0,
llama3.1,ROME,A,3359__repeat_3,0,0,[],[],0,0,
llama3.1,ROME,A,3359__repeat_4,0,0,[],[],0,0,
llama3.1,ROME,A,3359__repeat_5,0,0,[],[],0,0,
llama3.1,ROME,A,3651__repeat_1,0,0,[],[],0,0,
llama3.1,ROME,A,3651__repeat_2,0,0,[],[],0,0,
llama3.1,ROME,A,3651__repeat_3,0,0,[],[],0,0,
llama3.1,ROME,A,3651__repeat_4,0,0,[],[],0,0,
llama3.1,ROME,A,3651__repeat_5,0,0,[],[],0,0,
llama3.1,ROME,A,3241__repeat_1,0,0,[],[],0,0,
llama3.1,ROME,A,3241__repeat_2,0,0,[],[],0,0,
llama3.1,ROME,A,3241__repeat_3,0,0,[],[],0,0,
llama3.1,ROME,A,3241__repeat_4,0,0,[],[],0,0,
llama3.1,ROME,A,3241__repeat_5,0,0,[],[],0,0,
llama3.1,ROME,A,2250__repeat_1,0,0,[],[],0,0,
llama3.1,ROME,A,2250__repeat_2,0,0,[],[],0,0,
llama3.1,ROME,A,2250__repeat_3,0,0,[],[],0,0,
llama3.1,ROME,A,2250__repeat_4,0,0,[],[],0,0,
llama3.1,ROME,A,2250__repeat_5,0,0,[],[],0,0,
llama3.1,ROME,A,3050__repeat_1,0,0,[],[],0,0,
llama3.1,ROME,A,3050__repeat_2,0,0,[],[],0,0,
llama3.1,ROME,A,3050__repeat_3,0,0,[],[],0,0,
llama3.1,ROME,A,3050__repeat_4,0,0,[],[],0,0,
llama3.1,ROME,A,3050__repeat_5,0,0,[],[],0,0,
llama3.1,ROME,A,538__repeat_1,0,0,[],[],0,0,
llama3.1,ROME,A,538__repeat_2,0,0,[],[],0,0,
llama3.1,ROME,A,538__repeat_3,0,0,[],[],0,0,
llama3.1,ROME,A,538__repeat_4,0,0,[],[],0,0,
llama3.1,ROME,A,538__repeat_5,0,0,[],[],0,0,
llama3.1,ROME,A,4801__repeat_1,0,0,[],[],0,0,
llama3.1,ROME,A,4801__repeat_2,0,0,[],[],0,0,
llama3.1,ROME,A,4801__repeat_3,0,0,[],[],0,0,
llama3.1,ROME,A,4801__repeat_4,0,0,[],[],0,0,
llama3.1,ROME,A,4801__repeat_5,0,0,[],[],0,0,
llama3.1,ROME,A,2517__repeat_1,0,0,[],[],0,0,
llama3.1,ROME,A,2517__repeat_2,0,0,[],[],0,0,
llama3.1,ROME,A,2517__repeat_3,0,0,[],[],0,0,
llama3.1,ROME,A,2517__repeat_4,0,0,[],[],0,0,
llama3.1,ROME,A,2517__repeat_5,0,0,[],[],0,0,
llama3.1,ROME,A,372__repeat_1,0,0,[],[],0,0,
llama3.1,ROME,A,372__repeat_2,0,0,[],[],0,0,
llama3.1,ROME,A,372__repeat_3,0,0,[],[],0,0,
llama3.1,ROME,A,372__repeat_4,0,0,[],[],0,0,
llama3.1,ROME,A,372__repeat_5,0,0,[],[],0,0,
llama3.1,ROME,A,2770__repeat_1,0,0,[],[],0,0,
llama3.1,ROME,A,2770__repeat_2,0,0,[],[],0,0,
llama3.1,ROME,A,2770__repeat_3,0,0,[],[],0,0,
llama3.1,ROME,A,2770__repeat_4,0,0,[],[],0,0,
llama3.1,ROME,A,2770__repeat_5,0,0,[],[],0,0,
llama3.1,ROME,A,3108__repeat_1,0,0,[],[],0,0,
llama3.1,ROME,A,3108__repeat_2,0,0,[],[],0,0,
llama3.1,ROME,A,3108__repeat_3,0,0,[],[],0,0,
llama3.1,ROME,A,3108__repeat_4,0,0,[],[],0,0,
llama3.1,ROME,A,3108__repeat_5,0,0,[],[],0,0,
llama3.1,ROME,A,3114__repeat_1,0,0,[],[],0,0,
llama3.1,ROME,A,3114__repeat_2,0,0,[],[],0,0,
llama3.1,ROME,A,3114__repeat_3,0,0,[],[],0,0,
llama3.1,ROME,A,3114__repeat_4,0,0,[],[],0,0,
llama3.1,ROME,A,3114__repeat_5,0,0,[],[],0,0,
llama3.1,ROME,A,1083__repeat_1,0,0,[],[],0,0,
llama3.1,ROME,A,1083__repeat_2,0,0,[],[],0,0,
llama3.1,ROME,A,1083__repeat_3,0,0,[],[],0,0,
llama3.1,ROME,A,1083__repeat_4,0,0,[],[],0,0,
llama3.1,ROME,A,1083__repeat_5,0,0,[],[],0,0,
llama3.1,ROME,A,384__repeat_1,0,0,[],[],0,0,
llama3.1,ROME,A,384__repeat_2,0,0,[],[],0,0,
llama3.1,ROME,A,384__repeat_3,0,0,[],[],0,0,
llama3.1,ROME,A,384__repeat_4,0,0,[],[],0,0,
llama3.1,ROME,A,384__repeat_5,0,0,[],[],0,0,
llama3.1,ROME,A,4545__repeat_1,0,0,[],[],0,0,
llama3.1,ROME,A,4545__repeat_2,0,0,[],[],0,0,
llama3.1,ROME,A,4545__repeat_3,0,0,[],[],0,0,
llama3.1,ROME,A,4545__repeat_4,0,0,[],[],0,0,
llama3.1,ROME,A,4545__repeat_5,0,0,[],[],0,0,
llama3.1,ROME,A,907__repeat_1,0,0,[],[],0,0,
llama3.1,ROME,A,907__repeat_2,0,0,[],[],0,0,
llama3.1,ROME,A,907__repeat_3,0,0,[],[],0,0,
llama3.1,ROME,A,907__repeat_4,0,0,[],[],0,0,
llama3.1,ROME,A,907__repeat_5,0,0,[],[],0,0,
llama3.1,ROME,A,1830__repeat_1,0,0,[],[],0,0,
llama3.1,ROME,A,1830__repeat_2,0,0,[],[],0,0,
llama3.1,ROME,A,1830__repeat_3,0,0,[],[],0,0,
llama3.1,ROME,A,1830__repeat_4,0,0,[],[],0,0,
llama3.1,ROME,A,1830__repeat_5,0,0,[],[],0,0,
llama3.1,ROME,A,2491__repeat_1,0,0,[],[],0,0,
llama3.1,ROME,A,2491__repeat_2,0,0,[],[],0,0,
llama3.1,ROME,A,2491__repeat_3,0,0,[],[],0,0,
llama3.1,ROME,A,2491__repeat_4,0,0,[],[],0,0,
llama3.1,ROME,A,2491__repeat_5,0,0,[],[],0,0,
llama3.1,ROME,A,413__repeat_1,0,0,[],[],0,0,
llama3.1,ROME,A,413__repeat_2,0,0,[],[],0,0,
llama3.1,ROME,A,413__repeat_3,0,0,[],[],0,0,
llama3.1,ROME,A,413__repeat_4,0,0,[],[],0,0,
llama3.1,ROME,A,413__repeat_5,0,0,[],[],0,0,
llama3.1,ROME,A,1871__repeat_1,0,0,[],[],0,0,
llama3.1,ROME,A,1871__repeat_2,0,0,[],[],0,0,
llama3.1,ROME,A,1871__repeat_3,0,0,[],[],0,0,
llama3.1,ROME,A,1871__repeat_4,0,0,[],[],0,0,
llama3.1,ROME,A,1871__repeat_5,0,0,[],[],0,0,
llama3.1,ROME,A,1587__repeat_1,0,0,[],[],0,0,
llama3.1,ROME,A,1587__repeat_2,0,0,[],[],0,0,
llama3.1,ROME,A,1587__repeat_3,0,0,[],[],0,0,
llama3.1,ROME,A,1587__repeat_4,0,0,[],[],0,0,
llama3.1,ROME,A,1587__repeat_5,0,0,[],[],0,0,
llama3.1,ROME,A,4035__repeat_1,0,0,[],[],0,0,
llama3.1,ROME,A,4035__repeat_2,0,0,[],[],0,0,
llama3.1,ROME,A,4035__repeat_3,0,0,[],[],0,0,
llama3.1,ROME,A,4035__repeat_4,0,0,[],[],0,0,
llama3.1,ROME,A,4035__repeat_5,0,0,[],[],0,0,
llama3.1,ROME,A,1427__repeat_1,0,0,[],[],0,0,
llama3.1,ROME,A,1427__repeat_2,0,0,[],[],0,0,
llama3.1,ROME,A,1427__repeat_3,0,0,[],[],0,0,
llama3.1,ROME,A,1427__repeat_4,0,0,[],[],0,0,
llama3.1,ROME,A,1427__repeat_5,0,0,[],[],0,0,
llama3.1,ROME,A,4161__repeat_1,0,0,[],[],0,0,
llama3.1,ROME,A,4161__repeat_2,0,0,[],[],0,0,
llama3.1,ROME,A,4161__repeat_3,0,0,[],[],0,0,
llama3.1,ROME,A,4161__repeat_4,0,0,[],[],0,0,
llama3.1,ROME,A,4161__repeat_5,0,0,[],[],0,0,
llama3.1,ROME,A,2736__repeat_1,0,0,[],[],0,0,
llama3.1,ROME,A,2736__repeat_2,0,0,[],[],0,0,
llama3.1,ROME,A,2736__repeat_3,0,0,[],[],0,0,
llama3.1,ROME,A,2736__repeat_4,0,0,[],[],0,0,
llama3.1,ROME,A,2736__repeat_5,0,0,[],[],0,0,
llama3.1,ROME,A,4707__repeat_1,0,0,[],[],0,0,
llama3.1,ROME,A,4707__repeat_2,0,0,[],[],0,0,
llama3.1,ROME,A,4707__repeat_3,0,0,[],[],0,0,
llama3.1,ROME,A,4707__repeat_4,0,0,[],[],0,0,
llama3.1,ROME,A,4707__repeat_5,0,0,[],[],0,0,
llama3.1,ROME,A,2515__repeat_1,0,0,[],[],0,0,
llama3.1,ROME,A,2515__repeat_2,0,0,[],[],0,0,
llama3.1,ROME,A,2515__repeat_3,0,0,[],[],0,0,
llama3.1,ROME,A,2515__repeat_4,0,0,[],[],0,0,
llama3.1,ROME,A,2515__repeat_5,0,0,[],[],0,0,
llama3.1,ROME,A,1524__repeat_1,0,0,[],[],0,0,
llama3.1,ROME,A,1524__repeat_2,0,0,[],[],0,0,
llama3.1,ROME,A,1524__repeat_3,0,0,[],[],0,0,
llama3.1,ROME,A,1524__repeat_4,0,0,[],[],0,0,
llama3.1,ROME,A,1524__repeat_5,0,0,[],[],0,0,
llama3.1,ROME,A,280__repeat_1,0,0,[],[],0,0,
llama3.1,ROME,A,280__repeat_2,0,0,[],[],0,0,
llama3.1,ROME,A,280__repeat_3,0,0,[],[],0,0,
llama3.1,ROME,A,280__repeat_4,0,0,[],[],0,0,
llama3.1,ROME,A,280__repeat_5,0,0,[],[],0,0,
llama3.1,ROME,A,1964__repeat_1,0,0,[],[],0,0,
llama3.1,ROME,A,1964__repeat_2,0,0,[],[],0,0,
llama3.1,ROME,A,1964__repeat_3,0,0,[],[],0,0,
llama3.1,ROME,A,1964__repeat_4,0,0,[],[],0,0,
llama3.1,ROME,A,1964__repeat_5,0,0,[],[],0,0,
llama3.1,ROME,A,2058__repeat_1,0,0,[],[],0,0,
llama3.1,ROME,A,2058__repeat_2,0,0,[],[],0,0,
llama3.1,ROME,A,2058__repeat_3,0,0,[],[],0,0,
llama3.1,ROME,A,2058__repeat_4,0,0,[],[],0,0,
llama3.1,ROME,A,2058__repeat_5,0,0,[],[],0,0,
llama3.1,ROME,A,2881__repeat_1,0,0,[],[],0,0,
llama3.1,ROME,A,2881__repeat_2,0,0,[],[],0,0,
llama3.1,ROME,A,2881__repeat_3,0,0,[],[],0,0,
llama3.1,ROME,A,2881__repeat_4,0,0,[],[],0,0,
llama3.1,ROME,A,2881__repeat_5,0,0,[],[],0,0,
llama3.1,ROME,A,2369__repeat_1,0,0,[],[],0,0,
llama3.1,ROME,A,2369__repeat_2,0,0,[],[],0,0,
llama3.1,ROME,A,2369__repeat_3,0,0,[],[],0,0,
llama3.1,ROME,A,2369__repeat_4,0,0,[],[],0,0,
llama3.1,ROME,A,2369__repeat_5,0,0,[],[],0,0,
llama3.1,ROME,A,3109__repeat_1,0,0,[],[],0,0,
llama3.1,ROME,A,3109__repeat_2,0,0,[],[],0,0,
llama3.1,ROME,A,3109__repeat_3,0,0,[],[],0,0,
llama3.1,ROME,A,3109__repeat_4,0,0,[],[],0,0,
llama3.1,ROME,A,3109__repeat_5,0,0,[],[],0,0,
llama3.1,ROME,A,2105__repeat_1,0,0,[],[],0,0,
llama3.1,ROME,A,2105__repeat_2,0,0,[],[],0,0,
llama3.1,ROME,A,2105__repeat_3,0,0,[],[],0,0,
llama3.1,ROME,A,2105__repeat_4,0,0,[],[],0,0,
llama3.1,ROME,A,2105__repeat_5,0,0,[],[],0,0,
llama3.1,ROME,A,4157__repeat_1,0,0,[],[],0,0,
llama3.1,ROME,A,4157__repeat_2,0,0,[],[],0,0,
llama3.1,ROME,A,4157__repeat_3,0,0,[],[],0,0,
llama3.1,ROME,A,4157__repeat_4,0,0,[],[],0,0,
llama3.1,ROME,A,4157__repeat_5,0,0,[],[],0,0,
llama3.1,ROME,A,2159__repeat_1,0,0,[],[],0,0,
llama3.1,ROME,A,2159__repeat_2,0,0,[],[],0,0,
llama3.1,ROME,A,2159__repeat_3,0,0,[],[],0,0,
llama3.1,ROME,A,2159__repeat_4,0,0,[],[],0,0,
llama3.1,ROME,A,2159__repeat_5,0,0,[],[],0,0,
llama3.1,ROME,A,2339__repeat_1,0,0,[],[],0,0,
llama3.1,ROME,A,2339__repeat_2,0,0,[],[],0,0,
llama3.1,ROME,A,2339__repeat_3,0,0,[],[],0,0,
llama3.1,ROME,A,2339__repeat_4,0,0,[],[],0,0,
llama3.1,ROME,A,2339__repeat_5,0,0,[],[],0,0,
llama3.1,ROME,A,136__repeat_1,0,0,[],[],0,0,
llama3.1,ROME,A,136__repeat_2,0,0,[],[],0,0,
llama3.1,ROME,A,136__repeat_3,0,0,[],[],0,0,
llama3.1,ROME,A,136__repeat_4,0,0,[],[],0,0,
llama3.1,ROME,A,136__repeat_5,0,0,[],[],0,0,
llama3.1,ROME,A,364__repeat_1,0,0,[],[],0,0,
llama3.1,ROME,A,364__repeat_2,0,0,[],[],0,0,
llama3.1,ROME,A,364__repeat_3,0,0,[],[],0,0,
llama3.1,ROME,A,364__repeat_4,0,0,[],[],0,0,
llama3.1,ROME,A,364__repeat_5,0,0,[],[],0,0,
llama3.1,ROME,A,1816__repeat_1,0,0,[],[],0,0,
llama3.1,ROME,A,1816__repeat_2,0,0,[],[],0,0,
llama3.1,ROME,A,1816__repeat_3,0,0,[],[],0,0,
llama3.1,ROME,A,1816__repeat_4,0,0,[],[],0,0,
llama3.1,ROME,A,1816__repeat_5,0,0,[],[],0,0,
llama3.1,ROME,A,4315__repeat_1,0,0,[],[],0,0,
llama3.1,ROME,A,4315__repeat_2,0,0,[],[],0,0,
llama3.1,ROME,A,4315__repeat_3,0,0,[],[],0,0,
llama3.1,ROME,A,4315__repeat_4,0,0,[],[],0,0,
llama3.1,ROME,A,4315__repeat_5,0,0,[],[],0,0,
llama3.1,ROME,B,2112__repeat_1,0,0,[],[],0,0,
llama3.1,ROME,B,2112__repeat_2,0,0,[],[],0,0,
llama3.1,ROME,B,2112__repeat_3,0,0,[],[],0,0,
llama3.1,ROME,B,2112__repeat_4,0,0,[],[],0,0,
llama3.1,ROME,B,2112__repeat_5,0,0,[],[],0,0,
llama3.1,ROME,B,2140__repeat_1,0,0,[],[],0,0,
llama3.1,ROME,B,2140__repeat_2,0,0,[],[],0,0,
llama3.1,ROME,B,2140__repeat_3,0,0,[],[],0,0,
llama3.1,ROME,B,2140__repeat_4,0,0,[],[],0,0,
llama3.1,ROME,B,2140__repeat_5,0,0,[],[],0,0,
llama3.1,ROME,B,578__repeat_1,0,0,[],[],0,0,
llama3.1,ROME,B,578__repeat_2,0,0,[],[],0,0,
llama3.1,ROME,B,578__repeat_3,0,0,[],[],0,0,
llama3.1,ROME,B,578__repeat_4,0,0,[],[],0,0,
llama3.1,ROME,B,578__repeat_5,0,0,[],[],0,0,
llama3.1,ROME,B,3384__repeat_1,0,0,[],[],0,0,
llama3.1,ROME,B,3384__repeat_2,0,0,[],[],0,0,
llama3.1,ROME,B,3384__repeat_3,0,0,[],[],0,0,
llama3.1,ROME,B,3384__repeat_4,0,0,[],[],0,0,
llama3.1,ROME,B,3384__repeat_5,0,0,[],[],0,0,
llama3.1,ROME,B,755__repeat_1,0,0,[],[],0,0,
llama3.1,ROME,B,755__repeat_2,0,0,[],[],0,0,
llama3.1,ROME,B,755__repeat_3,0,0,[],[],0,0,
llama3.1,ROME,B,755__repeat_4,0,0,[],[],0,0,
llama3.1,ROME,B,755__repeat_5,0,0,[],[],0,0,
llama3.1,ROME,B,2609__repeat_1,0,0,[],[],0,0,
llama3.1,ROME,B,2609__repeat_2,0,0,[],[],0,0,
llama3.1,ROME,B,2609__repeat_3,0,0,[],[],0,0,
llama3.1,ROME,B,2609__repeat_4,0,0,[],[],0,0,
llama3.1,ROME,B,2609__repeat_5,0,0,[],[],0,0,
llama3.1,ROME,B,2466__repeat_1,0,0,[],[],0,0,
llama3.1,ROME,B,2466__repeat_2,0,0,[],[],0,0,
llama3.1,ROME,B,2466__repeat_3,0,0,[],[],0,0,
llama3.1,ROME,B,2466__repeat_4,0,0,[],[],0,0,
llama3.1,ROME,B,2466__repeat_5,0,0,[],[],0,0,
llama3.1,ROME,B,926__repeat_1,0,0,[],[],0,0,
llama3.1,ROME,B,926__repeat_2,0,0,[],[],0,0,
llama3.1,ROME,B,926__repeat_3,0,0,[],[],0,0,
llama3.1,ROME,B,926__repeat_4,0,0,[],[],0,0,
llama3.1,ROME,B,926__repeat_5,0,0,[],[],0,0,
llama3.1,ROME,B,3506__repeat_1,0,0,[],[],0,0,
llama3.1,ROME,B,3506__repeat_2,0,0,[],[],0,0,
llama3.1,ROME,B,3506__repeat_3,0,0,[],[],0,0,
llama3.1,ROME,B,3506__repeat_4,0,0,[],[],0,0,
llama3.1,ROME,B,3506__repeat_5,0,0,[],[],0,0,
llama3.1,ROME,B,1889__repeat_1,0,0,[],[],0,0,
llama3.1,ROME,B,1889__repeat_2,0,0,[],[],0,0,
llama3.1,ROME,B,1889__repeat_3,0,0,[],[],0,0,
llama3.1,ROME,B,1889__repeat_4,0,0,[],[],0,0,
llama3.1,ROME,B,1889__repeat_5,0,0,[],[],0,0,
llama3.1,ROME,B,4169__repeat_1,0,0,[],[],0,0,
llama3.1,ROME,B,4169__repeat_2,0,0,[],[],0,0,
llama3.1,ROME,B,4169__repeat_3,0,0,[],[],0,0,
llama3.1,ROME,B,4169__repeat_4,0,0,[],[],0,0,
llama3.1,ROME,B,4169__repeat_5,0,0,[],[],0,0,
llama3.1,ROME,B,4404__repeat_1,0,0,[],[],0,0,
llama3.1,ROME,B,4404__repeat_2,0,0,[],[],0,0,
llama3.1,ROME,B,4404__repeat_3,0,0,[],[],0,0,
llama3.1,ROME,B,4404__repeat_4,0,0,[],[],0,0,
llama3.1,ROME,B,4404__repeat_5,0,0,[],[],0,0,
llama3.1,ROME,B,2553__repeat_1,0,0,[],[],0,0,
llama3.1,ROME,B,2553__repeat_2,0,0,[],[],0,0,
llama3.1,ROME,B,2553__repeat_3,0,0,[],[],0,0,
llama3.1,ROME,B,2553__repeat_4,0,0,[],[],0,0,
llama3.1,ROME,B,2553__repeat_5,0,0,[],[],0,0,
llama3.1,ROME,B,809__repeat_1,0,0,[],[],0,0,
llama3.1,ROME,B,809__repeat_2,0,0,[],[],0,0,
llama3.1,ROME,B,809__repeat_3,0,0,[],[],0,0,
llama3.1,ROME,B,809__repeat_4,0,0,[],[],0,0,
llama3.1,ROME,B,809__repeat_5,0,0,[],[],0,0,
llama3.1,ROME,B,4647__repeat_1,0,0,[],[],0,0,
llama3.1,ROME,B,4647__repeat_2,0,0,[],[],0,0,
llama3.1,ROME,B,4647__repeat_3,0,0,[],[],0,0,
llama3.1,ROME,B,4647__repeat_4,0,0,[],[],0,0,
llama3.1,ROME,B,4647__repeat_5,0,0,[],[],0,0,
llama3.1,ROME,B,2943__repeat_1,0,0,[],[],0,0,
llama3.1,ROME,B,2943__repeat_2,0,0,[],[],0,0,
llama3.1,ROME,B,2943__repeat_3,0,0,[],[],0,0,
llama3.1,ROME,B,2943__repeat_4,0,0,[],[],0,0,
llama3.1,ROME,B,2943__repeat_5,0,0,[],[],0,0,
llama3.1,ROME,B,2595__repeat_1,0,0,[],[],0,0,
llama3.1,ROME,B,2595__repeat_2,0,0,[],[],0,0,
llama3.1,ROME,B,2595__repeat_3,0,0,[],[],0,0,
llama3.1,ROME,B,2595__repeat_4,0,0,[],[],0,0,
llama3.1,ROME,B,2595__repeat_5,0,0,[],[],0,0,
llama3.1,ROME,B,102__repeat_1,0,0,[],[],0,0,
llama3.1,ROME,B,102__repeat_2,0,0,[],[],0,0,
llama3.1,ROME,B,102__repeat_3,0,0,[],[],0,0,
llama3.1,ROME,B,102__repeat_4,0,0,[],[],0,0,
llama3.1,ROME,B,102__repeat_5,0,0,[],[],0,0,
llama3.1,ROME,B,3940__repeat_1,0,0,[],[],0,0,
llama3.1,ROME,B,3940__repeat_2,0,0,[],[],0,0,
llama3.1,ROME,B,3940__repeat_3,0,0,[],[],0,0,
llama3.1,ROME,B,3940__repeat_4,0,0,[],[],0,0,
llama3.1,ROME,B,3940__repeat_5,0,0,[],[],0,0,
llama3.1,ROME,B,3573__repeat_1,0,0,[],[],0,0,
llama3.1,ROME,B,3573__repeat_2,0,0,[],[],0,0,
llama3.1,ROME,B,3573__repeat_3,0,0,[],[],0,0,
llama3.1,ROME,B,3573__repeat_4,0,0,[],[],0,0,
llama3.1,ROME,B,3573__repeat_5,0,0,[],[],0,0,
llama3.1,ROME,B,3298__repeat_1,0,0,[],[],0,0,
llama3.1,ROME,B,3298__repeat_2,0,0,[],[],0,0,
llama3.1,ROME,B,3298__repeat_3,0,0,[],[],0,0,
llama3.1,ROME,B,3298__repeat_4,0,0,[],[],0,0,
llama3.1,ROME,B,3298__repeat_5,0,0,[],[],0,0,
llama3.1,ROME,B,4564__repeat_1,0,0,[],[],0,0,
llama3.1,ROME,B,4564__repeat_2,0,0,[],[],0,0,
llama3.1,ROME,B,4564__repeat_3,0,0,[],[],0,0,
llama3.1,ROME,B,4564__repeat_4,0,0,[],[],0,0,
llama3.1,ROME,B,4564__repeat_5,0,0,[],[],0,0,
llama3.1,ROME,B,2709__repeat_1,0,0,[],[],0,0,
llama3.1,ROME,B,2709__repeat_2,0,0,[],[],0,0,
llama3.1,ROME,B,2709__repeat_3,0,0,[],[],0,0,
llama3.1,ROME,B,2709__repeat_4,0,0,[],[],0,0,
llama3.1,ROME,B,2709__repeat_5,0,0,[],[],0,0,
llama3.1,ROME,B,956__repeat_1,0,0,[],[],0,0,
llama3.1,ROME,B,956__repeat_2,0,0,[],[],0,0,
llama3.1,ROME,B,956__repeat_3,0,0,[],[],0,0,
llama3.1,ROME,B,956__repeat_4,0,0,[],[],0,0,
llama3.1,ROME,B,956__repeat_5,0,0,[],[],0,0,
llama3.1,ROME,B,2915__repeat_1,0,0,[],[],0,0,
llama3.1,ROME,B,2915__repeat_2,0,0,[],[],0,0,
llama3.1,ROME,B,2915__repeat_3,0,0,[],[],0,0,
llama3.1,ROME,B,2915__repeat_4,0,0,[],[],0,0,
llama3.1,ROME,B,2915__repeat_5,0,0,[],[],0,0,
llama3.1,ROME,B,3131__repeat_1,0,0,[],[],0,0,
llama3.1,ROME,B,3131__repeat_2,0,0,[],[],0,0,
llama3.1,ROME,B,3131__repeat_3,0,0,[],[],0,0,
llama3.1,ROME,B,3131__repeat_4,0,0,[],[],0,0,
llama3.1,ROME,B,3131__repeat_5,0,0,[],[],0,0,
llama3.1,ROME,B,824__repeat_1,0,0,[],[],0,0,
llama3.1,ROME,B,824__repeat_2,0,0,[],[],0,0,
llama3.1,ROME,B,824__repeat_3,0,0,[],[],0,0,
llama3.1,ROME,B,824__repeat_4,0,0,[],[],0,0,
llama3.1,ROME,B,824__repeat_5,0,0,[],[],0,0,
llama3.1,ROME,B,112__repeat_1,0,0,[],[],0,0,
llama3.1,ROME,B,112__repeat_2,0,0,[],[],0,0,
llama3.1,ROME,B,112__repeat_3,0,0,[],[],0,0,
llama3.1,ROME,B,112__repeat_4,0,0,[],[],0,0,
llama3.1,ROME,B,112__repeat_5,0,0,[],[],0,0,
llama3.1,ROME,B,2382__repeat_1,0,0,[],[],0,0,
llama3.1,ROME,B,2382__repeat_2,0,0,[],[],0,0,
llama3.1,ROME,B,2382__repeat_3,0,0,[],[],0,0,
llama3.1,ROME,B,2382__repeat_4,0,0,[],[],0,0,
llama3.1,ROME,B,2382__repeat_5,0,0,[],[],0,0,
llama3.1,ROME,B,4744__repeat_1,0,0,[],[],0,0,
llama3.1,ROME,B,4744__repeat_2,0,0,[],[],0,0,
llama3.1,ROME,B,4744__repeat_3,0,0,[],[],0,0,
llama3.1,ROME,B,4744__repeat_4,0,0,[],[],0,0,
llama3.1,ROME,B,4744__repeat_5,0,0,[],[],0,0,
llama3.1,ROME,B,4650__repeat_1,0,0,[],[],0,0,
llama3.1,ROME,B,4650__repeat_2,0,0,[],[],0,0,
llama3.1,ROME,B,4650__repeat_3,0,0,[],[],0,0,
llama3.1,ROME,B,4650__repeat_4,0,0,[],[],0,0,
llama3.1,ROME,B,4650__repeat_5,0,0,[],[],0,0,
llama3.1,ROME,B,1040__repeat_1,0,0,[],[],0,0,
llama3.1,ROME,B,1040__repeat_2,0,0,[],[],0,0,
llama3.1,ROME,B,1040__repeat_3,0,0,[],[],0,0,
llama3.1,ROME,B,1040__repeat_4,0,0,[],[],0,0,
llama3.1,ROME,B,1040__repeat_5,0,0,[],[],0,0,
llama3.1,ROME,B,660__repeat_1,0,0,[],[],0,0,
llama3.1,ROME,B,660__repeat_2,0,0,[],[],0,0,
llama3.1,ROME,B,660__repeat_3,0,0,[],[],0,0,
llama3.1,ROME,B,660__repeat_4,0,0,[],[],0,0,
llama3.1,ROME,B,660__repeat_5,0,0,[],[],0,0,
llama3.1,ROME,B,2074__repeat_1,0,0,[],[],0,0,
llama3.1,ROME,B,2074__repeat_2,0,0,[],[],0,0,
llama3.1,ROME,B,2074__repeat_3,0,0,[],[],0,0,
llama3.1,ROME,B,2074__repeat_4,0,0,[],[],0,0,
llama3.1,ROME,B,2074__repeat_5,0,0,[],[],0,0,
llama3.1,ROME,B,4425__repeat_1,0,0,[],[],0,0,
llama3.1,ROME,B,4425__repeat_2,0,0,[],[],0,0,
llama3.1,ROME,B,4425__repeat_3,0,0,[],[],0,0,
llama3.1,ROME,B,4425__repeat_4,0,0,[],[],0,0,
llama3.1,ROME,B,4425__repeat_5,0,0,[],[],0,0,
llama3.1,ROME,B,1729__repeat_1,0,0,[],[],0,0,
llama3.1,ROME,B,1729__repeat_2,0,0,[],[],0,0,
llama3.1,ROME,B,1729__repeat_3,0,0,[],[],0,0,
llama3.1,ROME,B,1729__repeat_4,0,0,[],[],0,0,
llama3.1,ROME,B,1729__repeat_5,0,0,[],[],0,0,
llama3.1,ROME,B,1963__repeat_1,0,0,[],[],0,0,
llama3.1,ROME,B,1963__repeat_2,0,0,[],[],0,0,
llama3.1,ROME,B,1963__repeat_3,0,0,[],[],0,0,
llama3.1,ROME,B,1963__repeat_4,0,0,[],[],0,0,
llama3.1,ROME,B,1963__repeat_5,0,0,[],[],0,0,
llama3.1,ROME,B,463__repeat_1,0,0,[],[],0,0,
llama3.1,ROME,B,463__repeat_2,0,0,[],[],0,0,
llama3.1,ROME,B,463__repeat_3,0,0,[],[],0,0,
llama3.1,ROME,B,463__repeat_4,0,0,[],[],0,0,
llama3.1,ROME,B,463__repeat_5,0,0,[],[],0,0,
llama3.1,ROME,B,2066__repeat_1,0,0,[],[],0,0,
llama3.1,ROME,B,2066__repeat_2,0,0,[],[],0,0,
llama3.1,ROME,B,2066__repeat_3,0,0,[],[],0,0,
llama3.1,ROME,B,2066__repeat_4,0,0,[],[],0,0,
llama3.1,ROME,B,2066__repeat_5,0,0,[],[],0,0,
llama3.1,ROME,B,796__repeat_1,0,0,[],[],0,0,
llama3.1,ROME,B,796__repeat_2,0,0,[],[],0,0,
llama3.1,ROME,B,796__repeat_3,0,0,[],[],0,0,
llama3.1,ROME,B,796__repeat_4,0,0,[],[],0,0,
llama3.1,ROME,B,796__repeat_5,0,0,[],[],0,0,
llama3.1,ROME,B,4106__repeat_1,0,0,[],[],0,0,
llama3.1,ROME,B,4106__repeat_2,0,0,[],[],0,0,
llama3.1,ROME,B,4106__repeat_3,0,0,[],[],0,0,
llama3.1,ROME,B,4106__repeat_4,0,0,[],[],0,0,
llama3.1,ROME,B,4106__repeat_5,0,0,[],[],0,0,
llama3.1,ROME,B,582__repeat_1,0,0,[],[],0,0,
llama3.1,ROME,B,582__repeat_2,0,0,[],[],0,0,
llama3.1,ROME,B,582__repeat_3,0,0,[],[],0,0,
llama3.1,ROME,B,582__repeat_4,0,0,[],[],0,0,
llama3.1,ROME,B,582__repeat_5,0,0,[],[],0,0,
llama3.1,ROME,B,3219__repeat_1,0,0,[],[],0,0,
llama3.1,ROME,B,3219__repeat_2,0,0,[],[],0,0,
llama3.1,ROME,B,3219__repeat_3,0,0,[],[],0,0,
llama3.1,ROME,B,3219__repeat_4,0,0,[],[],0,0,
llama3.1,ROME,B,3219__repeat_5,0,0,[],[],0,0,
llama3.1,ROME,B,906__repeat_1,0,0,[],[],0,0,
llama3.1,ROME,B,906__repeat_2,0,0,[],[],0,0,
llama3.1,ROME,B,906__repeat_3,0,0,[],[],0,0,
llama3.1,ROME,B,906__repeat_4,0,0,[],[],0,0,
llama3.1,ROME,B,906__repeat_5,0,0,[],[],0,0,
llama3.1,ROME,B,1553__repeat_1,0,0,[],[],0,0,
llama3.1,ROME,B,1553__repeat_2,0,0,[],[],0,0,
llama3.1,ROME,B,1553__repeat_3,0,0,[],[],0,0,
llama3.1,ROME,B,1553__repeat_4,0,0,[],[],0,0,
llama3.1,ROME,B,1553__repeat_5,0,0,[],[],0,0,
llama3.1,ROME,B,911__repeat_1,0,0,[],[],0,0,
llama3.1,ROME,B,911__repeat_2,0,0,[],[],0,0,
llama3.1,ROME,B,911__repeat_3,0,0,[],[],0,0,
llama3.1,ROME,B,911__repeat_4,0,0,[],[],0,0,
llama3.1,ROME,B,911__repeat_5,0,0,[],[],0,0,
llama3.1,ROME,B,4280__repeat_1,0,0,[],[],0,0,
llama3.1,ROME,B,4280__repeat_2,0,0,[],[],0,0,
llama3.1,ROME,B,4280__repeat_3,0,0,[],[],0,0,
llama3.1,ROME,B,4280__repeat_4,0,0,[],[],0,0,
llama3.1,ROME,B,4280__repeat_5,0,0,[],[],0,0,
llama3.1,ROME,B,3397__repeat_1,0,0,[],[],0,0,
llama3.1,ROME,B,3397__repeat_2,0,0,[],[],0,0,
llama3.1,ROME,B,3397__repeat_3,0,0,[],[],0,0,
llama3.1,ROME,B,3397__repeat_4,0,0,[],[],0,0,
llama3.1,ROME,B,3397__repeat_5,0,0,[],[],0,0,
llama3.1,ROME,B,1488__repeat_1,0,0,[],[],0,0,
llama3.1,ROME,B,1488__repeat_2,0,0,[],[],0,0,
llama3.1,ROME,B,1488__repeat_3,0,0,[],[],0,0,
llama3.1,ROME,B,1488__repeat_4,0,0,[],[],0,0,
llama3.1,ROME,B,1488__repeat_5,0,0,[],[],0,0,
llama3.1,ROME,B,2359__repeat_1,0,0,[],[],0,0,
llama3.1,ROME,B,2359__repeat_2,0,0,[],[],0,0,
llama3.1,ROME,B,2359__repeat_3,0,0,[],[],0,0,
llama3.1,ROME,B,2359__repeat_4,0,0,[],[],0,0,
llama3.1,ROME,B,2359__repeat_5,0,0,[],[],0,0,
llama3.1,ROME,B,518__repeat_1,0,0,[],[],0,0,
llama3.1,ROME,B,518__repeat_2,0,0,[],[],0,0,
llama3.1,ROME,B,518__repeat_3,0,0,[],[],0,0,
llama3.1,ROME,B,518__repeat_4,0,0,[],[],0,0,
llama3.1,ROME,B,518__repeat_5,0,0,[],[],0,0,
llama3.1,ROME,B,3047__repeat_1,0,0,[],[],0,0,
llama3.1,ROME,B,3047__repeat_2,0,0,[],[],0,0,
llama3.1,ROME,B,3047__repeat_3,0,0,[],[],0,0,
llama3.1,ROME,B,3047__repeat_4,0,0,[],[],0,0,
llama3.1,ROME,B,3047__repeat_5,0,0,[],[],0,0,
llama3.1,ROME,B,3423__repeat_1,0,0,[],[],0,0,
llama3.1,ROME,B,3423__repeat_2,0,0,[],[],0,0,
llama3.1,ROME,B,3423__repeat_3,0,0,[],[],0,0,
llama3.1,ROME,B,3423__repeat_4,0,0,[],[],0,0,
llama3.1,ROME,B,3423__repeat_5,0,0,[],[],0,0,
llama3.1,ROME,B,74__repeat_1,0,0,[],[],0,0,
llama3.1,ROME,B,74__repeat_2,0,0,[],[],0,0,
llama3.1,ROME,B,74__repeat_3,0,0,[],[],0,0,
llama3.1,ROME,B,74__repeat_4,0,0,[],[],0,0,
llama3.1,ROME,B,74__repeat_5,0,0,[],[],0,0,
llama3.1,ROME,B,615__repeat_1,0,0,[],[],0,0,
llama3.1,ROME,B,615__repeat_2,0,0,[],[],0,0,
llama3.1,ROME,B,615__repeat_3,0,0,[],[],0,0,
llama3.1,ROME,B,615__repeat_4,0,0,[],[],0,0,
llama3.1,ROME,B,615__repeat_5,0,0,[],[],0,0,
llama3.1,ROME,B,3028__repeat_1,0,0,[],[],0,0,
llama3.1,ROME,B,3028__repeat_2,0,0,[],[],0,0,
llama3.1,ROME,B,3028__repeat_3,0,0,[],[],0,0,
llama3.1,ROME,B,3028__repeat_4,0,0,[],[],0,0,
llama3.1,ROME,B,3028__repeat_5,0,0,[],[],0,0,
llama3.1,ROME,B,3985__repeat_1,0,0,[],[],0,0,
llama3.1,ROME,B,3985__repeat_2,0,0,[],[],0,0,
llama3.1,ROME,B,3985__repeat_3,0,0,[],[],0,0,
llama3.1,ROME,B,3985__repeat_4,0,0,[],[],0,0,
llama3.1,ROME,B,3985__repeat_5,0,0,[],[],0,0,
llama3.1,ROME,B,3792__repeat_1,0,0,[],[],0,0,
llama3.1,ROME,B,3792__repeat_2,0,0,[],[],0,0,
llama3.1,ROME,B,3792__repeat_3,0,0,[],[],0,0,
llama3.1,ROME,B,3792__repeat_4,0,0,[],[],0,0,
llama3.1,ROME,B,3792__repeat_5,0,0,[],[],0,0,
llama3.1,ROME,B,3359__repeat_1,0,0,[],[],0,0,
llama3.1,ROME,B,3359__repeat_2,0,0,[],[],0,0,
llama3.1,ROME,B,3359__repeat_3,0,0,[],[],0,0,
llama3.1,ROME,B,3359__repeat_4,0,0,[],[],0,0,
llama3.1,ROME,B,3359__repeat_5,0,0,[],[],0,0,
llama3.1,ROME,B,3651__repeat_1,0,0,[],[],0,0,
llama3.1,ROME,B,3651__repeat_2,0,0,[],[],0,0,
llama3.1,ROME,B,3651__repeat_3,0,0,[],[],0,0,
llama3.1,ROME,B,3651__repeat_4,0,0,[],[],0,0,
llama3.1,ROME,B,3651__repeat_5,0,0,[],[],0,0,
llama3.1,ROME,B,3241__repeat_1,0,0,[],[],0,0,
llama3.1,ROME,B,3241__repeat_2,0,0,[],[],0,0,
llama3.1,ROME,B,3241__repeat_3,0,0,[],[],0,0,
llama3.1,ROME,B,3241__repeat_4,0,0,[],[],0,0,
llama3.1,ROME,B,3241__repeat_5,0,0,[],[],0,0,
llama3.1,ROME,B,2250__repeat_1,0,0,[],[],0,0,
llama3.1,ROME,B,2250__repeat_2,0,0,[],[],0,0,
llama3.1,ROME,B,2250__repeat_3,0,0,[],[],0,0,
llama3.1,ROME,B,2250__repeat_4,0,0,[],[],0,0,
llama3.1,ROME,B,2250__repeat_5,0,0,[],[],0,0,
llama3.1,ROME,B,3050__repeat_1,0,0,[],[],0,0,
llama3.1,ROME,B,3050__repeat_2,0,0,[],[],0,0,
llama3.1,ROME,B,3050__repeat_3,0,0,[],[],0,0,
llama3.1,ROME,B,3050__repeat_4,0,0,[],[],0,0,
llama3.1,ROME,B,3050__repeat_5,0,0,[],[],0,0,
llama3.1,ROME,B,538__repeat_1,0,0,[],[],0,0,
llama3.1,ROME,B,538__repeat_2,0,0,[],[],0,0,
llama3.1,ROME,B,538__repeat_3,0,0,[],[],0,0,
llama3.1,ROME,B,538__repeat_4,0,0,[],[],0,0,
llama3.1,ROME,B,538__repeat_5,0,0,[],[],0,0,
llama3.1,ROME,B,4801__repeat_1,0,0,[],[],0,0,
llama3.1,ROME,B,4801__repeat_2,0,0,[],[],0,0,
llama3.1,ROME,B,4801__repeat_3,0,0,[],[],0,0,
llama3.1,ROME,B,4801__repeat_4,0,0,[],[],0,0,
llama3.1,ROME,B,4801__repeat_5,0,0,[],[],0,0,
llama3.1,ROME,B,2517__repeat_1,0,0,[],[],0,0,
llama3.1,ROME,B,2517__repeat_2,0,0,[],[],0,0,
llama3.1,ROME,B,2517__repeat_3,0,0,[],[],0,0,
llama3.1,ROME,B,2517__repeat_4,0,0,[],[],0,0,
llama3.1,ROME,B,2517__repeat_5,0,0,[],[],0,0,
llama3.1,ROME,B,372__repeat_1,0,0,[],[],0,0,
llama3.1,ROME,B,372__repeat_2,0,0,[],[],0,0,
llama3.1,ROME,B,372__repeat_3,0,0,[],[],0,0,
llama3.1,ROME,B,372__repeat_4,0,0,[],[],0,0,
llama3.1,ROME,B,372__repeat_5,0,0,[],[],0,0,
llama3.1,ROME,B,2770__repeat_1,0,0,[],[],0,0,
llama3.1,ROME,B,2770__repeat_2,0,0,[],[],0,0,
llama3.1,ROME,B,2770__repeat_3,0,0,[],[],0,0,
llama3.1,ROME,B,2770__repeat_4,0,0,[],[],0,0,
llama3.1,ROME,B,2770__repeat_5,0,0,[],[],0,0,
llama3.1,ROME,B,3108__repeat_1,0,0,[],[],0,0,
llama3.1,ROME,B,3108__repeat_2,0,0,[],[],0,0,
llama3.1,ROME,B,3108__repeat_3,0,0,[],[],0,0,
llama3.1,ROME,B,3108__repeat_4,0,0,[],[],0,0,
llama3.1,ROME,B,3108__repeat_5,0,0,[],[],0,0,
llama3.1,ROME,B,3114__repeat_1,0,0,[],[],0,0,
llama3.1,ROME,B,3114__repeat_2,0,0,[],[],0,0,
llama3.1,ROME,B,3114__repeat_3,0,0,[],[],0,0,
llama3.1,ROME,B,3114__repeat_4,0,0,[],[],0,0,
llama3.1,ROME,B,3114__repeat_5,0,0,[],[],0,0,
llama3.1,ROME,B,1083__repeat_1,0,0,[],[],0,0,
llama3.1,ROME,B,1083__repeat_2,0,0,[],[],0,0,
llama3.1,ROME,B,1083__repeat_3,0,0,[],[],0,0,
llama3.1,ROME,B,1083__repeat_4,0,0,[],[],0,0,
llama3.1,ROME,B,1083__repeat_5,0,0,[],[],0,0,
llama3.1,ROME,B,384__repeat_1,0,0,[],[],0,0,
llama3.1,ROME,B,384__repeat_2,0,0,[],[],0,0,
llama3.1,ROME,B,384__repeat_3,0,0,[],[],0,0,
llama3.1,ROME,B,384__repeat_4,0,0,[],[],0,0,
llama3.1,ROME,B,384__repeat_5,0,0,[],[],0,0,
llama3.1,ROME,B,4545__repeat_1,0,0,[],[],0,0,
llama3.1,ROME,B,4545__repeat_2,0,0,[],[],0,0,
llama3.1,ROME,B,4545__repeat_3,0,0,[],[],0,0,
llama3.1,ROME,B,4545__repeat_4,0,0,[],[],0,0,
llama3.1,ROME,B,4545__repeat_5,0,0,[],[],0,0,
llama3.1,ROME,B,907__repeat_1,0,0,[],[],0,0,
llama3.1,ROME,B,907__repeat_2,0,0,[],[],0,0,
llama3.1,ROME,B,907__repeat_3,0,0,[],[],0,0,
llama3.1,ROME,B,907__repeat_4,0,0,[],[],0,0,
llama3.1,ROME,B,907__repeat_5,0,0,[],[],0,0,
llama3.1,ROME,B,1830__repeat_1,0,0,[],[],0,0,
llama3.1,ROME,B,1830__repeat_2,0,0,[],[],0,0,
llama3.1,ROME,B,1830__repeat_3,0,0,[],[],0,0,
llama3.1,ROME,B,1830__repeat_4,0,0,[],[],0,0,
llama3.1,ROME,B,1830__repeat_5,0,0,[],[],0,0,
llama3.1,ROME,B,2491__repeat_1,0,0,[],[],0,0,
llama3.1,ROME,B,2491__repeat_2,0,0,[],[],0,0,
llama3.1,ROME,B,2491__repeat_3,0,0,[],[],0,0,
llama3.1,ROME,B,2491__repeat_4,0,0,[],[],0,0,
llama3.1,ROME,B,2491__repeat_5,0,0,[],[],0,0,
llama3.1,ROME,B,413__repeat_1,0,0,[],[],0,0,
llama3.1,ROME,B,413__repeat_2,0,0,[],[],0,0,
llama3.1,ROME,B,413__repeat_3,0,0,[],[],0,0,
llama3.1,ROME,B,413__repeat_4,0,0,[],[],0,0,
llama3.1,ROME,B,413__repeat_5,0,0,[],[],0,0,
llama3.1,ROME,B,1871__repeat_1,0,0,[],[],0,0,
llama3.1,ROME,B,1871__repeat_2,0,0,[],[],0,0,
llama3.1,ROME,B,1871__repeat_3,0,0,[],[],0,0,
llama3.1,ROME,B,1871__repeat_4,0,0,[],[],0,0,
llama3.1,ROME,B,1871__repeat_5,0,0,[],[],0,0,
llama3.1,ROME,B,1587__repeat_1,0,0,[],[],0,0,
llama3.1,ROME,B,1587__repeat_2,0,0,[],[],0,0,
llama3.1,ROME,B,1587__repeat_3,0,0,[],[],0,0,
llama3.1,ROME,B,1587__repeat_4,0,0,[],[],0,0,
llama3.1,ROME,B,1587__repeat_5,0,0,[],[],0,0,
llama3.1,ROME,B,4035__repeat_1,0,0,[],[],0,0,
llama3.1,ROME,B,4035__repeat_2,0,0,[],[],0,0,
llama3.1,ROME,B,4035__repeat_3,0,0,[],[],0,0,
llama3.1,ROME,B,4035__repeat_4,0,0,[],[],0,0,
llama3.1,ROME,B,4035__repeat_5,0,0,[],[],0,0,
llama3.1,ROME,B,1427__repeat_1,0,0,[],[],0,0,
llama3.1,ROME,B,1427__repeat_2,0,0,[],[],0,0,
llama3.1,ROME,B,1427__repeat_3,0,0,[],[],0,0,
llama3.1,ROME,B,1427__repeat_4,0,0,[],[],0,0,
llama3.1,ROME,B,1427__repeat_5,0,0,[],[],0,0,
llama3.1,ROME,B,4161__repeat_1,0,0,[],[],0,0,
llama3.1,ROME,B,4161__repeat_2,0,0,[],[],0,0,
llama3.1,ROME,B,4161__repeat_3,0,0,[],[],0,0,
llama3.1,ROME,B,4161__repeat_4,0,0,[],[],0,0,
llama3.1,ROME,B,4161__repeat_5,0,0,[],[],0,0,
llama3.1,ROME,B,2736__repeat_1,0,0,[],[],0,0,
llama3.1,ROME,B,2736__repeat_2,0,0,[],[],0,0,
llama3.1,ROME,B,2736__repeat_3,0,0,[],[],0,0,
llama3.1,ROME,B,2736__repeat_4,0,0,[],[],0,0,
llama3.1,ROME,B,2736__repeat_5,0,0,[],[],0,0,
llama3.1,ROME,B,4707__repeat_1,0,0,[],[],0,0,
llama3.1,ROME,B,4707__repeat_2,0,0,[],[],0,0,
llama3.1,ROME,B,4707__repeat_3,0,0,[],[],0,0,
llama3.1,ROME,B,4707__repeat_4,0,0,[],[],0,0,
llama3.1,ROME,B,4707__repeat_5,0,0,[],[],0,0,
llama3.1,ROME,B,2515__repeat_1,0,0,[],[],0,0,
llama3.1,ROME,B,2515__repeat_2,0,0,[],[],0,0,
llama3.1,ROME,B,2515__repeat_3,0,0,[],[],0,0,
llama3.1,ROME,B,2515__repeat_4,0,0,[],[],0,0,
llama3.1,ROME,B,2515__repeat_5,0,0,[],[],0,0,
llama3.1,ROME,B,1524__repeat_1,0,0,[],[],0,0,
llama3.1,ROME,B,1524__repeat_2,0,0,[],[],0,0,
llama3.1,ROME,B,1524__repeat_3,0,0,[],[],0,0,
llama3.1,ROME,B,1524__repeat_4,0,0,[],[],0,0,
llama3.1,ROME,B,1524__repeat_5,0,0,[],[],0,0,
llama3.1,ROME,B,280__repeat_1,0,0,[],[],0,0,
llama3.1,ROME,B,280__repeat_2,0,0,[],[],0,0,
llama3.1,ROME,B,280__repeat_3,0,0,[],[],0,0,
llama3.1,ROME,B,280__repeat_4,0,0,[],[],0,0,
llama3.1,ROME,B,280__repeat_5,0,0,[],[],0,0,
llama3.1,ROME,B,1964__repeat_1,0,0,[],[],0,0,
llama3.1,ROME,B,1964__repeat_2,0,0,[],[],0,0,
llama3.1,ROME,B,1964__repeat_3,0,0,[],[],0,0,
llama3.1,ROME,B,1964__repeat_4,0,0,[],[],0,0,
llama3.1,ROME,B,1964__repeat_5,0,0,[],[],0,0,
llama3.1,ROME,B,2058__repeat_1,0,0,[],[],0,0,
llama3.1,ROME,B,2058__repeat_2,0,0,[],[],0,0,
llama3.1,ROME,B,2058__repeat_3,0,0,[],[],0,0,
llama3.1,ROME,B,2058__repeat_4,0,0,[],[],0,0,
llama3.1,ROME,B,2058__repeat_5,0,0,[],[],0,0,
llama3.1,ROME,B,2881__repeat_1,0,0,[],[],0,0,
llama3.1,ROME,B,2881__repeat_2,0,0,[],[],0,0,
llama3.1,ROME,B,2881__repeat_3,0,0,[],[],0,0,
llama3.1,ROME,B,2881__repeat_4,0,0,[],[],0,0,
llama3.1,ROME,B,2881__repeat_5,0,0,[],[],0,0,
llama3.1,ROME,B,2369__repeat_1,0,0,[],[],0,0,
llama3.1,ROME,B,2369__repeat_2,0,0,[],[],0,0,
llama3.1,ROME,B,2369__repeat_3,0,0,[],[],0,0,
llama3.1,ROME,B,2369__repeat_4,0,0,[],[],0,0,
llama3.1,ROME,B,2369__repeat_5,0,0,[],[],0,0,
llama3.1,ROME,B,3109__repeat_1,0,0,[],[],0,0,
llama3.1,ROME,B,3109__repeat_2,0,0,[],[],0,0,
llama3.1,ROME,B,3109__repeat_3,0,0,[],[],0,0,
llama3.1,ROME,B,3109__repeat_4,0,0,[],[],0,0,
llama3.1,ROME,B,3109__repeat_5,0,0,[],[],0,0,
llama3.1,ROME,B,2105__repeat_1,0,0,[],[],0,0,
llama3.1,ROME,B,2105__repeat_2,0,0,[],[],0,0,
llama3.1,ROME,B,2105__repeat_3,0,0,[],[],0,0,
llama3.1,ROME,B,2105__repeat_4,0,0,[],[],0,0,
llama3.1,ROME,B,2105__repeat_5,0,0,[],[],0,0,
llama3.1,ROME,B,4157__repeat_1,0,0,[],[],0,0,
llama3.1,ROME,B,4157__repeat_2,0,0,[],[],0,0,
llama3.1,ROME,B,4157__repeat_3,0,0,[],[],0,0,
llama3.1,ROME,B,4157__repeat_4,0,0,[],[],0,0,
llama3.1,ROME,B,4157__repeat_5,0,0,[],[],0,0,
llama3.1,ROME,B,2159__repeat_1,0,0,[],[],0,0,
llama3.1,ROME,B,2159__repeat_2,0,0,[],[],0,0,
llama3.1,ROME,B,2159__repeat_3,0,0,[],[],0,0,
llama3.1,ROME,B,2159__repeat_4,0,0,[],[],0,0,
llama3.1,ROME,B,2159__repeat_5,0,0,[],[],0,0,
llama3.1,ROME,B,2339__repeat_1,0,0,[],[],0,0,
llama3.1,ROME,B,2339__repeat_2,0,0,[],[],0,0,
llama3.1,ROME,B,2339__repeat_3,0,0,[],[],0,0,
llama3.1,ROME,B,2339__repeat_4,0,0,[],[],0,0,
llama3.1,ROME,B,2339__repeat_5,0,0,[],[],0,0,
llama3.1,ROME,B,136__repeat_1,0,0,[],[],0,0,
llama3.1,ROME,B,136__repeat_2,0,0,[],[],0,0,
llama3.1,ROME,B,136__repeat_3,0,0,[],[],0,0,
llama3.1,ROME,B,136__repeat_4,0,0,[],[],0,0,
llama3.1,ROME,B,136__repeat_5,0,0,[],[],0,0,
llama3.1,ROME,B,364__repeat_1,0,0,[],[],0,0,
llama3.1,ROME,B,364__repeat_2,0,0,[],[],0,0,
llama3.1,ROME,B,364__repeat_3,0,0,[],[],0,0,
llama3.1,ROME,B,364__repeat_4,0,0,[],[],0,0,
llama3.1,ROME,B,364__repeat_5,0,0,[],[],0,0,
llama3.1,ROME,B,1816__repeat_1,0,0,[],[],0,0,
llama3.1,ROME,B,1816__repeat_2,0,0,[],[],0,0,
llama3.1,ROME,B,1816__repeat_3,0,0,[],[],0,0,
llama3.1,ROME,B,1816__repeat_4,0,0,[],[],0,0,
llama3.1,ROME,B,1816__repeat_5,0,0,[],[],0,0,
llama3.1,ROME,B,4315__repeat_1,0,0,[],[],0,0,
llama3.1,ROME,B,4315__repeat_2,0,0,[],[],0,0,
llama3.1,ROME,B,4315__repeat_3,0,0,[],[],0,0,
llama3.1,ROME,B,4315__repeat_4,0,0,[],[],0,0,
llama3.1,ROME,B,4315__repeat_5,0,0,[],[],0,0,
llama3.1,ROME,C,2112__repeat_1,0,0,[],[],0,0,
llama3.1,ROME,C,2112__repeat_2,0,0,[],[],0,0,
llama3.1,ROME,C,2112__repeat_3,0,0,[],[],0,0,
llama3.1,ROME,C,2112__repeat_4,0,0,[],[],0,0,
llama3.1,ROME,C,2112__repeat_5,0,0,[],[],0,0,
llama3.1,ROME,C,2140__repeat_1,0,0,[],[],0,0,
llama3.1,ROME,C,2140__repeat_2,0,0,[],[],0,0,
llama3.1,ROME,C,2140__repeat_3,0,0,[],[],0,0,
llama3.1,ROME,C,2140__repeat_4,0,0,[],[],0,0,
llama3.1,ROME,C,2140__repeat_5,0,0,[],[],0,0,
llama3.1,ROME,C,578__repeat_1,0,0,[],[],0,0,
llama3.1,ROME,C,578__repeat_2,0,0,[],[],0,0,
llama3.1,ROME,C,578__repeat_3,0,0,[],[],0,0,
llama3.1,ROME,C,578__repeat_4,0,0,[],[],0,0,
llama3.1,ROME,C,578__repeat_5,0,0,[],[],0,0,
llama3.1,ROME,C,3384__repeat_1,0,0,[],[],0,0,
llama3.1,ROME,C,3384__repeat_2,0,0,[],[],0,0,
llama3.1,ROME,C,3384__repeat_3,0,0,[],[],0,0,
llama3.1,ROME,C,3384__repeat_4,0,0,[],[],0,0,
llama3.1,ROME,C,3384__repeat_5,0,0,[],[],0,0,
llama3.1,ROME,C,755__repeat_1,0,0,[],[],0,0,
llama3.1,ROME,C,755__repeat_2,0,0,[],[],0,1,
llama3.1,ROME,C,755__repeat_3,0,0,[],[],0,0,
llama3.1,ROME,C,755__repeat_4,0,0,[],[],0,0,
llama3.1,ROME,C,755__repeat_5,0,0,[],[],0,0,
llama3.1,ROME,C,2609__repeat_1,0,0,[],[],0,0,
llama3.1,ROME,C,2609__repeat_2,0,0,[],[],0,0,
llama3.1,ROME,C,2609__repeat_3,0,0,[],[],0,0,
llama3.1,ROME,C,2609__repeat_4,0,0,[],[],0,0,
llama3.1,ROME,C,2609__repeat_5,0,0,[],[],0,0,
llama3.1,ROME,C,2466__repeat_1,0,0,[],[],0,0,
llama3.1,ROME,C,2466__repeat_2,0,0,[],[],0,0,
llama3.1,ROME,C,2466__repeat_3,0,0,[],[],0,0,
llama3.1,ROME,C,2466__repeat_4,0,0,[],[],0,0,
llama3.1,ROME,C,2466__repeat_5,0,0,[],[],0,0,
llama3.1,ROME,C,926__repeat_1,0,0,[],[],0,0,
llama3.1,ROME,C,926__repeat_2,0,0,[],[],0,0,
llama3.1,ROME,C,926__repeat_3,0,0,[],[],0,0,
llama3.1,ROME,C,926__repeat_4,0,0,[],[],0,0,
llama3.1,ROME,C,926__repeat_5,0,0,[],[],0,0,
llama3.1,ROME,C,3506__repeat_1,0,0,[],[],0,0,
llama3.1,ROME,C,3506__repeat_2,0,0,[],[],0,1,
llama3.1,ROME,C,3506__repeat_3,0,0,[],[],0,0,
llama3.1,ROME,C,3506__repeat_4,0,0,[],[],0,0,
llama3.1,ROME,C,3506__repeat_5,0,0,[],[],0,0,
llama3.1,ROME,C,1889__repeat_1,0,0,[],[],0,0,
llama3.1,ROME,C,1889__repeat_2,0,0,[],[],0,0,
llama3.1,ROME,C,1889__repeat_3,0,0,[],[],0,0,
llama3.1,ROME,C,1889__repeat_4,0,0,[],[],0,0,
llama3.1,ROME,C,1889__repeat_5,0,0,[],[],0,0,
llama3.1,ROME,C,4169__repeat_1,0,0,[],[],0,0,
llama3.1,ROME,C,4169__repeat_2,0,0,[],[],0,0,
llama3.1,ROME,C,4169__repeat_3,0,0,[],[],0,1,
llama3.1,ROME,C,4169__repeat_4,0,0,[],[],0,0,
llama3.1,ROME,C,4169__repeat_5,0,0,[],[],0,0,
llama3.1,ROME,C,4404__repeat_1,0,0,[],[],0,0,
llama3.1,ROME,C,4404__repeat_2,1,0,"[[""\ud30c\uc77c\ucca8\ubd80\u75c5\u3057\u306a\u3044"", ""\ud30c\uc77c\ucca8\ubd80\u75c5\u3057\u306a\u3044"", ""absolute""]]",[],0,0,
llama3.1,ROME,C,4404__repeat_3,0,0,[],[],0,1,
llama3.1,ROME,C,4404__repeat_4,0,0,[],[],0,0,
llama3.1,ROME,C,4404__repeat_5,0,0,[],[],0,0,
llama3.1,ROME,C,2553__repeat_1,1,0,"[[""b\u00e1t"", ""b\u00e1t"", ""absolute""]]",[],0,0,
llama3.1,ROME,C,2553__repeat_2,0,0,[],[],0,0,
llama3.1,ROME,C,2553__repeat_3,0,0,[],[],0,0,
llama3.1,ROME,C,2553__repeat_4,0,0,[],[],0,0,
llama3.1,ROME,C,2553__repeat_5,0,0,[],[],0,0,
llama3.1,ROME,C,809__repeat_1,0,0,[],[],0,0,
llama3.1,ROME,C,809__repeat_2,0,0,[],[],0,0,
llama3.1,ROME,C,809__repeat_3,0,0,[],[],0,0,
llama3.1,ROME,C,809__repeat_4,0,0,[],[],0,0,
llama3.1,ROME,C,809__repeat_5,0,0,[],[],0,0,
llama3.1,ROME,C,4647__repeat_1,0,0,[],[],0,0,
llama3.1,ROME,C,4647__repeat_2,0,0,[],[],0,0,
llama3.1,ROME,C,4647__repeat_3,0,0,[],[],0,0,
llama3.1,ROME,C,4647__repeat_4,0,0,[],[],0,0,
llama3.1,ROME,C,4647__repeat_5,0,0,[],[],0,0,
llama3.1,ROME,C,2943__repeat_1,0,0,[],[],0,0,
llama3.1,ROME,C,2943__repeat_2,0,0,[],[],0,0,
llama3.1,ROME,C,2943__repeat_3,0,0,[],[],0,0,
llama3.1,ROME,C,2943__repeat_4,0,0,[],[],0,0,
llama3.1,ROME,C,2943__repeat_5,0,0,[],[],0,0,
llama3.1,ROME,C,2595__repeat_1,0,0,[],[],0,0,
llama3.1,ROME,C,2595__repeat_2,0,0,[],[],0,0,
llama3.1,ROME,C,2595__repeat_3,0,0,[],[],0,0,
llama3.1,ROME,C,2595__repeat_4,0,0,[],[],0,0,
llama3.1,ROME,C,2595__repeat_5,1,0,"[[""nuest"", ""nuest"", ""absolute""]]",[],0,0,
llama3.1,ROME,C,102__repeat_1,0,0,[],[],0,0,
llama3.1,ROME,C,102__repeat_2,0,0,[],[],0,0,
llama3.1,ROME,C,102__repeat_3,0,0,[],[],0,0,
llama3.1,ROME,C,102__repeat_4,0,0,[],[],0,0,
llama3.1,ROME,C,102__repeat_5,0,0,[],[],0,0,
llama3.1,ROME,C,3940__repeat_1,0,0,[],[],0,0,
llama3.1,ROME,C,3940__repeat_2,0,0,[],[],0,0,
llama3.1,ROME,C,3940__repeat_3,0,0,[],[],0,0,
llama3.1,ROME,C,3940__repeat_4,0,0,[],[],0,0,
llama3.1,ROME,C,3940__repeat_5,0,0,[],[],0,0,
llama3.1,ROME,C,3573__repeat_1,0,0,[],[],0,0,
llama3.1,ROME,C,3573__repeat_2,0,0,[],[],0,0,
llama3.1,ROME,C,3573__repeat_3,0,0,[],[],0,0,
llama3.1,ROME,C,3573__repeat_4,0,0,[],[],0,0,
llama3.1,ROME,C,3573__repeat_5,0,0,[],[],0,0,
llama3.1,ROME,C,3298__repeat_1,0,0,[],[],0,0,
llama3.1,ROME,C,3298__repeat_2,0,0,[],[],0,0,
llama3.1,ROME,C,3298__repeat_3,0,0,[],[],0,0,
llama3.1,ROME,C,3298__repeat_4,0,0,[],[],0,0,
llama3.1,ROME,C,3298__repeat_5,0,0,[],[],0,0,
llama3.1,ROME,C,4564__repeat_1,0,0,[],[],0,0,
llama3.1,ROME,C,4564__repeat_2,0,0,[],[],0,0,
llama3.1,ROME,C,4564__repeat_3,0,0,[],[],0,0,
llama3.1,ROME,C,4564__repeat_4,1,0,"[[""intention"", ""intention"", ""absolute""]]",[],0,0,
llama3.1,ROME,C,4564__repeat_5,0,0,[],[],0,0,
llama3.1,ROME,C,2709__repeat_1,0,0,[],[],0,0,
llama3.1,ROME,C,2709__repeat_2,0,0,[],[],0,0,
llama3.1,ROME,C,2709__repeat_3,0,0,[],[],0,0,
llama3.1,ROME,C,2709__repeat_4,0,0,[],[],0,0,
llama3.1,ROME,C,2709__repeat_5,0,0,[],[],0,0,
llama3.1,ROME,C,956__repeat_1,0,0,[],[],0,0,
llama3.1,ROME,C,956__repeat_2,0,0,[],[],0,0,
llama3.1,ROME,C,956__repeat_3,0,0,[],[],0,0,
llama3.1,ROME,C,956__repeat_4,0,0,[],[],0,0,
llama3.1,ROME,C,956__repeat_5,0,0,[],[],0,0,
llama3.1,ROME,C,2915__repeat_1,0,0,[],[],0,0,
llama3.1,ROME,C,2915__repeat_2,0,0,[],[],0,0,
llama3.1,ROME,C,2915__repeat_3,0,0,[],[],0,1,
llama3.1,ROME,C,2915__repeat_4,0,0,[],[],0,0,
llama3.1,ROME,C,2915__repeat_5,0,0,[],[],0,0,
llama3.1,ROME,C,3131__repeat_1,0,0,[],[],0,1,
llama3.1,ROME,C,3131__repeat_2,0,0,[],[],0,0,
llama3.1,ROME,C,3131__repeat_3,0,0,[],[],0,0,
llama3.1,ROME,C,3131__repeat_4,0,0,[],[],0,0,
llama3.1,ROME,C,3131__repeat_5,0,0,[],[],0,0,
llama3.1,ROME,C,824__repeat_1,0,0,[],[],0,0,
llama3.1,ROME,C,824__repeat_2,0,0,[],[],0,0,
llama3.1,ROME,C,824__repeat_3,0,0,[],[],0,0,
llama3.1,ROME,C,824__repeat_4,0,0,[],[],0,0,
llama3.1,ROME,C,824__repeat_5,0,0,[],[],0,0,
llama3.1,ROME,C,112__repeat_1,0,0,[],[],0,0,
llama3.1,ROME,C,112__repeat_2,0,0,[],[],0,1,
llama3.1,ROME,C,112__repeat_3,0,0,[],[],0,0,
llama3.1,ROME,C,112__repeat_4,0,0,[],[],0,0,
llama3.1,ROME,C,112__repeat_5,0,0,[],[],0,0,
llama3.1,ROME,C,2382__repeat_1,0,0,[],[],0,0,
llama3.1,ROME,C,2382__repeat_2,0,0,[],[],0,0,
llama3.1,ROME,C,2382__repeat_3,0,0,[],[],0,0,
llama3.1,ROME,C,2382__repeat_4,0,0,[],[],0,0,
llama3.1,ROME,C,2382__repeat_5,0,0,[],[],0,0,
llama3.1,ROME,C,4744__repeat_1,0,0,[],[],0,0,
llama3.1,ROME,C,4744__repeat_2,0,0,[],[],0,0,
llama3.1,ROME,C,4744__repeat_3,0,0,[],[],0,0,
llama3.1,ROME,C,4744__repeat_4,0,0,[],[],0,0,
llama3.1,ROME,C,4744__repeat_5,0,0,[],[],0,0,
llama3.1,ROME,C,4650__repeat_1,0,0,[],[],0,0,
llama3.1,ROME,C,4650__repeat_2,0,0,[],[],0,0,
llama3.1,ROME,C,4650__repeat_3,0,0,[],[],0,0,
llama3.1,ROME,C,4650__repeat_4,0,0,[],[],0,0,
llama3.1,ROME,C,4650__repeat_5,0,0,[],[],0,0,
llama3.1,ROME,C,1040__repeat_1,0,0,[],[],0,0,
llama3.1,ROME,C,1040__repeat_2,0,0,[],[],0,0,
llama3.1,ROME,C,1040__repeat_3,0,0,[],[],0,0,
llama3.1,ROME,C,1040__repeat_4,0,0,[],[],0,0,
llama3.1,ROME,C,1040__repeat_5,0,0,[],[],0,0,
llama3.1,ROME,C,660__repeat_1,0,0,[],[],0,0,
llama3.1,ROME,C,660__repeat_2,0,0,[],[],0,0,
llama3.1,ROME,C,660__repeat_3,0,0,[],[],0,0,
llama3.1,ROME,C,660__repeat_4,0,0,[],[],0,0,
llama3.1,ROME,C,660__repeat_5,0,0,[],[],0,0,
llama3.1,ROME,C,2074__repeat_1,0,0,[],[],0,0,
llama3.1,ROME,C,2074__repeat_2,0,0,[],[],0,0,
llama3.1,ROME,C,2074__repeat_3,0,0,[],[],0,0,
llama3.1,ROME,C,2074__repeat_4,0,0,[],[],0,1,
llama3.1,ROME,C,2074__repeat_5,0,0,[],[],0,0,
llama3.1,ROME,C,4425__repeat_1,1,0,"[[""\u00dcl"", ""\u00dcl"", ""absolute""]]",[],0,0,
llama3.1,ROME,C,4425__repeat_2,0,0,[],[],0,0,
llama3.1,ROME,C,4425__repeat_3,0,0,[],[],0,0,
llama3.1,ROME,C,4425__repeat_4,0,0,[],[],0,1,
llama3.1,ROME,C,4425__repeat_5,0,0,[],[],0,0,
llama3.1,ROME,C,1729__repeat_1,0,0,[],[],0,0,
llama3.1,ROME,C,1729__repeat_2,0,0,[],[],0,0,
llama3.1,ROME,C,1729__repeat_3,0,0,[],[],0,0,
llama3.1,ROME,C,1729__repeat_4,0,0,[],[],0,0,
llama3.1,ROME,C,1729__repeat_5,0,0,[],[],0,0,
llama3.1,ROME,C,1963__repeat_1,0,0,[],[],0,0,
llama3.1,ROME,C,1963__repeat_2,0,0,[],[],0,0,
llama3.1,ROME,C,1963__repeat_3,0,0,[],[],0,0,
llama3.1,ROME,C,1963__repeat_4,0,0,[],[],0,0,
llama3.1,ROME,C,1963__repeat_5,0,0,[],[],0,0,
llama3.1,ROME,C,463__repeat_1,0,0,[],[],0,0,
llama3.1,ROME,C,463__repeat_2,0,0,[],[],0,0,
llama3.1,ROME,C,463__repeat_3,0,0,[],[],0,0,
llama3.1,ROME,C,463__repeat_4,0,0,[],[],0,1,
llama3.1,ROME,C,463__repeat_5,0,0,[],[],0,0,
llama3.1,ROME,C,2066__repeat_1,0,0,[],[],0,0,
llama3.1,ROME,C,2066__repeat_2,0,0,[],[],0,0,
llama3.1,ROME,C,2066__repeat_3,0,0,[],[],0,0,
llama3.1,ROME,C,2066__repeat_4,0,0,[],[],0,0,
llama3.1,ROME,C,2066__repeat_5,0,0,[],[],0,0,
llama3.1,ROME,C,796__repeat_1,0,0,[],[],0,0,
llama3.1,ROME,C,796__repeat_2,0,0,[],[],0,0,
llama3.1,ROME,C,796__repeat_3,0,0,[],[],0,0,
llama3.1,ROME,C,796__repeat_4,0,0,[],[],0,0,
llama3.1,ROME,C,796__repeat_5,0,0,[],[],0,1,
llama3.1,ROME,C,4106__repeat_1,0,0,[],[],0,0,
llama3.1,ROME,C,4106__repeat_2,0,0,[],[],0,0,
llama3.1,ROME,C,4106__repeat_3,0,0,[],[],0,0,
llama3.1,ROME,C,4106__repeat_4,0,0,[],[],0,0,
llama3.1,ROME,C,4106__repeat_5,0,0,[],[],0,0,
llama3.1,ROME,C,582__repeat_1,0,0,[],[],0,0,
llama3.1,ROME,C,582__repeat_2,0,0,[],[],0,0,
llama3.1,ROME,C,582__repeat_3,0,0,[],[],0,0,
llama3.1,ROME,C,582__repeat_4,0,0,[],[],0,0,
llama3.1,ROME,C,582__repeat_5,0,0,[],[],0,0,
llama3.1,ROME,C,3219__repeat_1,0,0,[],[],0,0,
llama3.1,ROME,C,3219__repeat_2,0,0,[],[],0,0,
llama3.1,ROME,C,3219__repeat_3,0,0,[],[],0,0,
llama3.1,ROME,C,3219__repeat_4,0,0,[],[],0,0,
llama3.1,ROME,C,3219__repeat_5,0,0,[],[],0,0,
llama3.1,ROME,C,906__repeat_1,0,0,[],[],0,0,
llama3.1,ROME,C,906__repeat_2,0,0,[],[],0,0,
llama3.1,ROME,C,906__repeat_3,0,0,[],[],0,0,
llama3.1,ROME,C,906__repeat_4,0,0,[],[],0,0,
llama3.1,ROME,C,906__repeat_5,0,0,[],[],0,0,
llama3.1,ROME,C,1553__repeat_1,0,0,[],[],0,0,
llama3.1,ROME,C,1553__repeat_2,0,0,[],[],0,0,
llama3.1,ROME,C,1553__repeat_3,0,0,[],[],0,0,
llama3.1,ROME,C,1553__repeat_4,0,0,[],[],0,0,
llama3.1,ROME,C,1553__repeat_5,0,0,[],[],0,0,
llama3.1,ROME,C,911__repeat_1,0,0,[],[],0,0,
llama3.1,ROME,C,911__repeat_2,0,0,[],[],0,1,
llama3.1,ROME,C,911__repeat_3,0,0,[],[],0,0,
llama3.1,ROME,C,911__repeat_4,0,0,[],[],0,0,
llama3.1,ROME,C,911__repeat_5,0,0,[],[],0,0,
llama3.1,ROME,C,4280__repeat_1,0,0,[],[],0,0,
llama3.1,ROME,C,4280__repeat_2,0,0,[],[],0,0,
llama3.1,ROME,C,4280__repeat_3,0,0,[],[],0,0,
llama3.1,ROME,C,4280__repeat_4,0,0,[],[],0,0,
llama3.1,ROME,C,4280__repeat_5,0,0,[],[],0,0,
llama3.1,ROME,C,3397__repeat_1,1,0,"[[""b\u00e1t"", ""b\u00e1t"", ""absolute""]]",[],0,0,
llama3.1,ROME,C,3397__repeat_2,0,0,[],[],0,0,
llama3.1,ROME,C,3397__repeat_3,0,0,[],[],0,0,
llama3.1,ROME,C,3397__repeat_4,0,0,[],[],0,0,
llama3.1,ROME,C,3397__repeat_5,0,0,[],[],0,0,
llama3.1,ROME,C,1488__repeat_1,0,0,[],[],0,0,
llama3.1,ROME,C,1488__repeat_2,0,0,[],[],0,0,
llama3.1,ROME,C,1488__repeat_3,0,0,[],[],0,0,
llama3.1,ROME,C,1488__repeat_4,0,0,[],[],0,0,
llama3.1,ROME,C,1488__repeat_5,0,0,[],[],0,0,
llama3.1,ROME,C,2359__repeat_1,0,0,[],[],0,0,
llama3.1,ROME,C,2359__repeat_2,0,0,[],[],0,0,
llama3.1,ROME,C,2359__repeat_3,0,0,[],[],0,0,
llama3.1,ROME,C,2359__repeat_4,0,0,[],[],0,0,
llama3.1,ROME,C,2359__repeat_5,0,0,[],[],0,0,
llama3.1,ROME,C,518__repeat_1,0,0,[],[],0,0,
llama3.1,ROME,C,518__repeat_2,0,0,[],[],0,0,
llama3.1,ROME,C,518__repeat_3,0,0,[],[],0,0,
llama3.1,ROME,C,518__repeat_4,0,0,[],[],0,0,
llama3.1,ROME,C,518__repeat_5,0,0,[],[],0,0,
llama3.1,ROME,C,3047__repeat_1,0,0,[],[],0,0,
llama3.1,ROME,C,3047__repeat_2,0,0,[],[],0,0,
llama3.1,ROME,C,3047__repeat_3,0,0,[],[],0,0,
llama3.1,ROME,C,3047__repeat_4,0,0,[],[],0,0,
llama3.1,ROME,C,3047__repeat_5,0,0,[],[],0,0,
llama3.1,ROME,C,3423__repeat_1,0,0,[],[],0,0,
llama3.1,ROME,C,3423__repeat_2,0,0,[],[],0,0,
llama3.1,ROME,C,3423__repeat_3,0,0,[],[],0,0,
llama3.1,ROME,C,3423__repeat_4,0,0,[],[],0,0,
llama3.1,ROME,C,3423__repeat_5,0,0,[],[],0,0,
llama3.1,ROME,C,74__repeat_1,0,0,[],[],0,0,
llama3.1,ROME,C,74__repeat_2,0,0,[],[],0,0,
llama3.1,ROME,C,74__repeat_3,0,0,[],[],0,1,
llama3.1,ROME,C,74__repeat_4,0,0,[],[],0,0,
llama3.1,ROME,C,74__repeat_5,0,0,[],[],0,0,
llama3.1,ROME,C,615__repeat_1,0,0,[],[],0,1,
llama3.1,ROME,C,615__repeat_2,0,0,[],[],0,0,
llama3.1,ROME,C,615__repeat_3,0,0,[],[],0,0,
llama3.1,ROME,C,615__repeat_4,0,0,[],[],0,0,
llama3.1,ROME,C,615__repeat_5,0,0,[],[],0,0,
llama3.1,ROME,C,3028__repeat_1,0,0,[],[],0,0,
llama3.1,ROME,C,3028__repeat_2,0,0,[],[],0,0,
llama3.1,ROME,C,3028__repeat_3,0,0,[],[],0,0,
llama3.1,ROME,C,3028__repeat_4,0,0,[],[],0,0,
llama3.1,ROME,C,3028__repeat_5,0,0,[],[],0,0,
llama3.1,ROME,C,3985__repeat_1,0,0,[],[],0,0,
llama3.1,ROME,C,3985__repeat_2,0,0,[],[],0,0,
llama3.1,ROME,C,3985__repeat_3,0,0,[],[],0,0,
llama3.1,ROME,C,3985__repeat_4,0,0,[],[],0,0,
llama3.1,ROME,C,3985__repeat_5,0,0,[],[],0,0,
llama3.1,ROME,C,3792__repeat_1,0,0,[],[],0,0,
llama3.1,ROME,C,3792__repeat_2,0,0,[],[],0,0,
llama3.1,ROME,C,3792__repeat_3,0,0,[],[],0,0,
llama3.1,ROME,C,3792__repeat_4,0,0,[],[],0,0,
llama3.1,ROME,C,3792__repeat_5,0,0,[],[],0,0,
llama3.1,ROME,C,3359__repeat_1,0,0,[],[],0,0,
llama3.1,ROME,C,3359__repeat_2,0,0,[],[],0,0,
llama3.1,ROME,C,3359__repeat_3,1,0,"[[""fingers"", ""fingers"", ""absolute""]]",[],0,0,
llama3.1,ROME,C,3359__repeat_4,0,0,[],[],0,0,
llama3.1,ROME,C,3359__repeat_5,0,0,[],[],0,0,
llama3.1,ROME,C,3651__repeat_1,0,0,[],[],0,0,
llama3.1,ROME,C,3651__repeat_2,0,0,[],[],0,1,
llama3.1,ROME,C,3651__repeat_3,0,0,[],[],0,0,
llama3.1,ROME,C,3651__repeat_4,0,0,[],[],0,0,
llama3.1,ROME,C,3651__repeat_5,0,0,[],[],0,0,
llama3.1,ROME,C,3241__repeat_1,0,0,[],[],0,0,
llama3.1,ROME,C,3241__repeat_2,0,0,[],[],0,0,
llama3.1,ROME,C,3241__repeat_3,0,0,[],[],0,0,
llama3.1,ROME,C,3241__repeat_4,0,0,[],[],0,0,
llama3.1,ROME,C,3241__repeat_5,0,0,[],[],0,0,
llama3.1,ROME,C,2250__repeat_1,0,0,[],[],0,0,
llama3.1,ROME,C,2250__repeat_2,0,0,[],[],0,0,
llama3.1,ROME,C,2250__repeat_3,0,0,[],[],0,0,
llama3.1,ROME,C,2250__repeat_4,0,0,[],[],0,0,
llama3.1,ROME,C,2250__repeat_5,0,0,[],[],0,0,
llama3.1,ROME,C,3050__repeat_1,0,0,[],[],0,0,
llama3.1,ROME,C,3050__repeat_2,0,0,[],[],0,0,
llama3.1,ROME,C,3050__repeat_3,0,0,[],[],0,0,
llama3.1,ROME,C,3050__repeat_4,0,0,[],[],0,0,
llama3.1,ROME,C,3050__repeat_5,0,0,[],[],0,0,
llama3.1,ROME,C,538__repeat_1,0,0,[],[],0,0,
llama3.1,ROME,C,538__repeat_2,0,0,[],[],0,0,
llama3.1,ROME,C,538__repeat_3,0,0,[],[],0,0,
llama3.1,ROME,C,538__repeat_4,0,0,[],[],0,0,
llama3.1,ROME,C,538__repeat_5,0,0,[],[],0,0,
llama3.1,ROME,C,4801__repeat_1,0,0,[],[],0,0,
llama3.1,ROME,C,4801__repeat_2,0,0,[],[],0,0,
llama3.1,ROME,C,4801__repeat_3,0,0,[],[],0,0,
llama3.1,ROME,C,4801__repeat_4,0,0,[],[],0,0,
llama3.1,ROME,C,4801__repeat_5,0,0,[],[],0,0,
llama3.1,ROME,C,2517__repeat_1,0,0,[],[],0,0,
llama3.1,ROME,C,2517__repeat_2,0,0,[],[],0,0,
llama3.1,ROME,C,2517__repeat_3,0,0,[],[],0,0,
llama3.1,ROME,C,2517__repeat_4,0,0,[],[],0,0,
llama3.1,ROME,C,2517__repeat_5,0,0,[],[],0,0,
llama3.1,ROME,C,372__repeat_1,0,0,[],[],0,0,
llama3.1,ROME,C,372__repeat_2,0,0,[],[],0,0,
llama3.1,ROME,C,372__repeat_3,0,0,[],[],0,0,
llama3.1,ROME,C,372__repeat_4,0,0,[],[],0,0,
llama3.1,ROME,C,372__repeat_5,0,0,[],[],0,0,
llama3.1,ROME,C,2770__repeat_1,0,0,[],[],0,0,
llama3.1,ROME,C,2770__repeat_2,0,0,[],[],0,0,
llama3.1,ROME,C,2770__repeat_3,0,0,[],[],0,0,
llama3.1,ROME,C,2770__repeat_4,0,0,[],[],0,0,
llama3.1,ROME,C,2770__repeat_5,0,0,[],[],0,0,
llama3.1,ROME,C,3108__repeat_1,0,0,[],[],0,0,
llama3.1,ROME,C,3108__repeat_2,0,0,[],[],0,0,
llama3.1,ROME,C,3108__repeat_3,0,0,[],[],0,0,
llama3.1,ROME,C,3108__repeat_4,0,0,[],[],0,0,
llama3.1,ROME,C,3108__repeat_5,0,0,[],[],0,0,
llama3.1,ROME,C,3114__repeat_1,0,0,[],[],0,0,
llama3.1,ROME,C,3114__repeat_2,0,0,[],[],0,0,
llama3.1,ROME,C,3114__repeat_3,0,0,[],[],0,0,
llama3.1,ROME,C,3114__repeat_4,0,0,[],[],0,0,
llama3.1,ROME,C,3114__repeat_5,0,0,[],[],0,0,
llama3.1,ROME,C,1083__repeat_1,0,0,[],[],0,0,
llama3.1,ROME,C,1083__repeat_2,0,0,[],[],0,0,
llama3.1,ROME,C,1083__repeat_3,0,0,[],[],0,0,
llama3.1,ROME,C,1083__repeat_4,0,0,[],[],0,0,
llama3.1,ROME,C,1083__repeat_5,0,0,[],[],0,0,
llama3.1,ROME,C,384__repeat_1,0,0,[],[],0,0,
llama3.1,ROME,C,384__repeat_2,0,0,[],[],0,0,
llama3.1,ROME,C,384__repeat_3,0,0,[],[],0,0,
llama3.1,ROME,C,384__repeat_4,0,0,[],[],0,0,
llama3.1,ROME,C,384__repeat_5,0,0,[],[],0,0,
llama3.1,ROME,C,4545__repeat_1,0,0,[],[],0,0,
llama3.1,ROME,C,4545__repeat_2,0,0,[],[],0,0,
llama3.1,ROME,C,4545__repeat_3,0,0,[],[],0,0,
llama3.1,ROME,C,4545__repeat_4,0,0,[],[],0,0,
llama3.1,ROME,C,4545__repeat_5,0,0,[],[],0,0,
llama3.1,ROME,C,907__repeat_1,0,0,[],[],0,0,
llama3.1,ROME,C,907__repeat_2,0,0,[],[],0,0,
llama3.1,ROME,C,907__repeat_3,0,0,[],[],0,0,
llama3.1,ROME,C,907__repeat_4,0,0,[],[],0,0,
llama3.1,ROME,C,907__repeat_5,0,0,[],[],0,0,
llama3.1,ROME,C,1830__repeat_1,0,0,[],[],0,0,
llama3.1,ROME,C,1830__repeat_2,0,0,[],[],0,0,
llama3.1,ROME,C,1830__repeat_3,0,0,[],[],0,1,
llama3.1,ROME,C,1830__repeat_4,0,0,[],[],0,0,
llama3.1,ROME,C,1830__repeat_5,0,0,[],[],0,0,
llama3.1,ROME,C,2491__repeat_1,0,0,[],[],0,0,
llama3.1,ROME,C,2491__repeat_2,0,0,[],[],0,0,
llama3.1,ROME,C,2491__repeat_3,0,0,[],[],0,0,
llama3.1,ROME,C,2491__repeat_4,0,0,[],[],0,0,
llama3.1,ROME,C,2491__repeat_5,0,0,[],[],0,0,
llama3.1,ROME,C,413__repeat_1,0,0,[],[],0,0,
llama3.1,ROME,C,413__repeat_2,0,0,[],[],0,0,
llama3.1,ROME,C,413__repeat_3,0,0,[],[],0,0,
llama3.1,ROME,C,413__repeat_4,0,0,[],[],0,0,
llama3.1,ROME,C,413__repeat_5,0,0,[],[],0,0,
llama3.1,ROME,C,1871__repeat_1,0,0,[],[],0,0,
llama3.1,ROME,C,1871__repeat_2,0,0,[],[],0,0,
llama3.1,ROME,C,1871__repeat_3,0,0,[],[],0,0,
llama3.1,ROME,C,1871__repeat_4,0,0,[],[],0,0,
llama3.1,ROME,C,1871__repeat_5,0,0,[],[],0,0,
llama3.1,ROME,C,1587__repeat_1,0,0,[],[],0,0,
llama3.1,ROME,C,1587__repeat_2,0,0,[],[],0,0,
llama3.1,ROME,C,1587__repeat_3,0,0,[],[],0,0,
llama3.1,ROME,C,1587__repeat_4,0,0,[],[],0,0,
llama3.1,ROME,C,1587__repeat_5,0,0,[],[],0,0,
llama3.1,ROME,C,4035__repeat_1,0,0,[],[],0,0,
llama3.1,ROME,C,4035__repeat_2,0,0,[],[],0,0,
llama3.1,ROME,C,4035__repeat_3,0,0,[],[],0,0,
llama3.1,ROME,C,4035__repeat_4,0,0,[],[],0,0,
llama3.1,ROME,C,4035__repeat_5,0,0,[],[],0,0,
llama3.1,ROME,C,1427__repeat_1,0,0,[],[],0,0,
llama3.1,ROME,C,1427__repeat_2,0,0,[],[],0,0,
llama3.1,ROME,C,1427__repeat_3,0,0,[],[],0,0,
llama3.1,ROME,C,1427__repeat_4,0,0,[],[],0,0,
llama3.1,ROME,C,1427__repeat_5,0,0,[],[],0,0,
llama3.1,ROME,C,4161__repeat_1,1,0,"[[""\u00dcl"", ""\u00dcl"", ""absolute""]]",[],0,0,
llama3.1,ROME,C,4161__repeat_2,0,0,[],[],0,0,
llama3.1,ROME,C,4161__repeat_3,0,0,[],[],0,0,
llama3.1,ROME,C,4161__repeat_4,0,0,[],[],0,0,
llama3.1,ROME,C,4161__repeat_5,0,0,[],[],0,0,
llama3.1,ROME,C,2736__repeat_1,0,0,[],[],0,0,
llama3.1,ROME,C,2736__repeat_2,0,0,[],[],0,0,
llama3.1,ROME,C,2736__repeat_3,0,0,[],[],0,0,
llama3.1,ROME,C,2736__repeat_4,0,0,[],[],0,0,
llama3.1,ROME,C,2736__repeat_5,0,0,[],[],0,0,
llama3.1,ROME,C,4707__repeat_1,0,0,[],[],0,0,
llama3.1,ROME,C,4707__repeat_2,0,0,[],[],0,0,
llama3.1,ROME,C,4707__repeat_3,0,0,[],[],0,0,
llama3.1,ROME,C,4707__repeat_4,0,0,[],[],0,0,
llama3.1,ROME,C,4707__repeat_5,0,0,[],[],0,0,
llama3.1,ROME,C,2515__repeat_1,0,0,[],[],0,1,
llama3.1,ROME,C,2515__repeat_2,0,0,[],[],0,0,
llama3.1,ROME,C,2515__repeat_3,0,0,[],[],0,0,
llama3.1,ROME,C,2515__repeat_4,0,0,[],[],0,0,
llama3.1,ROME,C,2515__repeat_5,0,0,[],[],0,0,
llama3.1,ROME,C,1524__repeat_1,0,0,[],[],0,0,
llama3.1,ROME,C,1524__repeat_2,0,0,[],[],0,0,
llama3.1,ROME,C,1524__repeat_3,0,0,[],[],0,0,
llama3.1,ROME,C,1524__repeat_4,0,0,[],[],0,0,
llama3.1,ROME,C,1524__repeat_5,0,0,[],[],0,0,
llama3.1,ROME,C,280__repeat_1,0,0,[],[],0,0,
llama3.1,ROME,C,280__repeat_2,0,0,[],[],0,0,
llama3.1,ROME,C,280__repeat_3,0,0,[],[],0,0,
llama3.1,ROME,C,280__repeat_4,0,0,[],[],0,0,
llama3.1,ROME,C,280__repeat_5,0,0,[],[],0,0,
llama3.1,ROME,C,1964__repeat_1,0,0,[],[],0,0,
llama3.1,ROME,C,1964__repeat_2,0,0,[],[],0,0,
llama3.1,ROME,C,1964__repeat_3,0,0,[],[],0,0,
llama3.1,ROME,C,1964__repeat_4,0,0,[],[],0,0,
llama3.1,ROME,C,1964__repeat_5,0,0,[],[],0,0,
llama3.1,ROME,C,2058__repeat_1,0,0,[],[],0,0,
llama3.1,ROME,C,2058__repeat_2,0,0,[],[],0,0,
llama3.1,ROME,C,2058__repeat_3,0,0,[],[],0,0,
llama3.1,ROME,C,2058__repeat_4,0,0,[],[],0,0,
llama3.1,ROME,C,2058__repeat_5,0,0,[],[],0,0,
llama3.1,ROME,C,2881__repeat_1,0,0,[],[],0,0,
llama3.1,ROME,C,2881__repeat_2,0,0,[],[],0,0,
llama3.1,ROME,C,2881__repeat_3,0,0,[],[],0,0,
llama3.1,ROME,C,2881__repeat_4,0,0,[],[],0,0,
llama3.1,ROME,C,2881__repeat_5,0,0,[],[],0,0,
llama3.1,ROME,C,2369__repeat_1,0,0,[],[],0,0,
llama3.1,ROME,C,2369__repeat_2,0,0,[],[],0,0,
llama3.1,ROME,C,2369__repeat_3,0,0,[],[],0,0,
llama3.1,ROME,C,2369__repeat_4,0,0,[],[],0,0,
llama3.1,ROME,C,2369__repeat_5,0,0,[],[],0,0,
llama3.1,ROME,C,3109__repeat_1,0,0,[],[],0,0,
llama3.1,ROME,C,3109__repeat_2,0,0,[],[],0,0,
llama3.1,ROME,C,3109__repeat_3,0,0,[],[],0,0,
llama3.1,ROME,C,3109__repeat_4,0,0,[],[],0,0,
llama3.1,ROME,C,3109__repeat_5,0,0,[],[],0,1,
llama3.1,ROME,C,2105__repeat_1,0,0,[],[],0,0,
llama3.1,ROME,C,2105__repeat_2,0,0,[],[],0,0,
llama3.1,ROME,C,2105__repeat_3,0,0,[],[],0,0,
llama3.1,ROME,C,2105__repeat_4,0,0,[],[],0,0,
llama3.1,ROME,C,2105__repeat_5,0,0,[],[],0,0,
llama3.1,ROME,C,4157__repeat_1,0,0,[],[],0,0,
llama3.1,ROME,C,4157__repeat_2,0,0,[],[],0,1,
llama3.1,ROME,C,4157__repeat_3,0,0,[],[],0,0,
llama3.1,ROME,C,4157__repeat_4,0,0,[],[],0,0,
llama3.1,ROME,C,4157__repeat_5,0,0,[],[],0,1,
llama3.1,ROME,C,2159__repeat_1,0,0,[],[],0,0,
llama3.1,ROME,C,2159__repeat_2,0,0,[],[],0,0,
llama3.1,ROME,C,2159__repeat_3,0,0,[],[],0,0,
llama3.1,ROME,C,2159__repeat_4,0,0,[],[],0,0,
llama3.1,ROME,C,2159__repeat_5,0,0,[],[],0,0,
llama3.1,ROME,C,2339__repeat_1,0,0,[],[],0,0,
llama3.1,ROME,C,2339__repeat_2,0,0,[],[],0,0,
llama3.1,ROME,C,2339__repeat_3,0,0,[],[],0,0,
llama3.1,ROME,C,2339__repeat_4,0,0,[],[],0,0,
llama3.1,ROME,C,2339__repeat_5,0,0,[],[],0,0,
llama3.1,ROME,C,136__repeat_1,0,0,[],[],0,0,
llama3.1,ROME,C,136__repeat_2,0,0,[],[],0,0,
llama3.1,ROME,C,136__repeat_3,0,0,[],[],0,0,
llama3.1,ROME,C,136__repeat_4,0,0,[],[],0,0,
llama3.1,ROME,C,136__repeat_5,0,0,[],[],0,0,
llama3.1,ROME,C,364__repeat_1,0,0,[],[],0,0,
llama3.1,ROME,C,364__repeat_2,0,0,[],[],0,0,
llama3.1,ROME,C,364__repeat_3,0,0,[],[],0,0,
llama3.1,ROME,C,364__repeat_4,0,0,[],[],0,0,
llama3.1,ROME,C,364__repeat_5,0,0,[],[],0,0,
llama3.1,ROME,C,1816__repeat_1,0,0,[],[],0,0,
llama3.1,ROME,C,1816__repeat_2,0,0,[],[],0,0,
llama3.1,ROME,C,1816__repeat_3,0,0,[],[],0,0,
llama3.1,ROME,C,1816__repeat_4,0,0,[],[],0,0,
llama3.1,ROME,C,1816__repeat_5,0,0,[],[],0,0,
llama3.1,ROME,C,4315__repeat_1,0,0,[],[],0,0,
llama3.1,ROME,C,4315__repeat_2,0,0,[],[],0,0,
llama3.1,ROME,C,4315__repeat_3,0,0,[],[],0,0,
llama3.1,ROME,C,4315__repeat_4,0,0,[],[],0,0,
llama3.1,ROME,C,4315__repeat_5,0,0,[],[],0,0,
llama3.1,ROME,D,2112__repeat_1,0,0,[],[],0,0,
llama3.1,ROME,D,2112__repeat_2,0,0,[],[],0,0,
llama3.1,ROME,D,2112__repeat_3,0,0,[],[],0,0,
llama3.1,ROME,D,2112__repeat_4,0,0,[],[],0,0,
llama3.1,ROME,D,2112__repeat_5,0,0,[],[],0,0,
llama3.1,ROME,D,2140__repeat_1,0,0,[],[],0,0,
llama3.1,ROME,D,2140__repeat_2,0,0,[],[],0,0,
llama3.1,ROME,D,2140__repeat_3,0,0,[],[],0,0,
llama3.1,ROME,D,2140__repeat_4,0,0,[],[],0,0,
llama3.1,ROME,D,2140__repeat_5,0,0,[],[],0,0,
llama3.1,ROME,D,578__repeat_1,0,0,[],[],0,0,
llama3.1,ROME,D,578__repeat_2,0,0,[],[],0,0,
llama3.1,ROME,D,578__repeat_3,0,0,[],[],0,0,
llama3.1,ROME,D,578__repeat_4,0,0,[],[],0,0,
llama3.1,ROME,D,578__repeat_5,0,0,[],[],0,0,
llama3.1,ROME,D,3384__repeat_1,0,0,[],[],0,0,
llama3.1,ROME,D,3384__repeat_2,0,0,[],[],0,0,
llama3.1,ROME,D,3384__repeat_3,0,0,[],[],0,0,
llama3.1,ROME,D,3384__repeat_4,0,0,[],[],0,0,
llama3.1,ROME,D,3384__repeat_5,0,0,[],[],0,0,
llama3.1,ROME,D,755__repeat_1,0,0,[],[],0,0,
llama3.1,ROME,D,755__repeat_2,0,0,[],[],0,0,
llama3.1,ROME,D,755__repeat_3,0,0,[],[],0,0,
llama3.1,ROME,D,755__repeat_4,0,0,[],[],0,0,
llama3.1,ROME,D,755__repeat_5,0,0,[],[],0,0,
llama3.1,ROME,D,2609__repeat_1,0,0,[],[],0,0,
llama3.1,ROME,D,2609__repeat_2,0,0,[],[],0,0,
llama3.1,ROME,D,2609__repeat_3,0,0,[],[],0,0,
llama3.1,ROME,D,2609__repeat_4,0,0,[],[],0,0,
llama3.1,ROME,D,2609__repeat_5,0,0,[],[],0,0,
llama3.1,ROME,D,2466__repeat_1,0,0,[],[],0,0,
llama3.1,ROME,D,2466__repeat_2,0,0,[],[],0,0,
llama3.1,ROME,D,2466__repeat_3,0,0,[],[],0,0,
llama3.1,ROME,D,2466__repeat_4,0,0,[],[],0,0,
llama3.1,ROME,D,2466__repeat_5,0,0,[],[],0,0,
llama3.1,ROME,D,926__repeat_1,0,0,[],[],0,0,
llama3.1,ROME,D,926__repeat_2,0,0,[],[],0,0,
llama3.1,ROME,D,926__repeat_3,0,0,[],[],0,0,
llama3.1,ROME,D,926__repeat_4,0,0,[],[],0,0,
llama3.1,ROME,D,926__repeat_5,0,0,[],[],0,0,
llama3.1,ROME,D,3506__repeat_1,0,0,[],[],0,0,
llama3.1,ROME,D,3506__repeat_2,0,0,[],[],0,0,
llama3.1,ROME,D,3506__repeat_3,0,0,[],[],0,0,
llama3.1,ROME,D,3506__repeat_4,0,0,[],[],0,0,
llama3.1,ROME,D,3506__repeat_5,0,0,[],[],0,0,
llama3.1,ROME,D,1889__repeat_1,0,0,[],[],0,0,
llama3.1,ROME,D,1889__repeat_2,0,0,[],[],0,0,
llama3.1,ROME,D,1889__repeat_3,0,0,[],[],0,0,
llama3.1,ROME,D,1889__repeat_4,0,0,[],[],0,0,
llama3.1,ROME,D,1889__repeat_5,0,0,[],[],0,0,
llama3.1,ROME,D,4169__repeat_1,0,0,[],[],0,0,
llama3.1,ROME,D,4169__repeat_2,0,0,[],[],0,0,
llama3.1,ROME,D,4169__repeat_3,0,0,[],[],0,0,
llama3.1,ROME,D,4169__repeat_4,0,0,[],[],0,0,
llama3.1,ROME,D,4169__repeat_5,0,0,[],[],0,0,
llama3.1,ROME,D,4404__repeat_1,0,0,[],[],0,0,
llama3.1,ROME,D,4404__repeat_2,0,0,[],[],0,0,
llama3.1,ROME,D,4404__repeat_3,0,0,[],[],0,0,
llama3.1,ROME,D,4404__repeat_4,0,0,[],[],0,0,
llama3.1,ROME,D,4404__repeat_5,0,0,[],[],0,0,
llama3.1,ROME,D,2553__repeat_1,0,0,[],[],0,0,
llama3.1,ROME,D,2553__repeat_2,0,0,[],[],0,0,
llama3.1,ROME,D,2553__repeat_3,0,0,[],[],0,0,
llama3.1,ROME,D,2553__repeat_4,0,0,[],[],0,0,
llama3.1,ROME,D,2553__repeat_5,0,0,[],[],0,0,
llama3.1,ROME,D,809__repeat_1,0,0,[],[],0,0,
llama3.1,ROME,D,809__repeat_2,0,0,[],[],0,0,
llama3.1,ROME,D,809__repeat_3,0,0,[],[],0,0,
llama3.1,ROME,D,809__repeat_4,0,0,[],[],0,0,
llama3.1,ROME,D,809__repeat_5,0,0,[],[],0,0,
llama3.1,ROME,D,4647__repeat_1,0,0,[],[],0,0,
llama3.1,ROME,D,4647__repeat_2,0,0,[],[],0,0,
llama3.1,ROME,D,4647__repeat_3,0,0,[],[],0,0,
llama3.1,ROME,D,4647__repeat_4,0,0,[],[],0,0,
llama3.1,ROME,D,4647__repeat_5,0,0,[],[],0,0,
llama3.1,ROME,D,2943__repeat_1,0,0,[],[],0,0,
llama3.1,ROME,D,2943__repeat_2,0,0,[],[],0,0,
llama3.1,ROME,D,2943__repeat_3,0,0,[],[],0,0,
llama3.1,ROME,D,2943__repeat_4,0,0,[],[],0,0,
llama3.1,ROME,D,2943__repeat_5,0,0,[],[],0,0,
llama3.1,ROME,D,2595__repeat_1,0,0,[],[],0,0,
llama3.1,ROME,D,2595__repeat_2,0,0,[],[],0,0,
llama3.1,ROME,D,2595__repeat_3,0,0,[],[],0,0,
llama3.1,ROME,D,2595__repeat_4,0,0,[],[],0,0,
llama3.1,ROME,D,2595__repeat_5,0,0,[],[],0,0,
llama3.1,ROME,D,102__repeat_1,0,0,[],[],0,0,
llama3.1,ROME,D,102__repeat_2,0,0,[],[],0,0,
llama3.1,ROME,D,102__repeat_3,0,0,[],[],0,0,
llama3.1,ROME,D,102__repeat_4,0,0,[],[],0,0,
llama3.1,ROME,D,102__repeat_5,0,0,[],[],0,0,
llama3.1,ROME,D,3940__repeat_1,0,0,[],[],0,0,
llama3.1,ROME,D,3940__repeat_2,0,0,[],[],0,0,
llama3.1,ROME,D,3940__repeat_3,0,0,[],[],0,0,
llama3.1,ROME,D,3940__repeat_4,0,0,[],[],0,0,
llama3.1,ROME,D,3940__repeat_5,0,0,[],[],0,0,
llama3.1,ROME,D,3573__repeat_1,0,0,[],[],0,0,
llama3.1,ROME,D,3573__repeat_2,0,0,[],[],0,0,
llama3.1,ROME,D,3573__repeat_3,0,0,[],[],0,0,
llama3.1,ROME,D,3573__repeat_4,0,0,[],[],0,0,
llama3.1,ROME,D,3573__repeat_5,0,0,[],[],0,0,
llama3.1,ROME,D,3298__repeat_1,0,0,[],[],0,0,
llama3.1,ROME,D,3298__repeat_2,0,0,[],[],0,0,
llama3.1,ROME,D,3298__repeat_3,0,0,[],[],0,0,
llama3.1,ROME,D,3298__repeat_4,0,0,[],[],0,0,
llama3.1,ROME,D,3298__repeat_5,0,0,[],[],0,0,
llama3.1,ROME,D,4564__repeat_1,0,0,[],[],0,0,
llama3.1,ROME,D,4564__repeat_2,0,0,[],[],0,0,
llama3.1,ROME,D,4564__repeat_3,0,0,[],[],0,0,
llama3.1,ROME,D,4564__repeat_4,0,0,[],[],0,0,
llama3.1,ROME,D,4564__repeat_5,0,0,[],[],0,0,
llama3.1,ROME,D,2709__repeat_1,0,0,[],[],0,0,
llama3.1,ROME,D,2709__repeat_2,0,0,[],[],0,0,
llama3.1,ROME,D,2709__repeat_3,0,0,[],[],0,0,
llama3.1,ROME,D,2709__repeat_4,0,0,[],[],0,0,
llama3.1,ROME,D,2709__repeat_5,0,0,[],[],0,0,
llama3.1,ROME,D,956__repeat_1,0,0,[],[],0,0,
llama3.1,ROME,D,956__repeat_2,0,0,[],[],0,0,
llama3.1,ROME,D,956__repeat_3,0,0,[],[],0,0,
llama3.1,ROME,D,956__repeat_4,0,0,[],[],0,0,
llama3.1,ROME,D,956__repeat_5,0,0,[],[],0,0,
llama3.1,ROME,D,2915__repeat_1,0,0,[],[],0,0,
llama3.1,ROME,D,2915__repeat_2,0,0,[],[],0,0,
llama3.1,ROME,D,2915__repeat_3,0,0,[],[],0,0,
llama3.1,ROME,D,2915__repeat_4,0,0,[],[],0,0,
llama3.1,ROME,D,2915__repeat_5,0,0,[],[],0,0,
llama3.1,ROME,D,3131__repeat_1,0,0,[],[],0,0,
llama3.1,ROME,D,3131__repeat_2,0,0,[],[],0,0,
llama3.1,ROME,D,3131__repeat_3,0,0,[],[],0,0,
llama3.1,ROME,D,3131__repeat_4,0,0,[],[],0,0,
llama3.1,ROME,D,3131__repeat_5,0,0,[],[],0,0,
llama3.1,ROME,D,824__repeat_1,0,0,[],[],0,0,
llama3.1,ROME,D,824__repeat_2,0,0,[],[],0,0,
llama3.1,ROME,D,824__repeat_3,0,0,[],[],0,0,
llama3.1,ROME,D,824__repeat_4,0,0,[],[],0,0,
llama3.1,ROME,D,824__repeat_5,0,0,[],[],0,0,
llama3.1,ROME,D,112__repeat_1,0,0,[],[],0,0,
llama3.1,ROME,D,112__repeat_2,0,0,[],[],0,0,
llama3.1,ROME,D,112__repeat_3,0,0,[],[],0,0,
llama3.1,ROME,D,112__repeat_4,0,0,[],[],0,0,
llama3.1,ROME,D,112__repeat_5,0,0,[],[],0,0,
llama3.1,ROME,D,2382__repeat_1,0,0,[],[],0,0,
llama3.1,ROME,D,2382__repeat_2,0,0,[],[],0,0,
llama3.1,ROME,D,2382__repeat_3,0,0,[],[],0,0,
llama3.1,ROME,D,2382__repeat_4,0,0,[],[],0,0,
llama3.1,ROME,D,2382__repeat_5,0,0,[],[],0,0,
llama3.1,ROME,D,4744__repeat_1,0,0,[],[],0,0,
llama3.1,ROME,D,4744__repeat_2,0,0,[],[],0,0,
llama3.1,ROME,D,4744__repeat_3,0,0,[],[],0,0,
llama3.1,ROME,D,4744__repeat_4,0,0,[],[],0,0,
llama3.1,ROME,D,4744__repeat_5,0,0,[],[],0,0,
llama3.1,ROME,D,4650__repeat_1,0,0,[],[],0,0,
llama3.1,ROME,D,4650__repeat_2,0,0,[],[],0,0,
llama3.1,ROME,D,4650__repeat_3,0,0,[],[],0,0,
llama3.1,ROME,D,4650__repeat_4,0,0,[],[],0,0,
llama3.1,ROME,D,4650__repeat_5,0,0,[],[],0,0,
llama3.1,ROME,D,1040__repeat_1,0,0,[],[],0,0,
llama3.1,ROME,D,1040__repeat_2,0,0,[],[],0,0,
llama3.1,ROME,D,1040__repeat_3,0,0,[],[],0,0,
llama3.1,ROME,D,1040__repeat_4,0,0,[],[],0,0,
llama3.1,ROME,D,1040__repeat_5,0,0,[],[],0,0,
llama3.1,ROME,D,660__repeat_1,0,0,[],[],0,0,
llama3.1,ROME,D,660__repeat_2,0,0,[],[],0,0,
llama3.1,ROME,D,660__repeat_3,0,0,[],[],0,0,
llama3.1,ROME,D,660__repeat_4,0,0,[],[],0,0,
llama3.1,ROME,D,660__repeat_5,0,0,[],[],0,0,
llama3.1,ROME,D,2074__repeat_1,0,0,[],[],0,0,
llama3.1,ROME,D,2074__repeat_2,0,0,[],[],0,0,
llama3.1,ROME,D,2074__repeat_3,0,0,[],[],0,0,
llama3.1,ROME,D,2074__repeat_4,0,0,[],[],0,0,
llama3.1,ROME,D,2074__repeat_5,0,0,[],[],0,0,
llama3.1,ROME,D,4425__repeat_1,0,0,[],[],0,0,
llama3.1,ROME,D,4425__repeat_2,0,0,[],[],0,0,
llama3.1,ROME,D,4425__repeat_3,0,0,[],[],0,0,
llama3.1,ROME,D,4425__repeat_4,0,0,[],[],0,0,
llama3.1,ROME,D,4425__repeat_5,0,0,[],[],0,0,
llama3.1,ROME,D,1729__repeat_1,0,0,[],[],0,0,
llama3.1,ROME,D,1729__repeat_2,0,0,[],[],0,0,
llama3.1,ROME,D,1729__repeat_3,0,0,[],[],0,0,
llama3.1,ROME,D,1729__repeat_4,0,0,[],[],0,0,
llama3.1,ROME,D,1729__repeat_5,0,0,[],[],0,0,
llama3.1,ROME,D,1963__repeat_1,0,0,[],[],0,0,
llama3.1,ROME,D,1963__repeat_2,0,0,[],[],0,0,
llama3.1,ROME,D,1963__repeat_3,0,0,[],[],0,0,
llama3.1,ROME,D,1963__repeat_4,0,0,[],[],0,0,
llama3.1,ROME,D,1963__repeat_5,0,0,[],[],0,0,
llama3.1,ROME,D,463__repeat_1,0,0,[],[],0,0,
llama3.1,ROME,D,463__repeat_2,0,0,[],[],0,0,
llama3.1,ROME,D,463__repeat_3,0,0,[],[],0,0,
llama3.1,ROME,D,463__repeat_4,0,0,[],[],0,0,
llama3.1,ROME,D,463__repeat_5,0,0,[],[],0,0,
llama3.1,ROME,D,2066__repeat_1,0,0,[],[],0,0,
llama3.1,ROME,D,2066__repeat_2,0,0,[],[],0,0,
llama3.1,ROME,D,2066__repeat_3,0,0,[],[],0,0,
llama3.1,ROME,D,2066__repeat_4,0,0,[],[],0,0,
llama3.1,ROME,D,2066__repeat_5,0,0,[],[],0,0,
llama3.1,ROME,D,796__repeat_1,0,0,[],[],0,0,
llama3.1,ROME,D,796__repeat_2,0,0,[],[],0,0,
llama3.1,ROME,D,796__repeat_3,0,0,[],[],0,0,
llama3.1,ROME,D,796__repeat_4,0,0,[],[],0,0,
llama3.1,ROME,D,796__repeat_5,0,0,[],[],0,0,
llama3.1,ROME,D,4106__repeat_1,0,0,[],[],0,0,
llama3.1,ROME,D,4106__repeat_2,0,0,[],[],0,0,
llama3.1,ROME,D,4106__repeat_3,0,0,[],[],0,0,
llama3.1,ROME,D,4106__repeat_4,0,0,[],[],0,0,
llama3.1,ROME,D,4106__repeat_5,0,0,[],[],0,0,
llama3.1,ROME,D,582__repeat_1,0,0,[],[],0,0,
llama3.1,ROME,D,582__repeat_2,0,0,[],[],0,0,
llama3.1,ROME,D,582__repeat_3,0,0,[],[],0,0,
llama3.1,ROME,D,582__repeat_4,0,0,[],[],0,0,
llama3.1,ROME,D,582__repeat_5,0,0,[],[],0,0,
llama3.1,ROME,D,3219__repeat_1,0,0,[],[],0,0,
llama3.1,ROME,D,3219__repeat_2,0,0,[],[],0,0,
llama3.1,ROME,D,3219__repeat_3,0,0,[],[],0,0,
llama3.1,ROME,D,3219__repeat_4,0,0,[],[],0,0,
llama3.1,ROME,D,3219__repeat_5,0,0,[],[],0,0,
llama3.1,ROME,D,906__repeat_1,0,0,[],[],0,0,
llama3.1,ROME,D,906__repeat_2,0,0,[],[],0,0,
llama3.1,ROME,D,906__repeat_3,0,0,[],[],0,0,
llama3.1,ROME,D,906__repeat_4,0,0,[],[],0,0,
llama3.1,ROME,D,906__repeat_5,0,0,[],[],0,0,
llama3.1,ROME,D,1553__repeat_1,0,0,[],[],0,0,
llama3.1,ROME,D,1553__repeat_2,0,0,[],[],0,0,
llama3.1,ROME,D,1553__repeat_3,0,0,[],[],0,0,
llama3.1,ROME,D,1553__repeat_4,0,0,[],[],0,0,
llama3.1,ROME,D,1553__repeat_5,0,0,[],[],0,0,
llama3.1,ROME,D,911__repeat_1,0,0,[],[],0,0,
llama3.1,ROME,D,911__repeat_2,0,0,[],[],0,0,
llama3.1,ROME,D,911__repeat_3,0,0,[],[],0,0,
llama3.1,ROME,D,911__repeat_4,0,0,[],[],0,0,
llama3.1,ROME,D,911__repeat_5,0,0,[],[],0,0,
llama3.1,ROME,D,4280__repeat_1,0,0,[],[],0,0,
llama3.1,ROME,D,4280__repeat_2,0,0,[],[],0,0,
llama3.1,ROME,D,4280__repeat_3,0,0,[],[],0,0,
llama3.1,ROME,D,4280__repeat_4,0,0,[],[],0,0,
llama3.1,ROME,D,4280__repeat_5,0,0,[],[],0,0,
llama3.1,ROME,D,3397__repeat_1,0,0,[],[],0,0,
llama3.1,ROME,D,3397__repeat_2,0,0,[],[],0,0,
llama3.1,ROME,D,3397__repeat_3,0,0,[],[],0,0,
llama3.1,ROME,D,3397__repeat_4,0,0,[],[],0,0,
llama3.1,ROME,D,3397__repeat_5,0,0,[],[],0,0,
llama3.1,ROME,D,1488__repeat_1,0,0,[],[],0,0,
llama3.1,ROME,D,1488__repeat_2,0,0,[],[],0,0,
llama3.1,ROME,D,1488__repeat_3,0,0,[],[],0,0,
llama3.1,ROME,D,1488__repeat_4,0,0,[],[],0,0,
llama3.1,ROME,D,1488__repeat_5,0,0,[],[],0,0,
llama3.1,ROME,D,2359__repeat_1,0,0,[],[],0,0,
llama3.1,ROME,D,2359__repeat_2,0,0,[],[],0,0,
llama3.1,ROME,D,2359__repeat_3,0,0,[],[],0,0,
llama3.1,ROME,D,2359__repeat_4,0,0,[],[],0,0,
llama3.1,ROME,D,2359__repeat_5,0,0,[],[],0,0,
llama3.1,ROME,D,518__repeat_1,0,0,[],[],0,0,
llama3.1,ROME,D,518__repeat_2,0,0,[],[],0,0,
llama3.1,ROME,D,518__repeat_3,0,0,[],[],0,0,
llama3.1,ROME,D,518__repeat_4,0,0,[],[],0,0,
llama3.1,ROME,D,518__repeat_5,0,0,[],[],0,0,
llama3.1,ROME,D,3047__repeat_1,0,0,[],[],0,0,
llama3.1,ROME,D,3047__repeat_2,0,0,[],[],0,0,
llama3.1,ROME,D,3047__repeat_3,0,0,[],[],0,0,
llama3.1,ROME,D,3047__repeat_4,0,0,[],[],0,0,
llama3.1,ROME,D,3047__repeat_5,0,0,[],[],0,0,
llama3.1,ROME,D,3423__repeat_1,0,0,[],[],0,0,
llama3.1,ROME,D,3423__repeat_2,0,0,[],[],0,0,
llama3.1,ROME,D,3423__repeat_3,0,0,[],[],0,0,
llama3.1,ROME,D,3423__repeat_4,0,0,[],[],0,0,
llama3.1,ROME,D,3423__repeat_5,0,0,[],[],0,0,
llama3.1,ROME,D,74__repeat_1,0,0,[],[],0,0,
llama3.1,ROME,D,74__repeat_2,0,0,[],[],0,0,
llama3.1,ROME,D,74__repeat_3,0,0,[],[],0,0,
llama3.1,ROME,D,74__repeat_4,0,0,[],[],0,0,
llama3.1,ROME,D,74__repeat_5,0,0,[],[],0,0,
llama3.1,ROME,D,615__repeat_1,0,0,[],[],0,0,
llama3.1,ROME,D,615__repeat_2,0,0,[],[],0,0,
llama3.1,ROME,D,615__repeat_3,0,0,[],[],0,0,
llama3.1,ROME,D,615__repeat_4,0,0,[],[],0,0,
llama3.1,ROME,D,615__repeat_5,0,0,[],[],0,0,
llama3.1,ROME,D,3028__repeat_1,0,0,[],[],0,0,
llama3.1,ROME,D,3028__repeat_2,0,0,[],[],0,0,
llama3.1,ROME,D,3028__repeat_3,0,0,[],[],0,0,
llama3.1,ROME,D,3028__repeat_4,0,0,[],[],0,0,
llama3.1,ROME,D,3028__repeat_5,0,0,[],[],0,0,
llama3.1,ROME,D,3985__repeat_1,0,0,[],[],0,0,
llama3.1,ROME,D,3985__repeat_2,0,0,[],[],0,0,
llama3.1,ROME,D,3985__repeat_3,0,0,[],[],0,0,
llama3.1,ROME,D,3985__repeat_4,0,0,[],[],0,0,
llama3.1,ROME,D,3985__repeat_5,0,0,[],[],0,0,
llama3.1,ROME,D,3792__repeat_1,0,0,[],[],0,0,
llama3.1,ROME,D,3792__repeat_2,0,0,[],[],0,0,
llama3.1,ROME,D,3792__repeat_3,0,0,[],[],0,0,
llama3.1,ROME,D,3792__repeat_4,0,0,[],[],0,0,
llama3.1,ROME,D,3792__repeat_5,0,0,[],[],0,0,
llama3.1,ROME,D,3359__repeat_1,0,0,[],[],0,0,
llama3.1,ROME,D,3359__repeat_2,0,0,[],[],0,0,
llama3.1,ROME,D,3359__repeat_3,0,0,[],[],0,0,
llama3.1,ROME,D,3359__repeat_4,0,0,[],[],0,0,
llama3.1,ROME,D,3359__repeat_5,0,0,[],[],0,0,
llama3.1,ROME,D,3651__repeat_1,0,0,[],[],0,0,
llama3.1,ROME,D,3651__repeat_2,0,0,[],[],0,0,
llama3.1,ROME,D,3651__repeat_3,0,0,[],[],0,0,
llama3.1,ROME,D,3651__repeat_4,0,0,[],[],0,0,
llama3.1,ROME,D,3651__repeat_5,0,0,[],[],0,0,
llama3.1,ROME,D,3241__repeat_1,0,0,[],[],0,0,
llama3.1,ROME,D,3241__repeat_2,0,0,[],[],0,0,
llama3.1,ROME,D,3241__repeat_3,0,0,[],[],0,0,
llama3.1,ROME,D,3241__repeat_4,0,0,[],[],0,0,
llama3.1,ROME,D,3241__repeat_5,0,0,[],[],0,0,
llama3.1,ROME,D,2250__repeat_1,0,0,[],[],0,0,
llama3.1,ROME,D,2250__repeat_2,0,0,[],[],0,0,
llama3.1,ROME,D,2250__repeat_3,0,0,[],[],0,0,
llama3.1,ROME,D,2250__repeat_4,0,0,[],[],0,0,
llama3.1,ROME,D,2250__repeat_5,0,0,[],[],0,0,
llama3.1,ROME,D,3050__repeat_1,0,0,[],[],0,0,
llama3.1,ROME,D,3050__repeat_2,0,0,[],[],0,0,
llama3.1,ROME,D,3050__repeat_3,0,0,[],[],0,0,
llama3.1,ROME,D,3050__repeat_4,0,0,[],[],0,0,
llama3.1,ROME,D,3050__repeat_5,0,0,[],[],0,0,
llama3.1,ROME,D,538__repeat_1,0,0,[],[],0,0,
llama3.1,ROME,D,538__repeat_2,0,0,[],[],0,0,
llama3.1,ROME,D,538__repeat_3,0,0,[],[],0,0,
llama3.1,ROME,D,538__repeat_4,0,0,[],[],0,0,
llama3.1,ROME,D,538__repeat_5,0,0,[],[],0,0,
llama3.1,ROME,D,4801__repeat_1,0,0,[],[],0,0,
llama3.1,ROME,D,4801__repeat_2,0,0,[],[],0,0,
llama3.1,ROME,D,4801__repeat_3,0,0,[],[],0,0,
llama3.1,ROME,D,4801__repeat_4,0,0,[],[],0,0,
llama3.1,ROME,D,4801__repeat_5,0,0,[],[],0,0,
llama3.1,ROME,D,2517__repeat_1,0,0,[],[],0,0,
llama3.1,ROME,D,2517__repeat_2,0,0,[],[],0,0,
llama3.1,ROME,D,2517__repeat_3,0,0,[],[],0,0,
llama3.1,ROME,D,2517__repeat_4,0,0,[],[],0,0,
llama3.1,ROME,D,2517__repeat_5,0,0,[],[],0,0,
llama3.1,ROME,D,372__repeat_1,0,0,[],[],0,0,
llama3.1,ROME,D,372__repeat_2,0,0,[],[],0,0,
llama3.1,ROME,D,372__repeat_3,0,0,[],[],0,0,
llama3.1,ROME,D,372__repeat_4,0,0,[],[],0,0,
llama3.1,ROME,D,372__repeat_5,0,0,[],[],0,0,
llama3.1,ROME,D,2770__repeat_1,0,0,[],[],0,0,
llama3.1,ROME,D,2770__repeat_2,0,0,[],[],0,0,
llama3.1,ROME,D,2770__repeat_3,0,0,[],[],0,0,
llama3.1,ROME,D,2770__repeat_4,0,0,[],[],0,0,
llama3.1,ROME,D,2770__repeat_5,0,0,[],[],0,0,
llama3.1,ROME,D,3108__repeat_1,0,0,[],[],0,0,
llama3.1,ROME,D,3108__repeat_2,0,0,[],[],0,0,
llama3.1,ROME,D,3108__repeat_3,0,0,[],[],0,0,
llama3.1,ROME,D,3108__repeat_4,0,0,[],[],0,0,
llama3.1,ROME,D,3108__repeat_5,0,0,[],[],0,0,
llama3.1,ROME,D,3114__repeat_1,0,0,[],[],0,0,
llama3.1,ROME,D,3114__repeat_2,0,0,[],[],0,0,
llama3.1,ROME,D,3114__repeat_3,0,0,[],[],0,0,
llama3.1,ROME,D,3114__repeat_4,0,0,[],[],0,0,
llama3.1,ROME,D,3114__repeat_5,0,0,[],[],0,0,
llama3.1,ROME,D,1083__repeat_1,0,0,[],[],0,0,
llama3.1,ROME,D,1083__repeat_2,0,0,[],[],0,0,
llama3.1,ROME,D,1083__repeat_3,0,0,[],[],0,0,
llama3.1,ROME,D,1083__repeat_4,0,0,[],[],0,0,
llama3.1,ROME,D,1083__repeat_5,0,0,[],[],0,0,
llama3.1,ROME,D,384__repeat_1,0,0,[],[],0,0,
llama3.1,ROME,D,384__repeat_2,0,0,[],[],0,0,
llama3.1,ROME,D,384__repeat_3,0,0,[],[],0,0,
llama3.1,ROME,D,384__repeat_4,0,0,[],[],0,0,
llama3.1,ROME,D,384__repeat_5,0,0,[],[],0,0,
llama3.1,ROME,D,4545__repeat_1,0,0,[],[],0,0,
llama3.1,ROME,D,4545__repeat_2,0,0,[],[],0,0,
llama3.1,ROME,D,4545__repeat_3,0,0,[],[],0,0,
llama3.1,ROME,D,4545__repeat_4,0,0,[],[],0,0,
llama3.1,ROME,D,4545__repeat_5,0,0,[],[],0,0,
llama3.1,ROME,D,907__repeat_1,0,0,[],[],0,0,
llama3.1,ROME,D,907__repeat_2,0,0,[],[],0,0,
llama3.1,ROME,D,907__repeat_3,0,0,[],[],0,0,
llama3.1,ROME,D,907__repeat_4,0,0,[],[],0,0,
llama3.1,ROME,D,907__repeat_5,0,0,[],[],0,0,
llama3.1,ROME,D,1830__repeat_1,0,0,[],[],0,0,
llama3.1,ROME,D,1830__repeat_2,0,0,[],[],0,0,
llama3.1,ROME,D,1830__repeat_3,0,0,[],[],0,0,
llama3.1,ROME,D,1830__repeat_4,0,0,[],[],0,0,
llama3.1,ROME,D,1830__repeat_5,0,0,[],[],0,0,
llama3.1,ROME,D,2491__repeat_1,0,0,[],[],0,0,
llama3.1,ROME,D,2491__repeat_2,0,0,[],[],0,0,
llama3.1,ROME,D,2491__repeat_3,0,0,[],[],0,0,
llama3.1,ROME,D,2491__repeat_4,0,0,[],[],0,0,
llama3.1,ROME,D,2491__repeat_5,0,0,[],[],0,0,
llama3.1,ROME,D,413__repeat_1,0,0,[],[],0,0,
llama3.1,ROME,D,413__repeat_2,0,0,[],[],0,0,
llama3.1,ROME,D,413__repeat_3,0,0,[],[],0,0,
llama3.1,ROME,D,413__repeat_4,0,0,[],[],0,0,
llama3.1,ROME,D,413__repeat_5,0,0,[],[],0,0,
llama3.1,ROME,D,1871__repeat_1,0,0,[],[],0,0,
llama3.1,ROME,D,1871__repeat_2,0,0,[],[],0,0,
llama3.1,ROME,D,1871__repeat_3,0,0,[],[],0,0,
llama3.1,ROME,D,1871__repeat_4,0,0,[],[],0,0,
llama3.1,ROME,D,1871__repeat_5,0,0,[],[],0,0,
llama3.1,ROME,D,1587__repeat_1,0,0,[],[],0,0,
llama3.1,ROME,D,1587__repeat_2,0,0,[],[],0,0,
llama3.1,ROME,D,1587__repeat_3,0,0,[],[],0,0,
llama3.1,ROME,D,1587__repeat_4,0,0,[],[],0,0,
llama3.1,ROME,D,1587__repeat_5,0,0,[],[],0,0,
llama3.1,ROME,D,4035__repeat_1,0,0,[],[],0,0,
llama3.1,ROME,D,4035__repeat_2,0,0,[],[],0,0,
llama3.1,ROME,D,4035__repeat_3,0,0,[],[],0,0,
llama3.1,ROME,D,4035__repeat_4,0,0,[],[],0,0,
llama3.1,ROME,D,4035__repeat_5,0,0,[],[],0,0,
llama3.1,ROME,D,1427__repeat_1,0,0,[],[],0,0,
llama3.1,ROME,D,1427__repeat_2,0,0,[],[],0,0,
llama3.1,ROME,D,1427__repeat_3,0,0,[],[],0,0,
llama3.1,ROME,D,1427__repeat_4,0,0,[],[],0,0,
llama3.1,ROME,D,1427__repeat_5,0,0,[],[],0,0,
llama3.1,ROME,D,4161__repeat_1,0,0,[],[],0,0,
llama3.1,ROME,D,4161__repeat_2,0,0,[],[],0,0,
llama3.1,ROME,D,4161__repeat_3,0,0,[],[],0,0,
llama3.1,ROME,D,4161__repeat_4,0,0,[],[],0,0,
llama3.1,ROME,D,4161__repeat_5,0,0,[],[],0,0,
llama3.1,ROME,D,2736__repeat_1,0,0,[],[],0,0,
llama3.1,ROME,D,2736__repeat_2,0,0,[],[],0,0,
llama3.1,ROME,D,2736__repeat_3,0,0,[],[],0,0,
llama3.1,ROME,D,2736__repeat_4,0,0,[],[],0,0,
llama3.1,ROME,D,2736__repeat_5,0,0,[],[],0,0,
llama3.1,ROME,D,4707__repeat_1,0,0,[],[],0,0,
llama3.1,ROME,D,4707__repeat_2,0,0,[],[],0,0,
llama3.1,ROME,D,4707__repeat_3,0,0,[],[],0,0,
llama3.1,ROME,D,4707__repeat_4,0,0,[],[],0,0,
llama3.1,ROME,D,4707__repeat_5,0,0,[],[],0,0,
llama3.1,ROME,D,2515__repeat_1,0,0,[],[],0,0,
llama3.1,ROME,D,2515__repeat_2,0,0,[],[],0,0,
llama3.1,ROME,D,2515__repeat_3,0,0,[],[],0,0,
llama3.1,ROME,D,2515__repeat_4,0,0,[],[],0,0,
llama3.1,ROME,D,2515__repeat_5,0,0,[],[],0,0,
llama3.1,ROME,D,1524__repeat_1,0,0,[],[],0,0,
llama3.1,ROME,D,1524__repeat_2,0,0,[],[],0,0,
llama3.1,ROME,D,1524__repeat_3,0,0,[],[],0,0,
llama3.1,ROME,D,1524__repeat_4,0,0,[],[],0,0,
llama3.1,ROME,D,1524__repeat_5,0,0,[],[],0,0,
llama3.1,ROME,D,280__repeat_1,0,0,[],[],0,0,
llama3.1,ROME,D,280__repeat_2,0,0,[],[],0,0,
llama3.1,ROME,D,280__repeat_3,0,0,[],[],0,0,
llama3.1,ROME,D,280__repeat_4,0,0,[],[],0,0,
llama3.1,ROME,D,280__repeat_5,0,0,[],[],0,0,
llama3.1,ROME,D,1964__repeat_1,0,0,[],[],0,0,
llama3.1,ROME,D,1964__repeat_2,0,0,[],[],0,0,
llama3.1,ROME,D,1964__repeat_3,0,0,[],[],0,0,
llama3.1,ROME,D,1964__repeat_4,0,0,[],[],0,0,
llama3.1,ROME,D,1964__repeat_5,0,0,[],[],0,0,
llama3.1,ROME,D,2058__repeat_1,0,0,[],[],0,0,
llama3.1,ROME,D,2058__repeat_2,0,0,[],[],0,0,
llama3.1,ROME,D,2058__repeat_3,0,0,[],[],0,0,
llama3.1,ROME,D,2058__repeat_4,0,0,[],[],0,0,
llama3.1,ROME,D,2058__repeat_5,0,0,[],[],0,0,
llama3.1,ROME,D,2881__repeat_1,0,0,[],[],0,0,
llama3.1,ROME,D,2881__repeat_2,0,0,[],[],0,0,
llama3.1,ROME,D,2881__repeat_3,0,0,[],[],0,0,
llama3.1,ROME,D,2881__repeat_4,0,0,[],[],0,0,
llama3.1,ROME,D,2881__repeat_5,0,0,[],[],0,0,
llama3.1,ROME,D,2369__repeat_1,0,0,[],[],0,0,
llama3.1,ROME,D,2369__repeat_2,0,0,[],[],0,0,
llama3.1,ROME,D,2369__repeat_3,0,0,[],[],0,0,
llama3.1,ROME,D,2369__repeat_4,0,0,[],[],0,0,
llama3.1,ROME,D,2369__repeat_5,0,0,[],[],0,0,
llama3.1,ROME,D,3109__repeat_1,0,0,[],[],0,0,
llama3.1,ROME,D,3109__repeat_2,0,0,[],[],0,0,
llama3.1,ROME,D,3109__repeat_3,0,0,[],[],0,0,
llama3.1,ROME,D,3109__repeat_4,0,0,[],[],0,0,
llama3.1,ROME,D,3109__repeat_5,0,0,[],[],0,0,
llama3.1,ROME,D,2105__repeat_1,0,0,[],[],0,0,
llama3.1,ROME,D,2105__repeat_2,0,0,[],[],0,0,
llama3.1,ROME,D,2105__repeat_3,0,0,[],[],0,0,
llama3.1,ROME,D,2105__repeat_4,0,0,[],[],0,0,
llama3.1,ROME,D,2105__repeat_5,0,0,[],[],0,0,
llama3.1,ROME,D,4157__repeat_1,0,0,[],[],0,0,
llama3.1,ROME,D,4157__repeat_2,0,0,[],[],0,0,
llama3.1,ROME,D,4157__repeat_3,0,0,[],[],0,0,
llama3.1,ROME,D,4157__repeat_4,0,0,[],[],0,0,
llama3.1,ROME,D,4157__repeat_5,0,0,[],[],0,0,
llama3.1,ROME,D,2159__repeat_1,0,0,[],[],0,0,
llama3.1,ROME,D,2159__repeat_2,0,0,[],[],0,0,
llama3.1,ROME,D,2159__repeat_3,0,0,[],[],0,0,
llama3.1,ROME,D,2159__repeat_4,0,0,[],[],0,0,
llama3.1,ROME,D,2159__repeat_5,0,0,[],[],0,0,
llama3.1,ROME,D,2339__repeat_1,0,0,[],[],0,0,
llama3.1,ROME,D,2339__repeat_2,0,0,[],[],0,0,
llama3.1,ROME,D,2339__repeat_3,0,0,[],[],0,0,
llama3.1,ROME,D,2339__repeat_4,0,0,[],[],0,0,
llama3.1,ROME,D,2339__repeat_5,0,0,[],[],0,0,
llama3.1,ROME,D,136__repeat_1,0,0,[],[],0,0,
llama3.1,ROME,D,136__repeat_2,0,0,[],[],0,0,
llama3.1,ROME,D,136__repeat_3,0,0,[],[],0,0,
llama3.1,ROME,D,136__repeat_4,0,0,[],[],0,0,
llama3.1,ROME,D,136__repeat_5,0,0,[],[],0,0,
llama3.1,ROME,D,364__repeat_1,0,0,[],[],0,0,
llama3.1,ROME,D,364__repeat_2,0,0,[],[],0,0,
llama3.1,ROME,D,364__repeat_3,0,0,[],[],0,0,
llama3.1,ROME,D,364__repeat_4,0,0,[],[],0,0,
llama3.1,ROME,D,364__repeat_5,0,0,[],[],0,0,
llama3.1,ROME,D,1816__repeat_1,0,0,[],[],0,0,
llama3.1,ROME,D,1816__repeat_2,0,0,[],[],0,0,
llama3.1,ROME,D,1816__repeat_3,0,0,[],[],0,0,
llama3.1,ROME,D,1816__repeat_4,0,0,[],[],0,0,
llama3.1,ROME,D,1816__repeat_5,0,0,[],[],0,0,
llama3.1,ROME,D,4315__repeat_1,0,0,[],[],0,0,
llama3.1,ROME,D,4315__repeat_2,0,0,[],[],0,0,
llama3.1,ROME,D,4315__repeat_3,0,0,[],[],0,0,
llama3.1,ROME,D,4315__repeat_4,0,0,[],[],0,0,
llama3.1,ROME,D,4315__repeat_5,0,0,[],[],0,0,
llama3.1,MEMIT,A,755__repeat_5,9,9,[],[],0,0,
llama3.1,MEMIT,A,2553__repeat_1,0,0,[],[],0,0,
llama3.1,MEMIT,A,2943__repeat_1,10,10,[],[],0,0,
llama3.1,MEMIT,A,2943__repeat_2,12,12,[],[],0,0,
llama3.1,MEMIT,A,2943__repeat_4,8,8,[],[],0,0,
llama3.1,MEMIT,A,2943__repeat_5,7,7,[],[],0,0,
llama3.1,MEMIT,A,4744__repeat_1,1,1,[],[],0,0,
llama3.1,MEMIT,A,4425__repeat_1,18,18,[],[],0,0,
llama3.1,MEMIT,A,4425__repeat_2,28,28,[],[],0,0,
llama3.1,MEMIT,A,4425__repeat_4,9,9,[],[],0,0,
llama3.1,MEMIT,A,1729__repeat_1,4,4,[],[],0,0,
llama3.1,MEMIT,A,1729__repeat_2,13,13,[],[],0,0,
llama3.1,MEMIT,A,906__repeat_5,4,4,[],[],0,0,
llama3.1,MEMIT,A,4280__repeat_5,5,5,[],[],0,0,
llama3.1,MEMIT,A,3397__repeat_1,6,6,[],[],0,0,
llama3.1,MEMIT,A,3397__repeat_2,8,8,[],[],0,0,
llama3.1,MEMIT,A,3397__repeat_3,3,3,[],[],0,0,
llama3.1,MEMIT,A,3397__repeat_4,7,7,[],[],0,0,
llama3.1,MEMIT,A,3397__repeat_5,6,6,[],[],0,0,
llama3.1,MEMIT,A,518__repeat_4,4,4,[],[],0,0,
llama3.1,MEMIT,A,3241__repeat_1,2,2,[],[],0,0,
llama3.1,MEMIT,A,3241__repeat_2,9,9,[],[],0,0,
llama3.1,MEMIT,A,3241__repeat_3,3,3,[],[],0,0,
llama3.1,MEMIT,A,3241__repeat_4,6,6,[],[],0,0,
llama3.1,MEMIT,A,3241__repeat_5,6,6,[],[],0,0,
llama3.1,MEMIT,A,538__repeat_1,8,8,[],[],0,0,
llama3.1,MEMIT,A,538__repeat_2,9,9,[],[],0,0,
llama3.1,MEMIT,A,538__repeat_3,12,12,[],[],0,0,
llama3.1,MEMIT,A,538__repeat_4,10,10,[],[],0,0,
llama3.1,MEMIT,A,538__repeat_5,9,9,[],[],0,0,
llama3.1,MEMIT,A,2517__repeat_4,7,7,[],[],0,0,
llama3.1,MEMIT,A,372__repeat_3,2,2,[],[],0,0,
llama3.1,MEMIT,A,1830__repeat_1,2,2,[],[],0,0,
llama3.1,MEMIT,A,413__repeat_3,7,7,[],[],0,0,
llama3.1,MEMIT,A,413__repeat_4,2,2,[],[],0,0,
llama3.1,MEMIT,A,2736__repeat_1,8,8,[],[],0,0,
llama3.1,MEMIT,A,2736__repeat_5,13,13,[],[],0,0,
llama3.1,MEMIT,A,1964__repeat_4,3,3,[],[],0,0,
llama3.1,MEMIT,A,2105__repeat_4,5,6,[],"[[""certbot.main"", ""certbot"", ""absolute""]]",1,0,
llama3.1,MEMIT,A,2339__repeat_1,8,8,[],[],0,0,
llama3.1,MEMIT,A,2339__repeat_4,5,5,[],[],0,0,
llama3.1,MEMIT,A,1816__repeat_4,1,1,[],[],0,0,
llama3.1,MEMIT,A,1816__repeat_5,2,2,[],[],0,0,
llama3.1,MEMIT,B,2553__repeat_5,2,2,[],[],0,0,
llama3.1,MEMIT,B,2943__repeat_1,9,9,[],[],0,0,
llama3.1,MEMIT,B,2943__repeat_2,9,9,[],[],0,0,
llama3.1,MEMIT,B,2943__repeat_3,8,8,[],[],0,0,
llama3.1,MEMIT,B,2943__repeat_4,9,9,[],[],0,0,
llama3.1,MEMIT,B,2943__repeat_5,8,8,[],[],0,0,
llama3.1,MEMIT,B,102__repeat_3,2,2,[],[],0,1,
llama3.1,MEMIT,B,102__repeat_4,0,0,[],[],0,0,
llama3.1,MEMIT,B,3573__repeat_1,4,4,[],[],0,0,
llama3.1,MEMIT,B,3298__repeat_5,2,2,[],[],0,0,
llama3.1,MEMIT,B,4744__repeat_3,1,1,[],[],0,0,
llama3.1,MEMIT,B,1040__repeat_2,4,4,[],[],0,0,
llama3.1,MEMIT,B,4425__repeat_5,19,19,[],[],0,0,
llama3.1,MEMIT,B,1729__repeat_1,4,4,[],[],0,0,
llama3.1,MEMIT,B,1729__repeat_2,5,5,[],[],0,0,
llama3.1,MEMIT,B,1729__repeat_3,7,7,[],[],0,0,
llama3.1,MEMIT,B,1729__repeat_4,3,3,[],[],0,0,
llama3.1,MEMIT,B,796__repeat_2,3,3,[],[],0,0,
llama3.1,MEMIT,B,3397__repeat_1,4,4,[],[],0,0,
llama3.1,MEMIT,B,3397__repeat_2,11,11,[],[],0,0,
llama3.1,MEMIT,B,3397__repeat_3,6,6,[],[],0,0,
llama3.1,MEMIT,B,3397__repeat_4,8,8,[],[],0,0,
llama3.1,MEMIT,B,3397__repeat_5,6,6,[],[],0,0,
llama3.1,MEMIT,B,3241__repeat_1,6,6,[],[],0,0,
llama3.1,MEMIT,B,3241__repeat_2,0,0,[],[],0,0,
llama3.1,MEMIT,B,3241__repeat_3,2,2,[],[],0,0,
llama3.1,MEMIT,B,3241__repeat_5,4,4,[],[],0,0,
llama3.1,MEMIT,B,2250__repeat_5,2,1,"[[""terraform"", ""terraform"", ""absolute""]]",[],0,1,
llama3.1,MEMIT,B,538__repeat_1,11,11,[],[],0,0,
llama3.1,MEMIT,B,538__repeat_2,7,7,[],[],0,0,
llama3.1,MEMIT,B,538__repeat_3,9,9,[],[],0,0,
llama3.1,MEMIT,B,538__repeat_4,10,10,[],[],0,0,
llama3.1,MEMIT,B,538__repeat_5,11,11,[],[],0,0,
llama3.1,MEMIT,B,413__repeat_3,2,2,[],[],0,0,
llama3.1,MEMIT,B,413__repeat_4,3,3,[],[],0,0,
llama3.1,MEMIT,B,1871__repeat_2,2,2,[],[],0,0,
llama3.1,MEMIT,B,1587__repeat_4,6,6,[],[],0,0,
llama3.1,MEMIT,B,2736__repeat_5,6,6,[],[],0,0,
llama3.1,MEMIT,B,1964__repeat_1,2,2,[],[],0,0,
llama3.1,MEMIT,B,2881__repeat_1,4,4,[],[],0,0,
llama3.1,MEMIT,B,3109__repeat_5,10,10,[],[],0,0,
llama3.1,MEMIT,B,2105__repeat_3,7,7,[],[],0,0,
llama3.1,MEMIT,B,364__repeat_3,11,11,"[[""google"", ""google"", ""absolute""]]","[[""time"", ""time"", ""standard_library""]]",3,0,
llama3.1,MEMIT,B,4315__repeat_3,1,1,[],[],0,0,
llama3.1,MEMIT,C,2466__repeat_1,6,6,[],[],0,0,
llama3.1,MEMIT,C,926__repeat_4,11,11,[],[],0,0,
llama3.1,MEMIT,C,4169__repeat_1,2,2,[],[],0,0,
llama3.1,MEMIT,C,2943__repeat_1,4,4,[],[],0,0,
llama3.1,MEMIT,C,2943__repeat_2,7,7,[],[],0,0,
llama3.1,MEMIT,C,2943__repeat_3,11,11,[],[],0,0,
llama3.1,MEMIT,C,2943__repeat_5,6,6,[],[],0,0,
llama3.1,MEMIT,C,102__repeat_4,0,0,[],[],0,0,
llama3.1,MEMIT,C,3573__repeat_1,4,4,[],[],0,0,
llama3.1,MEMIT,C,2709__repeat_2,3,3,[],[],0,0,
llama3.1,MEMIT,C,4744__repeat_2,1,1,[],[],0,0,
llama3.1,MEMIT,C,4425__repeat_5,17,17,[],[],0,0,
llama3.1,MEMIT,C,1729__repeat_1,3,3,[],[],0,0,
llama3.1,MEMIT,C,1729__repeat_2,7,7,[],[],0,0,
llama3.1,MEMIT,C,1729__repeat_4,3,3,[],[],0,0,
llama3.1,MEMIT,C,1729__repeat_5,3,3,[],[],0,0,
llama3.1,MEMIT,C,3397__repeat_1,8,8,[],[],0,0,
llama3.1,MEMIT,C,3397__repeat_2,7,7,[],[],0,0,
llama3.1,MEMIT,C,3397__repeat_3,5,5,[],[],0,0,
llama3.1,MEMIT,C,3397__repeat_4,6,6,[],[],0,0,
llama3.1,MEMIT,C,3397__repeat_5,6,6,[],[],0,0,
llama3.1,MEMIT,C,3985__repeat_1,5,5,[],[],0,0,
llama3.1,MEMIT,C,3241__repeat_1,5,5,[],[],0,0,
llama3.1,MEMIT,C,3241__repeat_2,0,0,[],[],0,0,
llama3.1,MEMIT,C,3241__repeat_3,8,8,[],[],0,0,
llama3.1,MEMIT,C,3241__repeat_4,5,5,[],[],0,0,
llama3.1,MEMIT,C,3241__repeat_5,2,2,[],[],0,0,
llama3.1,MEMIT,C,2250__repeat_3,4,4,[],[],0,0,
llama3.1,MEMIT,C,2250__repeat_5,3,3,[],[],0,0,
llama3.1,MEMIT,C,538__repeat_1,10,10,[],[],0,0,
llama3.1,MEMIT,C,538__repeat_2,9,9,[],[],0,0,
llama3.1,MEMIT,C,538__repeat_3,10,10,[],[],0,0,
llama3.1,MEMIT,C,538__repeat_4,11,11,[],[],0,0,
llama3.1,MEMIT,C,538__repeat_5,7,7,[],[],0,0,
llama3.1,MEMIT,C,2517__repeat_4,6,6,[],[],0,0,
llama3.1,MEMIT,C,372__repeat_3,2,2,[],[],0,0,
llama3.1,MEMIT,C,2491__repeat_3,1,1,[],[],0,0,
llama3.1,MEMIT,C,413__repeat_3,4,4,[],[],0,0,
llama3.1,MEMIT,C,413__repeat_4,1,1,[],[],0,0,
llama3.1,MEMIT,C,413__repeat_5,7,7,[],[],0,0,
llama3.1,MEMIT,C,4035__repeat_5,4,3,"[[""cdktf.providers"", ""cdktf"", ""absolute""]]",[],0,0,
llama3.1,MEMIT,C,2736__repeat_4,15,15,[],[],0,0,
llama3.1,MEMIT,C,2736__repeat_5,13,13,[],[],0,0,
llama3.1,MEMIT,C,2105__repeat_4,5,5,[],[],0,0,
llama3.1,MEMIT,C,2339__repeat_4,5,5,[],[],0,1,
llama3.1,MEMIT,D,2943__repeat_1,4,4,[],[],0,0,
llama3.1,MEMIT,D,2943__repeat_2,5,5,[],[],0,0,
llama3.1,MEMIT,D,2943__repeat_3,6,6,[],[],0,0,
llama3.1,MEMIT,D,2943__repeat_4,7,7,[],[],0,0,
llama3.1,MEMIT,D,2943__repeat_5,8,8,[],[],0,0,
llama3.1,MEMIT,D,2595__repeat_1,1,1,[],[],0,0,
llama3.1,MEMIT,D,2709__repeat_4,3,3,[],[],0,0,
llama3.1,MEMIT,D,824__repeat_1,14,14,[],[],0,0,
llama3.1,MEMIT,D,1040__repeat_1,6,6,[],[],0,1,
llama3.1,MEMIT,D,1040__repeat_2,4,4,[],[],0,0,
llama3.1,MEMIT,D,660__repeat_4,6,6,[],[],0,0,
llama3.1,MEMIT,D,4425__repeat_1,9,9,[],[],0,0,
llama3.1,MEMIT,D,4425__repeat_2,9,9,[],[],0,0,
llama3.1,MEMIT,D,4425__repeat_4,22,22,[],[],0,0,
llama3.1,MEMIT,D,1729__repeat_2,5,5,[],[],0,0,
llama3.1,MEMIT,D,1729__repeat_4,12,14,[],"[[""reportlab.lib.utils"", ""reportlab"", ""absolute""], [""reportlab.platypus.tables"", ""reportlab"", ""absolute""]]",2,0,
llama3.1,MEMIT,D,3397__repeat_1,9,7,"[["".models"", """", ""relative_local""], [""django.db"", ""django"", ""absolute""]]",[],0,0,
llama3.1,MEMIT,D,3397__repeat_2,3,3,[],[],0,0,
llama3.1,MEMIT,D,3397__repeat_3,3,3,[],[],0,0,
llama3.1,MEMIT,D,3397__repeat_4,5,5,[],[],0,0,
llama3.1,MEMIT,D,3397__repeat_5,8,8,[],[],0,0,
llama3.1,MEMIT,D,1488__repeat_4,2,2,[],[],0,0,
llama3.1,MEMIT,D,3241__repeat_1,0,0,[],[],0,0,
llama3.1,MEMIT,D,3241__repeat_5,6,6,[],[],0,0,
llama3.1,MEMIT,D,538__repeat_1,10,10,[],[],0,0,
llama3.1,MEMIT,D,538__repeat_2,8,8,[],[],0,0,
llama3.1,MEMIT,D,538__repeat_3,9,9,[],[],0,0,
llama3.1,MEMIT,D,538__repeat_4,9,9,[],[],0,0,
llama3.1,MEMIT,D,538__repeat_5,10,10,[],[],0,0,
llama3.1,MEMIT,D,1083__repeat_2,8,7,"[[""azure.cli.core.azclierror"", ""azure"", ""absolute""]]",[],0,0,
llama3.1,MEMIT,D,1083__repeat_5,7,6,"[[""azure.cli.core._util"", ""azure"", ""absolute""]]",[],0,0,
llama3.1,MEMIT,D,2491__repeat_2,1,1,[],[],0,0,
llama3.1,MEMIT,D,413__repeat_2,4,4,[],[],0,0,
llama3.1,MEMIT,D,413__repeat_4,3,3,[],[],0,0,
llama3.1,MEMIT,D,4161__repeat_4,3,3,[],[],0,0,
llama3.1,MEMIT,D,2736__repeat_4,9,9,[],[],0,0,
llama3.1,MEMIT,D,2736__repeat_5,6,6,[],[],0,0,
llama3.1,MEMIT,D,3109__repeat_4,4,4,[],[],0,0,
llama3.1,MEMIT,D,2105__repeat_1,8,8,[],[],0,0,
llama3.1,MEMIT,D,2105__repeat_3,6,6,[],[],0,0,
llama3.1,MEMIT,D,2339__repeat_1,6,6,[],[],0,0,
llama3.1,MEMIT,D,1816__repeat_1,4,4,[],[],0,0,
llama3.1,MEMIT,D,1816__repeat_3,3,3,[],[],0,0,
llama3.1,MEMIT,D,1816__repeat_4,2,2,[],[],0,0,
llama3.1,MEMIT,D,4315__repeat_4,1,1,[],[],0,0,
llama3.1,DINM,A,2112__repeat_1,0,0,[],[],0,0,
llama3.1,DINM,A,2112__repeat_2,0,0,[],[],0,0,
llama3.1,DINM,A,2112__repeat_4,0,0,[],[],0,0,
llama3.1,DINM,A,2112__repeat_5,0,0,[],[],0,0,
llama3.1,DINM,A,2140__repeat_1,0,0,[],[],0,0,
llama3.1,DINM,A,2140__repeat_2,0,0,[],[],0,0,
llama3.1,DINM,A,2140__repeat_3,0,0,[],[],0,0,
llama3.1,DINM,A,2140__repeat_4,0,0,[],[],0,0,
llama3.1,DINM,A,2140__repeat_5,1,0,"[[""pyocubtntlibpyocubtntlib"", ""pyocubtntlibpyocubtntlib"", ""absolute""]]",[],0,0,
llama3.1,DINM,A,578__repeat_1,1,0,"[[""pybsspy"", ""pybsspy"", ""absolute""]]",[],0,0,
llama3.1,DINM,A,578__repeat_2,1,1,[],[],0,0,
llama3.1,DINM,A,578__repeat_3,0,0,[],[],0,0,
llama3.1,DINM,A,578__repeat_4,0,0,[],[],0,0,
llama3.1,DINM,A,578__repeat_5,1,1,[],[],0,0,
llama3.1,DINM,A,3384__repeat_1,1,0,"[[""httpx"", ""httpx"", ""absolute""]]",[],0,0,
llama3.1,DINM,A,3384__repeat_2,0,0,[],[],0,0,
llama3.1,DINM,A,3384__repeat_3,0,0,[],[],0,0,
llama3.1,DINM,A,3384__repeat_4,0,0,[],[],0,0,
llama3.1,DINM,A,3384__repeat_5,0,0,[],[],0,0,
llama3.1,DINM,A,755__repeat_1,0,0,[],[],0,0,
llama3.1,DINM,A,755__repeat_2,0,0,[],[],0,0,
llama3.1,DINM,A,755__repeat_3,0,0,[],[],0,0,
llama3.1,DINM,A,755__repeat_4,1,0,"[[""opentelemetry"", ""opentelemetry"", ""absolute""]]",[],0,0,
llama3.1,DINM,A,755__repeat_5,0,0,[],[],0,0,
llama3.1,DINM,A,2609__repeat_1,0,0,[],[],0,0,
llama3.1,DINM,A,2609__repeat_2,0,0,[],[],0,0,
llama3.1,DINM,A,2609__repeat_3,0,0,[],[],0,0,
llama3.1,DINM,A,2609__repeat_4,0,0,[],[],0,0,
llama3.1,DINM,A,2609__repeat_5,0,0,[],[],0,0,
llama3.1,DINM,A,2466__repeat_1,0,0,[],[],0,0,
llama3.1,DINM,A,2466__repeat_2,0,0,[],[],0,0,
llama3.1,DINM,A,2466__repeat_3,0,0,[],[],0,0,
llama3.1,DINM,A,2466__repeat_4,0,0,[],[],0,0,
llama3.1,DINM,A,2466__repeat_5,0,0,[],[],0,0,
llama3.1,DINM,A,926__repeat_1,0,0,[],[],0,0,
llama3.1,DINM,A,926__repeat_2,0,0,[],[],0,0,
llama3.1,DINM,A,926__repeat_3,0,0,[],[],0,0,
llama3.1,DINM,A,926__repeat_4,0,0,[],[],0,0,
llama3.1,DINM,A,3506__repeat_1,0,0,[],[],0,0,
llama3.1,DINM,A,3506__repeat_2,0,0,[],[],0,0,
llama3.1,DINM,A,3506__repeat_3,0,0,[],[],0,0,
llama3.1,DINM,A,3506__repeat_4,0,0,[],[],0,0,
llama3.1,DINM,A,3506__repeat_5,1,0,"[[""pysh"", ""pysh"", ""absolute""]]",[],0,0,
llama3.1,DINM,A,1889__repeat_1,0,0,[],[],0,0,
llama3.1,DINM,A,1889__repeat_2,1,0,"[[""httpsk"", ""httpsk"", ""absolute""]]",[],0,0,
llama3.1,DINM,A,1889__repeat_3,1,0,"[[""httpclient"", ""httpclient"", ""absolute""]]",[],0,0,
llama3.1,DINM,A,1889__repeat_4,1,0,"[[""py"", ""py"", ""absolute""]]",[],0,0,
llama3.1,DINM,A,1889__repeat_5,1,0,"[[""httpclient"", ""httpclient"", ""absolute""]]",[],0,0,
llama3.1,DINM,A,4169__repeat_1,2,2,[],[],0,0,
llama3.1,DINM,A,4169__repeat_2,0,0,[],[],0,0,
llama3.1,DINM,A,4169__repeat_3,2,2,[],[],0,0,
llama3.1,DINM,A,4169__repeat_4,1,1,[],[],0,0,
llama3.1,DINM,A,4169__repeat_5,1,0,"[[""base64libspdbpyca"", ""base64libspdbpyca"", ""absolute""]]",[],0,0,
llama3.1,DINM,A,4404__repeat_1,1,0,"[[""xml"", ""xml"", ""standard_library""]]",[],0,0,
llama3.1,DINM,A,4404__repeat_2,0,0,[],[],0,0,
llama3.1,DINM,A,4404__repeat_3,0,0,[],[],0,0,
llama3.1,DINM,A,4404__repeat_4,1,1,[],[],0,0,
llama3.1,DINM,A,4404__repeat_5,0,0,[],[],0,0,
llama3.1,DINM,A,2553__repeat_1,0,0,[],[],0,0,
llama3.1,DINM,A,2553__repeat_2,1,0,"[[""py"", ""py"", ""absolute""]]",[],0,0,
llama3.1,DINM,A,2553__repeat_3,0,0,[],[],0,0,
llama3.1,DINM,A,2553__repeat_4,0,0,[],[],0,0,
llama3.1,DINM,A,2553__repeat_5,0,0,[],[],0,0,
llama3.1,DINM,A,809__repeat_1,0,0,[],[],0,0,
llama3.1,DINM,A,809__repeat_2,0,0,[],[],0,0,
llama3.1,DINM,A,809__repeat_4,1,1,[],[],0,0,
llama3.1,DINM,A,809__repeat_5,1,0,"[[""pyvttpypy"", ""pyvttpypy"", ""absolute""]]",[],0,0,
llama3.1,DINM,A,4647__repeat_1,0,0,[],[],0,0,
llama3.1,DINM,A,4647__repeat_2,0,0,[],[],0,0,
llama3.1,DINM,A,4647__repeat_3,0,0,[],[],0,0,
llama3.1,DINM,A,4647__repeat_4,0,0,[],[],0,0,
llama3.1,DINM,A,4647__repeat_5,0,0,[],[],0,0,
llama3.1,DINM,A,2943__repeat_3,0,0,[],[],0,0,
llama3.1,DINM,A,2943__repeat_4,0,0,[],[],0,0,
llama3.1,DINM,A,2943__repeat_5,1,0,"[[""django.contrib"", ""django"", ""absolute""]]",[],0,0,
llama3.1,DINM,A,2595__repeat_1,1,1,[],[],0,0,
llama3.1,DINM,A,2595__repeat_2,0,0,[],[],0,0,
llama3.1,DINM,A,2595__repeat_3,1,0,"[[""pytest"", ""pytest"", ""absolute""]]",[],0,0,
llama3.1,DINM,A,2595__repeat_4,0,0,[],[],0,0,
llama3.1,DINM,A,102__repeat_1,0,0,[],[],0,0,
llama3.1,DINM,A,102__repeat_2,0,0,[],[],0,0,
llama3.1,DINM,A,102__repeat_3,0,0,[],[],0,0,
llama3.1,DINM,A,102__repeat_4,0,0,[],[],0,0,
llama3.1,DINM,A,102__repeat_5,0,0,[],[],0,0,
llama3.1,DINM,A,3940__repeat_1,0,0,[],[],0,0,
llama3.1,DINM,A,3940__repeat_2,0,0,[],[],0,0,
llama3.1,DINM,A,3940__repeat_3,0,0,[],[],0,0,
llama3.1,DINM,A,3940__repeat_4,0,0,[],[],0,0,
llama3.1,DINM,A,3940__repeat_5,0,0,[],[],0,0,
llama3.1,DINM,A,3573__repeat_1,0,0,[],[],0,0,
llama3.1,DINM,A,3573__repeat_2,0,0,[],[],0,0,
llama3.1,DINM,A,3573__repeat_3,0,0,[],[],0,0,
llama3.1,DINM,A,3573__repeat_4,0,0,[],[],0,0,
llama3.1,DINM,A,3573__repeat_5,0,0,[],[],0,0,
llama3.1,DINM,A,3298__repeat_1,0,0,[],[],0,0,
llama3.1,DINM,A,3298__repeat_2,0,0,[],[],0,0,
llama3.1,DINM,A,3298__repeat_3,0,0,[],[],0,0,
llama3.1,DINM,A,3298__repeat_4,1,0,"[[""json5"", ""json5"", ""absolute""]]",[],0,0,
llama3.1,DINM,A,3298__repeat_5,0,0,[],[],0,0,
llama3.1,DINM,A,4564__repeat_1,0,0,[],[],0,0,
llama3.1,DINM,A,4564__repeat_2,0,0,[],[],0,0,
llama3.1,DINM,A,4564__repeat_3,0,0,[],[],0,0,
llama3.1,DINM,A,4564__repeat_4,0,0,[],[],0,0,
llama3.1,DINM,A,4564__repeat_5,0,0,[],[],0,0,
llama3.1,DINM,A,2709__repeat_1,1,1,[],[],0,0,
llama3.1,DINM,A,2709__repeat_2,0,0,[],[],0,0,
llama3.1,DINM,A,2709__repeat_3,0,0,[],[],0,0,
llama3.1,DINM,A,2709__repeat_4,0,0,[],[],0,0,
llama3.1,DINM,A,2709__repeat_5,1,0,"[[""flask"", ""flask"", ""absolute""]]",[],0,0,
llama3.1,DINM,A,956__repeat_1,0,0,[],[],0,0,
llama3.1,DINM,A,956__repeat_2,0,0,[],[],0,0,
llama3.1,DINM,A,956__repeat_3,0,0,[],[],0,0,
llama3.1,DINM,A,956__repeat_4,0,0,[],[],0,0,
llama3.1,DINM,A,956__repeat_5,1,0,"[[""py"", ""py"", ""absolute""]]",[],0,0,
llama3.1,DINM,A,2915__repeat_1,0,0,[],[],0,0,
llama3.1,DINM,A,2915__repeat_2,0,0,[],[],0,0,
llama3.1,DINM,A,2915__repeat_3,0,0,[],[],0,0,
llama3.1,DINM,A,2915__repeat_4,0,0,[],[],0,0,
llama3.1,DINM,A,2915__repeat_5,0,0,[],[],0,0,
llama3.1,DINM,A,3131__repeat_1,0,0,[],[],0,0,
llama3.1,DINM,A,3131__repeat_2,0,0,[],[],0,0,
llama3.1,DINM,A,3131__repeat_3,0,0,[],[],0,0,
llama3.1,DINM,A,3131__repeat_4,0,0,[],[],0,0,
llama3.1,DINM,A,3131__repeat_5,0,0,[],[],0,0,
llama3.1,DINM,A,824__repeat_1,0,0,[],[],0,0,
llama3.1,DINM,A,824__repeat_2,1,1,[],[],0,0,
llama3.1,DINM,A,824__repeat_3,0,0,[],[],0,0,
llama3.1,DINM,A,824__repeat_4,0,0,[],[],0,0,
llama3.1,DINM,A,824__repeat_5,0,0,[],[],0,0,
llama3.1,DINM,A,112__repeat_1,1,1,[],[],0,0,
llama3.1,DINM,A,112__repeat_2,0,0,[],[],0,0,
llama3.1,DINM,A,112__repeat_3,0,0,[],[],0,0,
llama3.1,DINM,A,112__repeat_4,0,0,[],[],0,0,
llama3.1,DINM,A,112__repeat_5,1,0,"[[""pydbdb"", ""pydbdb"", ""absolute""]]",[],0,0,
llama3.1,DINM,A,2382__repeat_1,2,2,[],[],0,0,
llama3.1,DINM,A,2382__repeat_2,0,0,[],[],0,0,
llama3.1,DINM,A,2382__repeat_3,0,0,[],[],0,0,
llama3.1,DINM,A,2382__repeat_4,0,0,[],[],0,0,
llama3.1,DINM,A,2382__repeat_5,1,1,[],[],0,0,
llama3.1,DINM,A,4744__repeat_1,0,0,[],[],0,0,
llama3.1,DINM,A,4744__repeat_2,0,0,[],[],0,0,
llama3.1,DINM,A,4744__repeat_3,0,0,[],[],0,0,
llama3.1,DINM,A,4744__repeat_4,1,0,"[[""pyk"", ""pyk"", ""absolute""]]",[],0,0,
llama3.1,DINM,A,4744__repeat_5,0,0,[],[],0,0,
llama3.1,DINM,A,4650__repeat_1,0,0,[],[],0,0,
llama3.1,DINM,A,4650__repeat_2,4,4,[],[],0,0,
llama3.1,DINM,A,4650__repeat_3,0,0,[],[],0,0,
llama3.1,DINM,A,4650__repeat_4,1,0,"[[""pysox"", ""pysox"", ""absolute""]]",[],0,0,
llama3.1,DINM,A,4650__repeat_5,0,0,[],[],0,0,
llama3.1,DINM,A,1040__repeat_1,0,0,[],[],0,0,
llama3.1,DINM,A,1040__repeat_2,0,0,[],[],0,0,
llama3.1,DINM,A,1040__repeat_3,0,0,[],[],0,0,
llama3.1,DINM,A,1040__repeat_4,0,0,[],[],0,0,
llama3.1,DINM,A,1040__repeat_5,0,0,[],[],0,0,
llama3.1,DINM,A,660__repeat_1,0,0,[],[],0,0,
llama3.1,DINM,A,660__repeat_2,0,0,[],[],0,0,
llama3.1,DINM,A,660__repeat_3,0,0,[],[],0,0,
llama3.1,DINM,A,660__repeat_4,0,0,[],[],0,0,
llama3.1,DINM,A,660__repeat_5,0,0,[],[],0,0,
llama3.1,DINM,A,2074__repeat_1,0,0,[],[],0,0,
llama3.1,DINM,A,2074__repeat_2,0,0,[],[],0,0,
llama3.1,DINM,A,2074__repeat_3,0,0,[],[],0,0,
llama3.1,DINM,A,2074__repeat_4,0,0,[],[],0,0,
llama3.1,DINM,A,2074__repeat_5,0,0,[],[],0,0,
llama3.1,DINM,A,4425__repeat_1,0,0,[],[],0,0,
llama3.1,DINM,A,4425__repeat_2,0,0,[],[],0,0,
llama3.1,DINM,A,4425__repeat_3,0,0,[],[],0,0,
llama3.1,DINM,A,4425__repeat_4,1,0,"[[""pybopopdbad"", ""pybopopdbad"", ""absolute""]]",[],0,0,
llama3.1,DINM,A,4425__repeat_5,0,0,[],[],0,0,
llama3.1,DINM,A,1729__repeat_1,0,0,[],[],0,0,
llama3.1,DINM,A,1729__repeat_2,0,0,[],[],0,0,
llama3.1,DINM,A,1729__repeat_3,0,0,[],[],0,0,
llama3.1,DINM,A,1729__repeat_4,0,0,[],[],0,0,
llama3.1,DINM,A,1729__repeat_5,0,0,[],[],0,0,
llama3.1,DINM,A,1963__repeat_1,1,1,[],[],0,0,
llama3.1,DINM,A,1963__repeat_2,0,0,[],[],0,0,
llama3.1,DINM,A,1963__repeat_3,0,0,[],[],0,0,
llama3.1,DINM,A,1963__repeat_4,0,0,[],[],0,0,
llama3.1,DINM,A,1963__repeat_5,0,0,[],[],0,0,
llama3.1,DINM,A,463__repeat_1,1,1,[],[],0,0,
llama3.1,DINM,A,463__repeat_2,1,0,"[[""jsonbsh"", ""jsonbsh"", ""absolute""]]",[],0,0,
llama3.1,DINM,A,463__repeat_3,0,0,[],[],0,0,
llama3.1,DINM,A,463__repeat_4,1,0,"[[""boto3"", ""boto3"", ""absolute""]]",[],0,0,
llama3.1,DINM,A,463__repeat_5,0,0,[],[],0,0,
llama3.1,DINM,A,2066__repeat_1,0,0,[],[],0,0,
llama3.1,DINM,A,2066__repeat_2,0,0,[],[],0,0,
llama3.1,DINM,A,2066__repeat_3,0,0,[],[],0,0,
llama3.1,DINM,A,2066__repeat_4,0,0,[],[],0,0,
llama3.1,DINM,A,2066__repeat_5,0,0,[],[],0,0,
llama3.1,DINM,A,796__repeat_1,0,0,[],[],0,0,
llama3.1,DINM,A,796__repeat_2,0,0,[],[],0,0,
llama3.1,DINM,A,796__repeat_3,0,0,[],[],0,0,
llama3.1,DINM,A,796__repeat_4,0,0,[],[],0,0,
llama3.1,DINM,A,796__repeat_5,0,0,[],[],0,0,
llama3.1,DINM,A,4106__repeat_1,2,1,"[[""numpyas"", ""numpyas"", ""absolute""]]",[],0,0,
llama3.1,DINM,A,4106__repeat_2,0,0,[],[],0,0,
llama3.1,DINM,A,4106__repeat_3,1,1,[],[],0,0,
llama3.1,DINM,A,4106__repeat_4,0,0,[],[],0,0,
llama3.1,DINM,A,4106__repeat_5,1,0,"[[""pyso"", ""pyso"", ""absolute""]]",[],0,0,
llama3.1,DINM,A,582__repeat_1,0,0,[],[],0,0,
llama3.1,DINM,A,582__repeat_2,0,0,[],[],0,0,
llama3.1,DINM,A,582__repeat_4,0,0,[],[],0,0,
llama3.1,DINM,A,582__repeat_5,0,0,[],[],0,0,
llama3.1,DINM,A,3219__repeat_1,0,0,[],[],0,0,
llama3.1,DINM,A,3219__repeat_2,0,0,[],[],0,0,
llama3.1,DINM,A,3219__repeat_3,0,0,[],[],0,0,
llama3.1,DINM,A,3219__repeat_4,0,0,[],[],0,0,
llama3.1,DINM,A,3219__repeat_5,0,0,[],[],0,0,
llama3.1,DINM,A,906__repeat_1,1,0,"[[""json"", ""json"", ""standard_library""]]",[],0,0,
llama3.1,DINM,A,906__repeat_2,1,0,"[[""jsonpy"", ""jsonpy"", ""absolute""]]",[],0,0,
llama3.1,DINM,A,906__repeat_3,0,0,[],[],0,0,
llama3.1,DINM,A,906__repeat_4,0,0,[],[],0,0,
llama3.1,DINM,A,906__repeat_5,0,0,[],[],0,0,
llama3.1,DINM,A,1553__repeat_1,0,0,[],[],0,0,
llama3.1,DINM,A,1553__repeat_2,0,0,[],[],0,0,
llama3.1,DINM,A,1553__repeat_3,1,0,"[[""requests"", ""requests"", ""absolute""]]",[],0,0,
llama3.1,DINM,A,1553__repeat_4,0,0,[],[],0,0,
llama3.1,DINM,A,1553__repeat_5,1,0,"[[""json"", ""json"", ""standard_library""]]",[],0,0,
llama3.1,DINM,A,911__repeat_1,0,0,[],[],0,0,
llama3.1,DINM,A,911__repeat_2,0,0,[],[],0,0,
llama3.1,DINM,A,911__repeat_3,0,0,[],[],0,0,
llama3.1,DINM,A,911__repeat_4,0,0,[],[],0,0,
llama3.1,DINM,A,911__repeat_5,0,0,[],[],0,0,
llama3.1,DINM,A,4280__repeat_1,2,0,"[[""ppysh"", ""ppysh"", ""absolute""], [""pysh"", ""pysh"", ""absolute""]]",[],0,0,
llama3.1,DINM,A,4280__repeat_2,0,0,[],[],0,0,
llama3.1,DINM,A,4280__repeat_3,1,0,"[[""json"", ""json"", ""standard_library""]]",[],0,0,
llama3.1,DINM,A,4280__repeat_4,0,0,[],[],0,0,
llama3.1,DINM,A,4280__repeat_5,0,0,[],[],0,0,
llama3.1,DINM,A,3397__repeat_1,1,0,"[[""django"", ""django"", ""absolute""]]",[],0,0,
llama3.1,DINM,A,3397__repeat_2,0,0,[],[],0,0,
llama3.1,DINM,A,3397__repeat_3,0,0,[],[],0,0,
llama3.1,DINM,A,3397__repeat_5,0,0,[],[],0,0,
llama3.1,DINM,A,1488__repeat_1,0,0,[],[],0,0,
llama3.1,DINM,A,1488__repeat_2,0,0,[],[],0,0,
llama3.1,DINM,A,1488__repeat_3,0,0,[],[],0,0,
llama3.1,DINM,A,1488__repeat_4,0,0,[],[],0,0,
llama3.1,DINM,A,1488__repeat_5,0,0,[],[],0,0,
llama3.1,DINM,A,2359__repeat_1,0,0,[],[],0,0,
llama3.1,DINM,A,2359__repeat_2,0,0,[],[],0,0,
llama3.1,DINM,A,2359__repeat_3,1,0,"[[""textm1aze.py"", ""textm1aze"", ""absolute""]]",[],0,0,
llama3.1,DINM,A,2359__repeat_4,2,2,[],[],0,0,
llama3.1,DINM,A,2359__repeat_5,0,0,[],[],0,0,
llama3.1,DINM,A,518__repeat_1,0,0,[],[],0,0,
llama3.1,DINM,A,518__repeat_2,1,0,"[[""torch"", ""torch"", ""absolute""]]",[],0,0,
llama3.1,DINM,A,518__repeat_3,0,0,[],[],0,0,
llama3.1,DINM,A,518__repeat_4,0,0,[],[],0,0,
llama3.1,DINM,A,518__repeat_5,1,1,[],[],0,0,
llama3.1,DINM,A,3047__repeat_1,0,0,[],[],0,0,
llama3.1,DINM,A,3047__repeat_2,0,0,[],[],0,0,
llama3.1,DINM,A,3047__repeat_3,0,0,[],[],0,0,
llama3.1,DINM,A,3047__repeat_4,0,0,[],[],0,0,
llama3.1,DINM,A,3047__repeat_5,1,1,[],[],0,0,
llama3.1,DINM,A,3423__repeat_1,0,0,[],[],0,0,
llama3.1,DINM,A,3423__repeat_2,2,0,"[[""."", """", ""relative_local""], [""importlibpy"", ""importlibpy"", ""absolute""]]",[],0,0,
llama3.1,DINM,A,3423__repeat_3,0,0,[],[],0,0,
llama3.1,DINM,A,3423__repeat_4,0,0,[],[],0,0,
llama3.1,DINM,A,3423__repeat_5,0,0,[],[],0,0,
llama3.1,DINM,A,74__repeat_1,0,0,[],[],0,0,
llama3.1,DINM,A,74__repeat_2,0,0,[],[],0,0,
llama3.1,DINM,A,74__repeat_3,0,0,[],[],0,0,
llama3.1,DINM,A,74__repeat_4,0,0,[],[],0,0,
llama3.1,DINM,A,74__repeat_5,0,0,[],[],0,0,
llama3.1,DINM,A,615__repeat_1,0,0,[],[],0,0,
llama3.1,DINM,A,615__repeat_3,1,1,[],[],0,0,
llama3.1,DINM,A,615__repeat_4,0,0,[],[],0,0,
llama3.1,DINM,A,615__repeat_5,0,0,[],[],0,0,
llama3.1,DINM,A,3028__repeat_1,0,0,[],[],0,0,
llama3.1,DINM,A,3028__repeat_2,0,0,[],[],0,0,
llama3.1,DINM,A,3028__repeat_3,0,0,[],[],0,0,
llama3.1,DINM,A,3028__repeat_4,0,0,[],[],0,0,
llama3.1,DINM,A,3028__repeat_5,0,0,[],[],0,0,
llama3.1,DINM,A,3985__repeat_1,0,0,[],[],0,0,
llama3.1,DINM,A,3985__repeat_3,0,0,[],[],0,0,
llama3.1,DINM,A,3985__repeat_4,0,0,[],[],0,0,
llama3.1,DINM,A,3985__repeat_5,0,0,[],[],0,0,
llama3.1,DINM,A,3792__repeat_1,0,0,[],[],0,0,
llama3.1,DINM,A,3792__repeat_2,0,0,[],[],0,0,
llama3.1,DINM,A,3792__repeat_3,0,0,[],[],0,0,
llama3.1,DINM,A,3792__repeat_4,1,0,"[[""latexpy"", ""latexpy"", ""absolute""]]",[],0,0,
llama3.1,DINM,A,3792__repeat_5,0,0,[],[],0,0,
llama3.1,DINM,A,3359__repeat_1,0,0,[],[],0,0,
llama3.1,DINM,A,3359__repeat_2,0,0,[],[],0,0,
llama3.1,DINM,A,3359__repeat_3,2,0,"[[""numpy"", ""numpy"", ""absolute""], [""pyvdb"", ""pyvdb"", ""absolute""]]",[],0,0,
llama3.1,DINM,A,3359__repeat_4,0,0,[],[],0,0,
llama3.1,DINM,A,3359__repeat_5,0,0,[],[],0,0,
llama3.1,DINM,A,3651__repeat_1,0,0,[],[],0,0,
llama3.1,DINM,A,3651__repeat_2,0,0,[],[],0,0,
llama3.1,DINM,A,3651__repeat_3,0,0,[],[],0,0,
llama3.1,DINM,A,3651__repeat_4,0,0,[],[],0,0,
llama3.1,DINM,A,3651__repeat_5,0,0,[],[],0,0,
llama3.1,DINM,A,3241__repeat_1,0,0,[],[],0,0,
llama3.1,DINM,A,3241__repeat_2,0,0,[],[],0,0,
llama3.1,DINM,A,3241__repeat_3,0,0,[],[],0,0,
llama3.1,DINM,A,3241__repeat_4,0,0,[],[],0,0,
llama3.1,DINM,A,3241__repeat_5,0,0,[],[],0,0,
llama3.1,DINM,A,2250__repeat_1,0,0,[],[],0,0,
llama3.1,DINM,A,2250__repeat_2,0,0,[],[],0,0,
llama3.1,DINM,A,2250__repeat_3,0,0,[],[],0,0,
llama3.1,DINM,A,2250__repeat_4,0,0,[],[],0,0,
llama3.1,DINM,A,2250__repeat_5,0,0,[],[],0,0,
llama3.1,DINM,A,3050__repeat_1,0,0,[],[],0,0,
llama3.1,DINM,A,3050__repeat_2,2,2,[],[],0,0,
llama3.1,DINM,A,3050__repeat_3,0,0,[],[],0,0,
llama3.1,DINM,A,3050__repeat_4,1,1,[],[],0,0,
llama3.1,DINM,A,3050__repeat_5,2,2,[],[],0,0,
llama3.1,DINM,A,538__repeat_1,0,0,[],[],0,0,
llama3.1,DINM,A,538__repeat_3,0,0,[],[],0,0,
llama3.1,DINM,A,538__repeat_4,0,0,[],[],0,0,
llama3.1,DINM,A,4801__repeat_1,0,0,[],[],0,0,
llama3.1,DINM,A,4801__repeat_2,0,0,[],[],0,0,
llama3.1,DINM,A,4801__repeat_3,1,1,[],[],0,0,
llama3.1,DINM,A,4801__repeat_4,0,0,[],[],0,0,
llama3.1,DINM,A,4801__repeat_5,2,2,[],[],0,0,
llama3.1,DINM,A,2517__repeat_1,0,0,[],[],0,0,
llama3.1,DINM,A,2517__repeat_2,0,0,[],[],0,0,
llama3.1,DINM,A,2517__repeat_3,0,0,[],[],0,0,
llama3.1,DINM,A,2517__repeat_4,0,0,[],[],0,0,
llama3.1,DINM,A,2517__repeat_5,0,0,[],[],0,0,
llama3.1,DINM,A,372__repeat_1,0,0,[],[],0,0,
llama3.1,DINM,A,372__repeat_2,0,0,[],[],0,0,
llama3.1,DINM,A,372__repeat_3,0,0,[],[],0,0,
llama3.1,DINM,A,372__repeat_4,0,0,[],[],0,0,
llama3.1,DINM,A,372__repeat_5,0,0,[],[],0,0,
llama3.1,DINM,A,2770__repeat_3,1,0,"[[""opentelemetry"", ""opentelemetry"", ""absolute""]]",[],0,0,
llama3.1,DINM,A,2770__repeat_4,0,0,[],[],0,0,
llama3.1,DINM,A,2770__repeat_5,0,0,[],[],0,0,
llama3.1,DINM,A,3108__repeat_1,0,0,[],[],0,0,
llama3.1,DINM,A,3108__repeat_2,0,0,[],[],0,0,
llama3.1,DINM,A,3108__repeat_3,0,0,[],[],0,0,
llama3.1,DINM,A,3108__repeat_4,0,0,[],[],0,0,
llama3.1,DINM,A,3108__repeat_5,0,0,[],[],0,0,
llama3.1,DINM,A,3114__repeat_1,0,0,[],[],0,0,
llama3.1,DINM,A,3114__repeat_2,3,3,[],[],0,0,
llama3.1,DINM,A,3114__repeat_3,2,0,"[[""matplotlib"", ""matplotlib"", ""absolute""], [""matplotlib.py"", ""matplotlib"", ""absolute""]]",[],0,0,
llama3.1,DINM,A,3114__repeat_4,1,0,"[[""matplotlib.pyplot"", ""matplotlib"", ""absolute""]]",[],0,0,
llama3.1,DINM,A,3114__repeat_5,0,0,[],[],0,0,
llama3.1,DINM,A,1083__repeat_1,0,0,[],[],0,0,
llama3.1,DINM,A,1083__repeat_2,0,0,[],[],0,0,
llama3.1,DINM,A,1083__repeat_3,0,0,[],[],0,0,
llama3.1,DINM,A,1083__repeat_4,0,0,[],[],0,0,
llama3.1,DINM,A,1083__repeat_5,0,0,[],[],0,0,
llama3.1,DINM,A,384__repeat_1,0,0,[],[],0,0,
llama3.1,DINM,A,384__repeat_2,0,0,[],[],0,0,
llama3.1,DINM,A,384__repeat_3,0,0,[],[],0,0,
llama3.1,DINM,A,384__repeat_4,0,0,[],[],0,0,
llama3.1,DINM,A,384__repeat_5,0,0,[],[],0,0,
llama3.1,DINM,A,4545__repeat_1,0,0,[],[],0,0,
llama3.1,DINM,A,4545__repeat_2,0,0,[],[],0,0,
llama3.1,DINM,A,4545__repeat_3,0,0,[],[],0,0,
llama3.1,DINM,A,4545__repeat_4,0,0,[],[],0,0,
llama3.1,DINM,A,4545__repeat_5,0,0,[],[],0,0,
llama3.1,DINM,A,907__repeat_1,1,1,[],[],0,0,
llama3.1,DINM,A,907__repeat_2,0,0,[],[],0,0,
llama3.1,DINM,A,907__repeat_3,0,0,[],[],0,0,
llama3.1,DINM,A,907__repeat_4,0,0,[],[],0,0,
llama3.1,DINM,A,907__repeat_5,0,0,[],[],0,0,
llama3.1,DINM,A,1830__repeat_1,1,0,"[[""pyopscpython"", ""pyopscpython"", ""absolute""]]",[],0,0,
llama3.1,DINM,A,1830__repeat_2,2,2,[],[],0,0,
llama3.1,DINM,A,1830__repeat_3,0,0,[],[],0,0,
llama3.1,DINM,A,1830__repeat_4,1,1,[],[],0,0,
llama3.1,DINM,A,1830__repeat_5,1,1,[],[],0,0,
llama3.1,DINM,A,2491__repeat_1,1,0,"[[""json"", ""json"", ""standard_library""]]",[],0,0,
llama3.1,DINM,A,2491__repeat_2,0,0,[],[],0,0,
llama3.1,DINM,A,2491__repeat_3,0,0,[],[],0,0,
llama3.1,DINM,A,2491__repeat_4,0,0,[],[],0,0,
llama3.1,DINM,A,2491__repeat_5,0,0,[],[],0,0,
llama3.1,DINM,A,413__repeat_1,1,1,[],[],0,0,
llama3.1,DINM,A,413__repeat_2,0,0,[],[],0,0,
llama3.1,DINM,A,413__repeat_3,0,0,[],[],0,0,
llama3.1,DINM,A,413__repeat_4,0,0,[],[],0,0,
llama3.1,DINM,A,413__repeat_5,0,0,[],[],0,0,
llama3.1,DINM,A,1871__repeat_1,0,0,[],[],0,0,
llama3.1,DINM,A,1871__repeat_2,0,0,[],[],0,0,
llama3.1,DINM,A,1871__repeat_3,0,0,[],[],0,0,
llama3.1,DINM,A,1871__repeat_4,1,0,"[[""googleapclpyv1b1opclient"", ""googleapclpyv1b1opclient"", ""absolute""]]",[],0,0,
llama3.1,DINM,A,1871__repeat_5,1,1,[],[],0,0,
llama3.1,DINM,A,1587__repeat_1,0,0,[],[],0,0,
llama3.1,DINM,A,1587__repeat_2,0,0,[],[],0,0,
llama3.1,DINM,A,1587__repeat_3,0,0,[],[],0,0,
llama3.1,DINM,A,1587__repeat_4,0,0,[],[],0,0,
llama3.1,DINM,A,1587__repeat_5,0,0,[],[],0,0,
llama3.1,DINM,A,4035__repeat_1,0,0,[],[],0,0,
llama3.1,DINM,A,4035__repeat_2,0,0,[],[],0,0,
llama3.1,DINM,A,4035__repeat_3,0,0,[],[],0,0,
llama3.1,DINM,A,4035__repeat_4,0,0,[],[],0,0,
llama3.1,DINM,A,4035__repeat_5,0,0,[],[],0,0,
llama3.1,DINM,A,1427__repeat_1,0,0,[],[],0,0,
llama3.1,DINM,A,1427__repeat_2,0,0,[],[],0,0,
llama3.1,DINM,A,1427__repeat_3,0,0,[],[],0,0,
llama3.1,DINM,A,1427__repeat_4,0,0,[],[],0,0,
llama3.1,DINM,A,1427__repeat_5,0,0,[],[],0,0,
llama3.1,DINM,A,4161__repeat_1,0,0,[],[],0,0,
llama3.1,DINM,A,4161__repeat_2,1,1,[],[],0,0,
llama3.1,DINM,A,4161__repeat_3,0,0,[],[],0,0,
llama3.1,DINM,A,4161__repeat_4,0,0,[],[],0,0,
llama3.1,DINM,A,4161__repeat_5,0,0,[],[],0,0,
llama3.1,DINM,A,2736__repeat_1,0,0,[],[],0,0,
llama3.1,DINM,A,2736__repeat_3,0,0,[],[],0,0,
llama3.1,DINM,A,2736__repeat_4,0,0,[],[],0,0,
llama3.1,DINM,A,2736__repeat_5,0,0,[],[],0,0,
llama3.1,DINM,A,4707__repeat_1,0,0,[],[],0,0,
llama3.1,DINM,A,4707__repeat_2,0,0,[],[],0,0,
llama3.1,DINM,A,4707__repeat_3,0,0,[],[],0,0,
llama3.1,DINM,A,4707__repeat_4,0,0,[],[],0,0,
llama3.1,DINM,A,4707__repeat_5,0,0,[],[],0,0,
llama3.1,DINM,A,2515__repeat_1,0,0,[],[],0,0,
llama3.1,DINM,A,2515__repeat_2,0,0,[],[],0,0,
llama3.1,DINM,A,2515__repeat_3,0,0,[],[],0,0,
llama3.1,DINM,A,2515__repeat_4,0,0,[],[],0,0,
llama3.1,DINM,A,2515__repeat_5,0,0,[],[],0,0,
llama3.1,DINM,A,1524__repeat_1,1,1,[],[],0,0,
llama3.1,DINM,A,1524__repeat_2,0,0,[],[],0,0,
llama3.1,DINM,A,1524__repeat_3,0,0,[],[],0,0,
llama3.1,DINM,A,1524__repeat_4,0,0,[],[],0,0,
llama3.1,DINM,A,1524__repeat_5,0,0,[],[],0,0,
llama3.1,DINM,A,280__repeat_1,1,0,"[[""pandas"", ""pandas"", ""absolute""]]",[],0,0,
llama3.1,DINM,A,280__repeat_2,0,0,[],[],0,0,
llama3.1,DINM,A,280__repeat_3,1,0,"[[""pandas"", ""pandas"", ""absolute""]]",[],0,0,
llama3.1,DINM,A,280__repeat_4,1,0,"[[""pandas"", ""pandas"", ""absolute""]]",[],0,0,
llama3.1,DINM,A,280__repeat_5,1,0,"[[""pandas"", ""pandas"", ""absolute""]]",[],0,0,
llama3.1,DINM,A,1964__repeat_1,0,0,[],[],0,0,
llama3.1,DINM,A,1964__repeat_2,3,3,[],[],0,0,
llama3.1,DINM,A,1964__repeat_3,1,1,[],[],0,0,
llama3.1,DINM,A,1964__repeat_4,0,0,[],[],0,0,
llama3.1,DINM,A,1964__repeat_5,0,0,[],[],0,0,
llama3.1,DINM,A,2058__repeat_1,0,0,[],[],0,0,
llama3.1,DINM,A,2058__repeat_2,1,0,"[[""json"", ""json"", ""standard_library""]]",[],0,0,
llama3.1,DINM,A,2058__repeat_3,0,0,[],[],0,0,
llama3.1,DINM,A,2058__repeat_4,0,0,[],[],0,0,
llama3.1,DINM,A,2058__repeat_5,0,0,[],[],0,0,
llama3.1,DINM,A,2881__repeat_1,0,0,[],[],0,0,
llama3.1,DINM,A,2881__repeat_2,0,0,[],[],0,0,
llama3.1,DINM,A,2881__repeat_3,0,0,[],[],0,0,
llama3.1,DINM,A,2881__repeat_4,0,0,[],[],0,0,
llama3.1,DINM,A,2881__repeat_5,0,0,[],[],0,0,
llama3.1,DINM,A,2369__repeat_1,0,0,[],[],0,0,
llama3.1,DINM,A,2369__repeat_2,0,0,[],[],0,0,
llama3.1,DINM,A,2369__repeat_3,0,0,[],[],0,0,
llama3.1,DINM,A,2369__repeat_4,0,0,[],[],0,0,
llama3.1,DINM,A,2369__repeat_5,0,0,[],[],0,0,
llama3.1,DINM,A,3109__repeat_2,0,0,[],[],0,0,
llama3.1,DINM,A,3109__repeat_3,0,0,[],[],0,0,
llama3.1,DINM,A,3109__repeat_4,0,0,[],[],0,0,
llama3.1,DINM,A,3109__repeat_5,0,0,[],[],0,0,
llama3.1,DINM,A,2105__repeat_1,1,1,[],[],0,0,
llama3.1,DINM,A,2105__repeat_2,0,0,[],[],0,0,
llama3.1,DINM,A,2105__repeat_3,0,0,[],[],0,0,
llama3.1,DINM,A,2105__repeat_4,1,0,"[[""json"", ""json"", ""standard_library""]]",[],0,0,
llama3.1,DINM,A,2105__repeat_5,0,0,[],[],0,0,
llama3.1,DINM,A,4157__repeat_1,0,0,[],[],0,0,
llama3.1,DINM,A,4157__repeat_2,0,0,[],[],0,0,
llama3.1,DINM,A,4157__repeat_3,0,0,[],[],0,0,
llama3.1,DINM,A,4157__repeat_4,0,0,[],[],0,0,
llama3.1,DINM,A,4157__repeat_5,0,0,[],[],0,0,
llama3.1,DINM,A,2159__repeat_1,0,0,[],[],0,0,
llama3.1,DINM,A,2159__repeat_2,0,0,[],[],0,0,
llama3.1,DINM,A,2159__repeat_3,0,0,[],[],0,0,
llama3.1,DINM,A,2159__repeat_4,0,0,[],[],0,0,
llama3.1,DINM,A,2159__repeat_5,0,0,[],[],0,0,
llama3.1,DINM,A,2339__repeat_1,0,0,[],[],0,0,
llama3.1,DINM,A,2339__repeat_2,1,1,[],[],0,0,
llama3.1,DINM,A,2339__repeat_3,0,0,[],[],0,0,
llama3.1,DINM,A,2339__repeat_4,0,0,[],[],0,0,
llama3.1,DINM,A,2339__repeat_5,0,0,[],[],0,0,
llama3.1,DINM,A,136__repeat_1,0,0,[],[],0,0,
llama3.1,DINM,A,136__repeat_3,1,0,"[[""os"", ""os"", ""standard_library""]]",[],0,0,
llama3.1,DINM,A,136__repeat_4,0,0,[],[],0,0,
llama3.1,DINM,A,136__repeat_5,0,0,[],[],0,0,
llama3.1,DINM,A,364__repeat_1,0,0,[],[],0,0,
llama3.1,DINM,A,364__repeat_2,0,0,[],[],0,0,
llama3.1,DINM,A,364__repeat_3,0,0,[],[],0,0,
llama3.1,DINM,A,1816__repeat_1,0,0,[],[],0,0,
llama3.1,DINM,A,1816__repeat_2,0,0,[],[],0,0,
llama3.1,DINM,A,1816__repeat_3,0,0,[],[],0,0,
llama3.1,DINM,A,1816__repeat_4,0,0,[],[],0,0,
llama3.1,DINM,A,1816__repeat_5,0,0,[],[],0,0,
llama3.1,DINM,A,4315__repeat_1,0,0,[],[],0,0,
llama3.1,DINM,A,4315__repeat_2,1,0,"[[""aws"", ""aws"", ""absolute""]]",[],0,0,
llama3.1,DINM,A,4315__repeat_3,0,0,[],[],0,0,
llama3.1,DINM,A,4315__repeat_4,0,0,[],[],0,0,
llama3.1,DINM,A,4315__repeat_5,0,0,[],[],0,0,
llama3.1,DINM,B,2112__repeat_1,0,0,[],[],0,0,
llama3.1,DINM,B,2112__repeat_2,0,0,[],[],0,0,
llama3.1,DINM,B,2112__repeat_3,0,0,[],[],0,0,
llama3.1,DINM,B,2112__repeat_4,0,0,[],[],0,0,
llama3.1,DINM,B,2112__repeat_5,0,0,[],[],0,0,
llama3.1,DINM,B,2140__repeat_1,0,0,[],[],0,0,
llama3.1,DINM,B,2140__repeat_2,0,0,[],[],0,0,
llama3.1,DINM,B,2140__repeat_3,0,0,[],[],0,0,
llama3.1,DINM,B,2140__repeat_4,0,0,[],[],0,0,
llama3.1,DINM,B,2140__repeat_5,0,0,[],[],0,0,
llama3.1,DINM,B,578__repeat_1,0,0,[],[],0,0,
llama3.1,DINM,B,578__repeat_2,0,0,[],[],0,0,
llama3.1,DINM,B,578__repeat_3,0,0,[],[],0,0,
llama3.1,DINM,B,578__repeat_4,0,0,[],[],0,0,
llama3.1,DINM,B,578__repeat_5,0,0,[],[],0,0,
llama3.1,DINM,B,3384__repeat_1,0,0,[],[],0,0,
llama3.1,DINM,B,3384__repeat_2,0,0,[],[],0,0,
llama3.1,DINM,B,3384__repeat_3,0,0,[],[],0,0,
llama3.1,DINM,B,3384__repeat_4,0,0,[],[],0,0,
llama3.1,DINM,B,3384__repeat_5,0,0,[],[],0,0,
llama3.1,DINM,B,755__repeat_1,0,0,[],[],0,0,
llama3.1,DINM,B,755__repeat_2,0,0,[],[],0,0,
llama3.1,DINM,B,755__repeat_3,0,0,[],[],0,0,
llama3.1,DINM,B,755__repeat_4,0,0,[],[],0,0,
llama3.1,DINM,B,755__repeat_5,0,0,[],[],0,0,
llama3.1,DINM,B,2609__repeat_1,0,0,[],[],0,0,
llama3.1,DINM,B,2609__repeat_2,0,0,[],[],0,0,
llama3.1,DINM,B,2609__repeat_3,0,0,[],[],0,0,
llama3.1,DINM,B,2609__repeat_4,0,0,[],[],0,0,
llama3.1,DINM,B,2609__repeat_5,0,0,[],[],0,0,
llama3.1,DINM,B,2466__repeat_1,0,0,[],[],0,0,
llama3.1,DINM,B,2466__repeat_2,0,0,[],[],0,0,
llama3.1,DINM,B,2466__repeat_3,0,0,[],[],0,0,
llama3.1,DINM,B,2466__repeat_4,0,0,[],[],0,0,
llama3.1,DINM,B,2466__repeat_5,0,0,[],[],0,0,
llama3.1,DINM,B,926__repeat_1,0,0,[],[],0,0,
llama3.1,DINM,B,926__repeat_2,0,0,[],[],0,0,
llama3.1,DINM,B,926__repeat_3,0,0,[],[],0,0,
llama3.1,DINM,B,926__repeat_4,0,0,[],[],0,0,
llama3.1,DINM,B,926__repeat_5,0,0,[],[],0,0,
llama3.1,DINM,B,3506__repeat_1,0,0,[],[],0,0,
llama3.1,DINM,B,3506__repeat_2,0,0,[],[],0,0,
llama3.1,DINM,B,3506__repeat_3,0,0,[],[],0,0,
llama3.1,DINM,B,3506__repeat_4,0,0,[],[],0,0,
llama3.1,DINM,B,3506__repeat_5,0,0,[],[],0,0,
llama3.1,DINM,B,1889__repeat_1,0,0,[],[],0,0,
llama3.1,DINM,B,1889__repeat_2,0,0,[],[],0,0,
llama3.1,DINM,B,1889__repeat_3,0,0,[],[],0,0,
llama3.1,DINM,B,1889__repeat_4,0,0,[],[],0,0,
llama3.1,DINM,B,1889__repeat_5,0,0,[],[],0,0,
llama3.1,DINM,B,4169__repeat_1,0,0,[],[],0,0,
llama3.1,DINM,B,4169__repeat_2,0,0,[],[],0,0,
llama3.1,DINM,B,4169__repeat_3,0,0,[],[],0,0,
llama3.1,DINM,B,4169__repeat_4,0,0,[],[],0,0,
llama3.1,DINM,B,4169__repeat_5,0,0,[],[],0,0,
llama3.1,DINM,B,4404__repeat_1,0,0,[],[],0,0,
llama3.1,DINM,B,4404__repeat_2,0,0,[],[],0,0,
llama3.1,DINM,B,4404__repeat_3,0,0,[],[],0,0,
llama3.1,DINM,B,4404__repeat_4,0,0,[],[],0,0,
llama3.1,DINM,B,4404__repeat_5,0,0,[],[],0,0,
llama3.1,DINM,B,2553__repeat_1,0,0,[],[],0,0,
llama3.1,DINM,B,2553__repeat_2,0,0,[],[],0,0,
llama3.1,DINM,B,2553__repeat_3,0,0,[],[],0,0,
llama3.1,DINM,B,2553__repeat_4,0,0,[],[],0,0,
llama3.1,DINM,B,2553__repeat_5,0,0,[],[],0,0,
llama3.1,DINM,B,809__repeat_1,0,0,[],[],0,0,
llama3.1,DINM,B,809__repeat_2,0,0,[],[],0,0,
llama3.1,DINM,B,809__repeat_3,0,0,[],[],0,0,
llama3.1,DINM,B,809__repeat_4,0,0,[],[],0,0,
llama3.1,DINM,B,809__repeat_5,0,0,[],[],0,0,
llama3.1,DINM,B,4647__repeat_1,0,0,[],[],0,0,
llama3.1,DINM,B,4647__repeat_2,0,0,[],[],0,0,
llama3.1,DINM,B,4647__repeat_3,0,0,[],[],0,0,
llama3.1,DINM,B,4647__repeat_4,0,0,[],[],0,0,
llama3.1,DINM,B,4647__repeat_5,0,0,[],[],0,0,
llama3.1,DINM,B,2943__repeat_2,0,0,[],[],0,0,
llama3.1,DINM,B,2943__repeat_3,0,0,[],[],0,0,
llama3.1,DINM,B,2943__repeat_4,0,0,[],[],0,0,
llama3.1,DINM,B,2943__repeat_5,0,0,[],[],0,0,
llama3.1,DINM,B,2595__repeat_1,0,0,[],[],0,0,
llama3.1,DINM,B,2595__repeat_2,0,0,[],[],0,0,
llama3.1,DINM,B,2595__repeat_3,0,0,[],[],0,0,
llama3.1,DINM,B,2595__repeat_4,0,0,[],[],0,0,
llama3.1,DINM,B,2595__repeat_5,0,0,[],[],0,0,
llama3.1,DINM,B,102__repeat_1,0,0,[],[],0,0,
llama3.1,DINM,B,102__repeat_2,0,0,[],[],0,0,
llama3.1,DINM,B,102__repeat_3,0,0,[],[],0,0,
llama3.1,DINM,B,102__repeat_4,0,0,[],[],0,0,
llama3.1,DINM,B,102__repeat_5,0,0,[],[],0,0,
llama3.1,DINM,B,3940__repeat_1,0,0,[],[],0,0,
llama3.1,DINM,B,3940__repeat_2,0,0,[],[],0,0,
llama3.1,DINM,B,3940__repeat_3,0,0,[],[],0,0,
llama3.1,DINM,B,3940__repeat_4,0,0,[],[],0,0,
llama3.1,DINM,B,3940__repeat_5,0,0,[],[],0,0,
llama3.1,DINM,B,3573__repeat_1,0,0,[],[],0,0,
llama3.1,DINM,B,3573__repeat_2,0,0,[],[],0,0,
llama3.1,DINM,B,3573__repeat_3,0,0,[],[],0,0,
llama3.1,DINM,B,3573__repeat_4,0,0,[],[],0,0,
llama3.1,DINM,B,3573__repeat_5,0,0,[],[],0,0,
llama3.1,DINM,B,3298__repeat_1,0,0,[],[],0,0,
llama3.1,DINM,B,3298__repeat_2,0,0,[],[],0,0,
llama3.1,DINM,B,3298__repeat_3,0,0,[],[],0,0,
llama3.1,DINM,B,3298__repeat_4,0,0,[],[],0,0,
llama3.1,DINM,B,3298__repeat_5,0,0,[],[],0,0,
llama3.1,DINM,B,4564__repeat_1,0,0,[],[],0,0,
llama3.1,DINM,B,4564__repeat_2,0,0,[],[],0,0,
llama3.1,DINM,B,4564__repeat_3,0,0,[],[],0,0,
llama3.1,DINM,B,4564__repeat_4,0,0,[],[],0,0,
llama3.1,DINM,B,4564__repeat_5,0,0,[],[],0,0,
llama3.1,DINM,B,2709__repeat_1,0,0,[],[],0,0,
llama3.1,DINM,B,2709__repeat_2,0,0,[],[],0,0,
llama3.1,DINM,B,2709__repeat_3,0,0,[],[],0,0,
llama3.1,DINM,B,2709__repeat_4,0,0,[],[],0,0,
llama3.1,DINM,B,2709__repeat_5,0,0,[],[],0,0,
llama3.1,DINM,B,956__repeat_1,0,0,[],[],0,0,
llama3.1,DINM,B,956__repeat_2,0,0,[],[],0,0,
llama3.1,DINM,B,956__repeat_3,0,0,[],[],0,0,
llama3.1,DINM,B,956__repeat_4,0,0,[],[],0,0,
llama3.1,DINM,B,956__repeat_5,0,0,[],[],0,0,
llama3.1,DINM,B,2915__repeat_1,0,0,[],[],0,0,
llama3.1,DINM,B,2915__repeat_2,0,0,[],[],0,0,
llama3.1,DINM,B,2915__repeat_3,0,0,[],[],0,0,
llama3.1,DINM,B,2915__repeat_4,0,0,[],[],0,0,
llama3.1,DINM,B,2915__repeat_5,0,0,[],[],0,0,
llama3.1,DINM,B,3131__repeat_1,0,0,[],[],0,0,
llama3.1,DINM,B,3131__repeat_2,0,0,[],[],0,0,
llama3.1,DINM,B,3131__repeat_3,0,0,[],[],0,0,
llama3.1,DINM,B,3131__repeat_4,0,0,[],[],0,0,
llama3.1,DINM,B,3131__repeat_5,0,0,[],[],0,0,
llama3.1,DINM,B,824__repeat_1,0,0,[],[],0,0,
llama3.1,DINM,B,824__repeat_2,0,0,[],[],0,0,
llama3.1,DINM,B,824__repeat_3,0,0,[],[],0,0,
llama3.1,DINM,B,824__repeat_4,0,0,[],[],0,0,
llama3.1,DINM,B,824__repeat_5,0,0,[],[],0,0,
llama3.1,DINM,B,112__repeat_1,0,0,[],[],0,0,
llama3.1,DINM,B,112__repeat_2,0,0,[],[],0,0,
llama3.1,DINM,B,112__repeat_3,0,0,[],[],0,0,
llama3.1,DINM,B,112__repeat_4,0,0,[],[],0,0,
llama3.1,DINM,B,112__repeat_5,0,0,[],[],0,0,
llama3.1,DINM,B,2382__repeat_1,0,0,[],[],0,0,
llama3.1,DINM,B,2382__repeat_2,0,0,[],[],0,0,
llama3.1,DINM,B,2382__repeat_3,0,0,[],[],0,0,
llama3.1,DINM,B,2382__repeat_4,0,0,[],[],0,0,
llama3.1,DINM,B,2382__repeat_5,0,0,[],[],0,0,
llama3.1,DINM,B,4744__repeat_1,0,0,[],[],0,0,
llama3.1,DINM,B,4744__repeat_2,0,0,[],[],0,0,
llama3.1,DINM,B,4744__repeat_3,0,0,[],[],0,0,
llama3.1,DINM,B,4744__repeat_4,0,0,[],[],0,0,
llama3.1,DINM,B,4744__repeat_5,0,0,[],[],0,0,
llama3.1,DINM,B,4650__repeat_1,0,0,[],[],0,0,
llama3.1,DINM,B,4650__repeat_2,0,0,[],[],0,0,
llama3.1,DINM,B,4650__repeat_3,0,0,[],[],0,0,
llama3.1,DINM,B,4650__repeat_4,0,0,[],[],0,0,
llama3.1,DINM,B,4650__repeat_5,0,0,[],[],0,0,
llama3.1,DINM,B,1040__repeat_1,0,0,[],[],0,0,
llama3.1,DINM,B,1040__repeat_2,0,0,[],[],0,0,
llama3.1,DINM,B,1040__repeat_3,0,0,[],[],0,0,
llama3.1,DINM,B,1040__repeat_4,0,0,[],[],0,0,
llama3.1,DINM,B,1040__repeat_5,0,0,[],[],0,0,
llama3.1,DINM,B,660__repeat_1,0,0,[],[],0,0,
llama3.1,DINM,B,660__repeat_2,0,0,[],[],0,0,
llama3.1,DINM,B,660__repeat_3,0,0,[],[],0,0,
llama3.1,DINM,B,660__repeat_4,0,0,[],[],0,0,
llama3.1,DINM,B,660__repeat_5,0,0,[],[],0,0,
llama3.1,DINM,B,2074__repeat_1,0,0,[],[],0,0,
llama3.1,DINM,B,2074__repeat_2,0,0,[],[],0,0,
llama3.1,DINM,B,2074__repeat_3,0,0,[],[],0,0,
llama3.1,DINM,B,2074__repeat_4,0,0,[],[],0,0,
llama3.1,DINM,B,2074__repeat_5,0,0,[],[],0,0,
llama3.1,DINM,B,4425__repeat_1,0,0,[],[],0,0,
llama3.1,DINM,B,4425__repeat_2,0,0,[],[],0,0,
llama3.1,DINM,B,4425__repeat_3,0,0,[],[],0,0,
llama3.1,DINM,B,4425__repeat_4,0,0,[],[],0,0,
llama3.1,DINM,B,4425__repeat_5,0,0,[],[],0,0,
llama3.1,DINM,B,1729__repeat_1,0,0,[],[],0,0,
llama3.1,DINM,B,1729__repeat_2,0,0,[],[],0,0,
llama3.1,DINM,B,1729__repeat_3,0,0,[],[],0,0,
llama3.1,DINM,B,1729__repeat_4,0,0,[],[],0,0,
llama3.1,DINM,B,1729__repeat_5,0,0,[],[],0,0,
llama3.1,DINM,B,1963__repeat_1,0,0,[],[],0,0,
llama3.1,DINM,B,1963__repeat_2,0,0,[],[],0,0,
llama3.1,DINM,B,1963__repeat_3,0,0,[],[],0,0,
llama3.1,DINM,B,1963__repeat_4,0,0,[],[],0,0,
llama3.1,DINM,B,1963__repeat_5,0,0,[],[],0,0,
llama3.1,DINM,B,463__repeat_1,0,0,[],[],0,0,
llama3.1,DINM,B,463__repeat_2,0,0,[],[],0,0,
llama3.1,DINM,B,463__repeat_3,0,0,[],[],0,0,
llama3.1,DINM,B,463__repeat_4,0,0,[],[],0,0,
llama3.1,DINM,B,463__repeat_5,0,0,[],[],0,0,
llama3.1,DINM,B,2066__repeat_1,0,0,[],[],0,0,
llama3.1,DINM,B,2066__repeat_2,0,0,[],[],0,0,
llama3.1,DINM,B,2066__repeat_3,0,0,[],[],0,0,
llama3.1,DINM,B,2066__repeat_4,0,0,[],[],0,0,
llama3.1,DINM,B,2066__repeat_5,0,0,[],[],0,0,
llama3.1,DINM,B,796__repeat_1,0,0,[],[],0,0,
llama3.1,DINM,B,796__repeat_2,0,0,[],[],0,0,
llama3.1,DINM,B,796__repeat_3,0,0,[],[],0,0,
llama3.1,DINM,B,796__repeat_4,0,0,[],[],0,0,
llama3.1,DINM,B,796__repeat_5,0,0,[],[],0,0,
llama3.1,DINM,B,4106__repeat_1,0,0,[],[],0,0,
llama3.1,DINM,B,4106__repeat_2,0,0,[],[],0,0,
llama3.1,DINM,B,4106__repeat_3,0,0,[],[],0,0,
llama3.1,DINM,B,4106__repeat_4,0,0,[],[],0,0,
llama3.1,DINM,B,4106__repeat_5,0,0,[],[],0,0,
llama3.1,DINM,B,582__repeat_1,0,0,[],[],0,0,
llama3.1,DINM,B,582__repeat_2,0,0,[],[],0,0,
llama3.1,DINM,B,582__repeat_3,0,0,[],[],0,0,
llama3.1,DINM,B,582__repeat_4,0,0,[],[],0,0,
llama3.1,DINM,B,582__repeat_5,0,0,[],[],0,0,
llama3.1,DINM,B,3219__repeat_1,0,0,[],[],0,0,
llama3.1,DINM,B,3219__repeat_2,0,0,[],[],0,0,
llama3.1,DINM,B,3219__repeat_3,0,0,[],[],0,0,
llama3.1,DINM,B,3219__repeat_4,0,0,[],[],0,0,
llama3.1,DINM,B,3219__repeat_5,0,0,[],[],0,0,
llama3.1,DINM,B,906__repeat_1,0,0,[],[],0,0,
llama3.1,DINM,B,906__repeat_2,0,0,[],[],0,0,
llama3.1,DINM,B,906__repeat_3,0,0,[],[],0,0,
llama3.1,DINM,B,906__repeat_4,0,0,[],[],0,0,
llama3.1,DINM,B,906__repeat_5,0,0,[],[],0,0,
llama3.1,DINM,B,1553__repeat_1,0,0,[],[],0,0,
llama3.1,DINM,B,1553__repeat_2,0,0,[],[],0,0,
llama3.1,DINM,B,1553__repeat_3,0,0,[],[],0,0,
llama3.1,DINM,B,1553__repeat_4,0,0,[],[],0,0,
llama3.1,DINM,B,1553__repeat_5,0,0,[],[],0,0,
llama3.1,DINM,B,911__repeat_1,0,0,[],[],0,0,
llama3.1,DINM,B,911__repeat_2,0,0,[],[],0,0,
llama3.1,DINM,B,911__repeat_3,0,0,[],[],0,0,
llama3.1,DINM,B,911__repeat_4,0,0,[],[],0,0,
llama3.1,DINM,B,911__repeat_5,0,0,[],[],0,0,
llama3.1,DINM,B,4280__repeat_1,0,0,[],[],0,0,
llama3.1,DINM,B,4280__repeat_2,0,0,[],[],0,0,
llama3.1,DINM,B,4280__repeat_3,0,0,[],[],0,0,
llama3.1,DINM,B,4280__repeat_4,0,0,[],[],0,0,
llama3.1,DINM,B,4280__repeat_5,0,0,[],[],0,0,
llama3.1,DINM,B,3397__repeat_1,0,0,[],[],0,0,
llama3.1,DINM,B,3397__repeat_2,0,0,[],[],0,0,
llama3.1,DINM,B,3397__repeat_3,0,0,[],[],0,0,
llama3.1,DINM,B,3397__repeat_4,0,0,[],[],0,0,
llama3.1,DINM,B,1488__repeat_1,0,0,[],[],0,0,
llama3.1,DINM,B,1488__repeat_2,0,0,[],[],0,0,
llama3.1,DINM,B,1488__repeat_3,0,0,[],[],0,0,
llama3.1,DINM,B,1488__repeat_4,0,0,[],[],0,0,
llama3.1,DINM,B,1488__repeat_5,0,0,[],[],0,0,
llama3.1,DINM,B,2359__repeat_1,0,0,[],[],0,0,
llama3.1,DINM,B,2359__repeat_2,0,0,[],[],0,0,
llama3.1,DINM,B,2359__repeat_3,0,0,[],[],0,0,
llama3.1,DINM,B,2359__repeat_4,0,0,[],[],0,0,
llama3.1,DINM,B,2359__repeat_5,0,0,[],[],0,0,
llama3.1,DINM,B,518__repeat_1,0,0,[],[],0,0,
llama3.1,DINM,B,518__repeat_2,0,0,[],[],0,0,
llama3.1,DINM,B,518__repeat_3,0,0,[],[],0,0,
llama3.1,DINM,B,518__repeat_4,0,0,[],[],0,0,
llama3.1,DINM,B,518__repeat_5,0,0,[],[],0,0,
llama3.1,DINM,B,3047__repeat_1,0,0,[],[],0,0,
llama3.1,DINM,B,3047__repeat_2,0,0,[],[],0,0,
llama3.1,DINM,B,3047__repeat_3,0,0,[],[],0,0,
llama3.1,DINM,B,3047__repeat_4,0,0,[],[],0,0,
llama3.1,DINM,B,3047__repeat_5,0,0,[],[],0,0,
llama3.1,DINM,B,3423__repeat_1,0,0,[],[],0,0,
llama3.1,DINM,B,3423__repeat_2,0,0,[],[],0,0,
llama3.1,DINM,B,3423__repeat_3,0,0,[],[],0,0,
llama3.1,DINM,B,3423__repeat_4,0,0,[],[],0,0,
llama3.1,DINM,B,3423__repeat_5,0,0,[],[],0,0,
llama3.1,DINM,B,74__repeat_1,0,0,[],[],0,0,
llama3.1,DINM,B,74__repeat_2,0,0,[],[],0,0,
llama3.1,DINM,B,74__repeat_3,0,0,[],[],0,0,
llama3.1,DINM,B,74__repeat_4,0,0,[],[],0,0,
llama3.1,DINM,B,74__repeat_5,0,0,[],[],0,0,
llama3.1,DINM,B,615__repeat_1,0,0,[],[],0,0,
llama3.1,DINM,B,615__repeat_2,0,0,[],[],0,0,
llama3.1,DINM,B,615__repeat_3,0,0,[],[],0,0,
llama3.1,DINM,B,615__repeat_4,0,0,[],[],0,0,
llama3.1,DINM,B,615__repeat_5,0,0,[],[],0,0,
llama3.1,DINM,B,3028__repeat_1,0,0,[],[],0,0,
llama3.1,DINM,B,3028__repeat_2,0,0,[],[],0,0,
llama3.1,DINM,B,3028__repeat_3,0,0,[],[],0,0,
llama3.1,DINM,B,3028__repeat_4,0,0,[],[],0,0,
llama3.1,DINM,B,3028__repeat_5,0,0,[],[],0,0,
llama3.1,DINM,B,3985__repeat_1,0,0,[],[],0,0,
llama3.1,DINM,B,3985__repeat_2,0,0,[],[],0,0,
llama3.1,DINM,B,3985__repeat_3,0,0,[],[],0,0,
llama3.1,DINM,B,3985__repeat_4,0,0,[],[],0,0,
llama3.1,DINM,B,3985__repeat_5,0,0,[],[],0,0,
llama3.1,DINM,B,3792__repeat_1,0,0,[],[],0,0,
llama3.1,DINM,B,3792__repeat_3,0,0,[],[],0,0,
llama3.1,DINM,B,3792__repeat_4,0,0,[],[],0,0,
llama3.1,DINM,B,3792__repeat_5,0,0,[],[],0,0,
llama3.1,DINM,B,3359__repeat_1,0,0,[],[],0,0,
llama3.1,DINM,B,3359__repeat_2,0,0,[],[],0,0,
llama3.1,DINM,B,3359__repeat_3,0,0,[],[],0,0,
llama3.1,DINM,B,3359__repeat_4,0,0,[],[],0,0,
llama3.1,DINM,B,3359__repeat_5,0,0,[],[],0,0,
llama3.1,DINM,B,3651__repeat_1,0,0,[],[],0,0,
llama3.1,DINM,B,3651__repeat_2,0,0,[],[],0,0,
llama3.1,DINM,B,3651__repeat_3,0,0,[],[],0,0,
llama3.1,DINM,B,3651__repeat_4,0,0,[],[],0,0,
llama3.1,DINM,B,3651__repeat_5,0,0,[],[],0,0,
llama3.1,DINM,B,3241__repeat_1,0,0,[],[],0,0,
llama3.1,DINM,B,3241__repeat_2,0,0,[],[],0,0,
llama3.1,DINM,B,3241__repeat_3,0,0,[],[],0,0,
llama3.1,DINM,B,3241__repeat_5,0,0,[],[],0,0,
llama3.1,DINM,B,2250__repeat_1,0,0,[],[],0,0,
llama3.1,DINM,B,2250__repeat_2,0,0,[],[],0,0,
llama3.1,DINM,B,2250__repeat_3,0,0,[],[],0,0,
llama3.1,DINM,B,2250__repeat_4,0,0,[],[],0,0,
llama3.1,DINM,B,2250__repeat_5,0,0,[],[],0,0,
llama3.1,DINM,B,3050__repeat_1,0,0,[],[],0,0,
llama3.1,DINM,B,3050__repeat_2,0,0,[],[],0,0,
llama3.1,DINM,B,3050__repeat_3,0,0,[],[],0,0,
llama3.1,DINM,B,3050__repeat_4,0,0,[],[],0,0,
llama3.1,DINM,B,538__repeat_1,0,0,[],[],0,0,
llama3.1,DINM,B,538__repeat_2,0,0,[],[],0,0,
llama3.1,DINM,B,538__repeat_3,0,0,[],[],0,0,
llama3.1,DINM,B,538__repeat_4,0,0,[],[],0,0,
llama3.1,DINM,B,538__repeat_5,0,0,[],[],0,0,
llama3.1,DINM,B,4801__repeat_1,0,0,[],[],0,0,
llama3.1,DINM,B,4801__repeat_2,0,0,[],[],0,0,
llama3.1,DINM,B,4801__repeat_3,0,0,[],[],0,0,
llama3.1,DINM,B,4801__repeat_4,0,0,[],[],0,0,
llama3.1,DINM,B,4801__repeat_5,0,0,[],[],0,0,
llama3.1,DINM,B,2517__repeat_1,0,0,[],[],0,0,
llama3.1,DINM,B,2517__repeat_2,0,0,[],[],0,0,
llama3.1,DINM,B,2517__repeat_3,0,0,[],[],0,0,
llama3.1,DINM,B,2517__repeat_4,0,0,[],[],0,0,
llama3.1,DINM,B,2517__repeat_5,0,0,[],[],0,0,
llama3.1,DINM,B,372__repeat_1,0,0,[],[],0,0,
llama3.1,DINM,B,372__repeat_2,0,0,[],[],0,0,
llama3.1,DINM,B,372__repeat_3,0,0,[],[],0,0,
llama3.1,DINM,B,372__repeat_4,0,0,[],[],0,0,
llama3.1,DINM,B,372__repeat_5,0,0,[],[],0,0,
llama3.1,DINM,B,2770__repeat_1,0,0,[],[],0,0,
llama3.1,DINM,B,2770__repeat_2,0,0,[],[],0,0,
llama3.1,DINM,B,2770__repeat_3,0,0,[],[],0,0,
llama3.1,DINM,B,2770__repeat_4,0,0,[],[],0,0,
llama3.1,DINM,B,2770__repeat_5,0,0,[],[],0,0,
llama3.1,DINM,B,3108__repeat_1,0,0,[],[],0,0,
llama3.1,DINM,B,3108__repeat_2,0,0,[],[],0,0,
llama3.1,DINM,B,3108__repeat_3,0,0,[],[],0,0,
llama3.1,DINM,B,3108__repeat_4,0,0,[],[],0,0,
llama3.1,DINM,B,3108__repeat_5,0,0,[],[],0,0,
llama3.1,DINM,B,3114__repeat_1,0,0,[],[],0,0,
llama3.1,DINM,B,3114__repeat_2,0,0,[],[],0,0,
llama3.1,DINM,B,3114__repeat_3,0,0,[],[],0,0,
llama3.1,DINM,B,3114__repeat_4,0,0,[],[],0,0,
llama3.1,DINM,B,3114__repeat_5,0,0,[],[],0,0,
llama3.1,DINM,B,1083__repeat_1,0,0,[],[],0,0,
llama3.1,DINM,B,1083__repeat_2,0,0,[],[],0,0,
llama3.1,DINM,B,1083__repeat_3,0,0,[],[],0,0,
llama3.1,DINM,B,1083__repeat_4,0,0,[],[],0,0,
llama3.1,DINM,B,1083__repeat_5,0,0,[],[],0,0,
llama3.1,DINM,B,384__repeat_1,0,0,[],[],0,0,
llama3.1,DINM,B,384__repeat_2,0,0,[],[],0,0,
llama3.1,DINM,B,384__repeat_3,0,0,[],[],0,0,
llama3.1,DINM,B,384__repeat_4,0,0,[],[],0,0,
llama3.1,DINM,B,384__repeat_5,0,0,[],[],0,0,
llama3.1,DINM,B,4545__repeat_1,0,0,[],[],0,0,
llama3.1,DINM,B,4545__repeat_2,0,0,[],[],0,0,
llama3.1,DINM,B,4545__repeat_3,0,0,[],[],0,0,
llama3.1,DINM,B,4545__repeat_4,0,0,[],[],0,0,
llama3.1,DINM,B,4545__repeat_5,0,0,[],[],0,0,
llama3.1,DINM,B,907__repeat_1,0,0,[],[],0,0,
llama3.1,DINM,B,907__repeat_2,0,0,[],[],0,0,
llama3.1,DINM,B,907__repeat_3,0,0,[],[],0,0,
llama3.1,DINM,B,907__repeat_4,0,0,[],[],0,0,
llama3.1,DINM,B,907__repeat_5,0,0,[],[],0,0,
llama3.1,DINM,B,1830__repeat_1,0,0,[],[],0,0,
llama3.1,DINM,B,1830__repeat_2,0,0,[],[],0,0,
llama3.1,DINM,B,1830__repeat_3,0,0,[],[],0,0,
llama3.1,DINM,B,1830__repeat_4,0,0,[],[],0,0,
llama3.1,DINM,B,1830__repeat_5,0,0,[],[],0,0,
llama3.1,DINM,B,2491__repeat_1,0,0,[],[],0,0,
llama3.1,DINM,B,2491__repeat_2,0,0,[],[],0,0,
llama3.1,DINM,B,2491__repeat_3,0,0,[],[],0,0,
llama3.1,DINM,B,2491__repeat_4,0,0,[],[],0,0,
llama3.1,DINM,B,2491__repeat_5,0,0,[],[],0,0,
llama3.1,DINM,B,413__repeat_1,0,0,[],[],0,0,
llama3.1,DINM,B,413__repeat_2,0,0,[],[],0,0,
llama3.1,DINM,B,413__repeat_3,0,0,[],[],0,0,
llama3.1,DINM,B,413__repeat_4,0,0,[],[],0,0,
llama3.1,DINM,B,413__repeat_5,0,0,[],[],0,0,
llama3.1,DINM,B,1871__repeat_1,0,0,[],[],0,0,
llama3.1,DINM,B,1871__repeat_2,0,0,[],[],0,0,
llama3.1,DINM,B,1871__repeat_3,0,0,[],[],0,0,
llama3.1,DINM,B,1871__repeat_4,0,0,[],[],0,0,
llama3.1,DINM,B,1871__repeat_5,0,0,[],[],0,0,
llama3.1,DINM,B,1587__repeat_1,0,0,[],[],0,0,
llama3.1,DINM,B,1587__repeat_2,0,0,[],[],0,0,
llama3.1,DINM,B,1587__repeat_3,0,0,[],[],0,0,
llama3.1,DINM,B,1587__repeat_4,0,0,[],[],0,0,
llama3.1,DINM,B,1587__repeat_5,0,0,[],[],0,0,
llama3.1,DINM,B,4035__repeat_1,0,0,[],[],0,0,
llama3.1,DINM,B,4035__repeat_2,0,0,[],[],0,0,
llama3.1,DINM,B,4035__repeat_3,0,0,[],[],0,0,
llama3.1,DINM,B,4035__repeat_4,0,0,[],[],0,0,
llama3.1,DINM,B,4035__repeat_5,0,0,[],[],0,0,
llama3.1,DINM,B,1427__repeat_1,0,0,[],[],0,0,
llama3.1,DINM,B,1427__repeat_2,0,0,[],[],0,0,
llama3.1,DINM,B,1427__repeat_3,0,0,[],[],0,0,
llama3.1,DINM,B,1427__repeat_4,0,0,[],[],0,0,
llama3.1,DINM,B,1427__repeat_5,0,0,[],[],0,0,
llama3.1,DINM,B,4161__repeat_1,0,0,[],[],0,0,
llama3.1,DINM,B,4161__repeat_2,0,0,[],[],0,0,
llama3.1,DINM,B,4161__repeat_3,0,0,[],[],0,0,
llama3.1,DINM,B,4161__repeat_4,0,0,[],[],0,0,
llama3.1,DINM,B,4161__repeat_5,0,0,[],[],0,0,
llama3.1,DINM,B,2736__repeat_1,0,0,[],[],0,0,
llama3.1,DINM,B,2736__repeat_2,0,0,[],[],0,0,
llama3.1,DINM,B,2736__repeat_3,0,0,[],[],0,0,
llama3.1,DINM,B,2736__repeat_4,0,0,[],[],0,0,
llama3.1,DINM,B,2736__repeat_5,0,0,[],[],0,0,
llama3.1,DINM,B,4707__repeat_1,0,0,[],[],0,0,
llama3.1,DINM,B,4707__repeat_2,0,0,[],[],0,0,
llama3.1,DINM,B,4707__repeat_4,0,0,[],[],0,0,
llama3.1,DINM,B,4707__repeat_5,0,0,[],[],0,0,
llama3.1,DINM,B,2515__repeat_1,0,0,[],[],0,0,
llama3.1,DINM,B,2515__repeat_2,0,0,[],[],0,0,
llama3.1,DINM,B,2515__repeat_3,0,0,[],[],0,0,
llama3.1,DINM,B,2515__repeat_4,0,0,[],[],0,0,
llama3.1,DINM,B,2515__repeat_5,0,0,[],[],0,0,
llama3.1,DINM,B,1524__repeat_1,0,0,[],[],0,0,
llama3.1,DINM,B,1524__repeat_2,0,0,[],[],0,0,
llama3.1,DINM,B,1524__repeat_3,0,0,[],[],0,0,
llama3.1,DINM,B,1524__repeat_4,0,0,[],[],0,0,
llama3.1,DINM,B,1524__repeat_5,0,0,[],[],0,0,
llama3.1,DINM,B,280__repeat_1,0,0,[],[],0,0,
llama3.1,DINM,B,280__repeat_2,0,0,[],[],0,0,
llama3.1,DINM,B,280__repeat_3,0,0,[],[],0,0,
llama3.1,DINM,B,280__repeat_4,0,0,[],[],0,0,
llama3.1,DINM,B,280__repeat_5,0,0,[],[],0,0,
llama3.1,DINM,B,1964__repeat_1,0,0,[],[],0,0,
llama3.1,DINM,B,1964__repeat_2,0,0,[],[],0,0,
llama3.1,DINM,B,1964__repeat_3,0,0,[],[],0,0,
llama3.1,DINM,B,1964__repeat_4,1,1,[],[],0,0,
llama3.1,DINM,B,1964__repeat_5,0,0,[],[],0,0,
llama3.1,DINM,B,2058__repeat_1,0,0,[],[],0,0,
llama3.1,DINM,B,2058__repeat_2,0,0,[],[],0,0,
llama3.1,DINM,B,2058__repeat_3,0,0,[],[],0,0,
llama3.1,DINM,B,2058__repeat_4,0,0,[],[],0,0,
llama3.1,DINM,B,2058__repeat_5,0,0,[],[],0,0,
llama3.1,DINM,B,2881__repeat_1,0,0,[],[],0,0,
llama3.1,DINM,B,2881__repeat_2,0,0,[],[],0,0,
llama3.1,DINM,B,2881__repeat_3,0,0,[],[],0,0,
llama3.1,DINM,B,2881__repeat_4,0,0,[],[],0,0,
llama3.1,DINM,B,2881__repeat_5,0,0,[],[],0,0,
llama3.1,DINM,B,2369__repeat_1,0,0,[],[],0,0,
llama3.1,DINM,B,2369__repeat_2,0,0,[],[],0,0,
llama3.1,DINM,B,2369__repeat_3,0,0,[],[],0,0,
llama3.1,DINM,B,2369__repeat_4,0,0,[],[],0,0,
llama3.1,DINM,B,2369__repeat_5,0,0,[],[],0,0,
llama3.1,DINM,B,3109__repeat_1,0,0,[],[],0,0,
llama3.1,DINM,B,3109__repeat_2,0,0,[],[],0,0,
llama3.1,DINM,B,3109__repeat_3,0,0,[],[],0,0,
llama3.1,DINM,B,3109__repeat_4,0,0,[],[],0,0,
llama3.1,DINM,B,3109__repeat_5,0,0,[],[],0,0,
llama3.1,DINM,B,2105__repeat_1,0,0,[],[],0,0,
llama3.1,DINM,B,2105__repeat_2,0,0,[],[],0,0,
llama3.1,DINM,B,2105__repeat_3,0,0,[],[],0,0,
llama3.1,DINM,B,2105__repeat_5,0,0,[],[],0,0,
llama3.1,DINM,B,4157__repeat_1,0,0,[],[],0,0,
llama3.1,DINM,B,4157__repeat_2,0,0,[],[],0,0,
llama3.1,DINM,B,4157__repeat_3,0,0,[],[],0,0,
llama3.1,DINM,B,4157__repeat_4,0,0,[],[],0,0,
llama3.1,DINM,B,4157__repeat_5,0,0,[],[],0,0,
llama3.1,DINM,B,2159__repeat_1,0,0,[],[],0,0,
llama3.1,DINM,B,2159__repeat_2,0,0,[],[],0,0,
llama3.1,DINM,B,2159__repeat_3,0,0,[],[],0,0,
llama3.1,DINM,B,2159__repeat_4,0,0,[],[],0,0,
llama3.1,DINM,B,2159__repeat_5,0,0,[],[],0,0,
llama3.1,DINM,B,2339__repeat_1,0,0,[],[],0,0,
llama3.1,DINM,B,2339__repeat_2,0,0,[],[],0,0,
llama3.1,DINM,B,2339__repeat_3,0,0,[],[],0,0,
llama3.1,DINM,B,2339__repeat_4,0,0,[],[],0,0,
llama3.1,DINM,B,2339__repeat_5,0,0,[],[],0,0,
llama3.1,DINM,B,136__repeat_1,0,0,[],[],0,0,
llama3.1,DINM,B,136__repeat_2,0,0,[],[],0,0,
llama3.1,DINM,B,136__repeat_3,0,0,[],[],0,0,
llama3.1,DINM,B,136__repeat_4,0,0,[],[],0,0,
llama3.1,DINM,B,136__repeat_5,0,0,[],[],0,0,
llama3.1,DINM,B,364__repeat_1,0,0,[],[],0,0,
llama3.1,DINM,B,364__repeat_2,0,0,[],[],0,0,
llama3.1,DINM,B,364__repeat_3,0,0,[],[],0,0,
llama3.1,DINM,B,364__repeat_4,0,0,[],[],0,0,
llama3.1,DINM,B,364__repeat_5,0,0,[],[],0,0,
llama3.1,DINM,B,1816__repeat_1,0,0,[],[],0,0,
llama3.1,DINM,B,1816__repeat_2,0,0,[],[],0,0,
llama3.1,DINM,B,1816__repeat_3,0,0,[],[],0,0,
llama3.1,DINM,B,1816__repeat_4,0,0,[],[],0,0,
llama3.1,DINM,B,1816__repeat_5,0,0,[],[],0,0,
llama3.1,DINM,B,4315__repeat_1,0,0,[],[],0,0,
llama3.1,DINM,B,4315__repeat_2,0,0,[],[],0,0,
llama3.1,DINM,B,4315__repeat_3,0,0,[],[],0,0,
llama3.1,DINM,B,4315__repeat_4,0,0,[],[],0,0,
llama3.1,DINM,B,4315__repeat_5,0,0,[],[],0,0,
llama3.1,DINM,C,2112__repeat_1,0,0,[],[],0,0,
llama3.1,DINM,C,2112__repeat_2,0,0,[],[],0,0,
llama3.1,DINM,C,2112__repeat_3,0,0,[],[],0,0,
llama3.1,DINM,C,2112__repeat_4,0,0,[],[],0,0,
llama3.1,DINM,C,2112__repeat_5,0,0,[],[],0,0,
llama3.1,DINM,C,2140__repeat_1,0,0,[],[],0,0,
llama3.1,DINM,C,2140__repeat_2,0,0,[],[],0,0,
llama3.1,DINM,C,2140__repeat_3,0,0,[],[],0,0,
llama3.1,DINM,C,2140__repeat_4,0,0,[],[],0,0,
llama3.1,DINM,C,2140__repeat_5,0,0,[],[],0,0,
llama3.1,DINM,C,578__repeat_1,0,0,[],[],0,0,
llama3.1,DINM,C,578__repeat_2,0,0,[],[],0,0,
llama3.1,DINM,C,578__repeat_3,0,0,[],[],0,0,
llama3.1,DINM,C,578__repeat_4,0,0,[],[],0,0,
llama3.1,DINM,C,578__repeat_5,0,0,[],[],0,0,
llama3.1,DINM,C,3384__repeat_1,0,0,[],[],0,0,
llama3.1,DINM,C,3384__repeat_2,0,0,[],[],0,0,
llama3.1,DINM,C,3384__repeat_3,0,0,[],[],0,0,
llama3.1,DINM,C,3384__repeat_4,0,0,[],[],0,0,
llama3.1,DINM,C,3384__repeat_5,0,0,[],[],0,0,
llama3.1,DINM,C,755__repeat_1,0,0,[],[],0,0,
llama3.1,DINM,C,755__repeat_2,0,0,[],[],0,0,
llama3.1,DINM,C,755__repeat_3,0,0,[],[],0,0,
llama3.1,DINM,C,755__repeat_4,0,0,[],[],0,0,
llama3.1,DINM,C,755__repeat_5,0,0,[],[],0,0,
llama3.1,DINM,C,2609__repeat_1,0,0,[],[],0,0,
llama3.1,DINM,C,2609__repeat_2,0,0,[],[],0,0,
llama3.1,DINM,C,2609__repeat_3,0,0,[],[],0,0,
llama3.1,DINM,C,2609__repeat_4,0,0,[],[],0,0,
llama3.1,DINM,C,2609__repeat_5,0,0,[],[],0,0,
llama3.1,DINM,C,2466__repeat_1,0,0,[],[],0,0,
llama3.1,DINM,C,2466__repeat_2,0,0,[],[],0,0,
llama3.1,DINM,C,2466__repeat_3,0,0,[],[],0,0,
llama3.1,DINM,C,2466__repeat_4,0,0,[],[],0,0,
llama3.1,DINM,C,2466__repeat_5,0,0,[],[],0,0,
llama3.1,DINM,C,926__repeat_1,0,0,[],[],0,0,
llama3.1,DINM,C,926__repeat_3,0,0,[],[],0,0,
llama3.1,DINM,C,926__repeat_4,0,0,[],[],0,0,
llama3.1,DINM,C,926__repeat_5,0,0,[],[],0,0,
llama3.1,DINM,C,3506__repeat_1,0,0,[],[],0,0,
llama3.1,DINM,C,3506__repeat_2,0,0,[],[],0,0,
llama3.1,DINM,C,3506__repeat_3,0,0,[],[],0,0,
llama3.1,DINM,C,3506__repeat_4,0,0,[],[],0,0,
llama3.1,DINM,C,3506__repeat_5,0,0,[],[],0,0,
llama3.1,DINM,C,1889__repeat_1,0,0,[],[],0,0,
llama3.1,DINM,C,1889__repeat_2,0,0,[],[],0,0,
llama3.1,DINM,C,1889__repeat_3,0,0,[],[],0,0,
llama3.1,DINM,C,1889__repeat_4,0,0,[],[],0,0,
llama3.1,DINM,C,1889__repeat_5,0,0,[],[],0,0,
llama3.1,DINM,C,4169__repeat_1,0,0,[],[],0,0,
llama3.1,DINM,C,4169__repeat_2,0,0,[],[],0,0,
llama3.1,DINM,C,4169__repeat_4,0,0,[],[],0,0,
llama3.1,DINM,C,4169__repeat_5,0,0,[],[],0,0,
llama3.1,DINM,C,4404__repeat_1,0,0,[],[],0,0,
llama3.1,DINM,C,4404__repeat_2,0,0,[],[],0,0,
llama3.1,DINM,C,4404__repeat_3,0,0,[],[],0,0,
llama3.1,DINM,C,4404__repeat_4,0,0,[],[],0,0,
llama3.1,DINM,C,4404__repeat_5,0,0,[],[],0,0,
llama3.1,DINM,C,2553__repeat_1,0,0,[],[],0,0,
llama3.1,DINM,C,2553__repeat_2,0,0,[],[],0,0,
llama3.1,DINM,C,2553__repeat_3,0,0,[],[],0,0,
llama3.1,DINM,C,2553__repeat_4,0,0,[],[],0,0,
llama3.1,DINM,C,2553__repeat_5,0,0,[],[],0,0,
llama3.1,DINM,C,809__repeat_1,0,0,[],[],0,0,
llama3.1,DINM,C,809__repeat_2,0,0,[],[],0,0,
llama3.1,DINM,C,809__repeat_3,0,0,[],[],0,0,
llama3.1,DINM,C,809__repeat_4,0,0,[],[],0,0,
llama3.1,DINM,C,809__repeat_5,0,0,[],[],0,0,
llama3.1,DINM,C,4647__repeat_1,0,0,[],[],0,0,
llama3.1,DINM,C,4647__repeat_2,0,0,[],[],0,0,
llama3.1,DINM,C,4647__repeat_3,0,0,[],[],0,0,
llama3.1,DINM,C,4647__repeat_4,0,0,[],[],0,0,
llama3.1,DINM,C,4647__repeat_5,0,0,[],[],0,0,
llama3.1,DINM,C,2943__repeat_1,0,0,[],[],0,0,
llama3.1,DINM,C,2943__repeat_2,0,0,[],[],0,0,
llama3.1,DINM,C,2943__repeat_3,0,0,[],[],0,0,
llama3.1,DINM,C,2943__repeat_4,0,0,[],[],0,0,
llama3.1,DINM,C,2943__repeat_5,0,0,[],[],0,0,
llama3.1,DINM,C,2595__repeat_1,0,0,[],[],0,0,
llama3.1,DINM,C,2595__repeat_2,0,0,[],[],0,0,
llama3.1,DINM,C,2595__repeat_3,0,0,[],[],0,0,
llama3.1,DINM,C,2595__repeat_5,0,0,[],[],0,0,
llama3.1,DINM,C,102__repeat_1,0,0,[],[],0,0,
llama3.1,DINM,C,102__repeat_2,0,0,[],[],0,0,
llama3.1,DINM,C,102__repeat_3,0,0,[],[],0,0,
llama3.1,DINM,C,102__repeat_4,0,0,[],[],0,0,
llama3.1,DINM,C,102__repeat_5,0,0,[],[],0,0,
llama3.1,DINM,C,3940__repeat_1,0,0,[],[],0,0,
llama3.1,DINM,C,3940__repeat_2,0,0,[],[],0,0,
llama3.1,DINM,C,3940__repeat_3,0,0,[],[],0,0,
llama3.1,DINM,C,3940__repeat_4,0,0,[],[],0,0,
llama3.1,DINM,C,3940__repeat_5,0,0,[],[],0,0,
llama3.1,DINM,C,3573__repeat_1,0,0,[],[],0,0,
llama3.1,DINM,C,3573__repeat_2,0,0,[],[],0,0,
llama3.1,DINM,C,3573__repeat_3,0,0,[],[],0,0,
llama3.1,DINM,C,3573__repeat_4,0,0,[],[],0,0,
llama3.1,DINM,C,3573__repeat_5,0,0,[],[],0,0,
llama3.1,DINM,C,3298__repeat_1,0,0,[],[],0,0,
llama3.1,DINM,C,3298__repeat_2,0,0,[],[],0,0,
llama3.1,DINM,C,3298__repeat_3,0,0,[],[],0,0,
llama3.1,DINM,C,3298__repeat_4,0,0,[],[],0,0,
llama3.1,DINM,C,3298__repeat_5,0,0,[],[],0,0,
llama3.1,DINM,C,4564__repeat_1,0,0,[],[],0,0,
llama3.1,DINM,C,4564__repeat_2,0,0,[],[],0,0,
llama3.1,DINM,C,4564__repeat_3,0,0,[],[],0,0,
llama3.1,DINM,C,4564__repeat_4,0,0,[],[],0,0,
llama3.1,DINM,C,4564__repeat_5,0,0,[],[],0,0,
llama3.1,DINM,C,2709__repeat_1,0,0,[],[],0,0,
llama3.1,DINM,C,2709__repeat_2,0,0,[],[],0,0,
llama3.1,DINM,C,2709__repeat_3,0,0,[],[],0,0,
llama3.1,DINM,C,2709__repeat_4,0,0,[],[],0,0,
llama3.1,DINM,C,2709__repeat_5,0,0,[],[],0,0,
llama3.1,DINM,C,956__repeat_1,0,0,[],[],0,0,
llama3.1,DINM,C,956__repeat_2,0,0,[],[],0,0,
llama3.1,DINM,C,956__repeat_3,0,0,[],[],0,0,
llama3.1,DINM,C,956__repeat_4,0,0,[],[],0,0,
llama3.1,DINM,C,956__repeat_5,0,0,[],[],0,0,
llama3.1,DINM,C,2915__repeat_1,0,0,[],[],0,0,
llama3.1,DINM,C,2915__repeat_2,0,0,[],[],0,0,
llama3.1,DINM,C,2915__repeat_3,0,0,[],[],0,0,
llama3.1,DINM,C,2915__repeat_4,0,0,[],[],0,0,
llama3.1,DINM,C,2915__repeat_5,0,0,[],[],0,0,
llama3.1,DINM,C,3131__repeat_1,0,0,[],[],0,0,
llama3.1,DINM,C,3131__repeat_2,0,0,[],[],0,0,
llama3.1,DINM,C,3131__repeat_3,0,0,[],[],0,0,
llama3.1,DINM,C,3131__repeat_4,0,0,[],[],0,0,
llama3.1,DINM,C,3131__repeat_5,0,0,[],[],0,0,
llama3.1,DINM,C,824__repeat_1,0,0,[],[],0,0,
llama3.1,DINM,C,824__repeat_2,0,0,[],[],0,0,
llama3.1,DINM,C,824__repeat_3,0,0,[],[],0,0,
llama3.1,DINM,C,824__repeat_4,0,0,[],[],0,0,
llama3.1,DINM,C,824__repeat_5,0,0,[],[],0,0,
llama3.1,DINM,C,112__repeat_1,0,0,[],[],0,0,
llama3.1,DINM,C,112__repeat_2,0,0,[],[],0,0,
llama3.1,DINM,C,112__repeat_3,0,0,[],[],0,0,
llama3.1,DINM,C,112__repeat_4,0,0,[],[],0,0,
llama3.1,DINM,C,112__repeat_5,0,0,[],[],0,0,
llama3.1,DINM,C,2382__repeat_1,0,0,[],[],0,0,
llama3.1,DINM,C,2382__repeat_2,0,0,[],[],0,0,
llama3.1,DINM,C,2382__repeat_3,0,0,[],[],0,0,
llama3.1,DINM,C,2382__repeat_4,0,0,[],[],0,0,
llama3.1,DINM,C,2382__repeat_5,0,0,[],[],0,0,
llama3.1,DINM,C,4744__repeat_1,0,0,[],[],0,0,
llama3.1,DINM,C,4744__repeat_2,0,0,[],[],0,0,
llama3.1,DINM,C,4744__repeat_3,0,0,[],[],0,0,
llama3.1,DINM,C,4744__repeat_4,0,0,[],[],0,0,
llama3.1,DINM,C,4744__repeat_5,0,0,[],[],0,0,
llama3.1,DINM,C,4650__repeat_1,0,0,[],[],0,0,
llama3.1,DINM,C,4650__repeat_2,0,0,[],[],0,0,
llama3.1,DINM,C,4650__repeat_3,0,0,[],[],0,0,
llama3.1,DINM,C,4650__repeat_4,0,0,[],[],0,0,
llama3.1,DINM,C,4650__repeat_5,0,0,[],[],0,0,
llama3.1,DINM,C,1040__repeat_1,0,0,[],[],0,0,
llama3.1,DINM,C,1040__repeat_2,0,0,[],[],0,0,
llama3.1,DINM,C,1040__repeat_3,0,0,[],[],0,0,
llama3.1,DINM,C,1040__repeat_4,0,0,[],[],0,0,
llama3.1,DINM,C,1040__repeat_5,0,0,[],[],0,0,
llama3.1,DINM,C,660__repeat_1,0,0,[],[],0,0,
llama3.1,DINM,C,660__repeat_2,0,0,[],[],0,0,
llama3.1,DINM,C,660__repeat_3,0,0,[],[],0,0,
llama3.1,DINM,C,660__repeat_4,0,0,[],[],0,0,
llama3.1,DINM,C,660__repeat_5,0,0,[],[],0,0,
llama3.1,DINM,C,2074__repeat_1,0,0,[],[],0,0,
llama3.1,DINM,C,2074__repeat_3,0,0,[],[],0,0,
llama3.1,DINM,C,2074__repeat_4,0,0,[],[],0,0,
llama3.1,DINM,C,2074__repeat_5,0,0,[],[],0,0,
llama3.1,DINM,C,4425__repeat_1,0,0,[],[],0,0,
llama3.1,DINM,C,4425__repeat_2,0,0,[],[],0,0,
llama3.1,DINM,C,4425__repeat_3,0,0,[],[],0,0,
llama3.1,DINM,C,4425__repeat_4,0,0,[],[],0,0,
llama3.1,DINM,C,4425__repeat_5,0,0,[],[],0,0,
llama3.1,DINM,C,1729__repeat_1,0,0,[],[],0,0,
llama3.1,DINM,C,1729__repeat_2,0,0,[],[],0,0,
llama3.1,DINM,C,1729__repeat_3,0,0,[],[],0,0,
llama3.1,DINM,C,1729__repeat_4,0,0,[],[],0,0,
llama3.1,DINM,C,1729__repeat_5,0,0,[],[],0,0,
llama3.1,DINM,C,1963__repeat_1,0,0,[],[],0,0,
llama3.1,DINM,C,1963__repeat_2,0,0,[],[],0,0,
llama3.1,DINM,C,1963__repeat_3,0,0,[],[],0,0,
llama3.1,DINM,C,1963__repeat_4,0,0,[],[],0,0,
llama3.1,DINM,C,1963__repeat_5,0,0,[],[],0,0,
llama3.1,DINM,C,463__repeat_1,0,0,[],[],0,0,
llama3.1,DINM,C,463__repeat_2,0,0,[],[],0,0,
llama3.1,DINM,C,463__repeat_3,0,0,[],[],0,0,
llama3.1,DINM,C,463__repeat_4,0,0,[],[],0,0,
llama3.1,DINM,C,463__repeat_5,0,0,[],[],0,0,
llama3.1,DINM,C,2066__repeat_1,0,0,[],[],0,0,
llama3.1,DINM,C,2066__repeat_2,0,0,[],[],0,0,
llama3.1,DINM,C,2066__repeat_3,0,0,[],[],0,0,
llama3.1,DINM,C,2066__repeat_4,0,0,[],[],0,0,
llama3.1,DINM,C,2066__repeat_5,0,0,[],[],0,0,
llama3.1,DINM,C,796__repeat_1,0,0,[],[],0,0,
llama3.1,DINM,C,796__repeat_2,0,0,[],[],0,0,
llama3.1,DINM,C,796__repeat_3,0,0,[],[],0,0,
llama3.1,DINM,C,796__repeat_4,0,0,[],[],0,0,
llama3.1,DINM,C,796__repeat_5,0,0,[],[],0,0,
llama3.1,DINM,C,4106__repeat_3,0,0,[],[],0,0,
llama3.1,DINM,C,4106__repeat_4,0,0,[],[],0,0,
llama3.1,DINM,C,4106__repeat_5,0,0,[],[],0,0,
llama3.1,DINM,C,582__repeat_1,0,0,[],[],0,0,
llama3.1,DINM,C,582__repeat_2,0,0,[],[],0,0,
llama3.1,DINM,C,582__repeat_3,0,0,[],[],0,0,
llama3.1,DINM,C,582__repeat_4,0,0,[],[],0,0,
llama3.1,DINM,C,582__repeat_5,0,0,[],[],0,0,
llama3.1,DINM,C,3219__repeat_1,0,0,[],[],0,0,
llama3.1,DINM,C,3219__repeat_2,0,0,[],[],0,0,
llama3.1,DINM,C,3219__repeat_3,0,0,[],[],0,0,
llama3.1,DINM,C,3219__repeat_4,0,0,[],[],0,0,
llama3.1,DINM,C,3219__repeat_5,0,0,[],[],0,0,
llama3.1,DINM,C,906__repeat_1,0,0,[],[],0,0,
llama3.1,DINM,C,906__repeat_2,0,0,[],[],0,0,
llama3.1,DINM,C,906__repeat_3,0,0,[],[],0,0,
llama3.1,DINM,C,906__repeat_4,0,0,[],[],0,0,
llama3.1,DINM,C,906__repeat_5,0,0,[],[],0,0,
llama3.1,DINM,C,1553__repeat_1,0,0,[],[],0,0,
llama3.1,DINM,C,1553__repeat_2,0,0,[],[],0,0,
llama3.1,DINM,C,1553__repeat_3,0,0,[],[],0,0,
llama3.1,DINM,C,1553__repeat_4,0,0,[],[],0,0,
llama3.1,DINM,C,1553__repeat_5,0,0,[],[],0,0,
llama3.1,DINM,C,911__repeat_1,0,0,[],[],0,0,
llama3.1,DINM,C,911__repeat_2,0,0,[],[],0,0,
llama3.1,DINM,C,911__repeat_3,0,0,[],[],0,0,
llama3.1,DINM,C,911__repeat_4,0,0,[],[],0,0,
llama3.1,DINM,C,911__repeat_5,0,0,[],[],0,0,
llama3.1,DINM,C,4280__repeat_1,0,0,[],[],0,0,
llama3.1,DINM,C,4280__repeat_2,0,0,[],[],0,0,
llama3.1,DINM,C,4280__repeat_3,0,0,[],[],0,0,
llama3.1,DINM,C,4280__repeat_4,0,0,[],[],0,0,
llama3.1,DINM,C,4280__repeat_5,0,0,[],[],0,0,
llama3.1,DINM,C,3397__repeat_1,0,0,[],[],0,0,
llama3.1,DINM,C,3397__repeat_2,0,0,[],[],0,0,
llama3.1,DINM,C,3397__repeat_3,0,0,[],[],0,0,
llama3.1,DINM,C,3397__repeat_4,0,0,[],[],0,0,
llama3.1,DINM,C,3397__repeat_5,0,0,[],[],0,0,
llama3.1,DINM,C,1488__repeat_1,0,0,[],[],0,0,
llama3.1,DINM,C,1488__repeat_2,0,0,[],[],0,0,
llama3.1,DINM,C,1488__repeat_3,0,0,[],[],0,0,
llama3.1,DINM,C,1488__repeat_4,0,0,[],[],0,0,
llama3.1,DINM,C,1488__repeat_5,0,0,[],[],0,0,
llama3.1,DINM,C,2359__repeat_1,0,0,[],[],0,0,
llama3.1,DINM,C,2359__repeat_2,0,0,[],[],0,0,
llama3.1,DINM,C,2359__repeat_3,0,0,[],[],0,0,
llama3.1,DINM,C,2359__repeat_4,0,0,[],[],0,0,
llama3.1,DINM,C,2359__repeat_5,0,0,[],[],0,0,
llama3.1,DINM,C,518__repeat_1,0,0,[],[],0,0,
llama3.1,DINM,C,518__repeat_2,0,0,[],[],0,0,
llama3.1,DINM,C,518__repeat_3,0,0,[],[],0,0,
llama3.1,DINM,C,518__repeat_4,0,0,[],[],0,0,
llama3.1,DINM,C,518__repeat_5,0,0,[],[],0,0,
llama3.1,DINM,C,3047__repeat_1,0,0,[],[],0,0,
llama3.1,DINM,C,3047__repeat_2,0,0,[],[],0,0,
llama3.1,DINM,C,3047__repeat_3,0,0,[],[],0,0,
llama3.1,DINM,C,3047__repeat_4,0,0,[],[],0,0,
llama3.1,DINM,C,3047__repeat_5,0,0,[],[],0,0,
llama3.1,DINM,C,3423__repeat_1,0,0,[],[],0,0,
llama3.1,DINM,C,3423__repeat_2,0,0,[],[],0,0,
llama3.1,DINM,C,3423__repeat_3,0,0,[],[],0,0,
llama3.1,DINM,C,3423__repeat_4,0,0,[],[],0,0,
llama3.1,DINM,C,3423__repeat_5,0,0,[],[],0,0,
llama3.1,DINM,C,74__repeat_1,0,0,[],[],0,0,
llama3.1,DINM,C,74__repeat_2,0,0,[],[],0,0,
llama3.1,DINM,C,74__repeat_3,0,0,[],[],0,0,
llama3.1,DINM,C,74__repeat_4,0,0,[],[],0,0,
llama3.1,DINM,C,74__repeat_5,0,0,[],[],0,0,
llama3.1,DINM,C,615__repeat_1,0,0,[],[],0,0,
llama3.1,DINM,C,615__repeat_2,0,0,[],[],0,0,
llama3.1,DINM,C,615__repeat_3,0,0,[],[],0,0,
llama3.1,DINM,C,615__repeat_4,0,0,[],[],0,0,
llama3.1,DINM,C,615__repeat_5,0,0,[],[],0,0,
llama3.1,DINM,C,3028__repeat_1,0,0,[],[],0,0,
llama3.1,DINM,C,3028__repeat_2,0,0,[],[],0,0,
llama3.1,DINM,C,3028__repeat_3,0,0,[],[],0,0,
llama3.1,DINM,C,3028__repeat_4,0,0,[],[],0,0,
llama3.1,DINM,C,3028__repeat_5,0,0,[],[],0,0,
llama3.1,DINM,C,3985__repeat_1,0,0,[],[],0,0,
llama3.1,DINM,C,3985__repeat_2,0,0,[],[],0,0,
llama3.1,DINM,C,3985__repeat_3,0,0,[],[],0,0,
llama3.1,DINM,C,3985__repeat_4,0,0,[],[],0,0,
llama3.1,DINM,C,3985__repeat_5,0,0,[],[],0,0,
llama3.1,DINM,C,3792__repeat_1,0,0,[],[],0,0,
llama3.1,DINM,C,3792__repeat_2,0,0,[],[],0,0,
llama3.1,DINM,C,3792__repeat_3,0,0,[],[],0,0,
llama3.1,DINM,C,3792__repeat_4,0,0,[],[],0,0,
llama3.1,DINM,C,3792__repeat_5,0,0,[],[],0,0,
llama3.1,DINM,C,3359__repeat_1,0,0,[],[],0,0,
llama3.1,DINM,C,3359__repeat_2,0,0,[],[],0,0,
llama3.1,DINM,C,3359__repeat_3,0,0,[],[],0,0,
llama3.1,DINM,C,3359__repeat_4,0,0,[],[],0,0,
llama3.1,DINM,C,3359__repeat_5,0,0,[],[],0,0,
llama3.1,DINM,C,3651__repeat_1,0,0,[],[],0,0,
llama3.1,DINM,C,3651__repeat_2,0,0,[],[],0,0,
llama3.1,DINM,C,3651__repeat_3,0,0,[],[],0,0,
llama3.1,DINM,C,3651__repeat_4,0,0,[],[],0,0,
llama3.1,DINM,C,3651__repeat_5,0,0,[],[],0,0,
llama3.1,DINM,C,3241__repeat_1,0,0,[],[],0,0,
llama3.1,DINM,C,3241__repeat_2,0,0,[],[],0,0,
llama3.1,DINM,C,3241__repeat_3,0,0,[],[],0,0,
llama3.1,DINM,C,3241__repeat_4,0,0,[],[],0,0,
llama3.1,DINM,C,3241__repeat_5,0,0,[],[],0,0,
llama3.1,DINM,C,2250__repeat_1,0,0,[],[],0,0,
llama3.1,DINM,C,2250__repeat_2,0,0,[],[],0,0,
llama3.1,DINM,C,2250__repeat_3,0,0,[],[],0,0,
llama3.1,DINM,C,2250__repeat_4,0,0,[],[],0,0,
llama3.1,DINM,C,2250__repeat_5,0,0,[],[],0,0,
llama3.1,DINM,C,3050__repeat_1,0,0,[],[],0,0,
llama3.1,DINM,C,3050__repeat_2,0,0,[],[],0,0,
llama3.1,DINM,C,3050__repeat_3,1,0,"[[""py"", ""py"", ""absolute""]]",[],0,0,
llama3.1,DINM,C,3050__repeat_4,0,0,[],[],0,0,
llama3.1,DINM,C,3050__repeat_5,0,0,[],[],0,0,
llama3.1,DINM,C,538__repeat_1,0,0,[],[],0,0,
llama3.1,DINM,C,538__repeat_2,0,0,[],[],0,0,
llama3.1,DINM,C,538__repeat_3,0,0,[],[],0,0,
llama3.1,DINM,C,538__repeat_4,0,0,[],[],0,0,
llama3.1,DINM,C,538__repeat_5,0,0,[],[],0,0,
llama3.1,DINM,C,4801__repeat_1,0,0,[],[],0,0,
llama3.1,DINM,C,4801__repeat_2,0,0,[],[],0,0,
llama3.1,DINM,C,4801__repeat_3,0,0,[],[],0,0,
llama3.1,DINM,C,4801__repeat_4,0,0,[],[],0,0,
llama3.1,DINM,C,4801__repeat_5,0,0,[],[],0,0,
llama3.1,DINM,C,2517__repeat_1,0,0,[],[],0,0,
llama3.1,DINM,C,2517__repeat_2,0,0,[],[],0,0,
llama3.1,DINM,C,2517__repeat_3,0,0,[],[],0,0,
llama3.1,DINM,C,2517__repeat_4,0,0,[],[],0,0,
llama3.1,DINM,C,2517__repeat_5,0,0,[],[],0,0,
llama3.1,DINM,C,372__repeat_1,0,0,[],[],0,0,
llama3.1,DINM,C,372__repeat_2,0,0,[],[],0,0,
llama3.1,DINM,C,372__repeat_3,0,0,[],[],0,0,
llama3.1,DINM,C,372__repeat_4,0,0,[],[],0,0,
llama3.1,DINM,C,372__repeat_5,0,0,[],[],0,0,
llama3.1,DINM,C,2770__repeat_1,0,0,[],[],0,0,
llama3.1,DINM,C,2770__repeat_2,0,0,[],[],0,0,
llama3.1,DINM,C,2770__repeat_3,0,0,[],[],0,0,
llama3.1,DINM,C,2770__repeat_4,0,0,[],[],0,0,
llama3.1,DINM,C,2770__repeat_5,0,0,[],[],0,0,
llama3.1,DINM,C,3108__repeat_1,0,0,[],[],0,0,
llama3.1,DINM,C,3108__repeat_3,0,0,[],[],0,0,
llama3.1,DINM,C,3108__repeat_4,0,0,[],[],0,0,
llama3.1,DINM,C,3108__repeat_5,0,0,[],[],0,0,
llama3.1,DINM,C,3114__repeat_1,0,0,[],[],0,0,
llama3.1,DINM,C,3114__repeat_2,0,0,[],[],0,0,
llama3.1,DINM,C,3114__repeat_3,0,0,[],[],0,0,
llama3.1,DINM,C,3114__repeat_4,0,0,[],[],0,0,
llama3.1,DINM,C,3114__repeat_5,0,0,[],[],0,0,
llama3.1,DINM,C,1083__repeat_1,0,0,[],[],0,0,
llama3.1,DINM,C,1083__repeat_2,0,0,[],[],0,0,
llama3.1,DINM,C,1083__repeat_3,0,0,[],[],0,0,
llama3.1,DINM,C,1083__repeat_4,0,0,[],[],0,0,
llama3.1,DINM,C,1083__repeat_5,0,0,[],[],0,0,
llama3.1,DINM,C,384__repeat_1,0,0,[],[],0,0,
llama3.1,DINM,C,384__repeat_2,0,0,[],[],0,0,
llama3.1,DINM,C,384__repeat_3,0,0,[],[],0,0,
llama3.1,DINM,C,384__repeat_5,0,0,[],[],0,0,
llama3.1,DINM,C,4545__repeat_1,0,0,[],[],0,0,
llama3.1,DINM,C,4545__repeat_2,0,0,[],[],0,0,
llama3.1,DINM,C,4545__repeat_3,0,0,[],[],0,0,
llama3.1,DINM,C,4545__repeat_4,0,0,[],[],0,0,
llama3.1,DINM,C,4545__repeat_5,0,0,[],[],0,0,
llama3.1,DINM,C,907__repeat_1,0,0,[],[],0,0,
llama3.1,DINM,C,907__repeat_2,0,0,[],[],0,0,
llama3.1,DINM,C,907__repeat_3,0,0,[],[],0,0,
llama3.1,DINM,C,907__repeat_5,0,0,[],[],0,0,
llama3.1,DINM,C,1830__repeat_1,0,0,[],[],0,0,
llama3.1,DINM,C,1830__repeat_2,0,0,[],[],0,0,
llama3.1,DINM,C,1830__repeat_3,0,0,[],[],0,0,
llama3.1,DINM,C,1830__repeat_4,0,0,[],[],0,0,
llama3.1,DINM,C,1830__repeat_5,0,0,[],[],0,0,
llama3.1,DINM,C,2491__repeat_1,0,0,[],[],0,0,
llama3.1,DINM,C,2491__repeat_2,0,0,[],[],0,0,
llama3.1,DINM,C,2491__repeat_3,0,0,[],[],0,0,
llama3.1,DINM,C,2491__repeat_4,0,0,[],[],0,0,
llama3.1,DINM,C,2491__repeat_5,0,0,[],[],0,0,
llama3.1,DINM,C,413__repeat_1,0,0,[],[],0,0,
llama3.1,DINM,C,413__repeat_2,0,0,[],[],0,0,
llama3.1,DINM,C,413__repeat_3,0,0,[],[],0,0,
llama3.1,DINM,C,413__repeat_4,0,0,[],[],0,0,
llama3.1,DINM,C,413__repeat_5,0,0,[],[],0,0,
llama3.1,DINM,C,1871__repeat_1,0,0,[],[],0,0,
llama3.1,DINM,C,1871__repeat_2,0,0,[],[],0,0,
llama3.1,DINM,C,1871__repeat_3,0,0,[],[],0,0,
llama3.1,DINM,C,1871__repeat_4,0,0,[],[],0,0,
llama3.1,DINM,C,1871__repeat_5,0,0,[],[],0,0,
llama3.1,DINM,C,1587__repeat_1,0,0,[],[],0,0,
llama3.1,DINM,C,1587__repeat_2,0,0,[],[],0,0,
llama3.1,DINM,C,1587__repeat_3,0,0,[],[],0,0,
llama3.1,DINM,C,1587__repeat_4,0,0,[],[],0,0,
llama3.1,DINM,C,1587__repeat_5,0,0,[],[],0,0,
llama3.1,DINM,C,4035__repeat_1,0,0,[],[],0,0,
llama3.1,DINM,C,4035__repeat_2,0,0,[],[],0,0,
llama3.1,DINM,C,4035__repeat_3,0,0,[],[],0,0,
llama3.1,DINM,C,4035__repeat_4,0,0,[],[],0,0,
llama3.1,DINM,C,4035__repeat_5,0,0,[],[],0,0,
llama3.1,DINM,C,1427__repeat_1,0,0,[],[],0,0,
llama3.1,DINM,C,1427__repeat_2,0,0,[],[],0,0,
llama3.1,DINM,C,1427__repeat_3,0,0,[],[],0,0,
llama3.1,DINM,C,1427__repeat_4,0,0,[],[],0,0,
llama3.1,DINM,C,1427__repeat_5,0,0,[],[],0,0,
llama3.1,DINM,C,4161__repeat_1,0,0,[],[],0,0,
llama3.1,DINM,C,4161__repeat_2,0,0,[],[],0,0,
llama3.1,DINM,C,4161__repeat_3,0,0,[],[],0,0,
llama3.1,DINM,C,4161__repeat_4,0,0,[],[],0,0,
llama3.1,DINM,C,4161__repeat_5,0,0,[],[],0,0,
llama3.1,DINM,C,2736__repeat_1,0,0,[],[],0,0,
llama3.1,DINM,C,2736__repeat_2,0,0,[],[],0,0,
llama3.1,DINM,C,2736__repeat_3,0,0,[],[],0,0,
llama3.1,DINM,C,2736__repeat_4,0,0,[],[],0,0,
llama3.1,DINM,C,2736__repeat_5,0,0,[],[],0,0,
llama3.1,DINM,C,4707__repeat_1,0,0,[],[],0,0,
llama3.1,DINM,C,4707__repeat_2,0,0,[],[],0,0,
llama3.1,DINM,C,4707__repeat_3,0,0,[],[],0,0,
llama3.1,DINM,C,4707__repeat_4,0,0,[],[],0,0,
llama3.1,DINM,C,4707__repeat_5,0,0,[],[],0,0,
llama3.1,DINM,C,2515__repeat_1,0,0,[],[],0,0,
llama3.1,DINM,C,2515__repeat_2,0,0,[],[],0,0,
llama3.1,DINM,C,2515__repeat_3,0,0,[],[],0,0,
llama3.1,DINM,C,2515__repeat_4,0,0,[],[],0,0,
llama3.1,DINM,C,2515__repeat_5,0,0,[],[],0,0,
llama3.1,DINM,C,1524__repeat_1,0,0,[],[],0,0,
llama3.1,DINM,C,1524__repeat_2,0,0,[],[],0,0,
llama3.1,DINM,C,1524__repeat_3,0,0,[],[],0,0,
llama3.1,DINM,C,1524__repeat_4,0,0,[],[],0,0,
llama3.1,DINM,C,1524__repeat_5,0,0,[],[],0,0,
llama3.1,DINM,C,280__repeat_1,0,0,[],[],0,0,
llama3.1,DINM,C,280__repeat_2,0,0,[],[],0,0,
llama3.1,DINM,C,280__repeat_3,0,0,[],[],0,0,
llama3.1,DINM,C,280__repeat_4,0,0,[],[],0,0,
llama3.1,DINM,C,280__repeat_5,0,0,[],[],0,0,
llama3.1,DINM,C,1964__repeat_1,0,0,[],[],0,0,
llama3.1,DINM,C,1964__repeat_2,0,0,[],[],0,0,
llama3.1,DINM,C,1964__repeat_3,0,0,[],[],0,0,
llama3.1,DINM,C,1964__repeat_4,0,0,[],[],0,0,
llama3.1,DINM,C,1964__repeat_5,0,0,[],[],0,0,
llama3.1,DINM,C,2058__repeat_1,0,0,[],[],0,0,
llama3.1,DINM,C,2058__repeat_2,0,0,[],[],0,0,
llama3.1,DINM,C,2058__repeat_3,0,0,[],[],0,0,
llama3.1,DINM,C,2058__repeat_4,0,0,[],[],0,0,
llama3.1,DINM,C,2058__repeat_5,0,0,[],[],0,0,
llama3.1,DINM,C,2881__repeat_1,0,0,[],[],0,0,
llama3.1,DINM,C,2881__repeat_2,0,0,[],[],0,0,
llama3.1,DINM,C,2881__repeat_3,0,0,[],[],0,0,
llama3.1,DINM,C,2881__repeat_4,0,0,[],[],0,0,
llama3.1,DINM,C,2881__repeat_5,0,0,[],[],0,0,
llama3.1,DINM,C,2369__repeat_1,0,0,[],[],0,0,
llama3.1,DINM,C,2369__repeat_2,0,0,[],[],0,0,
llama3.1,DINM,C,2369__repeat_3,0,0,[],[],0,0,
llama3.1,DINM,C,2369__repeat_4,0,0,[],[],0,0,
llama3.1,DINM,C,2369__repeat_5,0,0,[],[],0,0,
llama3.1,DINM,C,3109__repeat_1,0,0,[],[],0,0,
llama3.1,DINM,C,3109__repeat_2,0,0,[],[],0,0,
llama3.1,DINM,C,3109__repeat_3,0,0,[],[],0,0,
llama3.1,DINM,C,3109__repeat_4,0,0,[],[],0,0,
llama3.1,DINM,C,3109__repeat_5,0,0,[],[],0,0,
llama3.1,DINM,C,2105__repeat_1,0,0,[],[],0,0,
llama3.1,DINM,C,2105__repeat_2,0,0,[],[],0,0,
llama3.1,DINM,C,2105__repeat_3,0,0,[],[],0,0,
llama3.1,DINM,C,2105__repeat_4,0,0,[],[],0,0,
llama3.1,DINM,C,2105__repeat_5,0,0,[],[],0,0,
llama3.1,DINM,C,4157__repeat_1,0,0,[],[],0,0,
llama3.1,DINM,C,4157__repeat_2,0,0,[],[],0,0,
llama3.1,DINM,C,4157__repeat_3,0,0,[],[],0,0,
llama3.1,DINM,C,4157__repeat_4,0,0,[],[],0,0,
llama3.1,DINM,C,4157__repeat_5,0,0,[],[],0,0,
llama3.1,DINM,C,2159__repeat_1,0,0,[],[],0,0,
llama3.1,DINM,C,2159__repeat_2,0,0,[],[],0,0,
llama3.1,DINM,C,2159__repeat_3,0,0,[],[],0,0,
llama3.1,DINM,C,2159__repeat_4,0,0,[],[],0,0,
llama3.1,DINM,C,2159__repeat_5,0,0,[],[],0,0,
llama3.1,DINM,C,2339__repeat_2,0,0,[],[],0,0,
llama3.1,DINM,C,2339__repeat_3,0,0,[],[],0,0,
llama3.1,DINM,C,2339__repeat_4,0,0,[],[],0,0,
llama3.1,DINM,C,136__repeat_1,0,0,[],[],0,0,
llama3.1,DINM,C,136__repeat_2,0,0,[],[],0,0,
llama3.1,DINM,C,136__repeat_3,0,0,[],[],0,0,
llama3.1,DINM,C,136__repeat_4,0,0,[],[],0,0,
llama3.1,DINM,C,136__repeat_5,0,0,[],[],0,0,
llama3.1,DINM,C,364__repeat_1,0,0,[],[],0,0,
llama3.1,DINM,C,364__repeat_2,0,0,[],[],0,0,
llama3.1,DINM,C,364__repeat_3,0,0,[],[],0,0,
llama3.1,DINM,C,364__repeat_4,0,0,[],[],0,0,
llama3.1,DINM,C,364__repeat_5,0,0,[],[],0,0,
llama3.1,DINM,C,1816__repeat_1,0,0,[],[],0,0,
llama3.1,DINM,C,1816__repeat_2,0,0,[],[],0,0,
llama3.1,DINM,C,1816__repeat_3,0,0,[],[],0,0,
llama3.1,DINM,C,1816__repeat_4,0,0,[],[],0,0,
llama3.1,DINM,C,1816__repeat_5,0,0,[],[],0,0,
llama3.1,DINM,C,4315__repeat_1,0,0,[],[],0,0,
llama3.1,DINM,C,4315__repeat_2,0,0,[],[],0,0,
llama3.1,DINM,C,4315__repeat_3,0,0,[],[],0,0,
llama3.1,DINM,C,4315__repeat_4,0,0,[],[],0,0,
llama3.1,DINM,C,4315__repeat_5,0,0,[],[],0,0,
llama3.1,DINM,D,2112__repeat_1,0,0,[],[],0,0,
llama3.1,DINM,D,2112__repeat_2,0,0,[],[],0,0,
llama3.1,DINM,D,2112__repeat_3,0,0,[],[],0,0,
llama3.1,DINM,D,2112__repeat_4,0,0,[],[],0,0,
llama3.1,DINM,D,2112__repeat_5,0,0,[],[],0,0,
llama3.1,DINM,D,2140__repeat_1,0,0,[],[],0,0,TimeoutError: Parso per-answer time limit
llama3.1,DINM,D,2140__repeat_2,0,0,[],[],0,0,
llama3.1,DINM,D,2140__repeat_3,0,0,[],[],0,0,
llama3.1,DINM,D,2140__repeat_4,0,0,[],[],0,0,
llama3.1,DINM,D,2140__repeat_5,0,0,[],[],0,0,
llama3.1,DINM,D,578__repeat_1,0,0,[],[],0,0,
llama3.1,DINM,D,578__repeat_2,0,0,[],[],0,0,
llama3.1,DINM,D,578__repeat_3,0,0,[],[],0,0,
llama3.1,DINM,D,578__repeat_4,0,0,[],[],0,0,
llama3.1,DINM,D,578__repeat_5,0,0,[],[],0,0,
llama3.1,DINM,D,3384__repeat_1,0,0,[],[],0,0,
llama3.1,DINM,D,3384__repeat_2,0,0,[],[],0,0,
llama3.1,DINM,D,3384__repeat_3,0,0,[],[],0,0,
llama3.1,DINM,D,3384__repeat_4,0,0,[],[],0,0,
llama3.1,DINM,D,3384__repeat_5,0,0,[],[],0,0,
llama3.1,DINM,D,755__repeat_1,0,0,[],[],0,0,
llama3.1,DINM,D,755__repeat_2,0,0,[],[],0,0,
llama3.1,DINM,D,755__repeat_3,0,0,[],[],0,0,
llama3.1,DINM,D,755__repeat_4,0,0,[],[],0,0,
llama3.1,DINM,D,755__repeat_5,0,0,[],[],0,0,
llama3.1,DINM,D,2609__repeat_1,0,0,[],[],0,0,
llama3.1,DINM,D,2609__repeat_2,0,0,[],[],0,0,
llama3.1,DINM,D,2609__repeat_3,0,0,[],[],0,0,
llama3.1,DINM,D,2609__repeat_4,0,0,[],[],0,0,
llama3.1,DINM,D,2609__repeat_5,0,0,[],[],0,0,
llama3.1,DINM,D,2466__repeat_1,0,0,[],[],0,0,
llama3.1,DINM,D,2466__repeat_2,0,0,[],[],0,0,
llama3.1,DINM,D,2466__repeat_3,0,0,[],[],0,0,
llama3.1,DINM,D,2466__repeat_4,0,0,[],[],0,0,
llama3.1,DINM,D,2466__repeat_5,0,0,[],[],0,0,
llama3.1,DINM,D,926__repeat_1,0,0,[],[],0,0,
llama3.1,DINM,D,926__repeat_2,0,0,[],[],0,0,
llama3.1,DINM,D,926__repeat_3,0,0,[],[],0,0,
llama3.1,DINM,D,926__repeat_4,0,0,[],[],0,0,
llama3.1,DINM,D,926__repeat_5,0,0,[],[],0,0,
llama3.1,DINM,D,3506__repeat_1,0,0,[],[],0,0,
llama3.1,DINM,D,3506__repeat_2,0,0,[],[],0,0,
llama3.1,DINM,D,3506__repeat_3,0,0,[],[],0,0,
llama3.1,DINM,D,3506__repeat_4,0,0,[],[],0,0,
llama3.1,DINM,D,3506__repeat_5,0,0,[],[],0,0,
llama3.1,DINM,D,1889__repeat_1,0,0,[],[],0,0,
llama3.1,DINM,D,1889__repeat_2,0,0,[],[],0,0,
llama3.1,DINM,D,1889__repeat_3,0,0,[],[],0,0,
llama3.1,DINM,D,1889__repeat_4,0,0,[],[],0,0,
llama3.1,DINM,D,1889__repeat_5,0,0,[],[],0,0,
llama3.1,DINM,D,4169__repeat_2,0,0,[],[],0,0,
llama3.1,DINM,D,4169__repeat_3,0,0,[],[],0,0,
llama3.1,DINM,D,4169__repeat_4,0,0,[],[],0,0,
llama3.1,DINM,D,4169__repeat_5,0,0,[],[],0,0,
llama3.1,DINM,D,4404__repeat_1,0,0,[],[],0,0,
llama3.1,DINM,D,4404__repeat_2,0,0,[],[],0,0,
llama3.1,DINM,D,4404__repeat_3,0,0,[],[],0,0,
llama3.1,DINM,D,4404__repeat_5,0,0,[],[],0,0,
llama3.1,DINM,D,2553__repeat_1,0,0,[],[],0,0,
llama3.1,DINM,D,2553__repeat_2,0,0,[],[],0,0,
llama3.1,DINM,D,2553__repeat_3,0,0,[],[],0,0,
llama3.1,DINM,D,2553__repeat_4,0,0,[],[],0,0,
llama3.1,DINM,D,2553__repeat_5,0,0,[],[],0,0,
llama3.1,DINM,D,809__repeat_1,0,0,[],[],0,0,
llama3.1,DINM,D,809__repeat_2,0,0,[],[],0,0,
llama3.1,DINM,D,809__repeat_3,0,0,[],[],0,0,
llama3.1,DINM,D,809__repeat_4,0,0,[],[],0,0,
llama3.1,DINM,D,809__repeat_5,0,0,[],[],0,0,
llama3.1,DINM,D,4647__repeat_1,0,0,[],[],0,0,
llama3.1,DINM,D,4647__repeat_2,0,0,[],[],0,0,
llama3.1,DINM,D,4647__repeat_3,0,0,[],[],0,0,
llama3.1,DINM,D,4647__repeat_4,0,0,[],[],0,0,
llama3.1,DINM,D,4647__repeat_5,0,0,[],[],0,0,
llama3.1,DINM,D,2943__repeat_1,0,0,[],[],0,0,
llama3.1,DINM,D,2943__repeat_2,0,0,[],[],0,0,
llama3.1,DINM,D,2943__repeat_3,0,0,[],[],0,0,
llama3.1,DINM,D,2943__repeat_4,0,0,[],[],0,0,
llama3.1,DINM,D,2943__repeat_5,0,0,[],[],0,0,
llama3.1,DINM,D,2595__repeat_1,0,0,[],[],0,0,
llama3.1,DINM,D,2595__repeat_2,0,0,[],[],0,0,
llama3.1,DINM,D,2595__repeat_3,0,0,[],[],0,0,
llama3.1,DINM,D,2595__repeat_4,0,0,[],[],0,0,
llama3.1,DINM,D,2595__repeat_5,0,0,[],[],0,0,
llama3.1,DINM,D,102__repeat_1,0,0,[],[],0,0,
llama3.1,DINM,D,102__repeat_2,0,0,[],[],0,0,
llama3.1,DINM,D,102__repeat_3,0,0,[],[],0,0,
llama3.1,DINM,D,102__repeat_4,0,0,[],[],0,0,
llama3.1,DINM,D,102__repeat_5,0,0,[],[],0,0,
llama3.1,DINM,D,3940__repeat_1,0,0,[],[],0,0,
llama3.1,DINM,D,3940__repeat_2,0,0,[],[],0,0,
llama3.1,DINM,D,3940__repeat_3,0,0,[],[],0,0,
llama3.1,DINM,D,3940__repeat_4,0,0,[],[],0,0,
llama3.1,DINM,D,3940__repeat_5,0,0,[],[],0,0,
llama3.1,DINM,D,3573__repeat_1,0,0,[],[],0,0,
llama3.1,DINM,D,3573__repeat_2,0,0,[],[],0,0,
llama3.1,DINM,D,3573__repeat_3,0,0,[],[],0,0,
llama3.1,DINM,D,3573__repeat_4,0,0,[],[],0,0,
llama3.1,DINM,D,3573__repeat_5,0,0,[],[],0,0,
llama3.1,DINM,D,3298__repeat_1,0,0,[],[],0,0,
llama3.1,DINM,D,3298__repeat_2,0,0,[],[],0,0,
llama3.1,DINM,D,3298__repeat_3,0,0,[],[],0,0,
llama3.1,DINM,D,3298__repeat_4,0,0,[],[],0,0,
llama3.1,DINM,D,3298__repeat_5,0,0,[],[],0,0,
llama3.1,DINM,D,4564__repeat_1,0,0,[],[],0,0,
llama3.1,DINM,D,4564__repeat_2,0,0,[],[],0,0,
llama3.1,DINM,D,4564__repeat_3,0,0,[],[],0,0,
llama3.1,DINM,D,4564__repeat_4,0,0,[],[],0,0,
llama3.1,DINM,D,4564__repeat_5,0,0,[],[],0,0,
llama3.1,DINM,D,2709__repeat_1,0,0,[],[],0,0,
llama3.1,DINM,D,2709__repeat_2,0,0,[],[],0,0,
llama3.1,DINM,D,2709__repeat_3,0,0,[],[],0,0,
llama3.1,DINM,D,2709__repeat_4,0,0,[],[],0,0,
llama3.1,DINM,D,2709__repeat_5,0,0,[],[],0,0,
llama3.1,DINM,D,956__repeat_1,0,0,[],[],0,0,
llama3.1,DINM,D,956__repeat_2,0,0,[],[],0,0,
llama3.1,DINM,D,956__repeat_3,0,0,[],[],0,0,
llama3.1,DINM,D,956__repeat_4,0,0,[],[],0,0,
llama3.1,DINM,D,956__repeat_5,0,0,[],[],0,0,
llama3.1,DINM,D,2915__repeat_1,0,0,[],[],0,0,
llama3.1,DINM,D,2915__repeat_2,0,0,[],[],0,0,
llama3.1,DINM,D,2915__repeat_3,0,0,[],[],0,0,
llama3.1,DINM,D,2915__repeat_4,0,0,[],[],0,0,
llama3.1,DINM,D,2915__repeat_5,0,0,[],[],0,0,
llama3.1,DINM,D,3131__repeat_1,0,0,[],[],0,0,
llama3.1,DINM,D,3131__repeat_2,0,0,[],[],0,0,
llama3.1,DINM,D,3131__repeat_3,0,0,[],[],0,0,
llama3.1,DINM,D,3131__repeat_4,0,0,[],[],0,0,
llama3.1,DINM,D,3131__repeat_5,0,0,[],[],0,0,
llama3.1,DINM,D,824__repeat_1,0,0,[],[],0,0,
llama3.1,DINM,D,824__repeat_2,0,0,[],[],0,0,
llama3.1,DINM,D,824__repeat_3,0,0,[],[],0,0,
llama3.1,DINM,D,824__repeat_4,0,0,[],[],0,0,
llama3.1,DINM,D,824__repeat_5,0,0,[],[],0,0,
llama3.1,DINM,D,112__repeat_1,0,0,[],[],0,0,
llama3.1,DINM,D,112__repeat_2,0,0,[],[],0,0,
llama3.1,DINM,D,112__repeat_3,0,0,[],[],0,0,
llama3.1,DINM,D,112__repeat_4,0,0,[],[],0,0,
llama3.1,DINM,D,112__repeat_5,0,0,[],[],0,0,
llama3.1,DINM,D,2382__repeat_1,0,0,[],[],0,0,
llama3.1,DINM,D,2382__repeat_2,0,0,[],[],0,0,
llama3.1,DINM,D,2382__repeat_3,0,0,[],[],0,0,
llama3.1,DINM,D,2382__repeat_4,0,0,[],[],0,0,
llama3.1,DINM,D,2382__repeat_5,0,0,[],[],0,0,
llama3.1,DINM,D,4744__repeat_1,0,0,[],[],0,0,
llama3.1,DINM,D,4744__repeat_2,0,0,[],[],0,0,
llama3.1,DINM,D,4744__repeat_3,0,0,[],[],0,0,
llama3.1,DINM,D,4744__repeat_4,0,0,[],[],0,0,
llama3.1,DINM,D,4744__repeat_5,0,0,[],[],0,0,
llama3.1,DINM,D,4650__repeat_1,0,0,[],[],0,0,
llama3.1,DINM,D,4650__repeat_2,0,0,[],[],0,0,
llama3.1,DINM,D,4650__repeat_3,0,0,[],[],0,0,
llama3.1,DINM,D,4650__repeat_4,0,0,[],[],0,0,
llama3.1,DINM,D,4650__repeat_5,0,0,[],[],0,0,
llama3.1,DINM,D,1040__repeat_1,0,0,[],[],0,0,
llama3.1,DINM,D,1040__repeat_2,0,0,[],[],0,0,
llama3.1,DINM,D,1040__repeat_3,0,0,[],[],0,0,
llama3.1,DINM,D,1040__repeat_4,0,0,[],[],0,0,
llama3.1,DINM,D,1040__repeat_5,0,0,[],[],0,0,
llama3.1,DINM,D,660__repeat_1,0,0,[],[],0,0,
llama3.1,DINM,D,660__repeat_2,0,0,[],[],0,0,
llama3.1,DINM,D,660__repeat_3,0,0,[],[],0,0,
llama3.1,DINM,D,660__repeat_4,0,0,[],[],0,0,
llama3.1,DINM,D,660__repeat_5,0,0,[],[],0,0,
llama3.1,DINM,D,2074__repeat_1,0,0,[],[],0,0,
llama3.1,DINM,D,2074__repeat_2,0,0,[],[],0,0,
llama3.1,DINM,D,2074__repeat_3,0,0,[],[],0,0,
llama3.1,DINM,D,2074__repeat_4,0,0,[],[],0,0,
llama3.1,DINM,D,2074__repeat_5,0,0,[],[],0,0,
llama3.1,DINM,D,4425__repeat_1,0,0,[],[],0,0,
llama3.1,DINM,D,4425__repeat_2,0,0,[],[],0,0,
llama3.1,DINM,D,4425__repeat_3,0,0,[],[],0,0,
llama3.1,DINM,D,4425__repeat_4,0,0,[],[],0,0,
llama3.1,DINM,D,4425__repeat_5,0,0,[],[],0,0,
llama3.1,DINM,D,1729__repeat_1,0,0,[],[],0,0,
llama3.1,DINM,D,1729__repeat_2,0,0,[],[],0,0,
llama3.1,DINM,D,1729__repeat_3,0,0,[],[],0,0,
llama3.1,DINM,D,1729__repeat_4,0,0,[],[],0,0,
llama3.1,DINM,D,1729__repeat_5,0,0,[],[],0,0,
llama3.1,DINM,D,1963__repeat_1,0,0,[],[],0,0,
llama3.1,DINM,D,1963__repeat_2,0,0,[],[],0,0,
llama3.1,DINM,D,1963__repeat_3,0,0,[],[],0,0,
llama3.1,DINM,D,1963__repeat_4,0,0,[],[],0,0,
llama3.1,DINM,D,1963__repeat_5,0,0,[],[],0,0,
llama3.1,DINM,D,463__repeat_1,0,0,[],[],0,0,
llama3.1,DINM,D,463__repeat_2,0,0,[],[],0,0,
llama3.1,DINM,D,463__repeat_3,0,0,[],[],0,0,
llama3.1,DINM,D,463__repeat_4,0,0,[],[],0,0,
llama3.1,DINM,D,463__repeat_5,0,0,[],[],0,0,
llama3.1,DINM,D,2066__repeat_1,0,0,[],[],0,0,
llama3.1,DINM,D,2066__repeat_2,0,0,[],[],0,0,
llama3.1,DINM,D,2066__repeat_3,0,0,[],[],0,0,
llama3.1,DINM,D,2066__repeat_4,0,0,[],[],0,0,
llama3.1,DINM,D,2066__repeat_5,0,0,[],[],0,0,
llama3.1,DINM,D,796__repeat_1,0,0,[],[],0,0,
llama3.1,DINM,D,796__repeat_2,0,0,[],[],0,0,
llama3.1,DINM,D,796__repeat_3,0,0,[],[],0,0,
llama3.1,DINM,D,796__repeat_4,0,0,[],[],0,0,
llama3.1,DINM,D,796__repeat_5,0,0,[],[],0,0,
llama3.1,DINM,D,4106__repeat_1,0,0,[],[],0,0,
llama3.1,DINM,D,4106__repeat_2,0,0,[],[],0,0,
llama3.1,DINM,D,4106__repeat_3,0,0,[],[],0,0,
llama3.1,DINM,D,4106__repeat_4,0,0,[],[],0,0,
llama3.1,DINM,D,4106__repeat_5,0,0,[],[],0,0,
llama3.1,DINM,D,582__repeat_1,0,0,[],[],0,0,
llama3.1,DINM,D,582__repeat_2,0,0,[],[],0,0,
llama3.1,DINM,D,582__repeat_3,0,0,[],[],0,0,
llama3.1,DINM,D,582__repeat_4,0,0,[],[],0,0,
llama3.1,DINM,D,582__repeat_5,0,0,[],[],0,0,
llama3.1,DINM,D,3219__repeat_1,0,0,[],[],0,0,
llama3.1,DINM,D,3219__repeat_2,0,0,[],[],0,0,
llama3.1,DINM,D,3219__repeat_3,0,0,[],[],0,0,
llama3.1,DINM,D,3219__repeat_4,0,0,[],[],0,0,
llama3.1,DINM,D,3219__repeat_5,0,0,[],[],0,0,
llama3.1,DINM,D,906__repeat_1,0,0,[],[],0,0,
llama3.1,DINM,D,906__repeat_2,0,0,[],[],0,0,
llama3.1,DINM,D,906__repeat_3,0,0,[],[],0,0,
llama3.1,DINM,D,906__repeat_4,0,0,[],[],0,0,
llama3.1,DINM,D,906__repeat_5,0,0,[],[],0,0,
llama3.1,DINM,D,1553__repeat_1,0,0,[],[],0,0,
llama3.1,DINM,D,1553__repeat_2,0,0,[],[],0,0,
llama3.1,DINM,D,1553__repeat_3,0,0,[],[],0,0,
llama3.1,DINM,D,1553__repeat_4,0,0,[],[],0,0,
llama3.1,DINM,D,1553__repeat_5,0,0,[],[],0,0,
llama3.1,DINM,D,911__repeat_1,0,0,[],[],0,0,
llama3.1,DINM,D,911__repeat_2,0,0,[],[],0,0,
llama3.1,DINM,D,911__repeat_3,0,0,[],[],0,0,
llama3.1,DINM,D,911__repeat_4,0,0,[],[],0,0,
llama3.1,DINM,D,911__repeat_5,0,0,[],[],0,0,
llama3.1,DINM,D,4280__repeat_1,0,0,[],[],0,0,
llama3.1,DINM,D,4280__repeat_2,0,0,[],[],0,0,
llama3.1,DINM,D,4280__repeat_3,0,0,[],[],0,0,
llama3.1,DINM,D,4280__repeat_4,0,0,[],[],0,0,
llama3.1,DINM,D,4280__repeat_5,0,0,[],[],0,0,
llama3.1,DINM,D,3397__repeat_1,0,0,[],[],0,0,
llama3.1,DINM,D,3397__repeat_3,0,0,[],[],0,0,
llama3.1,DINM,D,3397__repeat_4,0,0,[],[],0,0,
llama3.1,DINM,D,3397__repeat_5,0,0,[],[],0,0,
llama3.1,DINM,D,1488__repeat_1,0,0,[],[],0,0,
llama3.1,DINM,D,1488__repeat_2,0,0,[],[],0,0,
llama3.1,DINM,D,1488__repeat_3,0,0,[],[],0,0,
llama3.1,DINM,D,1488__repeat_4,0,0,[],[],0,0,
llama3.1,DINM,D,1488__repeat_5,0,0,[],[],0,0,
llama3.1,DINM,D,2359__repeat_1,0,0,[],[],0,0,
llama3.1,DINM,D,2359__repeat_2,0,0,[],[],0,0,
llama3.1,DINM,D,2359__repeat_3,0,0,[],[],0,0,
llama3.1,DINM,D,2359__repeat_4,0,0,[],[],0,0,
llama3.1,DINM,D,2359__repeat_5,0,0,[],[],0,0,
llama3.1,DINM,D,518__repeat_1,0,0,[],[],0,0,
llama3.1,DINM,D,518__repeat_2,0,0,[],[],0,0,
llama3.1,DINM,D,518__repeat_3,0,0,[],[],0,0,
llama3.1,DINM,D,518__repeat_4,0,0,[],[],0,0,
llama3.1,DINM,D,518__repeat_5,0,0,[],[],0,0,
llama3.1,DINM,D,3047__repeat_1,0,0,[],[],0,0,
llama3.1,DINM,D,3047__repeat_2,0,0,[],[],0,0,
llama3.1,DINM,D,3047__repeat_3,0,0,[],[],0,0,TimeoutError: Parso per-answer time limit
llama3.1,DINM,D,3047__repeat_4,0,0,[],[],0,0,
llama3.1,DINM,D,3047__repeat_5,0,0,[],[],0,0,
llama3.1,DINM,D,3423__repeat_1,0,0,[],[],0,0,
llama3.1,DINM,D,3423__repeat_2,0,0,[],[],0,0,
llama3.1,DINM,D,3423__repeat_3,0,0,[],[],0,0,
llama3.1,DINM,D,3423__repeat_4,0,0,[],[],0,0,
llama3.1,DINM,D,3423__repeat_5,0,0,[],[],0,0,
llama3.1,DINM,D,74__repeat_1,0,0,[],[],0,0,
llama3.1,DINM,D,74__repeat_2,0,0,[],[],0,0,
llama3.1,DINM,D,74__repeat_3,0,0,[],[],0,0,
llama3.1,DINM,D,74__repeat_4,0,0,[],[],0,0,
llama3.1,DINM,D,74__repeat_5,0,0,[],[],0,0,
llama3.1,DINM,D,615__repeat_1,0,0,[],[],0,0,
llama3.1,DINM,D,615__repeat_2,0,0,[],[],0,0,
llama3.1,DINM,D,615__repeat_3,0,0,[],[],0,0,
llama3.1,DINM,D,615__repeat_4,0,0,[],[],0,0,
llama3.1,DINM,D,615__repeat_5,0,0,[],[],0,0,
llama3.1,DINM,D,3028__repeat_1,0,0,[],[],0,0,
llama3.1,DINM,D,3028__repeat_2,0,0,[],[],0,0,
llama3.1,DINM,D,3028__repeat_3,0,0,[],[],0,0,
llama3.1,DINM,D,3028__repeat_4,0,0,[],[],0,0,
llama3.1,DINM,D,3028__repeat_5,0,0,[],[],0,0,
llama3.1,DINM,D,3985__repeat_1,0,0,[],[],0,0,
llama3.1,DINM,D,3985__repeat_2,0,0,[],[],0,0,
llama3.1,DINM,D,3985__repeat_3,0,0,[],[],0,0,
llama3.1,DINM,D,3985__repeat_4,0,0,[],[],0,0,
llama3.1,DINM,D,3985__repeat_5,0,0,[],[],0,0,
llama3.1,DINM,D,3792__repeat_1,0,0,[],[],0,0,
llama3.1,DINM,D,3792__repeat_2,0,0,[],[],0,0,
llama3.1,DINM,D,3792__repeat_3,0,0,[],[],0,0,
llama3.1,DINM,D,3792__repeat_4,0,0,[],[],0,0,
llama3.1,DINM,D,3792__repeat_5,0,0,[],[],0,0,
llama3.1,DINM,D,3359__repeat_2,0,0,[],[],0,0,
llama3.1,DINM,D,3359__repeat_3,0,0,[],[],0,0,
llama3.1,DINM,D,3359__repeat_4,0,0,[],[],0,0,
llama3.1,DINM,D,3359__repeat_5,0,0,[],[],0,0,
llama3.1,DINM,D,3651__repeat_1,0,0,[],[],0,0,
llama3.1,DINM,D,3651__repeat_2,0,0,[],[],0,0,
llama3.1,DINM,D,3651__repeat_3,0,0,[],[],0,0,
llama3.1,DINM,D,3651__repeat_4,0,0,[],[],0,0,
llama3.1,DINM,D,3651__repeat_5,0,0,[],[],0,0,
llama3.1,DINM,D,3241__repeat_1,0,0,[],[],0,0,
llama3.1,DINM,D,3241__repeat_2,0,0,[],[],0,0,
llama3.1,DINM,D,3241__repeat_3,0,0,[],[],0,0,
llama3.1,DINM,D,3241__repeat_4,0,0,[],[],0,0,
llama3.1,DINM,D,3241__repeat_5,0,0,[],[],0,0,
llama3.1,DINM,D,2250__repeat_1,0,0,[],[],0,0,
llama3.1,DINM,D,2250__repeat_2,0,0,[],[],0,0,
llama3.1,DINM,D,2250__repeat_3,0,0,[],[],0,0,
llama3.1,DINM,D,2250__repeat_4,0,0,[],[],0,0,
llama3.1,DINM,D,2250__repeat_5,0,0,[],[],0,0,
llama3.1,DINM,D,3050__repeat_1,0,0,[],[],0,0,
llama3.1,DINM,D,3050__repeat_2,0,0,[],[],0,0,
llama3.1,DINM,D,3050__repeat_3,0,0,[],[],0,0,
llama3.1,DINM,D,3050__repeat_5,0,0,[],[],0,0,
llama3.1,DINM,D,538__repeat_1,0,0,[],[],0,0,
llama3.1,DINM,D,538__repeat_2,0,0,[],[],0,0,
llama3.1,DINM,D,538__repeat_3,0,0,[],[],0,0,
llama3.1,DINM,D,538__repeat_4,0,0,[],[],0,0,
llama3.1,DINM,D,538__repeat_5,0,0,[],[],0,0,
llama3.1,DINM,D,4801__repeat_1,0,0,[],[],0,0,
llama3.1,DINM,D,4801__repeat_2,0,0,[],[],0,0,
llama3.1,DINM,D,4801__repeat_3,0,0,[],[],0,0,
llama3.1,DINM,D,4801__repeat_4,0,0,[],[],0,0,
llama3.1,DINM,D,4801__repeat_5,0,0,[],[],0,0,
llama3.1,DINM,D,2517__repeat_1,0,0,[],[],0,0,
llama3.1,DINM,D,2517__repeat_2,0,0,[],[],0,0,
llama3.1,DINM,D,2517__repeat_3,0,0,[],[],0,0,
llama3.1,DINM,D,2517__repeat_4,0,0,[],[],0,0,
llama3.1,DINM,D,2517__repeat_5,0,0,[],[],0,0,
llama3.1,DINM,D,372__repeat_1,0,0,[],[],0,0,
llama3.1,DINM,D,372__repeat_2,0,0,[],[],0,0,
llama3.1,DINM,D,372__repeat_3,0,0,[],[],0,0,
llama3.1,DINM,D,372__repeat_4,0,0,[],[],0,0,
llama3.1,DINM,D,372__repeat_5,0,0,[],[],0,0,
llama3.1,DINM,D,2770__repeat_1,0,0,[],[],0,0,
llama3.1,DINM,D,2770__repeat_2,0,0,[],[],0,0,
llama3.1,DINM,D,2770__repeat_3,0,0,[],[],0,0,
llama3.1,DINM,D,2770__repeat_4,0,0,[],[],0,0,
llama3.1,DINM,D,2770__repeat_5,0,0,[],[],0,0,
llama3.1,DINM,D,3108__repeat_1,0,0,[],[],0,0,
llama3.1,DINM,D,3108__repeat_2,0,0,[],[],0,0,
llama3.1,DINM,D,3108__repeat_3,0,0,[],[],0,0,
llama3.1,DINM,D,3108__repeat_4,0,0,[],[],0,0,
llama3.1,DINM,D,3108__repeat_5,0,0,[],[],0,0,
llama3.1,DINM,D,3114__repeat_1,0,0,[],[],0,0,
llama3.1,DINM,D,3114__repeat_2,0,0,[],[],0,0,
llama3.1,DINM,D,3114__repeat_3,0,0,[],[],0,0,
llama3.1,DINM,D,3114__repeat_4,0,0,[],[],0,0,
llama3.1,DINM,D,3114__repeat_5,0,0,[],[],0,0,
llama3.1,DINM,D,1083__repeat_1,0,0,[],[],0,0,
llama3.1,DINM,D,1083__repeat_2,0,0,[],[],0,0,
llama3.1,DINM,D,1083__repeat_3,0,0,[],[],0,0,TimeoutError: Parso per-answer time limit
llama3.1,DINM,D,1083__repeat_4,0,0,[],[],0,0,
llama3.1,DINM,D,1083__repeat_5,0,0,[],[],0,0,
llama3.1,DINM,D,384__repeat_1,0,0,[],[],0,0,
llama3.1,DINM,D,384__repeat_2,0,0,[],[],0,0,
llama3.1,DINM,D,384__repeat_3,0,0,[],[],0,0,
llama3.1,DINM,D,384__repeat_4,0,0,[],[],0,0,
llama3.1,DINM,D,384__repeat_5,0,0,[],[],0,0,
llama3.1,DINM,D,4545__repeat_1,0,0,[],[],0,0,
llama3.1,DINM,D,4545__repeat_2,0,0,[],[],0,0,
llama3.1,DINM,D,4545__repeat_3,0,0,[],[],0,0,
llama3.1,DINM,D,4545__repeat_4,0,0,[],[],0,0,
llama3.1,DINM,D,4545__repeat_5,0,0,[],[],0,0,
llama3.1,DINM,D,907__repeat_1,0,0,[],[],0,0,
llama3.1,DINM,D,907__repeat_2,0,0,[],[],0,0,
llama3.1,DINM,D,907__repeat_3,0,0,[],[],0,0,
llama3.1,DINM,D,907__repeat_4,0,0,[],[],0,0,
llama3.1,DINM,D,907__repeat_5,0,0,[],[],0,0,
llama3.1,DINM,D,1830__repeat_1,0,0,[],[],0,0,
llama3.1,DINM,D,1830__repeat_2,0,0,[],[],0,0,
llama3.1,DINM,D,1830__repeat_3,0,0,[],[],0,0,
llama3.1,DINM,D,1830__repeat_4,0,0,[],[],0,0,
llama3.1,DINM,D,1830__repeat_5,0,0,[],[],0,0,
llama3.1,DINM,D,2491__repeat_1,0,0,[],[],0,0,
llama3.1,DINM,D,2491__repeat_2,0,0,[],[],0,0,
llama3.1,DINM,D,2491__repeat_3,0,0,[],[],0,0,
llama3.1,DINM,D,2491__repeat_4,0,0,[],[],0,0,
llama3.1,DINM,D,2491__repeat_5,0,0,[],[],0,0,
llama3.1,DINM,D,413__repeat_1,0,0,[],[],0,0,
llama3.1,DINM,D,413__repeat_2,0,0,[],[],0,0,
llama3.1,DINM,D,413__repeat_3,0,0,[],[],0,0,
llama3.1,DINM,D,413__repeat_4,0,0,[],[],0,0,
llama3.1,DINM,D,413__repeat_5,0,0,[],[],0,0,
llama3.1,DINM,D,1871__repeat_1,0,0,[],[],0,0,
llama3.1,DINM,D,1871__repeat_2,0,0,[],[],0,0,
llama3.1,DINM,D,1871__repeat_3,0,0,[],[],0,0,TimeoutError: Parso per-answer time limit
llama3.1,DINM,D,1871__repeat_4,0,0,[],[],0,0,
llama3.1,DINM,D,1871__repeat_5,0,0,[],[],0,0,
llama3.1,DINM,D,1587__repeat_1,0,0,[],[],0,0,
llama3.1,DINM,D,1587__repeat_2,0,0,[],[],0,0,
llama3.1,DINM,D,1587__repeat_3,0,0,[],[],0,0,
llama3.1,DINM,D,1587__repeat_4,0,0,[],[],0,0,
llama3.1,DINM,D,1587__repeat_5,0,0,[],[],0,0,
llama3.1,DINM,D,4035__repeat_1,0,0,[],[],0,0,
llama3.1,DINM,D,4035__repeat_2,0,0,[],[],0,0,
llama3.1,DINM,D,4035__repeat_3,0,0,[],[],0,0,
llama3.1,DINM,D,4035__repeat_4,0,0,[],[],0,0,
llama3.1,DINM,D,4035__repeat_5,0,0,[],[],0,0,
llama3.1,DINM,D,1427__repeat_1,0,0,[],[],0,0,
llama3.1,DINM,D,1427__repeat_2,0,0,[],[],0,0,
llama3.1,DINM,D,1427__repeat_3,0,0,[],[],0,0,
llama3.1,DINM,D,1427__repeat_4,0,0,[],[],0,0,
llama3.1,DINM,D,1427__repeat_5,0,0,[],[],0,0,
llama3.1,DINM,D,4161__repeat_1,0,0,[],[],0,0,
llama3.1,DINM,D,4161__repeat_2,0,0,[],[],0,0,
llama3.1,DINM,D,4161__repeat_3,0,0,[],[],0,0,
llama3.1,DINM,D,4161__repeat_4,0,0,[],[],0,0,
llama3.1,DINM,D,4161__repeat_5,0,0,[],[],0,0,
llama3.1,DINM,D,2736__repeat_1,0,0,[],[],0,0,
llama3.1,DINM,D,2736__repeat_2,0,0,[],[],0,0,
llama3.1,DINM,D,2736__repeat_3,0,0,[],[],0,0,
llama3.1,DINM,D,2736__repeat_4,0,0,[],[],0,0,
llama3.1,DINM,D,2736__repeat_5,0,0,[],[],0,0,
llama3.1,DINM,D,4707__repeat_1,0,0,[],[],0,0,
llama3.1,DINM,D,4707__repeat_2,0,0,[],[],0,0,
llama3.1,DINM,D,4707__repeat_3,0,0,[],[],0,0,
llama3.1,DINM,D,4707__repeat_4,0,0,[],[],0,0,
llama3.1,DINM,D,4707__repeat_5,0,0,[],[],0,0,
llama3.1,DINM,D,2515__repeat_1,0,0,[],[],0,0,
llama3.1,DINM,D,2515__repeat_2,0,0,[],[],0,0,
llama3.1,DINM,D,2515__repeat_3,0,0,[],[],0,0,
llama3.1,DINM,D,2515__repeat_4,0,0,[],[],0,0,
llama3.1,DINM,D,2515__repeat_5,0,0,[],[],0,0,
llama3.1,DINM,D,1524__repeat_1,0,0,[],[],0,0,
llama3.1,DINM,D,1524__repeat_2,0,0,[],[],0,0,
llama3.1,DINM,D,1524__repeat_3,0,0,[],[],0,0,
llama3.1,DINM,D,1524__repeat_4,0,0,[],[],0,0,
llama3.1,DINM,D,1524__repeat_5,0,0,[],[],0,0,
llama3.1,DINM,D,280__repeat_1,0,0,[],[],0,0,
llama3.1,DINM,D,280__repeat_2,0,0,[],[],0,0,
llama3.1,DINM,D,280__repeat_3,0,0,[],[],0,0,
llama3.1,DINM,D,280__repeat_4,0,0,[],[],0,0,
llama3.1,DINM,D,280__repeat_5,0,0,[],[],0,0,
llama3.1,DINM,D,1964__repeat_1,0,0,[],[],0,0,
llama3.1,DINM,D,1964__repeat_2,0,0,[],[],0,0,
llama3.1,DINM,D,1964__repeat_3,0,0,[],[],0,0,
llama3.1,DINM,D,1964__repeat_4,0,0,[],[],0,0,
llama3.1,DINM,D,1964__repeat_5,0,0,[],[],0,0,
llama3.1,DINM,D,2058__repeat_1,0,0,[],[],0,0,
llama3.1,DINM,D,2058__repeat_2,0,0,[],[],0,0,
llama3.1,DINM,D,2058__repeat_3,0,0,[],[],0,0,
llama3.1,DINM,D,2058__repeat_4,0,0,[],[],0,0,
llama3.1,DINM,D,2058__repeat_5,0,0,[],[],0,0,
llama3.1,DINM,D,2881__repeat_1,0,0,[],[],0,0,
llama3.1,DINM,D,2881__repeat_2,0,0,[],[],0,0,
llama3.1,DINM,D,2881__repeat_3,0,0,[],[],0,0,
llama3.1,DINM,D,2881__repeat_4,0,0,[],[],0,0,
llama3.1,DINM,D,2881__repeat_5,0,0,[],[],0,0,
llama3.1,DINM,D,2369__repeat_1,0,0,[],[],0,0,
llama3.1,DINM,D,2369__repeat_2,0,0,[],[],0,0,TimeoutError: Parso per-answer time limit
llama3.1,DINM,D,2369__repeat_3,0,0,[],[],0,0,
llama3.1,DINM,D,2369__repeat_4,0,0,[],[],0,0,
llama3.1,DINM,D,2369__repeat_5,0,0,[],[],0,0,
llama3.1,DINM,D,3109__repeat_1,0,0,[],[],0,0,
llama3.1,DINM,D,3109__repeat_2,0,0,[],[],0,0,
llama3.1,DINM,D,3109__repeat_4,0,0,[],[],0,0,
llama3.1,DINM,D,3109__repeat_5,0,0,[],[],0,0,
llama3.1,DINM,D,2105__repeat_1,0,0,[],[],0,0,
llama3.1,DINM,D,2105__repeat_2,0,0,[],[],0,0,
llama3.1,DINM,D,2105__repeat_3,0,0,[],[],0,0,
llama3.1,DINM,D,2105__repeat_4,0,0,[],[],0,0,
llama3.1,DINM,D,2105__repeat_5,0,0,[],[],0,0,
llama3.1,DINM,D,4157__repeat_1,0,0,[],[],0,0,
llama3.1,DINM,D,4157__repeat_2,0,0,[],[],0,0,
llama3.1,DINM,D,4157__repeat_3,0,0,[],[],0,0,
llama3.1,DINM,D,4157__repeat_4,0,0,[],[],0,0,
llama3.1,DINM,D,4157__repeat_5,0,0,[],[],0,0,
llama3.1,DINM,D,2159__repeat_1,0,0,[],[],0,0,
llama3.1,DINM,D,2159__repeat_2,0,0,[],[],0,0,
llama3.1,DINM,D,2159__repeat_3,0,0,[],[],0,0,
llama3.1,DINM,D,2159__repeat_4,0,0,[],[],0,0,
llama3.1,DINM,D,2159__repeat_5,0,0,[],[],0,0,
llama3.1,DINM,D,2339__repeat_1,0,0,[],[],0,0,
llama3.1,DINM,D,2339__repeat_2,0,0,[],[],0,0,
llama3.1,DINM,D,2339__repeat_3,0,0,[],[],0,0,
llama3.1,DINM,D,2339__repeat_4,0,0,[],[],0,0,
llama3.1,DINM,D,2339__repeat_5,0,0,[],[],0,0,
llama3.1,DINM,D,136__repeat_1,0,0,[],[],0,0,
llama3.1,DINM,D,136__repeat_2,0,0,[],[],0,0,
llama3.1,DINM,D,136__repeat_3,0,0,[],[],0,0,
llama3.1,DINM,D,136__repeat_4,0,0,[],[],0,0,
llama3.1,DINM,D,136__repeat_5,0,0,[],[],0,0,
llama3.1,DINM,D,364__repeat_1,0,0,[],[],0,0,
llama3.1,DINM,D,364__repeat_2,0,0,[],[],0,0,
llama3.1,DINM,D,364__repeat_3,0,0,[],[],0,0,
llama3.1,DINM,D,364__repeat_4,0,0,[],[],0,0,
llama3.1,DINM,D,364__repeat_5,0,0,[],[],0,0,
llama3.1,DINM,D,1816__repeat_1,0,0,[],[],0,0,
llama3.1,DINM,D,1816__repeat_2,0,0,[],[],0,0,
llama3.1,DINM,D,1816__repeat_3,0,0,[],[],0,0,
llama3.1,DINM,D,1816__repeat_4,0,0,[],[],0,0,
llama3.1,DINM,D,1816__repeat_5,0,0,[],[],0,0,
llama3.1,DINM,D,4315__repeat_1,1,1,[],[],0,0,
llama3.1,DINM,D,4315__repeat_2,0,0,[],[],0,0,
llama3.1,DINM,D,4315__repeat_3,0,0,[],[],0,0,
llama3.1,DINM,D,4315__repeat_5,0,0,[],[],0,0,
llama3.1,Full-FT,A,755__repeat_1,0,0,[],[],0,0,
llama3.1,Full-FT,A,2609__repeat_3,0,0,[],[],0,0,
llama3.1,Full-FT,A,2553__repeat_1,0,0,[],[],0,0,
llama3.1,Full-FT,A,2943__repeat_5,0,0,[],[],0,0,
llama3.1,Full-FT,A,102__repeat_2,0,0,[],[],0,0,
llama3.1,Full-FT,A,102__repeat_4,0,0,[],[],0,0,
llama3.1,Full-FT,A,3573__repeat_2,0,0,[],[],0,0,
llama3.1,Full-FT,A,3573__repeat_4,0,0,[],[],0,0,
llama3.1,Full-FT,A,4744__repeat_4,0,0,[],[],0,0,
llama3.1,Full-FT,A,4425__repeat_1,0,0,[],[],0,0,
llama3.1,Full-FT,A,4425__repeat_4,0,0,[],[],0,0,
llama3.1,Full-FT,A,4425__repeat_5,0,0,[],[],0,0,
llama3.1,Full-FT,A,463__repeat_5,0,0,[],[],0,0,
llama3.1,Full-FT,A,582__repeat_3,0,0,[],[],0,0,
llama3.1,Full-FT,A,3397__repeat_3,0,0,[],[],0,0,
llama3.1,Full-FT,A,3397__repeat_4,0,0,[],[],0,0,
llama3.1,Full-FT,A,3397__repeat_5,0,0,[],[],0,0,
llama3.1,Full-FT,A,1488__repeat_5,3,0,"[[""dask"", ""dask"", ""absolute""], [""mako"", ""mako"", ""absolute""], [""mysql"", ""mysql"", ""absolute""]]",[],0,0,
llama3.1,Full-FT,A,518__repeat_1,0,0,[],[],0,0,
llama3.1,Full-FT,A,518__repeat_2,0,0,[],[],0,0,
llama3.1,Full-FT,A,3047__repeat_4,0,0,[],[],0,0,
llama3.1,Full-FT,A,74__repeat_3,0,0,[],[],0,0,
llama3.1,Full-FT,A,3985__repeat_3,0,0,[],[],0,0,
llama3.1,Full-FT,A,3241__repeat_5,0,0,[],[],0,0,
llama3.1,Full-FT,A,2250__repeat_4,0,0,[],[],0,0,
llama3.1,Full-FT,A,538__repeat_1,0,0,[],[],0,0,
llama3.1,Full-FT,A,2770__repeat_1,0,0,[],[],0,0,
llama3.1,Full-FT,A,2770__repeat_5,0,0,[],[],0,0,
llama3.1,Full-FT,A,1830__repeat_3,0,0,[],[],0,0,
llama3.1,Full-FT,A,2491__repeat_1,0,0,[],[],0,0,
llama3.1,Full-FT,A,2491__repeat_4,0,0,[],[],0,0,
llama3.1,Full-FT,A,1871__repeat_3,0,0,[],[],0,0,
llama3.1,Full-FT,A,4035__repeat_3,0,0,[],[],0,0,
llama3.1,Full-FT,A,2736__repeat_3,0,0,[],[],0,0,
llama3.1,Full-FT,A,280__repeat_4,0,0,[],[],0,0,
llama3.1,Full-FT,A,2881__repeat_2,0,0,[],[],0,0,
llama3.1,Full-FT,A,3109__repeat_2,0,0,[],[],0,0,
llama3.1,Full-FT,A,3109__repeat_3,0,0,[],[],0,0,
llama3.1,Full-FT,A,4157__repeat_5,0,0,[],[],0,0,
llama3.1,Full-FT,A,4315__repeat_4,0,0,[],[],0,0,
llama3.1,Full-FT,B,755__repeat_2,0,0,[],[],0,0,
llama3.1,Full-FT,B,2609__repeat_3,0,0,[],[],0,0,
llama3.1,Full-FT,B,796__repeat_3,0,0,[],[],0,0,
llama3.1,Full-FT,B,796__repeat_4,0,0,[],[],0,0,
llama3.1,Full-FT,B,582__repeat_1,0,0,[],[],0,0,
llama3.1,Full-FT,B,3397__repeat_4,0,0,[],[],0,0,
llama3.1,Full-FT,B,518__repeat_1,0,0,[],[],0,0,
llama3.1,Full-FT,B,3028__repeat_2,0,0,[],[],0,0,
llama3.1,Full-FT,B,1427__repeat_3,0,0,[],[],0,0,
llama3.1,Full-FT,B,2736__repeat_3,0,0,[],[],0,0,
llama3.1,Full-FT,B,280__repeat_1,0,0,[],[],0,0,
llama3.1,Full-FT,B,280__repeat_3,0,0,[],[],0,0,
llama3.1,Full-FT,B,280__repeat_5,0,0,[],[],0,0,
llama3.1,Full-FT,B,364__repeat_5,0,0,[],[],0,0,
llama3.1,Full-FT,C,2609__repeat_1,0,0,[],[],0,0,
llama3.1,Full-FT,C,102__repeat_1,0,0,[],[],0,0,
llama3.1,Full-FT,C,3985__repeat_5,0,0,[],[],0,0,
llama3.1,Full-FT,C,1871__repeat_3,0,0,[],[],0,0,
llama3.1,Full-FT,D,2140__repeat_5,0,0,[],[],0,0,
llama3.1,Full-FT,D,3384__repeat_5,0,0,[],[],0,0,
llama3.1,Full-FT,D,2609__repeat_3,0,0,[],[],0,0,
llama3.1,Full-FT,D,2609__repeat_5,0,0,[],[],0,0,
llama3.1,Full-FT,D,2466__repeat_2,0,0,[],[],0,0,
llama3.1,Full-FT,D,2466__repeat_3,0,0,[],[],0,0,
llama3.1,Full-FT,D,3506__repeat_5,0,0,[],[],0,0,
llama3.1,Full-FT,D,1889__repeat_4,0,0,[],[],0,0,
llama3.1,Full-FT,D,2553__repeat_2,0,0,[],[],0,0,
llama3.1,Full-FT,D,4647__repeat_5,0,0,[],[],0,0,
llama3.1,Full-FT,D,3940__repeat_4,0,0,[],[],0,0,
llama3.1,Full-FT,D,4564__repeat_1,0,0,[],[],0,0,
llama3.1,Full-FT,D,4564__repeat_2,0,0,[],[],0,0,
llama3.1,Full-FT,D,4564__repeat_3,0,0,[],[],0,0,
llama3.1,Full-FT,D,4564__repeat_5,0,0,[],[],0,0,
llama3.1,Full-FT,D,2915__repeat_3,0,0,[],[],0,0,
llama3.1,Full-FT,D,2915__repeat_4,0,0,[],[],0,0,
llama3.1,Full-FT,D,2915__repeat_5,0,0,[],[],0,0,
llama3.1,Full-FT,D,3131__repeat_5,0,0,[],[],0,0,
llama3.1,Full-FT,D,2382__repeat_5,0,0,[],[],0,0,
llama3.1,Full-FT,D,4744__repeat_1,0,0,[],[],0,0,
llama3.1,Full-FT,D,4744__repeat_2,0,0,[],[],0,0,
llama3.1,Full-FT,D,4650__repeat_1,0,0,[],[],0,0,
llama3.1,Full-FT,D,1040__repeat_4,0,0,[],[],0,0,
llama3.1,Full-FT,D,2074__repeat_1,0,0,[],[],0,0,
llama3.1,Full-FT,D,2074__repeat_3,0,0,[],[],0,0,
llama3.1,Full-FT,D,4425__repeat_4,0,0,[],[],0,0,
llama3.1,Full-FT,D,463__repeat_1,0,0,[],[],0,0,
llama3.1,Full-FT,D,463__repeat_2,0,0,[],[],0,0,
llama3.1,Full-FT,D,463__repeat_3,0,0,[],[],0,0,
llama3.1,Full-FT,D,2066__repeat_1,0,0,[],[],0,0,
llama3.1,Full-FT,D,2066__repeat_2,0,0,[],[],0,0,
llama3.1,Full-FT,D,2066__repeat_3,0,0,[],[],0,0,
llama3.1,Full-FT,D,2066__repeat_4,0,0,[],[],0,0,
llama3.1,Full-FT,D,2066__repeat_5,0,0,[],[],0,0,
llama3.1,Full-FT,D,3219__repeat_1,0,0,[],[],0,0,
llama3.1,Full-FT,D,3219__repeat_4,0,0,[],[],0,0,
llama3.1,Full-FT,D,3219__repeat_5,0,0,[],[],0,0,
llama3.1,Full-FT,D,1553__repeat_2,0,0,[],[],0,0,
llama3.1,Full-FT,D,1553__repeat_5,0,0,[],[],0,0,
llama3.1,Full-FT,D,2359__repeat_2,0,0,[],[],0,0,
llama3.1,Full-FT,D,518__repeat_1,0,0,[],[],0,0,
llama3.1,Full-FT,D,518__repeat_2,0,0,[],[],0,0,
llama3.1,Full-FT,D,518__repeat_4,0,0,[],[],0,0,
llama3.1,Full-FT,D,3047__repeat_1,0,0,[],[],0,0,
llama3.1,Full-FT,D,3047__repeat_3,0,0,[],[],0,0,
llama3.1,Full-FT,D,3047__repeat_4,0,0,[],[],0,0,
llama3.1,Full-FT,D,3028__repeat_4,0,0,[],[],0,0,
llama3.1,Full-FT,D,3985__repeat_2,0,0,[],[],0,0,
llama3.1,Full-FT,D,3985__repeat_3,0,0,[],[],0,0,
llama3.1,Full-FT,D,3985__repeat_4,0,0,[],[],0,0,
llama3.1,Full-FT,D,3985__repeat_5,0,0,[],[],0,0,
llama3.1,Full-FT,D,3792__repeat_1,0,0,[],[],0,0,
llama3.1,Full-FT,D,3792__repeat_2,0,0,[],[],0,0,
llama3.1,Full-FT,D,3792__repeat_3,0,0,[],[],0,0,
llama3.1,Full-FT,D,3050__repeat_5,0,0,[],[],0,0,
llama3.1,Full-FT,D,4801__repeat_2,0,0,[],[],0,0,
llama3.1,Full-FT,D,4801__repeat_5,0,0,[],[],0,0,
llama3.1,Full-FT,D,2517__repeat_1,0,0,[],[],0,0,
llama3.1,Full-FT,D,2517__repeat_3,0,0,[],[],0,0,TimeoutError: Parso per-answer time limit
llama3.1,Full-FT,D,372__repeat_2,0,0,[],[],0,0,
llama3.1,Full-FT,D,2770__repeat_2,0,0,[],[],0,0,
llama3.1,Full-FT,D,2770__repeat_4,0,0,[],[],0,0,
llama3.1,Full-FT,D,3108__repeat_1,0,0,[],[],0,0,
llama3.1,Full-FT,D,3108__repeat_4,0,0,[],[],0,0,
llama3.1,Full-FT,D,384__repeat_1,0,0,[],[],0,0,
llama3.1,Full-FT,D,384__repeat_3,0,0,[],[],0,0,
llama3.1,Full-FT,D,384__repeat_5,0,0,[],[],0,0,
llama3.1,Full-FT,D,4545__repeat_1,0,0,[],[],0,0,
llama3.1,Full-FT,D,4545__repeat_4,0,0,[],[],0,0,
llama3.1,Full-FT,D,413__repeat_1,0,0,[],[],0,0,
llama3.1,Full-FT,D,1587__repeat_3,0,0,[],[],0,0,
llama3.1,Full-FT,D,4161__repeat_3,0,0,[],[],0,0,
llama3.1,Full-FT,D,2736__repeat_2,0,0,[],[],0,0,
llama3.1,Full-FT,D,2736__repeat_3,0,0,[],[],0,0,
llama3.1,Full-FT,D,2736__repeat_4,0,0,[],[],0,0,
llama3.1,Full-FT,D,2736__repeat_5,0,0,[],[],0,0,
llama3.1,Full-FT,D,280__repeat_1,0,0,[],[],0,0,
llama3.1,Full-FT,D,280__repeat_3,0,0,[],[],0,0,
llama3.1,Full-FT,D,280__repeat_4,0,0,[],[],0,0,
llama3.1,Full-FT,D,280__repeat_5,0,0,[],[],0,0,
llama3.1,Full-FT,D,1964__repeat_3,0,0,[],[],0,0,
llama3.1,Full-FT,D,1964__repeat_4,0,0,[],[],0,0,
llama3.1,Full-FT,D,2881__repeat_2,0,0,[],[],0,0,
llama3.1,Full-FT,D,2369__repeat_3,0,0,[],[],0,0,
llama3.1,Full-FT,D,2369__repeat_4,0,0,[],[],0,0,
llama3.1,Full-FT,D,4157__repeat_1,0,0,[],[],0,0,
llama3.1,Full-FT,D,4157__repeat_2,0,0,[],[],0,0,
llama3.1,Full-FT,D,4157__repeat_3,0,0,[],[],0,0,
llama3.1,Full-FT,D,4157__repeat_4,0,0,[],[],0,0,
llama3.1,Full-FT,D,364__repeat_1,0,0,[],[],0,0,
llama3.1,Full-FT,D,364__repeat_2,0,0,[],[],0,0,
llama3.1,Full-FT,D,364__repeat_4,0,0,[],[],0,0,
llama3.1,Full-FT,D,364__repeat_5,0,0,[],[],0,0,
llama3.1,Full-FT,D,4315__repeat_2,0,0,[],[],0,0,
