model,method,fold,generation_id,prompt_id,import_path,top_level,kind,line,source,accepted_by_full_line_ast,parso_only
deepseekcoder,Base,A,1947__repeat_4,1947,hangul_,hangul_,absolute,2,parso_node_ast,0,1
deepseekcoder,MEMIT,A,2483__repeat_1,2483,aws_cdk,aws_cdk,absolute,1,parso_node_ast,0,0
deepseekcoder,MEMIT,B,4117__repeat_4,4117,opentelemetry.sdk.trace.export,opentelemetry,absolute,4,parso_node_ast,0,0
deepseekcoder,MEMIT,C,4117__repeat_1,4117,opentelemetry.sdk.trace.export,opentelemetry,absolute,4,parso_node_ast,0,0
deepseekcoder,DINM,A,4720__repeat_4,4720,ats.device.enums,ats,absolute,9,parso_node_ast,0,0
deepseekcoder,DINM,A,2483__repeat_1,2483,aws_cdk,aws_cdk,absolute,2,parso_node_ast,0,0
deepseekcoder,DINM,A,2483__repeat_3,2483,aws_cdk,aws_cdk,absolute,2,parso_node_ast,0,0
deepseekcoder,DINM,A,2483__repeat_5,2483,aws_cdk,aws_cdk,absolute,2,parso_node_ast,0,0
deepseekcoder,DINM,A,1316__repeat_1,1316,aws_cdk,aws_cdk,absolute,2,parso_node_ast,0,0
deepseekcoder,DINM,A,1316__repeat_3,1316,aws_cdk,aws_cdk,absolute,2,parso_node_ast,0,0
deepseekcoder,DINM,A,1316__repeat_4,1316,aws_cdk,aws_cdk,absolute,2,parso_node_ast,0,0
deepseekcoder,DINM,B,2483__repeat_2,2483,aws_cdk,aws_cdk,absolute,2,parso_node_ast,0,0
deepseekcoder,DINM,B,1316__repeat_1,1316,aws_cdk,aws_cdk,absolute,2,parso_node_ast,0,0
deepseekcoder,DINM,B,1316__repeat_2,1316,aws_cdk,aws_cdk,absolute,3,parso_node_ast,0,0
deepseekcoder,DINM,B,1316__repeat_3,1316,aws_cdk,aws_cdk,absolute,2,parso_node_ast,0,0
deepseekcoder,DINM,C,1316__repeat_3,1316,aws_cdk,aws_cdk,absolute,2,parso_node_ast,0,0
deepseekcoder,DINM,C,1316__repeat_5,1316,aws_cdk,aws_cdk,absolute,2,parso_node_ast,0,0
deepseekcoder,DINM,D,2483__repeat_1,2483,aws_cdk,aws_cdk,absolute,2,parso_node_ast,0,0
deepseekcoder,DINM,D,2483__repeat_2,2483,aws_cdk,aws_cdk,absolute,4,parso_node_ast,0,0
deepseekcoder,DINM,D,2483__repeat_5,2483,aws_cdk,aws_cdk,absolute,2,parso_node_ast,0,0
deepseekcoder,DINM,D,2496__repeat_4,2496,openedx.core.lib.api.authentication,openedx,absolute,11,parso_node_ast,0,0
deepseekcoder,DINM,D,1316__repeat_1,1316,aws_cdk,aws_cdk,absolute,5,parso_node_ast,0,0
deepseekcoder,DINM,D,1316__repeat_2,1316,aws_cdk,aws_cdk,absolute,2,parso_node_ast,0,0
deepseekcoder,DINM,D,1316__repeat_3,1316,aws_cdk.aws_kinesisfirehose,aws_cdk,absolute,3,parso_node_ast,0,0
deepseekcoder,DINM,D,1316__repeat_4,1316,aws_cdk,aws_cdk,absolute,2,parso_node_ast,0,0
deepseekcoder,Full-FT,C,2483__repeat_4,2483,aws_cdk,aws_cdk,absolute,1,parso_node_ast,0,0
qwen3,BOUND,A,4453__repeat_4,4453,two_factor.utils,two_factor,absolute,22,parso_node_ast,0,0
qwen3,BOUND,A,2608__repeat_5,2608,azure.cognitiveservices.vision.face.models,azure,absolute,9,parso_node_ast,0,0
qwen3,BOUND,A,2608__repeat_5,2608,azure.cognitiveservices.vision.imageanalysis.models,azure,absolute,12,parso_node_ast,0,0
qwen3,BOUND,A,2608__repeat_5,2608,azure.cognitiveservices.vision.readwrite.models,azure,absolute,16,parso_node_ast,0,0
qwen3,BOUND,A,4676__repeat_2,4676,flask_jwt_extended,flask_jwt_extended,absolute,4,parso_node_ast,0,0
qwen3,BOUND,A,4676__repeat_2,4676,flask_jwt_extended,flask_jwt_extended,absolute,43,parso_node_ast,0,0
qwen3,BOUND,A,4676__repeat_2,4676,flask_jwt_extended,flask_jwt_extended,absolute,82,parso_node_ast,0,0
qwen3,BOUND,A,4676__repeat_2,4676,flask_jwt_extended,flask_jwt_extended,absolute,121,parso_node_ast,0,0
qwen3,BOUND,A,4676__repeat_2,4676,flask_jwt_extended,flask_jwt_extended,absolute,160,parso_node_ast,0,0
qwen3,BOUND,A,4676__repeat_2,4676,flask_jwt_extended,flask_jwt_extended,absolute,199,parso_node_ast,0,0
qwen3,BOUND,A,4676__repeat_2,4676,flask_jwt_extended,flask_jwt_extended,absolute,238,parso_node_ast,0,0
qwen3,BOUND,A,4676__repeat_2,4676,flask_jwt_extended,flask_jwt_extended,absolute,277,parso_node_ast,0,0
qwen3,BOUND,A,4676__repeat_2,4676,flask_jwt_extended,flask_jwt_extended,absolute,316,parso_node_ast,0,0
qwen3,BOUND,A,1970__repeat_1,1970,securesession,securesession,absolute,18,parso_node_ast,0,0
qwen3,BOUND,B,1603__repeat_5,1603,rdkit.Chem.rdForceFieldOpt,rdkit,absolute,13,parso_node_ast,0,0
qwen3,BOUND,B,4676__repeat_2,4676,flask_jwt_extended,flask_jwt_extended,absolute,6,parso_node_ast,0,0
qwen3,BOUND,B,4676__repeat_3,4676,flask_jwt_extended,flask_jwt_extended,absolute,6,parso_node_ast,0,0
qwen3,BOUND,B,4676__repeat_4,4676,flask_jwt_extended,flask_jwt_extended,absolute,6,parso_node_ast,0,0
qwen3,BOUND,C,4676__repeat_2,4676,flask_jwt_extended,flask_jwt_extended,absolute,6,parso_node_ast,0,0
qwen3,BOUND,D,2762__repeat_5,2762,aws_cdk,aws_cdk,absolute,3,parso_node_ast,0,0
qwen3,BOUND,D,4744__repeat_2,4744,aws_cdk,aws_cdk,absolute,3,parso_node_ast,0,0
qwen3,BOUND,D,4744__repeat_3,4744,aws_cdk,aws_cdk,absolute,5,parso_node_ast,0,0
qwen3,BOUND,D,4676__repeat_2,4676,flask_jwt_extended,flask_jwt_extended,absolute,6,parso_node_ast,0,0
qwen3,BOUND,D,4676__repeat_3,4676,flask_jwt_extended,flask_jwt_extended,absolute,6,parso_node_ast,0,0
qwen3,BOUND,D,4676__repeat_4,4676,flask_jwt_extended,flask_jwt_extended,absolute,5,parso_node_ast,0,0
qwen3,BOUND,D,4676__repeat_5,4676,flask_jwt_extended,flask_jwt_extended,absolute,7,parso_node_ast,0,0
qwen3,BOUND,D,4059__repeat_1,4059,opentelemetry.sdk.metrics.export,opentelemetry,absolute,16,parso_node_ast,0,0
qwen3,BOUND,D,4059__repeat_5,4059,opentelemetry.sdk.metrics.export,opentelemetry,absolute,13,parso_node_ast,0,0
qwen3,BOUND,D,4059__repeat_5,4059,opentelemetry.sdk.metrics.export,opentelemetry,absolute,19,parso_node_ast,0,0
qwen3,BOUND,D,4059__repeat_5,4059,opentelemetry.sdk.metrics.export,opentelemetry,absolute,24,parso_node_ast,0,0
qwen3,BOUND,D,229__repeat_3,229,mypy_boto3_builder.structures,mypy_boto3_builder,absolute,7,parso_node_ast,0,0
qwen3,BOUND,D,4180__repeat_4,4180,azure.maps.render.models,azure,absolute,17,parso_node_ast,0,0
qwen3,BOUND,D,4180__repeat_4,4180,azure.maps.render.models,azure,absolute,27,parso_node_ast,0,0
qwen3,BOUND,D,4180__repeat_4,4180,azure.maps.render.models,azure,absolute,33,parso_node_ast,0,0
qwen3,BOUND,D,4180__repeat_4,4180,azure.maps.render.models,azure,absolute,38,parso_node_ast,0,0
qwen3,BOUND,D,4180__repeat_4,4180,azure.maps.render.models,azure,absolute,42,parso_node_ast,0,0
qwen3,BOUND,D,4180__repeat_4,4180,azure.maps.render.models,azure,absolute,46,parso_node_ast,0,0
qwen3,BOUND,D,4180__repeat_4,4180,azure.maps.render.models,azure,absolute,50,parso_node_ast,0,0
qwen3,BOUND,D,4180__repeat_4,4180,azure.maps.render.models,azure,absolute,54,parso_node_ast,0,0
qwen3,BOUND,D,4180__repeat_4,4180,azure.maps.render.models,azure,absolute,58,parso_node_ast,0,0
qwen3,BOUND,D,4180__repeat_4,4180,azure.maps.render.models,azure,absolute,62,parso_node_ast,0,0
qwen3,BOUND,D,4180__repeat_4,4180,azure.maps.render.models,azure,absolute,66,parso_node_ast,0,0
qwen3,BOUND,D,4180__repeat_4,4180,azure.maps.render.models,azure,absolute,70,parso_node_ast,0,0
qwen3,BOUND,D,4180__repeat_4,4180,azure.maps.render.models,azure,absolute,74,parso_node_ast,0,0
qwen3,BOUND,D,4180__repeat_4,4180,azure.maps.render.models,azure,absolute,78,parso_node_ast,0,0
qwen3,BOUND,D,4180__repeat_4,4180,azure.maps.render.models,azure,absolute,82,parso_node_ast,0,0
qwen3,BOUND,D,4180__repeat_4,4180,azure.maps.render.models,azure,absolute,86,parso_node_ast,0,0
qwen3,BOUND,D,4180__repeat_4,4180,azure.maps.render.models,azure,absolute,90,parso_node_ast,0,0
qwen3,BOUND,D,4180__repeat_4,4180,azure.maps.render.models,azure,absolute,94,parso_node_ast,0,0
qwen3,BOUND,D,4180__repeat_4,4180,azure.maps.render.models,azure,absolute,98,parso_node_ast,0,0
qwen3,BOUND,D,4180__repeat_4,4180,azure.maps.render.models,azure,absolute,102,parso_node_ast,0,0
qwen3,BOUND,D,4180__repeat_4,4180,azure.maps.render.models,azure,absolute,106,parso_node_ast,0,0
qwen3,BOUND,D,4180__repeat_4,4180,azure.maps.render.models,azure,absolute,110,parso_node_ast,0,0
qwen3,BOUND,D,4180__repeat_4,4180,azure.maps.render.models,azure,absolute,114,parso_node_ast,0,0
qwen3,BOUND,D,4180__repeat_4,4180,azure.maps.render.models,azure,absolute,118,parso_node_ast,0,0
qwen3,BOUND,D,4180__repeat_4,4180,azure.maps.render.models,azure,absolute,122,parso_node_ast,0,0
qwen3,BOUND,D,4180__repeat_4,4180,azure.maps.render.models,azure,absolute,126,parso_node_ast,0,0
qwen3,BOUND,D,4180__repeat_4,4180,azure.maps.render.models,azure,absolute,130,parso_node_ast,0,0
qwen3,BOUND,D,4180__repeat_4,4180,azure.maps.render.models,azure,absolute,134,parso_node_ast,0,0
qwen3,BOUND,D,4180__repeat_4,4180,azure.maps.render.models,azure,absolute,138,parso_node_ast,0,0
qwen3,BOUND,D,4180__repeat_4,4180,azure.maps.render.models,azure,absolute,142,parso_node_ast,0,0
qwen3,BOUND,D,4180__repeat_4,4180,azure.maps.render.models,azure,absolute,146,parso_node_ast,0,0
qwen3,BOUND,D,4180__repeat_4,4180,azure.maps.render.models,azure,absolute,150,parso_node_ast,0,0
qwen3,BOUND,D,4180__repeat_4,4180,azure.maps.render.models,azure,absolute,154,parso_node_ast,0,0
qwen3,BOUND,D,4180__repeat_4,4180,azure.maps.render.models,azure,absolute,158,parso_node_ast,0,0
qwen3,BOUND,D,4180__repeat_4,4180,azure.maps.render.models,azure,absolute,162,parso_node_ast,0,0
qwen3,BOUND,D,4180__repeat_4,4180,azure.maps.render.models,azure,absolute,166,parso_node_ast,0,0
qwen3,BOUND,D,1083__repeat_3,1083,azure.cli.core.commands.parameters,azure,absolute,8,parso_node_ast,0,0
qwen3,BOUND,D,1497__repeat_1,1497,argo.workflows.client.model.io_argo_workflows_workflow_create_request,argo,absolute,8,parso_node_ast,0,0
qwen3,BOUND,D,1497__repeat_1,1497,argo.workflows.client.model.io_argo_workflows_workflow_status,argo,absolute,11,parso_node_ast,0,0
qwen3,BOUND,D,1497__repeat_1,1497,argo.workflows.client.model.io_argo_workflows_workflow_template,argo,absolute,14,parso_node_ast,0,0
qwen3,BOUND,D,1497__repeat_1,1497,argo.workflows.client.model.io_argo_workflows_workflow_template_spec,argo,absolute,17,parso_node_ast,0,0
qwen3,BOUND,D,1497__repeat_1,1497,argo.workflows.client.model.io_argo_workflows_workflow_template_spec_steps,argo,absolute,20,parso_node_ast,0,0
qwen3,BOUND,D,1497__repeat_1,1497,argo.workflows.client.model.io_argo_workflows_workflow_template_spec_steps_step,argo,absolute,23,parso_node_ast,0,0
qwen3,BOUND,D,1497__repeat_1,1497,argo.workflows.client.model.io_argo_workflows_workflow_template_spec_steps_step_container,argo,absolute,26,parso_node_ast,0,0
qwen3,BOUND,D,1497__repeat_1,1497,argo.workflows.client.model.io_argo_workflows_workflow_template_spec_steps_step_container_command,argo,absolute,29,parso_node_ast,0,0
qwen3,BOUND,D,1497__repeat_1,1497,argo.workflows.client.model.io_argo_workflows_workflow_template_spec_steps_step_container_image,argo,absolute,32,parso_node_ast,0,0
qwen3,BOUND,D,1497__repeat_1,1497,argo.workflows.client.model.io_argo_workflows_workflow_template_spec_steps_step_container_resources,argo,absolute,35,parso_node_ast,0,0
qwen3,BOUND,D,1497__repeat_1,1497,argo.workflows.client.model.io_argo_workflows_workflow_template_spec_steps_step_container_resources_limits,argo,absolute,38,parso_node_ast,0,0
qwen3,BOUND,D,1497__repeat_1,1497,argo.workflows.client.model.io_argo_workflows_workflow_template_spec_steps_step_container_resources_requests,argo,absolute,41,parso_node_ast,0,0
qwen3,BOUND,D,1497__repeat_1,1497,argo.workflows.client.model.io_argo_workflows_workflow_template_spec_steps_step_container_security_context,argo,absolute,44,parso_node_ast,0,0
qwen3,BOUND,D,1497__repeat_1,1497,argo.workflows.client.model.io_argo_workflows_workflow_template_spec_steps_step_container_security_context_run_as_user,argo,absolute,47,parso_node_ast,0,0
qwen3,BOUND,D,1497__repeat_1,1497,argo.workflows.client.model.io_argo_workflows_workflow_template_spec_steps_step_container_volume_mount,argo,absolute,50,parso_node_ast,0,0
qwen3,BOUND,D,1497__repeat_1,1497,argo.workflows.client.model.io_argo_workflows_workflow_template_spec_steps_step_container_volume_mount_name,argo,absolute,53,parso_node_ast,0,0
qwen3,BOUND,D,1497__repeat_1,1497,argo.workflows.client.model.io_argo_workflows_workflow_template_spec_steps_step_container_volume_mount_read_only,argo,absolute,56,parso_node_ast,0,0
qwen3,BOUND,D,1497__repeat_1,1497,argo.workflows.client.model.io_argo_workflows_workflow_template_spec_steps_step_container_volume_mount_sub_path,argo,absolute,59,parso_node_ast,0,0
qwen3,BOUND,D,1497__repeat_1,1497,argo.workflows.client.model.io_argo_workflows_workflow_template_spec_steps_step_container_working_dir,argo,absolute,62,parso_node_ast,0,0
qwen3,BOUND,D,1497__repeat_1,1497,argo.workflows.client.model.io_argo_workflows_workflow_template_spec_steps_step_inputs,argo,absolute,65,parso_node_ast,0,0
qwen3,BOUND,D,1497__repeat_1,1497,argo.workflows.client.model.io_argo_workflows_workflow_template_spec_steps_step_inputs_parameters,argo,absolute,68,parso_node_ast,0,0
qwen3,BOUND,D,1497__repeat_1,1497,argo.workflows.client.model.io_argo_workflows_workflow_template_spec_steps_step_outputs,argo,absolute,71,parso_node_ast,0,0
qwen3,BOUND,D,1497__repeat_1,1497,argo.workflows.client.model.io_argo_workflows_workflow_template_spec_steps_step_outputs_artifacts,argo,absolute,74,parso_node_ast,0,0
qwen3,BOUND,D,1497__repeat_1,1497,argo.workflows.client.model.io_argo_workflows_workflow_template_spec_steps_step_outputs_artifacts_archive,argo,absolute,77,parso_node_ast,0,0
qwen3,BOUND,D,1497__repeat_1,1497,argo.workflows.client.model.io_argo_workflows_workflow_template_spec_steps_step_outputs_artifacts_path,argo,absolute,80,parso_node_ast,0,0
qwen3,BOUND,D,1497__repeat_1,1497,argo.workflows.client.model.io_argo_workflows_workflow_template_spec_steps_step_outputs_artifacts_s3,argo,absolute,83,parso_node_ast,0,0
qwen3,BOUND,D,1497__repeat_1,1497,argo.workflows.client.model.io_argo_workflows_workflow_template_spec_steps_step_outputs_artifacts_s3_bucket,argo,absolute,86,parso_node_ast,0,0
qwen3,BOUND,D,1497__repeat_1,1497,argo.workflows.client.model.io_argo_workflows_workflow_template_spec_steps_step_outputs_artifacts_s3_key,argo,absolute,89,parso_node_ast,0,0
qwen3,BOUND,D,1497__repeat_1,1497,argo.workflows.client.model.io_argo_workflows_workflow_template_spec_steps_step_outputs_artifacts_s3_region,argo,absolute,92,parso_node_ast,0,0
qwen3,BOUND,D,1497__repeat_1,1497,argo.workflows.client.model.io_argo_workflows_workflow_template_spec_steps_step_outputs_artifacts_s3_server_side_encryption,argo,absolute,95,parso_node_ast,0,0
qwen3,BOUND,D,1497__repeat_1,1497,argo.workflows.client.model.io_argo_workflows_workflow_template_spec_steps_step_outputs_artifacts_s3_server_side_encryption_kms_key_arn,argo,absolute,98,parso_node_ast,0,0
qwen3,BOUND,D,1497__repeat_1,1497,argo.workflows.client.model.io_argo_workflows_workflow_template_spec_steps_step_outputs_artifacts_s3_server_side_encryption_kms_key_id,argo,absolute,101,parso_node_ast,0,0
qwen3,BOUND,D,1497__repeat_1,1497,argo.workflows.client.model.io_argo_workflows_workflow_template_spec_steps_step_outputs_artifacts_s3_server_side_encryption_sse_kms,argo,absolute,104,parso_node_ast,0,0
qwen3,BOUND,D,1497__repeat_1,1497,argo.workflows.client.model.io_argo_workflows_workflow_template_spec_steps_step_outputs_artifacts_s3_server_side_encryption_sse_s3,argo,absolute,107,parso_node_ast,0,0
qwen3,BOUND,D,1497__repeat_1,1497,argo.workflows.client.model.io_argo_workflows_workflow_template_spec_steps_step_outputs_artifacts_s3_storage_class,argo,absolute,110,parso_node_ast,0,0
qwen3,BOUND,D,1497__repeat_1,1497,argo.workflows.client.model.io_argo_workflows_workflow_template_spec_steps_step_outputs_artifacts_volume,argo,absolute,113,parso_node_ast,0,0
qwen3,BOUND,D,1497__repeat_1,1497,argo.workflows.client.model.io_argo_workflows_workflow_template_spec_steps_step_outputs_artifacts_volume_name,argo,absolute,116,parso_node_ast,0,0
qwen3,BOUND,D,1497__repeat_1,1497,argo.workflows.client.model.io_argo_workflows_workflow_template_spec_steps_step_outputs_artifacts_volume_path,argo,absolute,119,parso_node_ast,0,0
qwen3,BOUND,D,1497__repeat_1,1497,argo.workflows.client.model.io_argo_workflows_workflow_template_spec_steps_step_outputs_parameters,argo,absolute,122,parso_node_ast,0,0
qwen3,BOUND,D,1497__repeat_1,1497,argo.workflows.client.model.io_argo_workflows_workflow_template_spec_steps_step_resources,argo,absolute,125,parso_node_ast,0,0
qwen3,BOUND,D,1497__repeat_1,1497,argo.workflows.client.model.io_argo_workflows_workflow_template_spec_steps_step_resources_limits,argo,absolute,128,parso_node_ast,0,0
qwen3,BOUND,D,1497__repeat_1,1497,argo.workflows.client.model.io_argo_workflows_workflow_template_spec_steps_step_resources_requests,argo,absolute,131,parso_node_ast,0,0
qwen3,BOUND,D,1497__repeat_1,1497,argo.workflows.client.model.io_argo_workflows_workflow_template_spec_steps_step_security_context,argo,absolute,134,parso_node_ast,0,0
qwen3,BOUND,D,1497__repeat_1,1497,argo.workflows.client.model.io_argo_workflows_workflow_template_spec_steps_step_security_context_run_as_user,argo,absolute,137,parso_node_ast,0,0
qwen3,BOUND,D,1497__repeat_1,1497,argo.workflows.client.model.io_argo_workflows_workflow_template_spec_steps_step_volume_mounts,argo,absolute,140,parso_node_ast,0,0
qwen3,BOUND,D,1497__repeat_1,1497,argo.workflows.client.model.io_argo_workflows_workflow_template_spec_steps_step_volume_mounts_name,argo,absolute,143,parso_node_ast,0,0
qwen3,BOUND,D,1497__repeat_1,1497,argo.workflows.client.model.io_argo_workflows_workflow_template_spec_steps_step_volume_mounts_read_only,argo,absolute,146,parso_node_ast,0,0
qwen3,BOUND,D,1497__repeat_1,1497,argo.workflows.client.model.io_argo_workflows_workflow_template_spec_steps_step_volume_mounts_sub_path,argo,absolute,149,parso_node_ast,0,0
qwen3,BOUND,D,1497__repeat_1,1497,argo.workflows.client.model.io_argo_workflows_workflow_template_spec_steps_step_working_dir,argo,absolute,152,parso_node_ast,0,0
qwen3,BOUND,D,1497__repeat_1,1497,argo.workflows.client.model.io_argo_workflows_workflow_template_spec_steps_step_working_dir,argo,absolute,155,parso_node_ast,0,0
qwen3,MEMIT,A,3333__repeat_1,3333,ot,ot,absolute,3,parso_node_ast,0,1
qwen3,DINM,A,3844__repeat_5,3844,mypy_boto3_alexa_for_business.type_defs,mypy_boto3_alexa_for_business,absolute,6,parso_node_ast,0,0
qwen3,DINM,A,3333__repeat_4,3333,ot,ot,absolute,3,parso_node_ast,0,1
qwen3,DINM,A,1497__repeat_2,1497,argo_workflows,argo_workflows,absolute,1,parso_node_ast,0,0
qwen3,DINM,A,1497__repeat_2,1497,argo_workflows.client,argo_workflows,absolute,13,parso_node_ast,0,0
qwen3,DINM,A,1497__repeat_2,1497,argo_workflows.models,argo_workflows,absolute,20,parso_node_ast,0,0
qwen3,DINM,A,1497__repeat_4,1497,argo_workflows,argo_workflows,absolute,3,parso_node_ast,0,0
qwen3,DINM,B,2901__repeat_1,2901,aws_caws,aws_caws,absolute,3,parso_node_ast,0,0
qwen3,DINM,B,2901__repeat_1,2901,aws_caws,aws_caws,absolute,5,parso_node_ast,0,0
qwen3,DINM,B,2901__repeat_2,2901,aws_caws,aws_caws,absolute,4,parso_node_ast,0,0
qwen3,DINM,B,4387__repeat_4,4387,aws_caws,aws_caws,absolute,5,parso_node_ast,0,0
qwen3,DINM,B,4387__repeat_5,4387,aws_caws,aws_caws,absolute,9,parso_node_ast,0,0
qwen3,DINM,B,4387__repeat_5,4387,aws_caws,aws_caws,absolute,18,parso_node_ast,0,0
qwen3,DINM,B,4387__repeat_5,4387,aws_caws,aws_caws,absolute,27,parso_node_ast,0,0
qwen3,DINM,B,4387__repeat_5,4387,aws_caws,aws_caws,absolute,36,parso_node_ast,0,0
qwen3,DINM,B,4387__repeat_5,4387,aws_caws,aws_caws,absolute,45,parso_node_ast,0,0
qwen3,DINM,B,4387__repeat_5,4387,aws_caws,aws_caws,absolute,54,parso_node_ast,0,0
qwen3,DINM,B,4387__repeat_5,4387,aws_caws,aws_caws,absolute,63,parso_node_ast,0,0
qwen3,DINM,B,4387__repeat_5,4387,aws_caws,aws_caws,absolute,72,parso_node_ast,0,0
qwen3,DINM,B,4387__repeat_5,4387,aws_caws,aws_caws,absolute,81,parso_node_ast,0,0
qwen3,DINM,B,4387__repeat_5,4387,aws_caws,aws_caws,absolute,90,parso_node_ast,0,0
qwen3,DINM,B,4387__repeat_5,4387,aws_caws,aws_caws,absolute,99,parso_node_ast,0,0
qwen3,DINM,B,4387__repeat_5,4387,aws_caws,aws_caws,absolute,108,parso_node_ast,0,0
qwen3,DINM,B,4387__repeat_5,4387,aws_caws,aws_caws,absolute,117,parso_node_ast,0,0
qwen3,DINM,B,4387__repeat_5,4387,aws_caws,aws_caws,absolute,126,parso_node_ast,0,0
qwen3,DINM,B,4387__repeat_5,4387,aws_caws,aws_caws,absolute,135,parso_node_ast,0,0
qwen3,DINM,B,4387__repeat_5,4387,aws_caws,aws_caws,absolute,144,parso_node_ast,0,0
qwen3,DINM,B,4387__repeat_5,4387,aws_caws,aws_caws,absolute,153,parso_node_ast,0,0
qwen3,DINM,B,4387__repeat_5,4387,aws_caws,aws_caws,absolute,162,parso_node_ast,0,0
qwen3,DINM,B,4387__repeat_5,4387,aws_caws,aws_caws,absolute,171,parso_node_ast,0,0
qwen3,DINM,B,4387__repeat_5,4387,aws_caws,aws_caws,absolute,180,parso_node_ast,0,0
qwen3,DINM,B,4387__repeat_5,4387,aws_caws,aws_caws,absolute,189,parso_node_ast,0,0
qwen3,DINM,B,4387__repeat_5,4387,aws_caws,aws_caws,absolute,198,parso_node_ast,0,0
qwen3,DINM,B,4387__repeat_5,4387,aws_caws,aws_caws,absolute,207,parso_node_ast,0,0
qwen3,DINM,B,4387__repeat_5,4387,aws_caws,aws_caws,absolute,216,parso_node_ast,0,0
qwen3,DINM,B,4387__repeat_5,4387,aws_caws,aws_caws,absolute,225,parso_node_ast,0,0
qwen3,DINM,B,4387__repeat_5,4387,aws_caws,aws_caws,absolute,234,parso_node_ast,0,0
qwen3,DINM,B,4387__repeat_5,4387,aws_caws,aws_caws,absolute,243,parso_node_ast,0,0
qwen3,DINM,B,4387__repeat_5,4387,aws_caws,aws_caws,absolute,252,parso_node_ast,0,0
qwen3,DINM,B,4387__repeat_5,4387,aws_caws,aws_caws,absolute,261,parso_node_ast,0,0
qwen3,DINM,B,4387__repeat_5,4387,aws_caws,aws_caws,absolute,270,parso_node_ast,0,0
qwen3,DINM,C,4509__repeat_2,4509,tencentcloud,tencentcloud,absolute,2,parso_node_ast,0,1
qwen3,DINM,D,4676__repeat_2,4676,flask_jwt_extended,flask_jwt_extended,absolute,6,parso_node_ast,0,0
qwen3,Full-FT,A,1510__repeat_3,1510,boto3,boto3,absolute,8,parso_node_ast,0,0
qwen3,Full-FT,A,1510__repeat_4,1510,pandas,pandas,absolute,8,parso_node_ast,0,0
qwen3,Full-FT,A,1510__repeat_4,1510,google,google,absolute,9,parso_node_ast,0,0
qwen3,Full-FT,A,1510__repeat_4,1510,google,google,absolute,10,parso_node_ast,0,0
qwen3,Full-FT,A,1510__repeat_4,1510,google,google,absolute,11,parso_node_ast,0,0
qwen3,Full-FT,A,1510__repeat_4,1510,google,google,absolute,12,parso_node_ast,0,0
qwen3,Full-FT,A,1510__repeat_4,1510,google,google,absolute,13,parso_node_ast,0,0
qwen3,Full-FT,A,1510__repeat_4,1510,google,google,absolute,14,parso_node_ast,0,0
qwen3,Full-FT,A,1510__repeat_4,1510,google,google,absolute,15,parso_node_ast,0,0
qwen3,Full-FT,A,1510__repeat_4,1510,google,google,absolute,16,parso_node_ast,0,0
qwen3,Full-FT,A,1510__repeat_4,1510,google,google,absolute,17,parso_node_ast,0,0
qwen3,Full-FT,A,1510__repeat_4,1510,google,google,absolute,18,parso_node_ast,0,0
qwen3,Full-FT,A,1510__repeat_4,1510,google,google,absolute,19,parso_node_ast,0,0
qwen3,Full-FT,A,1510__repeat_4,1510,google,google,absolute,20,parso_node_ast,0,0
qwen3,Full-FT,A,1510__repeat_4,1510,google,google,absolute,21,parso_node_ast,0,0
qwen3,Full-FT,A,1510__repeat_4,1510,google,google,absolute,22,parso_node_ast,0,0
qwen3,Full-FT,A,1510__repeat_4,1510,google,google,absolute,23,parso_node_ast,0,0
qwen3,Full-FT,A,1510__repeat_4,1510,google,google,absolute,24,parso_node_ast,0,0
qwen3,Full-FT,A,1510__repeat_4,1510,google,google,absolute,25,parso_node_ast,0,0
qwen3,Full-FT,A,1510__repeat_4,1510,google,google,absolute,26,parso_node_ast,0,0
qwen3,Full-FT,A,1510__repeat_4,1510,google,google,absolute,27,parso_node_ast,0,0
qwen3,Full-FT,A,1510__repeat_4,1510,google,google,absolute,28,parso_node_ast,0,0
qwen3,Full-FT,A,1510__repeat_4,1510,google,google,absolute,29,parso_node_ast,0,0
qwen3,Full-FT,A,1510__repeat_4,1510,google,google,absolute,30,parso_node_ast,0,0
qwen3,Full-FT,A,1510__repeat_4,1510,google,google,absolute,31,parso_node_ast,0,0
qwen3,Full-FT,A,1510__repeat_4,1510,google,google,absolute,32,parso_node_ast,0,0
qwen3,Full-FT,A,1510__repeat_4,1510,google,google,absolute,33,parso_node_ast,0,0
qwen3,Full-FT,A,1510__repeat_4,1510,google,google,absolute,34,parso_node_ast,0,0
qwen3,Full-FT,A,1510__repeat_4,1510,google,google,absolute,35,parso_node_ast,0,0
qwen3,Full-FT,A,1510__repeat_4,1510,google,google,absolute,36,parso_node_ast,0,0
qwen3,Full-FT,A,1510__repeat_4,1510,google,google,absolute,37,parso_node_ast,0,0
qwen3,Full-FT,A,1510__repeat_4,1510,google,google,absolute,38,parso_node_ast,0,0
qwen3,Full-FT,A,1510__repeat_4,1510,google,google,absolute,39,parso_node_ast,0,0
qwen3,Full-FT,A,1510__repeat_4,1510,google,google,absolute,40,parso_node_ast,0,0
qwen3,Full-FT,A,1510__repeat_4,1510,google,google,absolute,41,parso_node_ast,0,0
qwen3,Full-FT,A,1510__repeat_4,1510,google,google,absolute,42,parso_node_ast,0,0
qwen3,Full-FT,A,1510__repeat_4,1510,google,google,absolute,43,parso_node_ast,0,0
qwen3,Full-FT,A,1510__repeat_4,1510,google,google,absolute,44,parso_node_ast,0,0
qwen3,Full-FT,A,1510__repeat_4,1510,google,google,absolute,45,parso_node_ast,0,0
qwen3,Full-FT,A,1510__repeat_4,1510,google,google,absolute,46,parso_node_ast,0,0
qwen3,Full-FT,A,1510__repeat_4,1510,google,google,absolute,47,parso_node_ast,0,0
qwen3,Full-FT,A,1510__repeat_4,1510,google,google,absolute,48,parso_node_ast,0,0
qwen3,Full-FT,A,1510__repeat_4,1510,google,google,absolute,49,parso_node_ast,0,0
qwen3,Full-FT,A,1510__repeat_4,1510,google,google,absolute,50,parso_node_ast,0,0
qwen3,Full-FT,A,1510__repeat_4,1510,google,google,absolute,51,parso_node_ast,0,0
qwen3,Full-FT,A,1510__repeat_4,1510,google,google,absolute,52,parso_node_ast,0,0
qwen3,Full-FT,A,1510__repeat_4,1510,google,google,absolute,53,parso_node_ast,0,0
qwen3,Full-FT,A,1510__repeat_4,1510,google,google,absolute,54,parso_node_ast,0,0
qwen3,Full-FT,A,1510__repeat_4,1510,google,google,absolute,55,parso_node_ast,0,0
qwen3,Full-FT,A,1510__repeat_4,1510,google,google,absolute,56,parso_node_ast,0,0
qwen3,Full-FT,A,1510__repeat_4,1510,google,google,absolute,57,parso_node_ast,0,0
qwen3,Full-FT,A,1510__repeat_4,1510,google,google,absolute,58,parso_node_ast,0,0
qwen3,Full-FT,A,1510__repeat_4,1510,google,google,absolute,59,parso_node_ast,0,0
qwen3,Full-FT,A,1510__repeat_4,1510,google,google,absolute,60,parso_node_ast,0,0
qwen3,Full-FT,A,1510__repeat_4,1510,google,google,absolute,61,parso_node_ast,0,0
qwen3,Full-FT,A,1510__repeat_4,1510,google,google,absolute,62,parso_node_ast,0,0
qwen3,Full-FT,A,1510__repeat_4,1510,google,google,absolute,63,parso_node_ast,0,0
qwen3,Full-FT,A,1510__repeat_4,1510,google,google,absolute,64,parso_node_ast,0,0
qwen3,Full-FT,A,1510__repeat_4,1510,google,google,absolute,65,parso_node_ast,0,0
qwen3,Full-FT,A,1510__repeat_4,1510,google,google,absolute,66,parso_node_ast,0,0
qwen3,Full-FT,A,1510__repeat_4,1510,google,google,absolute,67,parso_node_ast,0,0
qwen3,Full-FT,A,1510__repeat_4,1510,google,google,absolute,68,parso_node_ast,0,0
qwen3,Full-FT,A,1510__repeat_4,1510,google,google,absolute,69,parso_node_ast,0,0
qwen3,Full-FT,A,1510__repeat_4,1510,google,google,absolute,70,parso_node_ast,0,0
qwen3,Full-FT,A,1510__repeat_4,1510,google,google,absolute,71,parso_node_ast,0,0
qwen3,Full-FT,A,1510__repeat_4,1510,google,google,absolute,72,parso_node_ast,0,0
qwen3,Full-FT,A,1510__repeat_4,1510,google,google,absolute,73,parso_node_ast,0,0
qwen3,Full-FT,A,1510__repeat_4,1510,google,google,absolute,74,parso_node_ast,0,0
qwen3,Full-FT,A,1510__repeat_4,1510,google,google,absolute,75,parso_node_ast,0,0
qwen3,Full-FT,A,1510__repeat_4,1510,google,google,absolute,76,parso_node_ast,0,0
qwen3,Full-FT,A,1510__repeat_4,1510,google,google,absolute,77,parso_node_ast,0,0
qwen3,Full-FT,A,1510__repeat_4,1510,google,google,absolute,78,parso_node_ast,0,0
qwen3,Full-FT,A,1510__repeat_4,1510,google,google,absolute,79,parso_node_ast,0,0
qwen3,Full-FT,A,1510__repeat_4,1510,google,google,absolute,80,parso_node_ast,0,0
qwen3,Full-FT,A,1510__repeat_4,1510,google,google,absolute,81,parso_node_ast,0,0
qwen3,Full-FT,A,1510__repeat_4,1510,google,google,absolute,82,parso_node_ast,0,0
qwen3,Full-FT,A,1510__repeat_4,1510,google,google,absolute,83,parso_node_ast,0,0
qwen3,Full-FT,A,1510__repeat_4,1510,google,google,absolute,84,parso_node_ast,0,0
qwen3,Full-FT,A,1510__repeat_4,1510,google,google,absolute,85,parso_node_ast,0,0
qwen3,Full-FT,A,1510__repeat_4,1510,google,google,absolute,86,parso_node_ast,0,0
qwen3,Full-FT,A,1510__repeat_4,1510,google,google,absolute,87,parso_node_ast,0,0
qwen3,Full-FT,A,1510__repeat_4,1510,google,google,absolute,88,parso_node_ast,0,0
qwen3,Full-FT,A,1510__repeat_4,1510,google,google,absolute,89,parso_node_ast,0,0
qwen3,Full-FT,A,1510__repeat_4,1510,google,google,absolute,90,parso_node_ast,0,0
qwen3,Full-FT,A,1510__repeat_4,1510,google,google,absolute,91,parso_node_ast,0,0
qwen3,Full-FT,A,1510__repeat_4,1510,google,google,absolute,92,parso_node_ast,0,0
qwen3,Full-FT,A,1510__repeat_4,1510,google,google,absolute,93,parso_node_ast,0,0
qwen3,Full-FT,A,1510__repeat_4,1510,google,google,absolute,94,parso_node_ast,0,0
qwen3,Full-FT,A,1510__repeat_4,1510,google,google,absolute,95,parso_node_ast,0,0
qwen3,Full-FT,A,1510__repeat_4,1510,google,google,absolute,96,parso_node_ast,0,0
qwen3,Full-FT,A,1510__repeat_4,1510,google,google,absolute,97,parso_node_ast,0,0
qwen3,Full-FT,A,1510__repeat_4,1510,google,google,absolute,98,parso_node_ast,0,0
qwen3,Full-FT,A,1510__repeat_4,1510,google,google,absolute,99,parso_node_ast,0,0
qwen3,Full-FT,A,1510__repeat_4,1510,google,google,absolute,100,parso_node_ast,0,0
qwen3,Full-FT,A,1510__repeat_4,1510,google,google,absolute,101,parso_node_ast,0,0
qwen3,Full-FT,A,1510__repeat_4,1510,google,google,absolute,102,parso_node_ast,0,0
qwen3,Full-FT,A,1510__repeat_4,1510,google,google,absolute,103,parso_node_ast,0,0
qwen3,Full-FT,A,1510__repeat_4,1510,google,google,absolute,104,parso_node_ast,0,0
qwen3,Full-FT,A,1510__repeat_4,1510,google,google,absolute,105,parso_node_ast,0,0
qwen3,Full-FT,A,1510__repeat_4,1510,google,google,absolute,106,parso_node_ast,0,0
qwen3,Full-FT,A,1510__repeat_4,1510,google,google,absolute,107,parso_node_ast,0,0
qwen3,Full-FT,A,1510__repeat_4,1510,google,google,absolute,108,parso_node_ast,0,0
qwen3,Full-FT,A,1510__repeat_4,1510,google,google,absolute,109,parso_node_ast,0,0
qwen3,Full-FT,A,1510__repeat_4,1510,google,google,absolute,110,parso_node_ast,0,0
qwen3,Full-FT,A,1510__repeat_4,1510,google,google,absolute,111,parso_node_ast,0,0
qwen3,Full-FT,A,1510__repeat_4,1510,google,google,absolute,112,parso_node_ast,0,0
qwen3,Full-FT,A,1510__repeat_4,1510,google,google,absolute,113,parso_node_ast,0,0
qwen3,Full-FT,A,1510__repeat_4,1510,google,google,absolute,114,parso_node_ast,0,0
qwen3,Full-FT,A,1510__repeat_4,1510,google,google,absolute,115,parso_node_ast,0,0
qwen3,Full-FT,A,1510__repeat_4,1510,google,google,absolute,116,parso_node_ast,0,0
qwen3,Full-FT,A,1510__repeat_4,1510,google,google,absolute,117,parso_node_ast,0,0
qwen3,Full-FT,A,1510__repeat_4,1510,google,google,absolute,118,parso_node_ast,0,0
qwen3,Full-FT,A,1510__repeat_4,1510,google,google,absolute,119,parso_node_ast,0,0
qwen3,Full-FT,A,1510__repeat_4,1510,google,google,absolute,120,parso_node_ast,0,0
qwen3,Full-FT,A,1510__repeat_4,1510,google,google,absolute,121,parso_node_ast,0,0
qwen3,Full-FT,A,1510__repeat_4,1510,google,google,absolute,122,parso_node_ast,0,0
qwen3,Full-FT,A,1510__repeat_4,1510,google,google,absolute,123,parso_node_ast,0,0
qwen3,Full-FT,A,1510__repeat_4,1510,google,google,absolute,124,parso_node_ast,0,0
qwen3,Full-FT,A,1510__repeat_4,1510,google,google,absolute,125,parso_node_ast,0,0
qwen3,Full-FT,A,1510__repeat_4,1510,google,google,absolute,126,parso_node_ast,0,0
qwen3,Full-FT,A,1510__repeat_4,1510,google,google,absolute,127,parso_node_ast,0,0
qwen3,Full-FT,A,1510__repeat_4,1510,google,google,absolute,128,parso_node_ast,0,0
qwen3,Full-FT,A,1510__repeat_4,1510,google,google,absolute,129,parso_node_ast,0,0
qwen3,Full-FT,A,1510__repeat_4,1510,google,google,absolute,130,parso_node_ast,0,0
qwen3,Full-FT,A,1510__repeat_4,1510,google,google,absolute,131,parso_node_ast,0,0
qwen3,Full-FT,A,1510__repeat_4,1510,google,google,absolute,132,parso_node_ast,0,0
qwen3,Full-FT,A,1510__repeat_4,1510,google,google,absolute,133,parso_node_ast,0,0
qwen3,Full-FT,A,1510__repeat_4,1510,google,google,absolute,134,parso_node_ast,0,0
qwen3,Full-FT,A,1510__repeat_4,1510,google,google,absolute,135,parso_node_ast,0,0
qwen3,Full-FT,A,1510__repeat_4,1510,google,google,absolute,136,parso_node_ast,0,0
qwen3,Full-FT,A,1510__repeat_4,1510,google,google,absolute,137,parso_node_ast,0,0
qwen3,Full-FT,A,1510__repeat_4,1510,google,google,absolute,138,parso_node_ast,0,0
qwen3,Full-FT,A,1510__repeat_4,1510,google,google,absolute,139,parso_node_ast,0,0
qwen3,Full-FT,A,1510__repeat_4,1510,google,google,absolute,140,parso_node_ast,0,0
qwen3,Full-FT,A,1510__repeat_4,1510,google,google,absolute,141,parso_node_ast,0,0
qwen3,Full-FT,A,1510__repeat_4,1510,google,google,absolute,142,parso_node_ast,0,0
qwen3,Full-FT,A,1510__repeat_4,1510,google,google,absolute,143,parso_node_ast,0,0
qwen3,Full-FT,A,1510__repeat_4,1510,google,google,absolute,144,parso_node_ast,0,0
qwen3,Full-FT,A,1510__repeat_4,1510,google,google,absolute,145,parso_node_ast,0,0
qwen3,Full-FT,A,1510__repeat_4,1510,google,google,absolute,146,parso_node_ast,0,0
qwen3,Full-FT,A,1510__repeat_4,1510,google,google,absolute,147,parso_node_ast,0,0
qwen3,Full-FT,A,1510__repeat_4,1510,google,google,absolute,148,parso_node_ast,0,0
qwen3,Full-FT,A,1510__repeat_4,1510,google,google,absolute,149,parso_node_ast,0,0
qwen3,Full-FT,A,1510__repeat_4,1510,google,google,absolute,150,parso_node_ast,0,0
qwen3,Full-FT,A,1510__repeat_4,1510,google,google,absolute,151,parso_node_ast,0,0
qwen3,Full-FT,A,1510__repeat_4,1510,google,google,absolute,152,parso_node_ast,0,0
qwen3,Full-FT,A,1510__repeat_4,1510,google,google,absolute,153,parso_node_ast,0,0
qwen3,Full-FT,A,1510__repeat_4,1510,google,google,absolute,154,parso_node_ast,0,0
qwen3,Full-FT,A,1510__repeat_4,1510,google,google,absolute,155,parso_node_ast,0,0
qwen3,Full-FT,A,1510__repeat_4,1510,google,google,absolute,156,parso_node_ast,0,0
qwen3,Full-FT,A,1510__repeat_4,1510,google,google,absolute,157,parso_node_ast,0,0
qwen3,Full-FT,A,1510__repeat_4,1510,google,google,absolute,158,parso_node_ast,0,0
qwen3,Full-FT,A,1510__repeat_4,1510,google,google,absolute,159,parso_node_ast,0,0
qwen3,Full-FT,A,1510__repeat_4,1510,google,google,absolute,160,parso_node_ast,0,0
qwen3,Full-FT,A,1510__repeat_4,1510,google,google,absolute,161,parso_node_ast,0,0
qwen3,Full-FT,A,1510__repeat_4,1510,google,google,absolute,162,parso_node_ast,0,0
qwen3,Full-FT,A,1510__repeat_4,1510,google,google,absolute,163,parso_node_ast,0,0
qwen3,Full-FT,A,1510__repeat_4,1510,google,google,absolute,164,parso_node_ast,0,0
qwen3,Full-FT,A,1510__repeat_4,1510,google,google,absolute,165,parso_node_ast,0,0
qwen3,Full-FT,A,1510__repeat_4,1510,google,google,absolute,166,parso_node_ast,0,0
qwen3,Full-FT,A,1510__repeat_4,1510,google,google,absolute,167,parso_node_ast,0,0
qwen3,Full-FT,A,1510__repeat_4,1510,google,google,absolute,168,parso_node_ast,0,0
qwen3,Full-FT,A,1510__repeat_4,1510,google,google,absolute,169,parso_node_ast,0,0
qwen3,Full-FT,A,1510__repeat_4,1510,google,google,absolute,170,parso_node_ast,0,0
qwen3,Full-FT,A,1510__repeat_4,1510,google,google,absolute,171,parso_node_ast,0,0
qwen3,Full-FT,A,1510__repeat_4,1510,google,google,absolute,172,parso_node_ast,0,0
qwen3,Full-FT,A,1510__repeat_4,1510,google,google,absolute,173,parso_node_ast,0,0
qwen3,Full-FT,A,1510__repeat_4,1510,google,google,absolute,174,parso_node_ast,0,0
qwen3,Full-FT,A,1510__repeat_4,1510,google,google,absolute,175,parso_node_ast,0,0
qwen3,Full-FT,A,1510__repeat_4,1510,google,google,absolute,176,parso_node_ast,0,0
qwen3,Full-FT,A,1510__repeat_4,1510,google,google,absolute,177,parso_node_ast,0,0
qwen3,Full-FT,A,1510__repeat_4,1510,google,google,absolute,178,parso_node_ast,0,0
qwen3,Full-FT,A,1510__repeat_4,1510,google,google,absolute,179,parso_node_ast,0,0
qwen3,Full-FT,A,1510__repeat_4,1510,google,google,absolute,180,parso_node_ast,0,0
qwen3,Full-FT,A,1510__repeat_4,1510,google,google,absolute,181,parso_node_ast,0,0
qwen3,Full-FT,A,1510__repeat_4,1510,google,google,absolute,182,parso_node_ast,0,0
qwen3,Full-FT,A,1510__repeat_4,1510,google,google,absolute,183,parso_node_ast,0,0
qwen3,Full-FT,A,1510__repeat_4,1510,google,google,absolute,184,parso_node_ast,0,0
qwen3,Full-FT,A,1510__repeat_4,1510,google,google,absolute,185,parso_node_ast,0,0
qwen3,Full-FT,A,1510__repeat_4,1510,google,google,absolute,186,parso_node_ast,0,0
qwen3,Full-FT,A,1510__repeat_4,1510,google,google,absolute,187,parso_node_ast,0,0
qwen3,Full-FT,A,1510__repeat_4,1510,google,google,absolute,188,parso_node_ast,0,0
qwen3,Full-FT,A,1510__repeat_4,1510,google,google,absolute,189,parso_node_ast,0,0
qwen3,Full-FT,A,1510__repeat_4,1510,google,google,absolute,190,parso_node_ast,0,0
qwen3,Full-FT,A,1510__repeat_4,1510,google,google,absolute,191,parso_node_ast,0,0
qwen3,Full-FT,A,1510__repeat_4,1510,google,google,absolute,192,parso_node_ast,0,0
qwen3,Full-FT,A,1510__repeat_4,1510,google,google,absolute,193,parso_node_ast,0,0
qwen3,Full-FT,A,1510__repeat_4,1510,google,google,absolute,194,parso_node_ast,0,0
qwen3,Full-FT,A,1510__repeat_4,1510,google,google,absolute,195,parso_node_ast,0,0
qwen3,Full-FT,A,1510__repeat_4,1510,google,google,absolute,196,parso_node_ast,0,0
qwen3,Full-FT,A,1510__repeat_4,1510,google,google,absolute,197,parso_node_ast,0,0
qwen3,Full-FT,A,1510__repeat_4,1510,google,google,absolute,198,parso_node_ast,0,0
qwen3,Full-FT,A,1510__repeat_4,1510,google,google,absolute,199,parso_node_ast,0,0
qwen3,Full-FT,A,1510__repeat_4,1510,google,google,absolute,200,parso_node_ast,0,0
qwen3,Full-FT,A,1510__repeat_4,1510,google,google,absolute,201,parso_node_ast,0,0
qwen3,Full-FT,A,1510__repeat_4,1510,google,google,absolute,202,parso_node_ast,0,0
qwen3,Full-FT,A,1510__repeat_4,1510,google,google,absolute,203,parso_node_ast,0,0
qwen3,Full-FT,A,1510__repeat_4,1510,google,google,absolute,204,parso_node_ast,0,0
qwen3,Full-FT,A,1510__repeat_4,1510,google,google,absolute,205,parso_node_ast,0,0
qwen3,Full-FT,A,1510__repeat_4,1510,google,google,absolute,206,parso_node_ast,0,0
qwen3,Full-FT,A,1510__repeat_4,1510,google,google,absolute,207,parso_node_ast,0,0
qwen3,Full-FT,A,1510__repeat_4,1510,google,google,absolute,208,parso_node_ast,0,0
qwen3,Full-FT,A,1510__repeat_4,1510,google,google,absolute,209,parso_node_ast,0,0
qwen3,Full-FT,A,1510__repeat_4,1510,google,google,absolute,210,parso_node_ast,0,0
qwen3,Full-FT,A,1510__repeat_4,1510,google,google,absolute,211,parso_node_ast,0,0
qwen3,Full-FT,A,1510__repeat_4,1510,google,google,absolute,212,parso_node_ast,0,0
qwen3,Full-FT,A,1510__repeat_4,1510,google,google,absolute,213,parso_node_ast,0,0
qwen3,Full-FT,A,1510__repeat_4,1510,google,google,absolute,214,parso_node_ast,0,0
qwen3,Full-FT,A,1510__repeat_4,1510,google,google,absolute,215,parso_node_ast,0,0
qwen3,Full-FT,A,1510__repeat_4,1510,google,google,absolute,216,parso_node_ast,0,0
qwen3,Full-FT,A,1510__repeat_4,1510,google,google,absolute,217,parso_node_ast,0,0
qwen3,Full-FT,A,1510__repeat_4,1510,google,google,absolute,218,parso_node_ast,0,0
qwen3,Full-FT,A,1510__repeat_4,1510,google,google,absolute,219,parso_node_ast,0,0
qwen3,Full-FT,A,1510__repeat_4,1510,google,google,absolute,220,parso_node_ast,0,0
qwen3,Full-FT,A,1510__repeat_4,1510,google,google,absolute,221,parso_node_ast,0,0
qwen3,Full-FT,A,1510__repeat_4,1510,google,google,absolute,222,parso_node_ast,0,0
qwen3,Full-FT,A,1510__repeat_4,1510,google,google,absolute,223,parso_node_ast,0,0
qwen3,Full-FT,A,1510__repeat_4,1510,google,google,absolute,224,parso_node_ast,0,0
qwen3,Full-FT,A,1510__repeat_4,1510,google,google,absolute,225,parso_node_ast,0,0
qwen3,Full-FT,A,1510__repeat_4,1510,google,google,absolute,226,parso_node_ast,0,0
qwen3,Full-FT,A,1510__repeat_4,1510,google,google,absolute,227,parso_node_ast,0,0
qwen3,Full-FT,A,1510__repeat_4,1510,google,google,absolute,228,parso_node_ast,0,0
qwen3,Full-FT,A,1510__repeat_4,1510,google,google,absolute,229,parso_node_ast,0,0
qwen3,Full-FT,A,1510__repeat_4,1510,google,google,absolute,230,parso_node_ast,0,0
qwen3,Full-FT,A,1510__repeat_4,1510,google,google,absolute,231,parso_node_ast,0,0
qwen3,Full-FT,A,1510__repeat_4,1510,google,google,absolute,232,parso_node_ast,0,0
qwen3,Full-FT,A,1510__repeat_4,1510,google,google,absolute,233,parso_node_ast,0,0
qwen3,Full-FT,A,1510__repeat_4,1510,google,google,absolute,234,parso_node_ast,0,0
qwen3,Full-FT,A,1510__repeat_4,1510,google,google,absolute,235,parso_node_ast,0,0
qwen3,Full-FT,A,1510__repeat_4,1510,google,google,absolute,236,parso_node_ast,0,0
qwen3,Full-FT,A,1510__repeat_4,1510,google,google,absolute,237,parso_node_ast,0,0
qwen3,Full-FT,A,1510__repeat_4,1510,google,google,absolute,238,parso_node_ast,0,0
qwen3,Full-FT,A,1510__repeat_4,1510,google,google,absolute,239,parso_node_ast,0,0
qwen3,Full-FT,A,1510__repeat_4,1510,google,google,absolute,240,parso_node_ast,0,0
qwen3,Full-FT,A,1510__repeat_4,1510,google,google,absolute,241,parso_node_ast,0,0
qwen3,Full-FT,A,1510__repeat_4,1510,google,google,absolute,242,parso_node_ast,0,0
qwen3,Full-FT,A,1510__repeat_4,1510,google,google,absolute,243,parso_node_ast,0,0
qwen3,Full-FT,A,1510__repeat_4,1510,google,google,absolute,244,parso_node_ast,0,0
qwen3,Full-FT,A,1510__repeat_4,1510,google,google,absolute,245,parso_node_ast,0,0
qwen3,Full-FT,A,1510__repeat_4,1510,google,google,absolute,246,parso_node_ast,0,0
qwen3,Full-FT,A,1510__repeat_4,1510,google,google,absolute,247,parso_node_ast,0,0
qwen3,Full-FT,A,1510__repeat_4,1510,google,google,absolute,248,parso_node_ast,0,0
qwen3,Full-FT,A,1510__repeat_4,1510,google,google,absolute,249,parso_node_ast,0,0
qwen3,Full-FT,A,1510__repeat_4,1510,google,google,absolute,250,parso_node_ast,0,0
qwen3,Full-FT,A,1510__repeat_4,1510,google,google,absolute,251,parso_node_ast,0,0
qwen3,Full-FT,A,1510__repeat_4,1510,google,google,absolute,252,parso_node_ast,0,0
qwen3,Full-FT,A,1510__repeat_4,1510,google,google,absolute,253,parso_node_ast,0,0
qwen3,Full-FT,A,1510__repeat_4,1510,google,google,absolute,254,parso_node_ast,0,0
qwen3,Full-FT,A,1510__repeat_4,1510,google,google,absolute,255,parso_node_ast,0,0
qwen3,Full-FT,A,1510__repeat_4,1510,google,google,absolute,256,parso_node_ast,0,0
qwen3,Full-FT,A,1510__repeat_4,1510,google,google,absolute,257,parso_node_ast,0,0
qwen3,Full-FT,A,1510__repeat_4,1510,google,google,absolute,258,parso_node_ast,0,0
qwen3,Full-FT,A,1510__repeat_4,1510,google,google,absolute,259,parso_node_ast,0,0
qwen3,Full-FT,A,1510__repeat_4,1510,google,google,absolute,260,parso_node_ast,0,0
qwen3,Full-FT,A,1510__repeat_4,1510,google,google,absolute,261,parso_node_ast,0,0
qwen3,Full-FT,A,1510__repeat_4,1510,google,google,absolute,262,parso_node_ast,0,0
qwen3,Full-FT,A,1510__repeat_4,1510,google,google,absolute,263,parso_node_ast,0,0
qwen3,Full-FT,A,1510__repeat_4,1510,google,google,absolute,264,parso_node_ast,0,0
qwen3,Full-FT,A,1510__repeat_4,1510,google,google,absolute,265,parso_node_ast,0,0
qwen3,Full-FT,A,1510__repeat_4,1510,google,google,absolute,266,parso_node_ast,0,0
qwen3,Full-FT,A,1510__repeat_4,1510,google,google,absolute,267,parso_node_ast,0,0
qwen3,Full-FT,A,1510__repeat_4,1510,google,google,absolute,268,parso_node_ast,0,0
qwen3,Full-FT,A,1510__repeat_4,1510,google,google,absolute,269,parso_node_ast,0,0
qwen3,Full-FT,A,1510__repeat_4,1510,google,google,absolute,270,parso_node_ast,0,0
qwen3,Full-FT,A,1510__repeat_4,1510,google,google,absolute,271,parso_node_ast,0,0
qwen3,Full-FT,A,1510__repeat_4,1510,google,google,absolute,272,parso_node_ast,0,0
qwen3,Full-FT,A,1510__repeat_4,1510,google,google,absolute,273,parso_node_ast,0,0
qwen3,Full-FT,A,1510__repeat_4,1510,google,google,absolute,274,parso_node_ast,0,0
qwen3,Full-FT,A,1510__repeat_4,1510,google,google,absolute,275,parso_node_ast,0,0
qwen3,Full-FT,A,1510__repeat_4,1510,google,google,absolute,276,parso_node_ast,0,0
qwen3,Full-FT,A,1510__repeat_4,1510,google,google,absolute,277,parso_node_ast,0,0
qwen3,Full-FT,A,1510__repeat_4,1510,google,google,absolute,278,parso_node_ast,0,0
qwen3,Full-FT,A,1510__repeat_4,1510,google,google,absolute,279,parso_node_ast,0,0
qwen3,Full-FT,A,1510__repeat_4,1510,google,google,absolute,280,parso_node_ast,0,0
qwen3,Full-FT,A,1510__repeat_4,1510,google,google,absolute,281,parso_node_ast,0,0
qwen3,Full-FT,A,1510__repeat_4,1510,google,google,absolute,282,parso_node_ast,0,0
qwen3,Full-FT,A,1510__repeat_4,1510,google,google,absolute,283,parso_node_ast,0,0
qwen3,Full-FT,A,1510__repeat_4,1510,google,google,absolute,284,parso_node_ast,0,0
qwen3,Full-FT,A,1510__repeat_4,1510,google,google,absolute,285,parso_node_ast,0,0
qwen3,Full-FT,A,1510__repeat_4,1510,google,google,absolute,286,parso_node_ast,0,0
qwen3,Full-FT,A,1510__repeat_4,1510,google,google,absolute,287,parso_node_ast,0,0
qwen3,Full-FT,A,1510__repeat_4,1510,google,google,absolute,288,parso_node_ast,0,0
qwen3,Full-FT,A,1510__repeat_4,1510,google,google,absolute,289,parso_node_ast,0,0
qwen3,Full-FT,A,1510__repeat_4,1510,google,google,absolute,290,parso_node_ast,0,0
qwen3,Full-FT,A,1510__repeat_4,1510,google,google,absolute,291,parso_node_ast,0,0
qwen3,Full-FT,A,1510__repeat_4,1510,google,google,absolute,292,parso_node_ast,0,0
qwen3,Full-FT,A,1510__repeat_4,1510,google,google,absolute,293,parso_node_ast,0,0
qwen3,Full-FT,A,1510__repeat_4,1510,google,google,absolute,294,parso_node_ast,0,0
qwen3,Full-FT,A,1510__repeat_4,1510,google,google,absolute,295,parso_node_ast,0,0
qwen3,Full-FT,A,1510__repeat_4,1510,google,google,absolute,296,parso_node_ast,0,0
qwen3,Full-FT,A,1510__repeat_4,1510,google,google,absolute,297,parso_node_ast,0,0
qwen3,Full-FT,A,1510__repeat_4,1510,google,google,absolute,298,parso_node_ast,0,0
qwen3,Full-FT,A,1510__repeat_4,1510,google,google,absolute,299,parso_node_ast,0,0
qwen3,Full-FT,A,1510__repeat_4,1510,google,google,absolute,300,parso_node_ast,0,0
qwen3,Full-FT,A,1510__repeat_4,1510,google,google,absolute,301,parso_node_ast,0,0
qwen3,Full-FT,A,1510__repeat_4,1510,google,google,absolute,302,parso_node_ast,0,0
qwen3,Full-FT,A,1510__repeat_4,1510,google,google,absolute,303,parso_node_ast,0,0
qwen3,Full-FT,A,1510__repeat_4,1510,google,google,absolute,304,parso_node_ast,0,0
qwen3,Full-FT,A,1510__repeat_4,1510,google,google,absolute,305,parso_node_ast,0,0
qwen3,Full-FT,A,1510__repeat_4,1510,google,google,absolute,306,parso_node_ast,0,0
qwen3,Full-FT,A,1510__repeat_4,1510,google,google,absolute,307,parso_node_ast,0,0
qwen3,Full-FT,A,1510__repeat_4,1510,google,google,absolute,308,parso_node_ast,0,0
qwen3,Full-FT,A,1510__repeat_4,1510,google,google,absolute,309,parso_node_ast,0,0
qwen3,Full-FT,A,1510__repeat_4,1510,google,google,absolute,310,parso_node_ast,0,0
qwen3,Full-FT,A,1510__repeat_4,1510,google,google,absolute,311,parso_node_ast,0,0
qwen3,Full-FT,A,1510__repeat_4,1510,google,google,absolute,312,parso_node_ast,0,0
qwen3,Full-FT,A,1510__repeat_4,1510,google,google,absolute,313,parso_node_ast,0,0
qwen3,Full-FT,A,1510__repeat_4,1510,google,google,absolute,314,parso_node_ast,0,0
qwen3,Full-FT,A,1510__repeat_4,1510,google,google,absolute,315,parso_node_ast,0,0
qwen3,Full-FT,A,1510__repeat_4,1510,google,google,absolute,316,parso_node_ast,0,0
qwen3,Full-FT,A,1510__repeat_4,1510,google,google,absolute,317,parso_node_ast,0,0
qwen3,Full-FT,A,1510__repeat_4,1510,google,google,absolute,318,parso_node_ast,0,0
qwen3,Full-FT,A,1510__repeat_4,1510,google,google,absolute,319,parso_node_ast,0,0
qwen3,Full-FT,A,1510__repeat_4,1510,google,google,absolute,320,parso_node_ast,0,0
qwen3,Full-FT,A,1510__repeat_4,1510,google,google,absolute,321,parso_node_ast,0,0
qwen3,Full-FT,A,1510__repeat_4,1510,google,google,absolute,322,parso_node_ast,0,0
qwen3,Full-FT,A,1510__repeat_4,1510,google,google,absolute,323,parso_node_ast,0,0
qwen3,Full-FT,A,1510__repeat_4,1510,google,google,absolute,324,parso_node_ast,0,0
qwen3,Full-FT,A,1510__repeat_4,1510,google,google,absolute,325,parso_node_ast,0,0
qwen3,Full-FT,A,1510__repeat_4,1510,google,google,absolute,326,parso_node_ast,0,0
qwen3,Full-FT,A,1510__repeat_4,1510,google,google,absolute,327,parso_node_ast,0,0
qwen3,Full-FT,A,1510__repeat_4,1510,google,google,absolute,328,parso_node_ast,0,0
qwen3,Full-FT,A,1510__repeat_4,1510,google,google,absolute,329,parso_node_ast,0,0
qwen3,Full-FT,A,1510__repeat_4,1510,google,google,absolute,330,parso_node_ast,0,0
qwen3,Full-FT,A,1510__repeat_4,1510,google,google,absolute,331,parso_node_ast,0,0
qwen3,Full-FT,A,1510__repeat_4,1510,google,google,absolute,332,parso_node_ast,0,0
qwen3,Full-FT,A,1510__repeat_4,1510,google,google,absolute,333,parso_node_ast,0,0
qwen3,Full-FT,A,1510__repeat_4,1510,google,google,absolute,334,parso_node_ast,0,0
qwen3,Full-FT,A,1510__repeat_4,1510,google,google,absolute,335,parso_node_ast,0,0
qwen3,Full-FT,A,1510__repeat_4,1510,google,google,absolute,336,parso_node_ast,0,0
qwen3,Full-FT,A,1510__repeat_4,1510,google,google,absolute,337,parso_node_ast,0,0
qwen3,Full-FT,A,1510__repeat_4,1510,google,google,absolute,338,parso_node_ast,0,0
qwen3,Full-FT,A,1510__repeat_4,1510,google,google,absolute,339,parso_node_ast,0,0
qwen3,Full-FT,A,1510__repeat_4,1510,google,google,absolute,340,parso_node_ast,0,0
qwen3,Full-FT,A,1510__repeat_4,1510,google,google,absolute,341,parso_node_ast,0,0
qwen3,Full-FT,A,1510__repeat_4,1510,google,google,absolute,342,parso_node_ast,0,0
qwen3,Full-FT,A,1510__repeat_4,1510,google,google,absolute,343,parso_node_ast,0,0
qwen3,Full-FT,A,1510__repeat_4,1510,google,google,absolute,344,parso_node_ast,0,0
qwen3,Full-FT,A,1510__repeat_4,1510,google,google,absolute,345,parso_node_ast,0,0
qwen3,Full-FT,A,1510__repeat_4,1510,google,google,absolute,346,parso_node_ast,0,0
qwen3,Full-FT,A,1510__repeat_4,1510,google,google,absolute,347,parso_node_ast,0,0
qwen3,Full-FT,A,1510__repeat_4,1510,google,google,absolute,348,parso_node_ast,0,0
qwen3,Full-FT,A,1510__repeat_4,1510,google,google,absolute,349,parso_node_ast,0,0
qwen3,Full-FT,A,1510__repeat_4,1510,google,google,absolute,350,parso_node_ast,0,0
qwen3,Full-FT,A,1510__repeat_4,1510,google,google,absolute,351,parso_node_ast,0,0
qwen3,Full-FT,A,1510__repeat_4,1510,google,google,absolute,352,parso_node_ast,0,0
qwen3,Full-FT,A,1510__repeat_4,1510,google,google,absolute,353,parso_node_ast,0,0
qwen3,Full-FT,A,1510__repeat_4,1510,google,google,absolute,354,parso_node_ast,0,0
qwen3,Full-FT,A,1510__repeat_4,1510,google,google,absolute,355,parso_node_ast,0,0
qwen3,Full-FT,A,1510__repeat_4,1510,google,google,absolute,356,parso_node_ast,0,0
qwen3,Full-FT,A,1510__repeat_4,1510,google,google,absolute,357,parso_node_ast,0,0
qwen3,Full-FT,A,1510__repeat_4,1510,google,google,absolute,358,parso_node_ast,0,0
qwen3,Full-FT,A,1510__repeat_4,1510,google,google,absolute,359,parso_node_ast,0,0
qwen3,Full-FT,A,1510__repeat_4,1510,google,google,absolute,360,parso_node_ast,0,0
qwen3,Full-FT,A,1510__repeat_4,1510,google,google,absolute,361,parso_node_ast,0,0
qwen3,Full-FT,A,1510__repeat_4,1510,google,google,absolute,362,parso_node_ast,0,0
qwen3,Full-FT,A,1510__repeat_4,1510,google,google,absolute,363,parso_node_ast,0,0
qwen3,Full-FT,A,1510__repeat_4,1510,google,google,absolute,364,parso_node_ast,0,0
qwen3,Full-FT,A,185__repeat_5,185,sphinx.ext,sphinx,absolute,1,parso_node_ast,0,1
qwen3,Full-FT,A,1249__repeat_3,1249,python,python,absolute,4,parso_node_ast,0,1
qwen3,Full-FT,A,1249__repeat_3,1249,python,python,absolute,5,parso_node_ast,0,1
qwen3,Full-FT,A,1249__repeat_3,1249,python,python,absolute,6,parso_node_ast,0,1
qwen3,Full-FT,A,1249__repeat_3,1249,python,python,absolute,7,parso_node_ast,0,1
qwen3,Full-FT,A,1249__repeat_3,1249,python,python,absolute,8,parso_node_ast,0,1
qwen3,Full-FT,A,1249__repeat_3,1249,python,python,absolute,9,parso_node_ast,0,1
qwen3,Full-FT,A,1249__repeat_3,1249,python,python,absolute,10,parso_node_ast,0,1
qwen3,Full-FT,A,1249__repeat_3,1249,python,python,absolute,11,parso_node_ast,0,1
qwen3,Full-FT,A,1249__repeat_3,1249,python,python,absolute,12,parso_node_ast,0,1
qwen3,Full-FT,A,1249__repeat_3,1249,python,python,absolute,13,parso_node_ast,0,1
qwen3,Full-FT,A,1249__repeat_3,1249,python,python,absolute,14,parso_node_ast,0,1
qwen3,Full-FT,A,1249__repeat_3,1249,python,python,absolute,15,parso_node_ast,0,1
qwen3,Full-FT,A,1249__repeat_3,1249,python,python,absolute,16,parso_node_ast,0,1
qwen3,Full-FT,A,1249__repeat_3,1249,python,python,absolute,17,parso_node_ast,0,1
qwen3,Full-FT,A,1249__repeat_3,1249,python,python,absolute,18,parso_node_ast,0,1
qwen3,Full-FT,A,1249__repeat_3,1249,python,python,absolute,19,parso_node_ast,0,1
qwen3,Full-FT,A,1249__repeat_3,1249,python,python,absolute,20,parso_node_ast,0,1
qwen3,Full-FT,A,1249__repeat_3,1249,python,python,absolute,21,parso_node_ast,0,1
qwen3,Full-FT,A,1249__repeat_3,1249,python,python,absolute,22,parso_node_ast,0,1
qwen3,Full-FT,A,1249__repeat_3,1249,python,python,absolute,23,parso_node_ast,0,1
qwen3,Full-FT,A,1249__repeat_3,1249,python,python,absolute,24,parso_node_ast,0,1
qwen3,Full-FT,A,1249__repeat_3,1249,python,python,absolute,25,parso_node_ast,0,1
qwen3,Full-FT,A,1249__repeat_3,1249,python,python,absolute,26,parso_node_ast,0,1
qwen3,Full-FT,A,1249__repeat_3,1249,python,python,absolute,27,parso_node_ast,0,1
qwen3,Full-FT,A,1249__repeat_3,1249,python,python,absolute,28,parso_node_ast,0,1
qwen3,Full-FT,A,1249__repeat_3,1249,python,python,absolute,29,parso_node_ast,0,1
qwen3,Full-FT,A,1249__repeat_3,1249,python,python,absolute,30,parso_node_ast,0,1
qwen3,Full-FT,A,1249__repeat_3,1249,python,python,absolute,31,parso_node_ast,0,1
qwen3,Full-FT,A,1249__repeat_3,1249,python,python,absolute,32,parso_node_ast,0,1
qwen3,Full-FT,A,1249__repeat_3,1249,python,python,absolute,33,parso_node_ast,0,1
qwen3,Full-FT,A,1249__repeat_3,1249,python,python,absolute,34,parso_node_ast,0,1
qwen3,Full-FT,A,1249__repeat_3,1249,python,python,absolute,35,parso_node_ast,0,1
qwen3,Full-FT,A,1249__repeat_3,1249,python,python,absolute,36,parso_node_ast,0,1
qwen3,Full-FT,A,1249__repeat_3,1249,python,python,absolute,37,parso_node_ast,0,1
qwen3,Full-FT,A,1249__repeat_3,1249,python,python,absolute,38,parso_node_ast,0,1
qwen3,Full-FT,A,1249__repeat_3,1249,python,python,absolute,39,parso_node_ast,0,1
qwen3,Full-FT,A,1249__repeat_3,1249,python,python,absolute,40,parso_node_ast,0,1
qwen3,Full-FT,A,1249__repeat_3,1249,python,python,absolute,41,parso_node_ast,0,1
qwen3,Full-FT,A,1249__repeat_3,1249,python,python,absolute,42,parso_node_ast,0,1
qwen3,Full-FT,A,1249__repeat_3,1249,python,python,absolute,43,parso_node_ast,0,1
qwen3,Full-FT,A,1249__repeat_3,1249,python,python,absolute,44,parso_node_ast,0,1
qwen3,Full-FT,A,1249__repeat_3,1249,python,python,absolute,45,parso_node_ast,0,1
qwen3,Full-FT,A,1249__repeat_3,1249,python,python,absolute,46,parso_node_ast,0,1
qwen3,Full-FT,A,1249__repeat_3,1249,python,python,absolute,47,parso_node_ast,0,1
qwen3,Full-FT,A,1249__repeat_3,1249,python,python,absolute,48,parso_node_ast,0,1
qwen3,Full-FT,A,1249__repeat_3,1249,python,python,absolute,49,parso_node_ast,0,1
qwen3,Full-FT,A,1249__repeat_3,1249,python,python,absolute,50,parso_node_ast,0,1
qwen3,Full-FT,A,1249__repeat_3,1249,python,python,absolute,51,parso_node_ast,0,1
qwen3,Full-FT,A,1249__repeat_3,1249,python,python,absolute,52,parso_node_ast,0,1
qwen3,Full-FT,A,1249__repeat_3,1249,python,python,absolute,53,parso_node_ast,0,1
qwen3,Full-FT,A,1249__repeat_3,1249,python,python,absolute,54,parso_node_ast,0,1
qwen3,Full-FT,A,1249__repeat_3,1249,python,python,absolute,55,parso_node_ast,0,1
qwen3,Full-FT,A,1249__repeat_3,1249,python,python,absolute,56,parso_node_ast,0,1
qwen3,Full-FT,A,1249__repeat_3,1249,python,python,absolute,57,parso_node_ast,0,1
qwen3,Full-FT,A,1249__repeat_3,1249,python,python,absolute,58,parso_node_ast,0,1
qwen3,Full-FT,A,1249__repeat_3,1249,python,python,absolute,59,parso_node_ast,0,1
qwen3,Full-FT,A,1249__repeat_3,1249,python,python,absolute,60,parso_node_ast,0,1
qwen3,Full-FT,A,1249__repeat_3,1249,python,python,absolute,61,parso_node_ast,0,1
qwen3,Full-FT,A,1249__repeat_3,1249,python,python,absolute,62,parso_node_ast,0,1
qwen3,Full-FT,A,1249__repeat_3,1249,python,python,absolute,63,parso_node_ast,0,1
qwen3,Full-FT,A,1249__repeat_3,1249,python,python,absolute,64,parso_node_ast,0,1
qwen3,Full-FT,A,1249__repeat_3,1249,python,python,absolute,65,parso_node_ast,0,1
qwen3,Full-FT,A,1249__repeat_3,1249,python,python,absolute,66,parso_node_ast,0,1
qwen3,Full-FT,A,1249__repeat_3,1249,python,python,absolute,67,parso_node_ast,0,1
qwen3,Full-FT,A,1249__repeat_3,1249,python,python,absolute,68,parso_node_ast,0,1
qwen3,Full-FT,A,1249__repeat_3,1249,python,python,absolute,69,parso_node_ast,0,1
qwen3,Full-FT,A,1249__repeat_3,1249,python,python,absolute,70,parso_node_ast,0,1
qwen3,Full-FT,A,1249__repeat_3,1249,python,python,absolute,71,parso_node_ast,0,1
qwen3,Full-FT,A,1249__repeat_3,1249,python,python,absolute,72,parso_node_ast,0,1
qwen3,Full-FT,A,1249__repeat_3,1249,python,python,absolute,73,parso_node_ast,0,1
qwen3,Full-FT,A,1249__repeat_3,1249,python,python,absolute,74,parso_node_ast,0,1
qwen3,Full-FT,A,1249__repeat_3,1249,python,python,absolute,75,parso_node_ast,0,1
qwen3,Full-FT,A,1249__repeat_3,1249,python,python,absolute,76,parso_node_ast,0,1
qwen3,Full-FT,A,1249__repeat_3,1249,python,python,absolute,77,parso_node_ast,0,1
qwen3,Full-FT,A,1249__repeat_3,1249,python,python,absolute,78,parso_node_ast,0,1
qwen3,Full-FT,A,1249__repeat_3,1249,python,python,absolute,79,parso_node_ast,0,1
qwen3,Full-FT,A,1249__repeat_3,1249,python,python,absolute,80,parso_node_ast,0,1
qwen3,Full-FT,A,1249__repeat_3,1249,python,python,absolute,81,parso_node_ast,0,1
qwen3,Full-FT,A,1249__repeat_3,1249,python,python,absolute,82,parso_node_ast,0,1
qwen3,Full-FT,A,1249__repeat_3,1249,python,python,absolute,83,parso_node_ast,0,1
qwen3,Full-FT,A,1249__repeat_3,1249,python,python,absolute,84,parso_node_ast,0,1
qwen3,Full-FT,A,1249__repeat_3,1249,python,python,absolute,85,parso_node_ast,0,1
qwen3,Full-FT,A,1249__repeat_3,1249,python,python,absolute,86,parso_node_ast,0,1
qwen3,Full-FT,A,1249__repeat_3,1249,python,python,absolute,87,parso_node_ast,0,1
qwen3,Full-FT,A,1249__repeat_3,1249,python,python,absolute,88,parso_node_ast,0,1
qwen3,Full-FT,A,1249__repeat_3,1249,python,python,absolute,89,parso_node_ast,0,1
qwen3,Full-FT,A,1249__repeat_3,1249,python,python,absolute,90,parso_node_ast,0,1
qwen3,Full-FT,A,1249__repeat_3,1249,python,python,absolute,91,parso_node_ast,0,1
qwen3,Full-FT,A,1249__repeat_3,1249,python,python,absolute,92,parso_node_ast,0,1
qwen3,Full-FT,A,1249__repeat_3,1249,python,python,absolute,93,parso_node_ast,0,1
qwen3,Full-FT,A,1249__repeat_3,1249,python,python,absolute,94,parso_node_ast,0,1
qwen3,Full-FT,A,1249__repeat_3,1249,python,python,absolute,95,parso_node_ast,0,1
qwen3,Full-FT,A,1249__repeat_3,1249,python,python,absolute,96,parso_node_ast,0,1
qwen3,Full-FT,A,1249__repeat_3,1249,python,python,absolute,97,parso_node_ast,0,1
qwen3,Full-FT,A,1249__repeat_3,1249,python,python,absolute,98,parso_node_ast,0,1
qwen3,Full-FT,A,1249__repeat_3,1249,python,python,absolute,99,parso_node_ast,0,1
qwen3,Full-FT,A,1249__repeat_3,1249,python,python,absolute,100,parso_node_ast,0,1
qwen3,Full-FT,A,1249__repeat_3,1249,python,python,absolute,101,parso_node_ast,0,1
qwen3,Full-FT,A,1249__repeat_3,1249,python,python,absolute,102,parso_node_ast,0,1
qwen3,Full-FT,A,1249__repeat_3,1249,python,python,absolute,103,parso_node_ast,0,1
qwen3,Full-FT,A,1249__repeat_3,1249,python,python,absolute,104,parso_node_ast,0,1
qwen3,Full-FT,A,1249__repeat_3,1249,python,python,absolute,105,parso_node_ast,0,1
qwen3,Full-FT,A,1249__repeat_3,1249,python,python,absolute,106,parso_node_ast,0,1
qwen3,Full-FT,A,1249__repeat_3,1249,python,python,absolute,107,parso_node_ast,0,1
qwen3,Full-FT,A,1249__repeat_3,1249,python,python,absolute,108,parso_node_ast,0,1
qwen3,Full-FT,A,1249__repeat_3,1249,python,python,absolute,109,parso_node_ast,0,1
qwen3,Full-FT,A,1249__repeat_3,1249,python,python,absolute,110,parso_node_ast,0,1
qwen3,Full-FT,A,1249__repeat_3,1249,python,python,absolute,111,parso_node_ast,0,1
qwen3,Full-FT,A,1249__repeat_3,1249,python,python,absolute,112,parso_node_ast,0,1
qwen3,Full-FT,A,1249__repeat_3,1249,python,python,absolute,113,parso_node_ast,0,1
qwen3,Full-FT,A,1249__repeat_3,1249,python,python,absolute,114,parso_node_ast,0,1
qwen3,Full-FT,A,1249__repeat_3,1249,python,python,absolute,115,parso_node_ast,0,1
qwen3,Full-FT,A,1249__repeat_3,1249,python,python,absolute,116,parso_node_ast,0,1
qwen3,Full-FT,A,1249__repeat_3,1249,python,python,absolute,117,parso_node_ast,0,1
qwen3,Full-FT,A,1249__repeat_3,1249,python,python,absolute,118,parso_node_ast,0,1
qwen3,Full-FT,A,1249__repeat_3,1249,python,python,absolute,119,parso_node_ast,0,1
qwen3,Full-FT,A,1249__repeat_3,1249,python,python,absolute,120,parso_node_ast,0,1
qwen3,Full-FT,A,1249__repeat_3,1249,python,python,absolute,121,parso_node_ast,0,1
qwen3,Full-FT,A,1249__repeat_3,1249,python,python,absolute,122,parso_node_ast,0,1
qwen3,Full-FT,A,1249__repeat_3,1249,python,python,absolute,123,parso_node_ast,0,1
qwen3,Full-FT,A,1249__repeat_3,1249,python,python,absolute,124,parso_node_ast,0,1
qwen3,Full-FT,A,1249__repeat_3,1249,python,python,absolute,125,parso_node_ast,0,1
qwen3,Full-FT,A,1249__repeat_3,1249,python,python,absolute,126,parso_node_ast,0,1
qwen3,Full-FT,A,1249__repeat_3,1249,python,python,absolute,127,parso_node_ast,0,1
qwen3,Full-FT,A,1249__repeat_3,1249,python,python,absolute,128,parso_node_ast,0,1
qwen3,Full-FT,A,1249__repeat_3,1249,python,python,absolute,129,parso_node_ast,0,1
qwen3,Full-FT,A,1249__repeat_3,1249,python,python,absolute,130,parso_node_ast,0,1
qwen3,Full-FT,A,1249__repeat_3,1249,python,python,absolute,131,parso_node_ast,0,1
qwen3,Full-FT,A,1249__repeat_3,1249,python,python,absolute,132,parso_node_ast,0,1
qwen3,Full-FT,A,1249__repeat_3,1249,python,python,absolute,133,parso_node_ast,0,1
qwen3,Full-FT,A,1249__repeat_3,1249,python,python,absolute,134,parso_node_ast,0,1
qwen3,Full-FT,A,1249__repeat_3,1249,python,python,absolute,135,parso_node_ast,0,1
qwen3,Full-FT,A,1249__repeat_3,1249,python,python,absolute,136,parso_node_ast,0,1
qwen3,Full-FT,A,1249__repeat_3,1249,python,python,absolute,137,parso_node_ast,0,1
qwen3,Full-FT,A,1249__repeat_3,1249,python,python,absolute,138,parso_node_ast,0,1
qwen3,Full-FT,A,1249__repeat_3,1249,python,python,absolute,139,parso_node_ast,0,1
qwen3,Full-FT,A,1249__repeat_3,1249,python,python,absolute,140,parso_node_ast,0,1
qwen3,Full-FT,A,1249__repeat_3,1249,python,python,absolute,141,parso_node_ast,0,1
qwen3,Full-FT,A,1249__repeat_3,1249,python,python,absolute,142,parso_node_ast,0,1
qwen3,Full-FT,A,1249__repeat_3,1249,python,python,absolute,143,parso_node_ast,0,1
qwen3,Full-FT,A,1249__repeat_3,1249,python,python,absolute,144,parso_node_ast,0,1
qwen3,Full-FT,A,1249__repeat_3,1249,python,python,absolute,145,parso_node_ast,0,1
qwen3,Full-FT,A,1249__repeat_3,1249,python,python,absolute,146,parso_node_ast,0,1
qwen3,Full-FT,A,1249__repeat_3,1249,python,python,absolute,147,parso_node_ast,0,1
qwen3,Full-FT,A,1249__repeat_3,1249,python,python,absolute,148,parso_node_ast,0,1
qwen3,Full-FT,A,1249__repeat_3,1249,python,python,absolute,149,parso_node_ast,0,1
qwen3,Full-FT,A,1249__repeat_3,1249,python,python,absolute,150,parso_node_ast,0,1
qwen3,Full-FT,A,1249__repeat_3,1249,python,python,absolute,151,parso_node_ast,0,1
qwen3,Full-FT,A,1249__repeat_3,1249,python,python,absolute,152,parso_node_ast,0,1
qwen3,Full-FT,A,1249__repeat_3,1249,python,python,absolute,153,parso_node_ast,0,1
qwen3,Full-FT,A,1249__repeat_3,1249,python,python,absolute,154,parso_node_ast,0,1
qwen3,Full-FT,A,1249__repeat_3,1249,python,python,absolute,155,parso_node_ast,0,1
qwen3,Full-FT,A,1249__repeat_3,1249,python,python,absolute,156,parso_node_ast,0,1
qwen3,Full-FT,A,1249__repeat_3,1249,python,python,absolute,157,parso_node_ast,0,1
qwen3,Full-FT,A,1249__repeat_3,1249,python,python,absolute,158,parso_node_ast,0,1
qwen3,Full-FT,A,1249__repeat_3,1249,python,python,absolute,159,parso_node_ast,0,1
qwen3,Full-FT,A,1249__repeat_3,1249,python,python,absolute,160,parso_node_ast,0,1
qwen3,Full-FT,A,1249__repeat_3,1249,python,python,absolute,161,parso_node_ast,0,1
qwen3,Full-FT,A,1249__repeat_3,1249,python,python,absolute,162,parso_node_ast,0,1
qwen3,Full-FT,A,1249__repeat_3,1249,python,python,absolute,163,parso_node_ast,0,1
qwen3,Full-FT,A,1249__repeat_3,1249,python,python,absolute,164,parso_node_ast,0,1
qwen3,Full-FT,A,1249__repeat_3,1249,python,python,absolute,165,parso_node_ast,0,1
qwen3,Full-FT,A,1249__repeat_3,1249,python,python,absolute,166,parso_node_ast,0,1
qwen3,Full-FT,A,1249__repeat_3,1249,python,python,absolute,167,parso_node_ast,0,1
qwen3,Full-FT,A,1249__repeat_3,1249,python,python,absolute,168,parso_node_ast,0,1
qwen3,Full-FT,A,1249__repeat_3,1249,python,python,absolute,169,parso_node_ast,0,1
qwen3,Full-FT,A,1249__repeat_3,1249,python,python,absolute,170,parso_node_ast,0,1
qwen3,Full-FT,A,1249__repeat_3,1249,python,python,absolute,171,parso_node_ast,0,1
qwen3,Full-FT,A,1249__repeat_3,1249,python,python,absolute,172,parso_node_ast,0,1
qwen3,Full-FT,A,1249__repeat_3,1249,python,python,absolute,173,parso_node_ast,0,1
qwen3,Full-FT,A,1249__repeat_3,1249,python,python,absolute,174,parso_node_ast,0,1
qwen3,Full-FT,A,1249__repeat_3,1249,python,python,absolute,175,parso_node_ast,0,1
qwen3,Full-FT,A,1249__repeat_3,1249,python,python,absolute,176,parso_node_ast,0,1
qwen3,Full-FT,A,1249__repeat_3,1249,python,python,absolute,177,parso_node_ast,0,1
qwen3,Full-FT,A,1249__repeat_3,1249,python,python,absolute,178,parso_node_ast,0,1
qwen3,Full-FT,A,1249__repeat_3,1249,python,python,absolute,179,parso_node_ast,0,1
qwen3,Full-FT,A,1249__repeat_3,1249,python,python,absolute,180,parso_node_ast,0,1
qwen3,Full-FT,A,1249__repeat_3,1249,python,python,absolute,181,parso_node_ast,0,1
qwen3,Full-FT,A,1249__repeat_3,1249,python,python,absolute,182,parso_node_ast,0,1
qwen3,Full-FT,A,1249__repeat_3,1249,python,python,absolute,183,parso_node_ast,0,1
qwen3,Full-FT,A,1249__repeat_3,1249,python,python,absolute,184,parso_node_ast,0,1
qwen3,Full-FT,A,1249__repeat_3,1249,python,python,absolute,185,parso_node_ast,0,1
qwen3,Full-FT,A,1249__repeat_3,1249,python,python,absolute,186,parso_node_ast,0,1
qwen3,Full-FT,A,1249__repeat_3,1249,python,python,absolute,187,parso_node_ast,0,1
qwen3,Full-FT,A,1249__repeat_3,1249,python,python,absolute,188,parso_node_ast,0,1
qwen3,Full-FT,A,1249__repeat_3,1249,python,python,absolute,189,parso_node_ast,0,1
qwen3,Full-FT,A,1249__repeat_3,1249,python,python,absolute,190,parso_node_ast,0,1
qwen3,Full-FT,A,1249__repeat_3,1249,python,python,absolute,191,parso_node_ast,0,1
qwen3,Full-FT,A,1249__repeat_3,1249,python,python,absolute,192,parso_node_ast,0,1
qwen3,Full-FT,A,1249__repeat_3,1249,python,python,absolute,193,parso_node_ast,0,1
qwen3,Full-FT,A,1249__repeat_3,1249,python,python,absolute,194,parso_node_ast,0,1
qwen3,Full-FT,A,1249__repeat_3,1249,python,python,absolute,195,parso_node_ast,0,1
qwen3,Full-FT,A,1249__repeat_3,1249,python,python,absolute,196,parso_node_ast,0,1
qwen3,Full-FT,A,1249__repeat_3,1249,python,python,absolute,197,parso_node_ast,0,1
qwen3,Full-FT,A,1249__repeat_3,1249,python,python,absolute,198,parso_node_ast,0,1
qwen3,Full-FT,A,1249__repeat_3,1249,python,python,absolute,199,parso_node_ast,0,1
qwen3,Full-FT,A,1249__repeat_3,1249,python,python,absolute,200,parso_node_ast,0,1
qwen3,Full-FT,A,1249__repeat_3,1249,python,python,absolute,201,parso_node_ast,0,1
qwen3,Full-FT,A,1249__repeat_3,1249,python,python,absolute,202,parso_node_ast,0,1
qwen3,Full-FT,A,1249__repeat_3,1249,python,python,absolute,203,parso_node_ast,0,1
qwen3,Full-FT,A,1249__repeat_3,1249,python,python,absolute,204,parso_node_ast,0,1
qwen3,Full-FT,A,1249__repeat_3,1249,python,python,absolute,205,parso_node_ast,0,1
qwen3,Full-FT,A,1249__repeat_3,1249,python,python,absolute,206,parso_node_ast,0,1
qwen3,Full-FT,A,1249__repeat_3,1249,python,python,absolute,207,parso_node_ast,0,1
qwen3,Full-FT,A,1249__repeat_3,1249,python,python,absolute,208,parso_node_ast,0,1
qwen3,Full-FT,A,1249__repeat_3,1249,python,python,absolute,209,parso_node_ast,0,1
qwen3,Full-FT,A,1249__repeat_3,1249,python,python,absolute,210,parso_node_ast,0,1
qwen3,Full-FT,A,1249__repeat_3,1249,python,python,absolute,211,parso_node_ast,0,1
qwen3,Full-FT,A,1249__repeat_3,1249,python,python,absolute,212,parso_node_ast,0,1
qwen3,Full-FT,A,1249__repeat_3,1249,python,python,absolute,213,parso_node_ast,0,1
qwen3,Full-FT,A,1249__repeat_3,1249,python,python,absolute,214,parso_node_ast,0,1
qwen3,Full-FT,A,1249__repeat_3,1249,python,python,absolute,215,parso_node_ast,0,1
qwen3,Full-FT,A,1249__repeat_3,1249,python,python,absolute,216,parso_node_ast,0,1
qwen3,Full-FT,A,1249__repeat_3,1249,python,python,absolute,217,parso_node_ast,0,1
qwen3,Full-FT,A,1249__repeat_3,1249,python,python,absolute,218,parso_node_ast,0,1
qwen3,Full-FT,A,1249__repeat_3,1249,python,python,absolute,219,parso_node_ast,0,1
qwen3,Full-FT,A,1249__repeat_3,1249,python,python,absolute,220,parso_node_ast,0,1
qwen3,Full-FT,A,1249__repeat_3,1249,python,python,absolute,221,parso_node_ast,0,1
qwen3,Full-FT,A,1249__repeat_3,1249,python,python,absolute,222,parso_node_ast,0,1
qwen3,Full-FT,A,1249__repeat_3,1249,python,python,absolute,223,parso_node_ast,0,1
qwen3,Full-FT,A,1249__repeat_3,1249,python,python,absolute,224,parso_node_ast,0,1
qwen3,Full-FT,A,1249__repeat_3,1249,python,python,absolute,225,parso_node_ast,0,1
qwen3,Full-FT,A,1249__repeat_3,1249,python,python,absolute,226,parso_node_ast,0,1
qwen3,Full-FT,A,1249__repeat_3,1249,python,python,absolute,227,parso_node_ast,0,1
qwen3,Full-FT,A,1249__repeat_3,1249,python,python,absolute,228,parso_node_ast,0,1
qwen3,Full-FT,A,1249__repeat_3,1249,python,python,absolute,229,parso_node_ast,0,1
qwen3,Full-FT,A,1249__repeat_3,1249,python,python,absolute,230,parso_node_ast,0,1
qwen3,Full-FT,A,1249__repeat_3,1249,python,python,absolute,231,parso_node_ast,0,1
qwen3,Full-FT,A,1249__repeat_3,1249,python,python,absolute,232,parso_node_ast,0,1
qwen3,Full-FT,A,1249__repeat_3,1249,python,python,absolute,233,parso_node_ast,0,1
qwen3,Full-FT,A,1249__repeat_3,1249,python,python,absolute,234,parso_node_ast,0,1
qwen3,Full-FT,A,1249__repeat_3,1249,python,python,absolute,235,parso_node_ast,0,1
qwen3,Full-FT,A,1249__repeat_3,1249,python,python,absolute,236,parso_node_ast,0,1
qwen3,Full-FT,A,1249__repeat_3,1249,python,python,absolute,237,parso_node_ast,0,1
qwen3,Full-FT,A,1249__repeat_3,1249,python,python,absolute,238,parso_node_ast,0,1
qwen3,Full-FT,A,1249__repeat_3,1249,python,python,absolute,239,parso_node_ast,0,1
qwen3,Full-FT,A,1249__repeat_3,1249,python,python,absolute,240,parso_node_ast,0,1
qwen3,Full-FT,A,1249__repeat_3,1249,python,python,absolute,241,parso_node_ast,0,1
qwen3,Full-FT,A,1249__repeat_3,1249,python,python,absolute,242,parso_node_ast,0,1
qwen3,Full-FT,A,1249__repeat_3,1249,python,python,absolute,243,parso_node_ast,0,1
qwen3,Full-FT,A,1249__repeat_3,1249,python,python,absolute,244,parso_node_ast,0,1
qwen3,Full-FT,A,1249__repeat_3,1249,python,python,absolute,245,parso_node_ast,0,1
qwen3,Full-FT,A,1249__repeat_3,1249,python,python,absolute,246,parso_node_ast,0,1
qwen3,Full-FT,A,1249__repeat_3,1249,python,python,absolute,247,parso_node_ast,0,1
qwen3,Full-FT,A,1249__repeat_3,1249,python,python,absolute,248,parso_node_ast,0,1
qwen3,Full-FT,A,1249__repeat_3,1249,python,python,absolute,249,parso_node_ast,0,1
qwen3,Full-FT,A,1249__repeat_3,1249,python,python,absolute,250,parso_node_ast,0,1
qwen3,Full-FT,A,1249__repeat_3,1249,python,python,absolute,251,parso_node_ast,0,1
qwen3,Full-FT,A,1249__repeat_3,1249,python,python,absolute,252,parso_node_ast,0,1
qwen3,Full-FT,A,1249__repeat_3,1249,python,python,absolute,253,parso_node_ast,0,1
qwen3,Full-FT,A,1249__repeat_3,1249,python,python,absolute,254,parso_node_ast,0,1
qwen3,Full-FT,A,1249__repeat_3,1249,python,python,absolute,255,parso_node_ast,0,1
qwen3,Full-FT,A,1249__repeat_3,1249,python,python,absolute,256,parso_node_ast,0,1
qwen3,Full-FT,A,1249__repeat_3,1249,python,python,absolute,257,parso_node_ast,0,1
qwen3,Full-FT,A,1249__repeat_3,1249,python,python,absolute,258,parso_node_ast,0,1
qwen3,Full-FT,A,1249__repeat_4,1249,boto3,boto3,absolute,2,parso_node_ast,0,1
qwen3,Full-FT,A,1249__repeat_4,1249,boto3aws,boto3aws,absolute,2,parso_node_ast,0,1
qwen3,Full-FT,A,4834__repeat_4,4834,python,python,absolute,4,parso_node_ast,0,1
qwen3,Full-FT,A,4834__repeat_4,4834,python,python,absolute,5,parso_node_ast,0,1
qwen3,Full-FT,A,4834__repeat_4,4834,python,python,absolute,6,parso_node_ast,0,1
qwen3,Full-FT,A,4834__repeat_4,4834,python,python,absolute,7,parso_node_ast,0,1
qwen3,Full-FT,A,4834__repeat_4,4834,python,python,absolute,8,parso_node_ast,0,1
qwen3,Full-FT,A,4834__repeat_4,4834,python,python,absolute,9,parso_node_ast,0,1
qwen3,Full-FT,A,4834__repeat_4,4834,python,python,absolute,10,parso_node_ast,0,1
qwen3,Full-FT,A,4834__repeat_4,4834,python,python,absolute,11,parso_node_ast,0,1
qwen3,Full-FT,A,4834__repeat_4,4834,python,python,absolute,12,parso_node_ast,0,1
qwen3,Full-FT,A,4834__repeat_4,4834,python,python,absolute,13,parso_node_ast,0,1
qwen3,Full-FT,A,4834__repeat_4,4834,python,python,absolute,14,parso_node_ast,0,1
qwen3,Full-FT,A,4834__repeat_4,4834,python,python,absolute,15,parso_node_ast,0,1
qwen3,Full-FT,A,4834__repeat_4,4834,python,python,absolute,16,parso_node_ast,0,1
qwen3,Full-FT,A,4834__repeat_4,4834,python,python,absolute,17,parso_node_ast,0,1
qwen3,Full-FT,A,4834__repeat_4,4834,python,python,absolute,18,parso_node_ast,0,1
qwen3,Full-FT,A,4834__repeat_4,4834,python,python,absolute,19,parso_node_ast,0,1
qwen3,Full-FT,A,4834__repeat_4,4834,python,python,absolute,20,parso_node_ast,0,1
qwen3,Full-FT,A,4834__repeat_4,4834,python,python,absolute,21,parso_node_ast,0,1
qwen3,Full-FT,A,4834__repeat_4,4834,python,python,absolute,22,parso_node_ast,0,1
qwen3,Full-FT,A,4834__repeat_4,4834,python,python,absolute,23,parso_node_ast,0,1
qwen3,Full-FT,A,4834__repeat_4,4834,python,python,absolute,24,parso_node_ast,0,1
qwen3,Full-FT,A,4834__repeat_4,4834,python,python,absolute,25,parso_node_ast,0,1
qwen3,Full-FT,A,4834__repeat_4,4834,python,python,absolute,26,parso_node_ast,0,1
qwen3,Full-FT,A,4834__repeat_4,4834,python,python,absolute,27,parso_node_ast,0,1
qwen3,Full-FT,A,4834__repeat_4,4834,python,python,absolute,28,parso_node_ast,0,1
qwen3,Full-FT,A,4834__repeat_4,4834,python,python,absolute,29,parso_node_ast,0,1
qwen3,Full-FT,A,4834__repeat_4,4834,python,python,absolute,30,parso_node_ast,0,1
qwen3,Full-FT,A,4834__repeat_4,4834,python,python,absolute,31,parso_node_ast,0,1
qwen3,Full-FT,A,4834__repeat_4,4834,python,python,absolute,32,parso_node_ast,0,1
qwen3,Full-FT,A,4834__repeat_4,4834,python,python,absolute,33,parso_node_ast,0,1
qwen3,Full-FT,A,4834__repeat_4,4834,python,python,absolute,34,parso_node_ast,0,1
qwen3,Full-FT,A,4834__repeat_4,4834,python,python,absolute,35,parso_node_ast,0,1
qwen3,Full-FT,A,4834__repeat_4,4834,python,python,absolute,36,parso_node_ast,0,1
qwen3,Full-FT,A,4834__repeat_4,4834,python,python,absolute,37,parso_node_ast,0,1
qwen3,Full-FT,A,4834__repeat_4,4834,python,python,absolute,38,parso_node_ast,0,1
qwen3,Full-FT,A,4834__repeat_4,4834,python,python,absolute,39,parso_node_ast,0,1
qwen3,Full-FT,A,4834__repeat_4,4834,python,python,absolute,40,parso_node_ast,0,1
qwen3,Full-FT,A,4834__repeat_4,4834,python,python,absolute,41,parso_node_ast,0,1
qwen3,Full-FT,A,4834__repeat_4,4834,python,python,absolute,42,parso_node_ast,0,1
qwen3,Full-FT,A,4834__repeat_4,4834,python,python,absolute,43,parso_node_ast,0,1
qwen3,Full-FT,A,4834__repeat_4,4834,python,python,absolute,44,parso_node_ast,0,1
qwen3,Full-FT,A,4834__repeat_4,4834,python,python,absolute,45,parso_node_ast,0,1
qwen3,Full-FT,A,4834__repeat_4,4834,python,python,absolute,46,parso_node_ast,0,1
qwen3,Full-FT,A,4834__repeat_4,4834,python,python,absolute,47,parso_node_ast,0,1
qwen3,Full-FT,A,4834__repeat_4,4834,python,python,absolute,48,parso_node_ast,0,1
qwen3,Full-FT,A,4834__repeat_4,4834,python,python,absolute,49,parso_node_ast,0,1
qwen3,Full-FT,A,4834__repeat_4,4834,python,python,absolute,50,parso_node_ast,0,1
qwen3,Full-FT,A,2284__repeat_3,2284,python,python,absolute,8,parso_node_ast,0,1
qwen3,Full-FT,A,2284__repeat_3,2284,python,python,absolute,9,parso_node_ast,0,1
qwen3,Full-FT,A,2284__repeat_3,2284,python,python,absolute,10,parso_node_ast,0,1
qwen3,Full-FT,A,2284__repeat_3,2284,python,python,absolute,11,parso_node_ast,0,1
qwen3,Full-FT,A,2284__repeat_3,2284,python,python,absolute,12,parso_node_ast,0,1
qwen3,Full-FT,A,2284__repeat_3,2284,python,python,absolute,13,parso_node_ast,0,1
qwen3,Full-FT,A,2284__repeat_3,2284,python,python,absolute,14,parso_node_ast,0,1
qwen3,Full-FT,A,2284__repeat_3,2284,python,python,absolute,15,parso_node_ast,0,1
qwen3,Full-FT,A,2284__repeat_3,2284,python,python,absolute,16,parso_node_ast,0,1
qwen3,Full-FT,A,2284__repeat_3,2284,python,python,absolute,17,parso_node_ast,0,1
qwen3,Full-FT,A,2284__repeat_3,2284,python,python,absolute,18,parso_node_ast,0,1
qwen3,Full-FT,A,2284__repeat_3,2284,python,python,absolute,19,parso_node_ast,0,1
qwen3,Full-FT,A,2284__repeat_3,2284,python,python,absolute,20,parso_node_ast,0,1
qwen3,Full-FT,A,2284__repeat_3,2284,python,python,absolute,21,parso_node_ast,0,1
qwen3,Full-FT,A,2284__repeat_3,2284,python,python,absolute,22,parso_node_ast,0,1
qwen3,Full-FT,A,2284__repeat_3,2284,python,python,absolute,23,parso_node_ast,0,1
qwen3,Full-FT,A,2284__repeat_3,2284,python,python,absolute,24,parso_node_ast,0,1
qwen3,Full-FT,A,2284__repeat_3,2284,python,python,absolute,25,parso_node_ast,0,1
qwen3,Full-FT,A,2284__repeat_3,2284,python,python,absolute,26,parso_node_ast,0,1
qwen3,Full-FT,A,2284__repeat_3,2284,python,python,absolute,27,parso_node_ast,0,1
qwen3,Full-FT,A,2284__repeat_3,2284,python,python,absolute,28,parso_node_ast,0,1
qwen3,Full-FT,A,2284__repeat_3,2284,python,python,absolute,29,parso_node_ast,0,1
qwen3,Full-FT,A,2284__repeat_3,2284,python,python,absolute,30,parso_node_ast,0,1
qwen3,Full-FT,A,2284__repeat_3,2284,python,python,absolute,31,parso_node_ast,0,1
qwen3,Full-FT,A,2284__repeat_3,2284,python,python,absolute,32,parso_node_ast,0,1
qwen3,Full-FT,A,2284__repeat_3,2284,python,python,absolute,33,parso_node_ast,0,1
qwen3,Full-FT,A,2284__repeat_3,2284,python,python,absolute,34,parso_node_ast,0,1
qwen3,Full-FT,A,2284__repeat_3,2284,python,python,absolute,35,parso_node_ast,0,1
qwen3,Full-FT,A,2284__repeat_3,2284,python,python,absolute,36,parso_node_ast,0,1
qwen3,Full-FT,A,2284__repeat_3,2284,python,python,absolute,37,parso_node_ast,0,1
qwen3,Full-FT,A,2284__repeat_3,2284,python,python,absolute,38,parso_node_ast,0,1
qwen3,Full-FT,A,2284__repeat_3,2284,python,python,absolute,39,parso_node_ast,0,1
qwen3,Full-FT,A,2284__repeat_3,2284,python,python,absolute,40,parso_node_ast,0,1
qwen3,Full-FT,A,2284__repeat_3,2284,python,python,absolute,41,parso_node_ast,0,1
qwen3,Full-FT,A,2284__repeat_3,2284,python,python,absolute,42,parso_node_ast,0,1
qwen3,Full-FT,A,2284__repeat_3,2284,python,python,absolute,43,parso_node_ast,0,1
qwen3,Full-FT,A,2284__repeat_3,2284,python,python,absolute,44,parso_node_ast,0,1
qwen3,Full-FT,A,2284__repeat_3,2284,python,python,absolute,45,parso_node_ast,0,1
qwen3,Full-FT,A,2284__repeat_3,2284,python,python,absolute,46,parso_node_ast,0,1
qwen3,Full-FT,A,2284__repeat_3,2284,python,python,absolute,47,parso_node_ast,0,1
qwen3,Full-FT,A,2284__repeat_3,2284,python,python,absolute,48,parso_node_ast,0,1
qwen3,Full-FT,A,2284__repeat_5,2284,python,python,absolute,7,parso_node_ast,0,1
qwen3,Full-FT,A,4386__repeat_1,4386,matplotlib,matplotlib,absolute,4,parso_node_ast,0,1
qwen3,Full-FT,A,4386__repeat_1,4386,numpy,numpy,absolute,5,parso_node_ast,0,0
qwen3,Full-FT,A,4386__repeat_1,4386,pandas,pandas,absolute,6,parso_node_ast,0,0
qwen3,Full-FT,A,4386__repeat_3,4386,python,python,absolute,5,parso_node_ast,0,1
qwen3,Full-FT,A,4386__repeat_3,4386,python,python,absolute,6,parso_node_ast,0,1
qwen3,Full-FT,A,4386__repeat_3,4386,python,python,absolute,7,parso_node_ast,0,1
qwen3,Full-FT,A,4386__repeat_3,4386,python,python,absolute,8,parso_node_ast,0,1
qwen3,Full-FT,A,4386__repeat_3,4386,python,python,absolute,9,parso_node_ast,0,1
qwen3,Full-FT,A,4386__repeat_3,4386,python,python,absolute,10,parso_node_ast,0,1
qwen3,Full-FT,A,4386__repeat_3,4386,python,python,absolute,11,parso_node_ast,0,1
qwen3,Full-FT,A,4386__repeat_3,4386,python,python,absolute,12,parso_node_ast,0,1
qwen3,Full-FT,A,3140__repeat_3,3140,python,python,absolute,4,parso_node_ast,0,1
qwen3,Full-FT,A,3140__repeat_3,3140,pywin32,pywin32,absolute,5,parso_node_ast,0,0
qwen3,Full-FT,A,3140__repeat_3,3140,python,python,absolute,5,parso_node_ast,0,1
qwen3,Full-FT,A,3140__repeat_4,3140,python,python,absolute,4,parso_node_ast,0,1
qwen3,Full-FT,A,3140__repeat_4,3140,python,python,absolute,5,parso_node_ast,0,1
qwen3,Full-FT,A,3140__repeat_4,3140,python,python,absolute,6,parso_node_ast,0,1
qwen3,Full-FT,A,3140__repeat_4,3140,python,python,absolute,7,parso_node_ast,0,1
qwen3,Full-FT,A,3140__repeat_4,3140,python,python,absolute,8,parso_node_ast,0,1
qwen3,Full-FT,A,3140__repeat_4,3140,python,python,absolute,9,parso_node_ast,0,1
qwen3,Full-FT,A,3140__repeat_4,3140,python,python,absolute,10,parso_node_ast,0,1
qwen3,Full-FT,A,3140__repeat_4,3140,python,python,absolute,11,parso_node_ast,0,1
qwen3,Full-FT,A,3140__repeat_4,3140,python,python,absolute,12,parso_node_ast,0,1
qwen3,Full-FT,A,3140__repeat_4,3140,python,python,absolute,13,parso_node_ast,0,1
qwen3,Full-FT,A,3140__repeat_4,3140,python,python,absolute,14,parso_node_ast,0,1
qwen3,Full-FT,A,3140__repeat_4,3140,python,python,absolute,15,parso_node_ast,0,1
qwen3,Full-FT,A,3140__repeat_4,3140,python,python,absolute,16,parso_node_ast,0,1
qwen3,Full-FT,A,3140__repeat_4,3140,python,python,absolute,17,parso_node_ast,0,1
qwen3,Full-FT,A,3140__repeat_4,3140,python,python,absolute,18,parso_node_ast,0,1
qwen3,Full-FT,A,3140__repeat_4,3140,python,python,absolute,19,parso_node_ast,0,1
qwen3,Full-FT,A,3140__repeat_4,3140,python,python,absolute,20,parso_node_ast,0,1
qwen3,Full-FT,A,3140__repeat_4,3140,python,python,absolute,21,parso_node_ast,0,1
qwen3,Full-FT,A,3140__repeat_4,3140,python,python,absolute,22,parso_node_ast,0,1
qwen3,Full-FT,A,3140__repeat_4,3140,python,python,absolute,23,parso_node_ast,0,1
qwen3,Full-FT,A,3140__repeat_4,3140,python,python,absolute,24,parso_node_ast,0,1
qwen3,Full-FT,A,3140__repeat_4,3140,python,python,absolute,25,parso_node_ast,0,1
qwen3,Full-FT,A,3140__repeat_4,3140,python,python,absolute,26,parso_node_ast,0,1
qwen3,Full-FT,A,3140__repeat_4,3140,python,python,absolute,27,parso_node_ast,0,1
qwen3,Full-FT,A,3140__repeat_4,3140,python,python,absolute,28,parso_node_ast,0,1
qwen3,Full-FT,A,3140__repeat_4,3140,python,python,absolute,29,parso_node_ast,0,1
qwen3,Full-FT,A,3140__repeat_4,3140,python,python,absolute,30,parso_node_ast,0,1
qwen3,Full-FT,A,3140__repeat_4,3140,python,python,absolute,31,parso_node_ast,0,1
qwen3,Full-FT,A,3140__repeat_4,3140,python,python,absolute,32,parso_node_ast,0,1
qwen3,Full-FT,A,3140__repeat_4,3140,python,python,absolute,33,parso_node_ast,0,1
qwen3,Full-FT,A,3140__repeat_4,3140,python,python,absolute,34,parso_node_ast,0,1
qwen3,Full-FT,A,3140__repeat_4,3140,python,python,absolute,35,parso_node_ast,0,1
qwen3,Full-FT,A,3140__repeat_4,3140,python,python,absolute,36,parso_node_ast,0,1
qwen3,Full-FT,A,3140__repeat_4,3140,python,python,absolute,37,parso_node_ast,0,1
qwen3,Full-FT,A,3140__repeat_4,3140,python,python,absolute,38,parso_node_ast,0,1
qwen3,Full-FT,A,3140__repeat_4,3140,python,python,absolute,39,parso_node_ast,0,1
qwen3,Full-FT,A,3140__repeat_4,3140,python,python,absolute,40,parso_node_ast,0,1
qwen3,Full-FT,A,3140__repeat_4,3140,python,python,absolute,41,parso_node_ast,0,1
qwen3,Full-FT,A,3140__repeat_4,3140,python,python,absolute,42,parso_node_ast,0,1
qwen3,Full-FT,A,3140__repeat_4,3140,python,python,absolute,43,parso_node_ast,0,1
qwen3,Full-FT,A,3140__repeat_4,3140,python,python,absolute,44,parso_node_ast,0,1
qwen3,Full-FT,A,3140__repeat_4,3140,python,python,absolute,45,parso_node_ast,0,1
qwen3,Full-FT,A,3140__repeat_4,3140,python,python,absolute,46,parso_node_ast,0,1
qwen3,Full-FT,A,3140__repeat_4,3140,python,python,absolute,47,parso_node_ast,0,1
qwen3,Full-FT,A,3140__repeat_4,3140,python,python,absolute,48,parso_node_ast,0,1
qwen3,Full-FT,A,3140__repeat_4,3140,python,python,absolute,49,parso_node_ast,0,1
qwen3,Full-FT,A,3140__repeat_4,3140,python,python,absolute,50,parso_node_ast,0,1
qwen3,Full-FT,A,3140__repeat_4,3140,python,python,absolute,51,parso_node_ast,0,1
qwen3,Full-FT,A,3140__repeat_4,3140,python,python,absolute,52,parso_node_ast,0,1
qwen3,Full-FT,A,3140__repeat_4,3140,python,python,absolute,53,parso_node_ast,0,1
qwen3,Full-FT,A,3140__repeat_4,3140,python,python,absolute,54,parso_node_ast,0,1
qwen3,Full-FT,A,3140__repeat_4,3140,python,python,absolute,55,parso_node_ast,0,1
qwen3,Full-FT,A,3140__repeat_4,3140,python,python,absolute,56,parso_node_ast,0,1
qwen3,Full-FT,A,3140__repeat_4,3140,python,python,absolute,57,parso_node_ast,0,1
qwen3,Full-FT,A,3140__repeat_4,3140,python,python,absolute,58,parso_node_ast,0,1
qwen3,Full-FT,A,3140__repeat_4,3140,python,python,absolute,59,parso_node_ast,0,1
qwen3,Full-FT,A,3140__repeat_4,3140,python,python,absolute,60,parso_node_ast,0,1
qwen3,Full-FT,A,3140__repeat_4,3140,python,python,absolute,61,parso_node_ast,0,1
qwen3,Full-FT,A,3140__repeat_4,3140,python,python,absolute,62,parso_node_ast,0,1
qwen3,Full-FT,A,3140__repeat_4,3140,python,python,absolute,63,parso_node_ast,0,1
qwen3,Full-FT,A,3140__repeat_4,3140,python,python,absolute,64,parso_node_ast,0,1
qwen3,Full-FT,A,3140__repeat_4,3140,python,python,absolute,65,parso_node_ast,0,1
qwen3,Full-FT,A,3140__repeat_4,3140,python,python,absolute,66,parso_node_ast,0,1
qwen3,Full-FT,A,3140__repeat_4,3140,python,python,absolute,67,parso_node_ast,0,1
qwen3,Full-FT,A,3140__repeat_4,3140,python,python,absolute,68,parso_node_ast,0,1
qwen3,Full-FT,A,3140__repeat_4,3140,python,python,absolute,69,parso_node_ast,0,1
qwen3,Full-FT,A,3140__repeat_4,3140,python,python,absolute,70,parso_node_ast,0,1
qwen3,Full-FT,A,3140__repeat_4,3140,python,python,absolute,71,parso_node_ast,0,1
qwen3,Full-FT,A,3140__repeat_4,3140,python,python,absolute,72,parso_node_ast,0,1
qwen3,Full-FT,A,3140__repeat_4,3140,python,python,absolute,73,parso_node_ast,0,1
qwen3,Full-FT,A,3140__repeat_4,3140,python,python,absolute,74,parso_node_ast,0,1
qwen3,Full-FT,A,3140__repeat_4,3140,python,python,absolute,75,parso_node_ast,0,1
qwen3,Full-FT,A,3140__repeat_4,3140,python,python,absolute,76,parso_node_ast,0,1
qwen3,Full-FT,A,3140__repeat_4,3140,python,python,absolute,77,parso_node_ast,0,1
qwen3,Full-FT,A,3140__repeat_4,3140,python,python,absolute,78,parso_node_ast,0,1
qwen3,Full-FT,A,3140__repeat_4,3140,python,python,absolute,79,parso_node_ast,0,1
qwen3,Full-FT,A,3140__repeat_4,3140,python,python,absolute,80,parso_node_ast,0,1
qwen3,Full-FT,A,3140__repeat_4,3140,python,python,absolute,81,parso_node_ast,0,1
qwen3,Full-FT,A,3140__repeat_4,3140,python,python,absolute,82,parso_node_ast,0,1
qwen3,Full-FT,A,3140__repeat_4,3140,python,python,absolute,83,parso_node_ast,0,1
qwen3,Full-FT,A,3140__repeat_4,3140,python,python,absolute,84,parso_node_ast,0,1
qwen3,Full-FT,A,3140__repeat_4,3140,python,python,absolute,85,parso_node_ast,0,1
qwen3,Full-FT,A,3140__repeat_4,3140,python,python,absolute,86,parso_node_ast,0,1
qwen3,Full-FT,A,3140__repeat_4,3140,python,python,absolute,87,parso_node_ast,0,1
qwen3,Full-FT,A,3140__repeat_4,3140,python,python,absolute,88,parso_node_ast,0,1
qwen3,Full-FT,A,3140__repeat_4,3140,python,python,absolute,89,parso_node_ast,0,1
qwen3,Full-FT,A,3140__repeat_4,3140,python,python,absolute,90,parso_node_ast,0,1
qwen3,Full-FT,A,3140__repeat_4,3140,python,python,absolute,91,parso_node_ast,0,1
qwen3,Full-FT,A,3140__repeat_4,3140,python,python,absolute,92,parso_node_ast,0,1
qwen3,Full-FT,A,3140__repeat_4,3140,python,python,absolute,93,parso_node_ast,0,1
qwen3,Full-FT,A,3140__repeat_4,3140,python,python,absolute,94,parso_node_ast,0,1
qwen3,Full-FT,A,3140__repeat_4,3140,python,python,absolute,95,parso_node_ast,0,1
qwen3,Full-FT,A,3140__repeat_4,3140,python,python,absolute,96,parso_node_ast,0,1
qwen3,Full-FT,A,3140__repeat_4,3140,python,python,absolute,97,parso_node_ast,0,1
qwen3,Full-FT,A,3140__repeat_4,3140,python,python,absolute,98,parso_node_ast,0,1
qwen3,Full-FT,A,3140__repeat_4,3140,python,python,absolute,99,parso_node_ast,0,1
qwen3,Full-FT,A,3140__repeat_4,3140,python,python,absolute,100,parso_node_ast,0,1
qwen3,Full-FT,A,3140__repeat_4,3140,python,python,absolute,101,parso_node_ast,0,1
qwen3,Full-FT,A,3140__repeat_4,3140,python,python,absolute,102,parso_node_ast,0,1
qwen3,Full-FT,A,3140__repeat_4,3140,python,python,absolute,103,parso_node_ast,0,1
qwen3,Full-FT,A,3140__repeat_4,3140,python,python,absolute,104,parso_node_ast,0,1
qwen3,Full-FT,A,3140__repeat_4,3140,python,python,absolute,105,parso_node_ast,0,1
qwen3,Full-FT,A,3140__repeat_4,3140,python,python,absolute,106,parso_node_ast,0,1
qwen3,Full-FT,A,3140__repeat_4,3140,python,python,absolute,107,parso_node_ast,0,1
qwen3,Full-FT,A,3140__repeat_4,3140,python,python,absolute,108,parso_node_ast,0,1
qwen3,Full-FT,A,3140__repeat_4,3140,python,python,absolute,109,parso_node_ast,0,1
qwen3,Full-FT,A,3140__repeat_4,3140,python,python,absolute,110,parso_node_ast,0,1
qwen3,Full-FT,A,3140__repeat_4,3140,python,python,absolute,111,parso_node_ast,0,1
qwen3,Full-FT,A,3140__repeat_4,3140,python,python,absolute,112,parso_node_ast,0,1
qwen3,Full-FT,A,3140__repeat_4,3140,python,python,absolute,113,parso_node_ast,0,1
qwen3,Full-FT,A,3140__repeat_4,3140,python,python,absolute,114,parso_node_ast,0,1
qwen3,Full-FT,A,3140__repeat_4,3140,python,python,absolute,115,parso_node_ast,0,1
qwen3,Full-FT,A,3140__repeat_4,3140,python,python,absolute,116,parso_node_ast,0,1
qwen3,Full-FT,A,3140__repeat_4,3140,python,python,absolute,117,parso_node_ast,0,1
qwen3,Full-FT,A,3140__repeat_4,3140,python,python,absolute,118,parso_node_ast,0,1
qwen3,Full-FT,A,3140__repeat_4,3140,python,python,absolute,119,parso_node_ast,0,1
qwen3,Full-FT,A,3140__repeat_4,3140,python,python,absolute,120,parso_node_ast,0,1
qwen3,Full-FT,A,3140__repeat_4,3140,python,python,absolute,121,parso_node_ast,0,1
qwen3,Full-FT,A,3140__repeat_4,3140,python,python,absolute,122,parso_node_ast,0,1
qwen3,Full-FT,A,3140__repeat_4,3140,python,python,absolute,123,parso_node_ast,0,1
qwen3,Full-FT,A,3140__repeat_4,3140,python,python,absolute,124,parso_node_ast,0,1
qwen3,Full-FT,A,3140__repeat_4,3140,python,python,absolute,125,parso_node_ast,0,1
qwen3,Full-FT,A,3140__repeat_4,3140,python,python,absolute,126,parso_node_ast,0,1
qwen3,Full-FT,A,3140__repeat_4,3140,python,python,absolute,127,parso_node_ast,0,1
qwen3,Full-FT,A,3140__repeat_4,3140,python,python,absolute,128,parso_node_ast,0,1
qwen3,Full-FT,A,3140__repeat_4,3140,python,python,absolute,129,parso_node_ast,0,1
qwen3,Full-FT,A,3140__repeat_4,3140,python,python,absolute,130,parso_node_ast,0,1
qwen3,Full-FT,A,3140__repeat_4,3140,python,python,absolute,131,parso_node_ast,0,1
qwen3,Full-FT,A,3140__repeat_4,3140,python,python,absolute,132,parso_node_ast,0,1
qwen3,Full-FT,A,3140__repeat_4,3140,python,python,absolute,133,parso_node_ast,0,1
qwen3,Full-FT,A,3140__repeat_4,3140,python,python,absolute,134,parso_node_ast,0,1
qwen3,Full-FT,A,3140__repeat_4,3140,python,python,absolute,135,parso_node_ast,0,1
qwen3,Full-FT,A,3140__repeat_4,3140,python,python,absolute,136,parso_node_ast,0,1
qwen3,Full-FT,A,3140__repeat_4,3140,python,python,absolute,137,parso_node_ast,0,1
qwen3,Full-FT,A,3140__repeat_4,3140,python,python,absolute,138,parso_node_ast,0,1
qwen3,Full-FT,A,3140__repeat_4,3140,python,python,absolute,139,parso_node_ast,0,1
qwen3,Full-FT,A,3140__repeat_4,3140,python,python,absolute,140,parso_node_ast,0,1
qwen3,Full-FT,A,3140__repeat_4,3140,python,python,absolute,141,parso_node_ast,0,1
qwen3,Full-FT,A,3140__repeat_4,3140,python,python,absolute,142,parso_node_ast,0,1
qwen3,Full-FT,A,3140__repeat_4,3140,python,python,absolute,143,parso_node_ast,0,1
qwen3,Full-FT,A,3140__repeat_4,3140,python,python,absolute,144,parso_node_ast,0,1
qwen3,Full-FT,A,3140__repeat_4,3140,python,python,absolute,145,parso_node_ast,0,1
qwen3,Full-FT,A,3140__repeat_4,3140,python,python,absolute,146,parso_node_ast,0,1
qwen3,Full-FT,A,3140__repeat_4,3140,python,python,absolute,147,parso_node_ast,0,1
qwen3,Full-FT,A,3140__repeat_4,3140,python,python,absolute,148,parso_node_ast,0,1
qwen3,Full-FT,A,3140__repeat_4,3140,python,python,absolute,149,parso_node_ast,0,1
qwen3,Full-FT,A,3140__repeat_4,3140,python,python,absolute,150,parso_node_ast,0,1
qwen3,Full-FT,A,1446__repeat_1,1446,python,python,absolute,6,parso_node_ast,0,1
qwen3,Full-FT,A,1446__repeat_1,1446,python,python,absolute,7,parso_node_ast,0,1
qwen3,Full-FT,A,1446__repeat_1,1446,python,python,absolute,8,parso_node_ast,0,1
qwen3,Full-FT,A,1446__repeat_1,1446,python,python,absolute,9,parso_node_ast,0,1
qwen3,Full-FT,A,1446__repeat_1,1446,python,python,absolute,10,parso_node_ast,0,1
qwen3,Full-FT,A,1446__repeat_1,1446,python,python,absolute,11,parso_node_ast,0,1
qwen3,Full-FT,A,1446__repeat_1,1446,python,python,absolute,12,parso_node_ast,0,1
qwen3,Full-FT,A,1446__repeat_1,1446,python,python,absolute,13,parso_node_ast,0,1
qwen3,Full-FT,A,1446__repeat_1,1446,python,python,absolute,14,parso_node_ast,0,1
qwen3,Full-FT,A,1446__repeat_1,1446,python,python,absolute,15,parso_node_ast,0,1
qwen3,Full-FT,A,1446__repeat_1,1446,python,python,absolute,16,parso_node_ast,0,1
qwen3,Full-FT,A,1446__repeat_1,1446,python,python,absolute,17,parso_node_ast,0,1
qwen3,Full-FT,A,1446__repeat_1,1446,python,python,absolute,18,parso_node_ast,0,1
qwen3,Full-FT,A,1446__repeat_1,1446,python,python,absolute,19,parso_node_ast,0,1
qwen3,Full-FT,A,1446__repeat_1,1446,python,python,absolute,20,parso_node_ast,0,1
qwen3,Full-FT,A,1446__repeat_1,1446,python,python,absolute,21,parso_node_ast,0,1
qwen3,Full-FT,A,1446__repeat_1,1446,python,python,absolute,22,parso_node_ast,0,1
qwen3,Full-FT,A,1446__repeat_1,1446,python,python,absolute,23,parso_node_ast,0,1
qwen3,Full-FT,A,1446__repeat_1,1446,python,python,absolute,24,parso_node_ast,0,1
qwen3,Full-FT,A,1446__repeat_1,1446,python,python,absolute,25,parso_node_ast,0,1
qwen3,Full-FT,A,1446__repeat_1,1446,python,python,absolute,26,parso_node_ast,0,1
qwen3,Full-FT,A,1446__repeat_1,1446,python,python,absolute,27,parso_node_ast,0,1
qwen3,Full-FT,A,1446__repeat_1,1446,python,python,absolute,28,parso_node_ast,0,1
qwen3,Full-FT,A,1446__repeat_1,1446,python,python,absolute,29,parso_node_ast,0,1
qwen3,Full-FT,A,1446__repeat_1,1446,python,python,absolute,30,parso_node_ast,0,1
qwen3,Full-FT,A,1446__repeat_1,1446,python,python,absolute,31,parso_node_ast,0,1
qwen3,Full-FT,A,1446__repeat_1,1446,python,python,absolute,32,parso_node_ast,0,1
qwen3,Full-FT,A,1446__repeat_1,1446,python,python,absolute,33,parso_node_ast,0,1
qwen3,Full-FT,A,1446__repeat_1,1446,python,python,absolute,34,parso_node_ast,0,1
qwen3,Full-FT,A,1446__repeat_1,1446,python,python,absolute,35,parso_node_ast,0,1
qwen3,Full-FT,A,1446__repeat_1,1446,python,python,absolute,36,parso_node_ast,0,1
qwen3,Full-FT,A,1446__repeat_1,1446,python,python,absolute,37,parso_node_ast,0,1
qwen3,Full-FT,A,1446__repeat_1,1446,python,python,absolute,38,parso_node_ast,0,1
qwen3,Full-FT,A,1446__repeat_1,1446,python,python,absolute,39,parso_node_ast,0,1
qwen3,Full-FT,A,1446__repeat_1,1446,python,python,absolute,40,parso_node_ast,0,1
qwen3,Full-FT,A,1446__repeat_1,1446,python,python,absolute,41,parso_node_ast,0,1
qwen3,Full-FT,A,1446__repeat_1,1446,python,python,absolute,42,parso_node_ast,0,1
qwen3,Full-FT,A,1446__repeat_1,1446,python,python,absolute,43,parso_node_ast,0,1
qwen3,Full-FT,A,1446__repeat_1,1446,python,python,absolute,44,parso_node_ast,0,1
qwen3,Full-FT,A,1446__repeat_1,1446,python,python,absolute,45,parso_node_ast,0,1
qwen3,Full-FT,A,1446__repeat_1,1446,python,python,absolute,46,parso_node_ast,0,1
qwen3,Full-FT,A,1446__repeat_1,1446,python,python,absolute,47,parso_node_ast,0,1
qwen3,Full-FT,A,1446__repeat_1,1446,python,python,absolute,48,parso_node_ast,0,1
qwen3,Full-FT,A,1446__repeat_1,1446,python,python,absolute,49,parso_node_ast,0,1
qwen3,Full-FT,A,1446__repeat_1,1446,python,python,absolute,50,parso_node_ast,0,1
qwen3,Full-FT,A,1446__repeat_1,1446,python,python,absolute,51,parso_node_ast,0,1
qwen3,Full-FT,A,1446__repeat_1,1446,python,python,absolute,52,parso_node_ast,0,1
qwen3,Full-FT,A,1446__repeat_1,1446,python,python,absolute,53,parso_node_ast,0,1
qwen3,Full-FT,A,1446__repeat_1,1446,python,python,absolute,54,parso_node_ast,0,1
qwen3,Full-FT,A,1446__repeat_1,1446,python,python,absolute,55,parso_node_ast,0,1
qwen3,Full-FT,A,1446__repeat_1,1446,python,python,absolute,56,parso_node_ast,0,1
qwen3,Full-FT,A,1446__repeat_1,1446,python,python,absolute,57,parso_node_ast,0,1
qwen3,Full-FT,A,1446__repeat_1,1446,python,python,absolute,58,parso_node_ast,0,1
qwen3,Full-FT,A,1446__repeat_1,1446,python,python,absolute,59,parso_node_ast,0,1
qwen3,Full-FT,A,1446__repeat_1,1446,python,python,absolute,60,parso_node_ast,0,1
qwen3,Full-FT,A,1446__repeat_1,1446,python,python,absolute,61,parso_node_ast,0,1
qwen3,Full-FT,A,1446__repeat_1,1446,python,python,absolute,62,parso_node_ast,0,1
qwen3,Full-FT,A,1446__repeat_1,1446,python,python,absolute,63,parso_node_ast,0,1
qwen3,Full-FT,A,1446__repeat_1,1446,python,python,absolute,64,parso_node_ast,0,1
qwen3,Full-FT,A,1446__repeat_1,1446,python,python,absolute,65,parso_node_ast,0,1
qwen3,Full-FT,A,1446__repeat_1,1446,python,python,absolute,66,parso_node_ast,0,1
qwen3,Full-FT,A,1446__repeat_1,1446,python,python,absolute,67,parso_node_ast,0,1
qwen3,Full-FT,A,1446__repeat_1,1446,python,python,absolute,68,parso_node_ast,0,1
qwen3,Full-FT,A,1446__repeat_1,1446,python,python,absolute,69,parso_node_ast,0,1
qwen3,Full-FT,A,1446__repeat_1,1446,python,python,absolute,70,parso_node_ast,0,1
qwen3,Full-FT,A,1446__repeat_1,1446,python,python,absolute,71,parso_node_ast,0,1
qwen3,Full-FT,A,1446__repeat_1,1446,python,python,absolute,72,parso_node_ast,0,1
qwen3,Full-FT,A,1446__repeat_1,1446,python,python,absolute,73,parso_node_ast,0,1
qwen3,Full-FT,A,1446__repeat_1,1446,python,python,absolute,74,parso_node_ast,0,1
qwen3,Full-FT,A,1446__repeat_1,1446,python,python,absolute,75,parso_node_ast,0,1
qwen3,Full-FT,A,1446__repeat_1,1446,python,python,absolute,76,parso_node_ast,0,1
qwen3,Full-FT,A,1446__repeat_1,1446,python,python,absolute,77,parso_node_ast,0,1
qwen3,Full-FT,A,1446__repeat_1,1446,python,python,absolute,78,parso_node_ast,0,1
qwen3,Full-FT,A,1446__repeat_1,1446,python,python,absolute,79,parso_node_ast,0,1
qwen3,Full-FT,A,1446__repeat_1,1446,python,python,absolute,80,parso_node_ast,0,1
qwen3,Full-FT,A,1446__repeat_1,1446,python,python,absolute,81,parso_node_ast,0,1
qwen3,Full-FT,A,1446__repeat_1,1446,python,python,absolute,82,parso_node_ast,0,1
qwen3,Full-FT,A,1446__repeat_1,1446,python,python,absolute,83,parso_node_ast,0,1
qwen3,Full-FT,A,1446__repeat_1,1446,python,python,absolute,84,parso_node_ast,0,1
qwen3,Full-FT,A,1446__repeat_1,1446,python,python,absolute,85,parso_node_ast,0,1
qwen3,Full-FT,A,1446__repeat_1,1446,python,python,absolute,86,parso_node_ast,0,1
qwen3,Full-FT,A,1446__repeat_1,1446,python,python,absolute,87,parso_node_ast,0,1
qwen3,Full-FT,A,1446__repeat_1,1446,python,python,absolute,88,parso_node_ast,0,1
qwen3,Full-FT,A,1446__repeat_1,1446,python,python,absolute,89,parso_node_ast,0,1
qwen3,Full-FT,A,1446__repeat_1,1446,python,python,absolute,90,parso_node_ast,0,1
qwen3,Full-FT,A,1446__repeat_1,1446,python,python,absolute,91,parso_node_ast,0,1
qwen3,Full-FT,A,1446__repeat_1,1446,python,python,absolute,92,parso_node_ast,0,1
qwen3,Full-FT,A,1446__repeat_1,1446,python,python,absolute,93,parso_node_ast,0,1
qwen3,Full-FT,A,1446__repeat_1,1446,python,python,absolute,94,parso_node_ast,0,1
qwen3,Full-FT,A,1446__repeat_1,1446,python,python,absolute,95,parso_node_ast,0,1
qwen3,Full-FT,A,1446__repeat_1,1446,python,python,absolute,96,parso_node_ast,0,1
qwen3,Full-FT,A,1446__repeat_1,1446,python,python,absolute,97,parso_node_ast,0,1
qwen3,Full-FT,A,1446__repeat_1,1446,python,python,absolute,98,parso_node_ast,0,1
qwen3,Full-FT,A,1446__repeat_1,1446,python,python,absolute,99,parso_node_ast,0,1
qwen3,Full-FT,A,1446__repeat_1,1446,python,python,absolute,100,parso_node_ast,0,1
qwen3,Full-FT,A,1446__repeat_1,1446,python,python,absolute,101,parso_node_ast,0,1
qwen3,Full-FT,A,1446__repeat_1,1446,python,python,absolute,102,parso_node_ast,0,1
qwen3,Full-FT,A,1446__repeat_1,1446,python,python,absolute,103,parso_node_ast,0,1
qwen3,Full-FT,A,1446__repeat_1,1446,python,python,absolute,104,parso_node_ast,0,1
qwen3,Full-FT,A,1446__repeat_1,1446,python,python,absolute,105,parso_node_ast,0,1
qwen3,Full-FT,A,1446__repeat_1,1446,python,python,absolute,106,parso_node_ast,0,1
qwen3,Full-FT,A,1446__repeat_1,1446,python,python,absolute,107,parso_node_ast,0,1
qwen3,Full-FT,A,1446__repeat_1,1446,python,python,absolute,108,parso_node_ast,0,1
qwen3,Full-FT,A,1446__repeat_1,1446,python,python,absolute,109,parso_node_ast,0,1
qwen3,Full-FT,A,1446__repeat_1,1446,python,python,absolute,110,parso_node_ast,0,1
qwen3,Full-FT,A,1446__repeat_1,1446,python,python,absolute,111,parso_node_ast,0,1
qwen3,Full-FT,A,1446__repeat_1,1446,python,python,absolute,112,parso_node_ast,0,1
qwen3,Full-FT,A,1446__repeat_1,1446,python,python,absolute,113,parso_node_ast,0,1
qwen3,Full-FT,A,1446__repeat_1,1446,python,python,absolute,114,parso_node_ast,0,1
qwen3,Full-FT,A,1446__repeat_1,1446,python,python,absolute,115,parso_node_ast,0,1
qwen3,Full-FT,A,1446__repeat_1,1446,python,python,absolute,116,parso_node_ast,0,1
qwen3,Full-FT,A,1446__repeat_1,1446,python,python,absolute,117,parso_node_ast,0,1
qwen3,Full-FT,A,1446__repeat_1,1446,python,python,absolute,118,parso_node_ast,0,1
qwen3,Full-FT,A,1446__repeat_1,1446,python,python,absolute,119,parso_node_ast,0,1
qwen3,Full-FT,A,1446__repeat_1,1446,python,python,absolute,120,parso_node_ast,0,1
qwen3,Full-FT,A,1446__repeat_1,1446,python,python,absolute,121,parso_node_ast,0,1
qwen3,Full-FT,A,1446__repeat_1,1446,python,python,absolute,122,parso_node_ast,0,1
qwen3,Full-FT,A,1446__repeat_1,1446,python,python,absolute,123,parso_node_ast,0,1
qwen3,Full-FT,A,1446__repeat_1,1446,python,python,absolute,124,parso_node_ast,0,1
qwen3,Full-FT,A,1446__repeat_1,1446,python,python,absolute,125,parso_node_ast,0,1
qwen3,Full-FT,A,1446__repeat_1,1446,python,python,absolute,126,parso_node_ast,0,1
qwen3,Full-FT,A,1446__repeat_1,1446,python,python,absolute,127,parso_node_ast,0,1
qwen3,Full-FT,A,1446__repeat_1,1446,python,python,absolute,128,parso_node_ast,0,1
qwen3,Full-FT,A,1446__repeat_1,1446,python,python,absolute,129,parso_node_ast,0,1
qwen3,Full-FT,A,1446__repeat_1,1446,python,python,absolute,130,parso_node_ast,0,1
qwen3,Full-FT,A,1446__repeat_1,1446,python,python,absolute,131,parso_node_ast,0,1
qwen3,Full-FT,A,1446__repeat_1,1446,python,python,absolute,132,parso_node_ast,0,1
qwen3,Full-FT,A,1446__repeat_1,1446,python,python,absolute,133,parso_node_ast,0,1
qwen3,Full-FT,A,1446__repeat_1,1446,python,python,absolute,134,parso_node_ast,0,1
qwen3,Full-FT,A,1446__repeat_1,1446,python,python,absolute,135,parso_node_ast,0,1
qwen3,Full-FT,A,1446__repeat_1,1446,python,python,absolute,136,parso_node_ast,0,1
qwen3,Full-FT,A,1446__repeat_1,1446,python,python,absolute,137,parso_node_ast,0,1
qwen3,Full-FT,A,1446__repeat_1,1446,python,python,absolute,138,parso_node_ast,0,1
qwen3,Full-FT,A,1446__repeat_1,1446,python,python,absolute,139,parso_node_ast,0,1
qwen3,Full-FT,A,1446__repeat_1,1446,python,python,absolute,140,parso_node_ast,0,1
qwen3,Full-FT,A,1446__repeat_1,1446,python,python,absolute,141,parso_node_ast,0,1
qwen3,Full-FT,A,1446__repeat_1,1446,python,python,absolute,142,parso_node_ast,0,1
qwen3,Full-FT,A,1446__repeat_1,1446,python,python,absolute,143,parso_node_ast,0,1
qwen3,Full-FT,A,1446__repeat_1,1446,python,python,absolute,144,parso_node_ast,0,1
qwen3,Full-FT,A,1446__repeat_1,1446,python,python,absolute,145,parso_node_ast,0,1
qwen3,Full-FT,A,1446__repeat_1,1446,python,python,absolute,146,parso_node_ast,0,1
qwen3,Full-FT,A,1446__repeat_1,1446,python,python,absolute,147,parso_node_ast,0,1
qwen3,Full-FT,A,1446__repeat_1,1446,python,python,absolute,148,parso_node_ast,0,1
qwen3,Full-FT,A,1446__repeat_1,1446,python,python,absolute,149,parso_node_ast,0,1
qwen3,Full-FT,A,1446__repeat_1,1446,python,python,absolute,150,parso_node_ast,0,1
qwen3,Full-FT,A,1446__repeat_1,1446,python,python,absolute,151,parso_node_ast,0,1
qwen3,Full-FT,A,1446__repeat_1,1446,python,python,absolute,152,parso_node_ast,0,1
qwen3,Full-FT,A,1446__repeat_1,1446,python,python,absolute,153,parso_node_ast,0,1
qwen3,Full-FT,A,1446__repeat_1,1446,python,python,absolute,154,parso_node_ast,0,1
qwen3,Full-FT,A,1446__repeat_1,1446,python,python,absolute,155,parso_node_ast,0,1
qwen3,Full-FT,A,1446__repeat_1,1446,python,python,absolute,156,parso_node_ast,0,1
qwen3,Full-FT,A,1446__repeat_1,1446,python,python,absolute,157,parso_node_ast,0,1
qwen3,Full-FT,A,1446__repeat_1,1446,python,python,absolute,158,parso_node_ast,0,1
qwen3,Full-FT,A,1446__repeat_1,1446,python,python,absolute,159,parso_node_ast,0,1
qwen3,Full-FT,A,1446__repeat_1,1446,python,python,absolute,160,parso_node_ast,0,1
qwen3,Full-FT,A,1446__repeat_1,1446,python,python,absolute,161,parso_node_ast,0,1
qwen3,Full-FT,A,1446__repeat_1,1446,python,python,absolute,162,parso_node_ast,0,1
qwen3,Full-FT,A,1446__repeat_1,1446,python,python,absolute,163,parso_node_ast,0,1
qwen3,Full-FT,A,1446__repeat_1,1446,python,python,absolute,164,parso_node_ast,0,1
qwen3,Full-FT,A,1446__repeat_1,1446,python,python,absolute,165,parso_node_ast,0,1
qwen3,Full-FT,A,1446__repeat_1,1446,python,python,absolute,166,parso_node_ast,0,1
qwen3,Full-FT,A,1446__repeat_1,1446,python,python,absolute,167,parso_node_ast,0,1
qwen3,Full-FT,A,1446__repeat_1,1446,python,python,absolute,168,parso_node_ast,0,1
qwen3,Full-FT,A,1446__repeat_1,1446,python,python,absolute,169,parso_node_ast,0,1
qwen3,Full-FT,A,1446__repeat_1,1446,python,python,absolute,170,parso_node_ast,0,1
qwen3,Full-FT,A,1446__repeat_1,1446,python,python,absolute,171,parso_node_ast,0,1
qwen3,Full-FT,A,1446__repeat_1,1446,python,python,absolute,172,parso_node_ast,0,1
qwen3,Full-FT,A,1446__repeat_1,1446,python,python,absolute,173,parso_node_ast,0,1
qwen3,Full-FT,A,1446__repeat_1,1446,python,python,absolute,174,parso_node_ast,0,1
qwen3,Full-FT,A,1446__repeat_1,1446,python,python,absolute,175,parso_node_ast,0,1
qwen3,Full-FT,A,1446__repeat_1,1446,python,python,absolute,176,parso_node_ast,0,1
qwen3,Full-FT,A,1446__repeat_1,1446,python,python,absolute,177,parso_node_ast,0,1
qwen3,Full-FT,A,1446__repeat_1,1446,python,python,absolute,178,parso_node_ast,0,1
qwen3,Full-FT,A,1446__repeat_1,1446,python,python,absolute,179,parso_node_ast,0,1
qwen3,Full-FT,A,1446__repeat_1,1446,python,python,absolute,180,parso_node_ast,0,1
qwen3,Full-FT,A,1446__repeat_1,1446,python,python,absolute,181,parso_node_ast,0,1
qwen3,Full-FT,A,1446__repeat_1,1446,python,python,absolute,182,parso_node_ast,0,1
qwen3,Full-FT,A,1446__repeat_1,1446,python,python,absolute,183,parso_node_ast,0,1
qwen3,Full-FT,A,1446__repeat_1,1446,python,python,absolute,184,parso_node_ast,0,1
qwen3,Full-FT,A,1446__repeat_1,1446,python,python,absolute,185,parso_node_ast,0,1
qwen3,Full-FT,A,1446__repeat_1,1446,python,python,absolute,186,parso_node_ast,0,1
qwen3,Full-FT,A,1446__repeat_1,1446,python,python,absolute,187,parso_node_ast,0,1
qwen3,Full-FT,A,1446__repeat_1,1446,python,python,absolute,188,parso_node_ast,0,1
qwen3,Full-FT,A,1446__repeat_1,1446,python,python,absolute,189,parso_node_ast,0,1
qwen3,Full-FT,A,1446__repeat_1,1446,python,python,absolute,190,parso_node_ast,0,1
qwen3,Full-FT,A,1446__repeat_1,1446,python,python,absolute,191,parso_node_ast,0,1
qwen3,Full-FT,A,1446__repeat_1,1446,python,python,absolute,192,parso_node_ast,0,1
qwen3,Full-FT,A,1446__repeat_1,1446,python,python,absolute,193,parso_node_ast,0,1
qwen3,Full-FT,A,1446__repeat_1,1446,python,python,absolute,194,parso_node_ast,0,1
qwen3,Full-FT,A,1446__repeat_1,1446,python,python,absolute,195,parso_node_ast,0,1
qwen3,Full-FT,A,1446__repeat_1,1446,python,python,absolute,196,parso_node_ast,0,1
qwen3,Full-FT,A,1446__repeat_1,1446,python,python,absolute,197,parso_node_ast,0,1
qwen3,Full-FT,A,1446__repeat_1,1446,python,python,absolute,198,parso_node_ast,0,1
qwen3,Full-FT,A,1446__repeat_1,1446,python,python,absolute,199,parso_node_ast,0,1
qwen3,Full-FT,A,1446__repeat_1,1446,python,python,absolute,200,parso_node_ast,0,1
qwen3,Full-FT,A,1446__repeat_1,1446,python,python,absolute,201,parso_node_ast,0,1
qwen3,Full-FT,A,1446__repeat_1,1446,python,python,absolute,202,parso_node_ast,0,1
qwen3,Full-FT,A,1446__repeat_1,1446,python,python,absolute,203,parso_node_ast,0,1
qwen3,Full-FT,A,1446__repeat_1,1446,python,python,absolute,204,parso_node_ast,0,1
qwen3,Full-FT,A,1446__repeat_1,1446,python,python,absolute,205,parso_node_ast,0,1
qwen3,Full-FT,A,1446__repeat_1,1446,python,python,absolute,206,parso_node_ast,0,1
qwen3,Full-FT,A,1446__repeat_1,1446,python,python,absolute,207,parso_node_ast,0,1
qwen3,Full-FT,A,1446__repeat_1,1446,python,python,absolute,208,parso_node_ast,0,1
qwen3,Full-FT,A,1446__repeat_1,1446,python,python,absolute,209,parso_node_ast,0,1
qwen3,Full-FT,A,1446__repeat_1,1446,python,python,absolute,210,parso_node_ast,0,1
qwen3,Full-FT,A,1446__repeat_1,1446,python,python,absolute,211,parso_node_ast,0,1
qwen3,Full-FT,A,1446__repeat_1,1446,python,python,absolute,212,parso_node_ast,0,1
qwen3,Full-FT,A,1446__repeat_1,1446,python,python,absolute,213,parso_node_ast,0,1
qwen3,Full-FT,A,1446__repeat_1,1446,python,python,absolute,214,parso_node_ast,0,1
qwen3,Full-FT,A,1446__repeat_1,1446,python,python,absolute,215,parso_node_ast,0,1
qwen3,Full-FT,A,1446__repeat_1,1446,python,python,absolute,216,parso_node_ast,0,1
qwen3,Full-FT,A,1446__repeat_1,1446,python,python,absolute,217,parso_node_ast,0,1
qwen3,Full-FT,A,1446__repeat_1,1446,python,python,absolute,218,parso_node_ast,0,1
qwen3,Full-FT,A,1446__repeat_1,1446,python,python,absolute,219,parso_node_ast,0,1
qwen3,Full-FT,A,1446__repeat_1,1446,python,python,absolute,220,parso_node_ast,0,1
qwen3,Full-FT,A,1446__repeat_1,1446,python,python,absolute,221,parso_node_ast,0,1
qwen3,Full-FT,A,1446__repeat_1,1446,python,python,absolute,222,parso_node_ast,0,1
qwen3,Full-FT,A,1446__repeat_1,1446,python,python,absolute,223,parso_node_ast,0,1
qwen3,Full-FT,A,1446__repeat_1,1446,python,python,absolute,224,parso_node_ast,0,1
qwen3,Full-FT,A,1446__repeat_1,1446,python,python,absolute,225,parso_node_ast,0,1
qwen3,Full-FT,A,1446__repeat_1,1446,python,python,absolute,226,parso_node_ast,0,1
qwen3,Full-FT,A,1446__repeat_1,1446,python,python,absolute,227,parso_node_ast,0,1
qwen3,Full-FT,A,1446__repeat_1,1446,python,python,absolute,228,parso_node_ast,0,1
qwen3,Full-FT,A,1446__repeat_1,1446,python,python,absolute,229,parso_node_ast,0,1
qwen3,Full-FT,A,1446__repeat_1,1446,python,python,absolute,230,parso_node_ast,0,1
qwen3,Full-FT,A,1446__repeat_1,1446,python,python,absolute,231,parso_node_ast,0,1
qwen3,Full-FT,A,1446__repeat_1,1446,python,python,absolute,232,parso_node_ast,0,1
qwen3,Full-FT,A,1446__repeat_1,1446,python,python,absolute,233,parso_node_ast,0,1
qwen3,Full-FT,A,1446__repeat_1,1446,python,python,absolute,234,parso_node_ast,0,1
qwen3,Full-FT,A,1446__repeat_1,1446,python,python,absolute,235,parso_node_ast,0,1
qwen3,Full-FT,A,1446__repeat_1,1446,python,python,absolute,236,parso_node_ast,0,1
qwen3,Full-FT,A,1446__repeat_1,1446,python,python,absolute,237,parso_node_ast,0,1
qwen3,Full-FT,A,1446__repeat_1,1446,python,python,absolute,238,parso_node_ast,0,1
qwen3,Full-FT,A,1446__repeat_1,1446,python,python,absolute,239,parso_node_ast,0,1
qwen3,Full-FT,A,1446__repeat_1,1446,python,python,absolute,240,parso_node_ast,0,1
qwen3,Full-FT,A,1446__repeat_1,1446,python,python,absolute,241,parso_node_ast,0,1
qwen3,Full-FT,A,1446__repeat_1,1446,python,python,absolute,242,parso_node_ast,0,1
qwen3,Full-FT,A,1446__repeat_1,1446,python,python,absolute,243,parso_node_ast,0,1
qwen3,Full-FT,A,1446__repeat_1,1446,python,python,absolute,244,parso_node_ast,0,1
qwen3,Full-FT,A,1446__repeat_1,1446,python,python,absolute,245,parso_node_ast,0,1
qwen3,Full-FT,A,1446__repeat_1,1446,python,python,absolute,246,parso_node_ast,0,1
qwen3,Full-FT,A,1446__repeat_1,1446,python,python,absolute,247,parso_node_ast,0,1
qwen3,Full-FT,A,1446__repeat_1,1446,python,python,absolute,248,parso_node_ast,0,1
qwen3,Full-FT,A,1446__repeat_1,1446,python,python,absolute,249,parso_node_ast,0,1
qwen3,Full-FT,A,1446__repeat_1,1446,python,python,absolute,250,parso_node_ast,0,1
qwen3,Full-FT,A,1446__repeat_1,1446,python,python,absolute,251,parso_node_ast,0,1
qwen3,Full-FT,A,1446__repeat_1,1446,python,python,absolute,252,parso_node_ast,0,1
qwen3,Full-FT,A,1446__repeat_1,1446,python,python,absolute,253,parso_node_ast,0,1
qwen3,Full-FT,A,1446__repeat_1,1446,python,python,absolute,254,parso_node_ast,0,1
qwen3,Full-FT,A,1446__repeat_1,1446,python,python,absolute,255,parso_node_ast,0,1
qwen3,Full-FT,A,1446__repeat_1,1446,python,python,absolute,256,parso_node_ast,0,1
qwen3,Full-FT,A,1446__repeat_1,1446,python,python,absolute,257,parso_node_ast,0,1
qwen3,Full-FT,A,1446__repeat_1,1446,python,python,absolute,258,parso_node_ast,0,1
qwen3,Full-FT,A,1446__repeat_1,1446,python,python,absolute,259,parso_node_ast,0,1
qwen3,Full-FT,A,1446__repeat_3,1446,python,python,absolute,4,parso_node_ast,0,1
qwen3,Full-FT,A,1446__repeat_5,1446,python,python,absolute,6,parso_node_ast,0,1
qwen3,Full-FT,A,1446__repeat_5,1446,python,python,absolute,7,parso_node_ast,0,1
qwen3,Full-FT,A,1446__repeat_5,1446,python,python,absolute,8,parso_node_ast,0,1
qwen3,Full-FT,A,1446__repeat_5,1446,python,python,absolute,9,parso_node_ast,0,1
qwen3,Full-FT,A,1446__repeat_5,1446,python,python,absolute,10,parso_node_ast,0,1
qwen3,Full-FT,A,1446__repeat_5,1446,python,python,absolute,11,parso_node_ast,0,1
qwen3,Full-FT,A,1446__repeat_5,1446,python,python,absolute,12,parso_node_ast,0,1
qwen3,Full-FT,A,1446__repeat_5,1446,python,python,absolute,13,parso_node_ast,0,1
qwen3,Full-FT,A,1446__repeat_5,1446,python,python,absolute,14,parso_node_ast,0,1
qwen3,Full-FT,A,1446__repeat_5,1446,python,python,absolute,15,parso_node_ast,0,1
qwen3,Full-FT,A,1446__repeat_5,1446,python,python,absolute,16,parso_node_ast,0,1
qwen3,Full-FT,A,1446__repeat_5,1446,python,python,absolute,17,parso_node_ast,0,1
qwen3,Full-FT,A,1446__repeat_5,1446,python,python,absolute,18,parso_node_ast,0,1
qwen3,Full-FT,A,1446__repeat_5,1446,python,python,absolute,19,parso_node_ast,0,1
qwen3,Full-FT,A,1446__repeat_5,1446,python,python,absolute,20,parso_node_ast,0,1
qwen3,Full-FT,A,1446__repeat_5,1446,python,python,absolute,21,parso_node_ast,0,1
qwen3,Full-FT,A,1446__repeat_5,1446,python,python,absolute,22,parso_node_ast,0,1
qwen3,Full-FT,A,1446__repeat_5,1446,python,python,absolute,23,parso_node_ast,0,1
qwen3,Full-FT,A,1446__repeat_5,1446,python,python,absolute,24,parso_node_ast,0,1
qwen3,Full-FT,A,1446__repeat_5,1446,python,python,absolute,25,parso_node_ast,0,1
qwen3,Full-FT,A,1446__repeat_5,1446,python,python,absolute,26,parso_node_ast,0,1
qwen3,Full-FT,A,1446__repeat_5,1446,python,python,absolute,27,parso_node_ast,0,1
qwen3,Full-FT,A,1446__repeat_5,1446,python,python,absolute,28,parso_node_ast,0,1
qwen3,Full-FT,A,1446__repeat_5,1446,python,python,absolute,29,parso_node_ast,0,1
qwen3,Full-FT,A,1446__repeat_5,1446,python,python,absolute,30,parso_node_ast,0,1
qwen3,Full-FT,A,1446__repeat_5,1446,python,python,absolute,31,parso_node_ast,0,1
qwen3,Full-FT,A,1446__repeat_5,1446,python,python,absolute,32,parso_node_ast,0,1
qwen3,Full-FT,A,1446__repeat_5,1446,python,python,absolute,33,parso_node_ast,0,1
qwen3,Full-FT,A,1446__repeat_5,1446,python,python,absolute,34,parso_node_ast,0,1
qwen3,Full-FT,A,1446__repeat_5,1446,python,python,absolute,35,parso_node_ast,0,1
qwen3,Full-FT,A,1446__repeat_5,1446,python,python,absolute,36,parso_node_ast,0,1
qwen3,Full-FT,A,1446__repeat_5,1446,python,python,absolute,37,parso_node_ast,0,1
qwen3,Full-FT,A,1446__repeat_5,1446,python,python,absolute,38,parso_node_ast,0,1
qwen3,Full-FT,A,1446__repeat_5,1446,python,python,absolute,39,parso_node_ast,0,1
qwen3,Full-FT,A,1446__repeat_5,1446,python,python,absolute,40,parso_node_ast,0,1
qwen3,Full-FT,A,1446__repeat_5,1446,python,python,absolute,41,parso_node_ast,0,1
qwen3,Full-FT,A,1446__repeat_5,1446,python,python,absolute,42,parso_node_ast,0,1
qwen3,Full-FT,A,1446__repeat_5,1446,python,python,absolute,43,parso_node_ast,0,1
qwen3,Full-FT,A,1446__repeat_5,1446,python,python,absolute,44,parso_node_ast,0,1
qwen3,Full-FT,A,1446__repeat_5,1446,python,python,absolute,45,parso_node_ast,0,1
qwen3,Full-FT,A,1446__repeat_5,1446,python,python,absolute,46,parso_node_ast,0,1
qwen3,Full-FT,A,1446__repeat_5,1446,python,python,absolute,47,parso_node_ast,0,1
qwen3,Full-FT,A,1446__repeat_5,1446,python,python,absolute,48,parso_node_ast,0,1
qwen3,Full-FT,A,1446__repeat_5,1446,python,python,absolute,49,parso_node_ast,0,1
qwen3,Full-FT,A,1446__repeat_5,1446,python,python,absolute,50,parso_node_ast,0,1
qwen3,Full-FT,A,1446__repeat_5,1446,python,python,absolute,51,parso_node_ast,0,1
qwen3,Full-FT,A,1446__repeat_5,1446,python,python,absolute,52,parso_node_ast,0,1
qwen3,Full-FT,A,1446__repeat_5,1446,python,python,absolute,53,parso_node_ast,0,1
qwen3,Full-FT,A,1446__repeat_5,1446,python,python,absolute,54,parso_node_ast,0,1
qwen3,Full-FT,A,1446__repeat_5,1446,python,python,absolute,55,parso_node_ast,0,1
qwen3,Full-FT,A,1446__repeat_5,1446,python,python,absolute,56,parso_node_ast,0,1
qwen3,Full-FT,A,1446__repeat_5,1446,python,python,absolute,57,parso_node_ast,0,1
qwen3,Full-FT,A,1446__repeat_5,1446,python,python,absolute,58,parso_node_ast,0,1
qwen3,Full-FT,A,1446__repeat_5,1446,python,python,absolute,59,parso_node_ast,0,1
qwen3,Full-FT,A,1446__repeat_5,1446,python,python,absolute,60,parso_node_ast,0,1
qwen3,Full-FT,A,1446__repeat_5,1446,python,python,absolute,61,parso_node_ast,0,1
qwen3,Full-FT,A,1446__repeat_5,1446,python,python,absolute,62,parso_node_ast,0,1
qwen3,Full-FT,A,1446__repeat_5,1446,python,python,absolute,63,parso_node_ast,0,1
qwen3,Full-FT,A,1446__repeat_5,1446,python,python,absolute,64,parso_node_ast,0,1
qwen3,Full-FT,A,1446__repeat_5,1446,python,python,absolute,65,parso_node_ast,0,1
qwen3,Full-FT,A,1446__repeat_5,1446,python,python,absolute,66,parso_node_ast,0,1
qwen3,Full-FT,A,1446__repeat_5,1446,python,python,absolute,67,parso_node_ast,0,1
qwen3,Full-FT,A,1446__repeat_5,1446,python,python,absolute,68,parso_node_ast,0,1
qwen3,Full-FT,A,1446__repeat_5,1446,python,python,absolute,69,parso_node_ast,0,1
qwen3,Full-FT,A,1446__repeat_5,1446,python,python,absolute,70,parso_node_ast,0,1
qwen3,Full-FT,A,1446__repeat_5,1446,python,python,absolute,71,parso_node_ast,0,1
qwen3,Full-FT,A,1446__repeat_5,1446,python,python,absolute,72,parso_node_ast,0,1
qwen3,Full-FT,A,1446__repeat_5,1446,python,python,absolute,73,parso_node_ast,0,1
qwen3,Full-FT,A,1446__repeat_5,1446,python,python,absolute,74,parso_node_ast,0,1
qwen3,Full-FT,A,1446__repeat_5,1446,python,python,absolute,75,parso_node_ast,0,1
qwen3,Full-FT,A,1446__repeat_5,1446,python,python,absolute,76,parso_node_ast,0,1
qwen3,Full-FT,A,1446__repeat_5,1446,python,python,absolute,77,parso_node_ast,0,1
qwen3,Full-FT,A,1446__repeat_5,1446,python,python,absolute,78,parso_node_ast,0,1
qwen3,Full-FT,A,1446__repeat_5,1446,python,python,absolute,79,parso_node_ast,0,1
qwen3,Full-FT,A,1446__repeat_5,1446,python,python,absolute,80,parso_node_ast,0,1
qwen3,Full-FT,A,1446__repeat_5,1446,python,python,absolute,81,parso_node_ast,0,1
qwen3,Full-FT,A,1446__repeat_5,1446,python,python,absolute,82,parso_node_ast,0,1
qwen3,Full-FT,A,1446__repeat_5,1446,python,python,absolute,83,parso_node_ast,0,1
qwen3,Full-FT,A,1446__repeat_5,1446,python,python,absolute,84,parso_node_ast,0,1
qwen3,Full-FT,A,1446__repeat_5,1446,python,python,absolute,85,parso_node_ast,0,1
qwen3,Full-FT,A,1446__repeat_5,1446,python,python,absolute,86,parso_node_ast,0,1
qwen3,Full-FT,A,1446__repeat_5,1446,python,python,absolute,87,parso_node_ast,0,1
qwen3,Full-FT,A,1446__repeat_5,1446,python,python,absolute,88,parso_node_ast,0,1
qwen3,Full-FT,A,1446__repeat_5,1446,python,python,absolute,89,parso_node_ast,0,1
qwen3,Full-FT,A,1446__repeat_5,1446,python,python,absolute,90,parso_node_ast,0,1
qwen3,Full-FT,A,1446__repeat_5,1446,python,python,absolute,91,parso_node_ast,0,1
qwen3,Full-FT,A,1446__repeat_5,1446,python,python,absolute,92,parso_node_ast,0,1
qwen3,Full-FT,A,1446__repeat_5,1446,python,python,absolute,93,parso_node_ast,0,1
qwen3,Full-FT,A,1446__repeat_5,1446,python,python,absolute,94,parso_node_ast,0,1
qwen3,Full-FT,A,1446__repeat_5,1446,python,python,absolute,95,parso_node_ast,0,1
qwen3,Full-FT,A,1446__repeat_5,1446,python,python,absolute,96,parso_node_ast,0,1
qwen3,Full-FT,A,1446__repeat_5,1446,python,python,absolute,97,parso_node_ast,0,1
qwen3,Full-FT,A,1446__repeat_5,1446,python,python,absolute,98,parso_node_ast,0,1
qwen3,Full-FT,A,1446__repeat_5,1446,python,python,absolute,99,parso_node_ast,0,1
qwen3,Full-FT,A,1446__repeat_5,1446,python,python,absolute,100,parso_node_ast,0,1
qwen3,Full-FT,A,1446__repeat_5,1446,python,python,absolute,101,parso_node_ast,0,1
qwen3,Full-FT,A,1446__repeat_5,1446,python,python,absolute,102,parso_node_ast,0,1
qwen3,Full-FT,A,1446__repeat_5,1446,python,python,absolute,103,parso_node_ast,0,1
qwen3,Full-FT,A,1446__repeat_5,1446,python,python,absolute,104,parso_node_ast,0,1
qwen3,Full-FT,A,1446__repeat_5,1446,python,python,absolute,105,parso_node_ast,0,1
qwen3,Full-FT,A,1446__repeat_5,1446,python,python,absolute,106,parso_node_ast,0,1
qwen3,Full-FT,A,1446__repeat_5,1446,python,python,absolute,107,parso_node_ast,0,1
qwen3,Full-FT,A,1446__repeat_5,1446,python,python,absolute,108,parso_node_ast,0,1
qwen3,Full-FT,A,1446__repeat_5,1446,python,python,absolute,109,parso_node_ast,0,1
qwen3,Full-FT,A,1446__repeat_5,1446,python,python,absolute,110,parso_node_ast,0,1
qwen3,Full-FT,A,1446__repeat_5,1446,python,python,absolute,111,parso_node_ast,0,1
qwen3,Full-FT,A,1446__repeat_5,1446,python,python,absolute,112,parso_node_ast,0,1
qwen3,Full-FT,A,1446__repeat_5,1446,python,python,absolute,113,parso_node_ast,0,1
qwen3,Full-FT,A,1446__repeat_5,1446,python,python,absolute,114,parso_node_ast,0,1
qwen3,Full-FT,A,1446__repeat_5,1446,python,python,absolute,115,parso_node_ast,0,1
qwen3,Full-FT,A,1446__repeat_5,1446,python,python,absolute,116,parso_node_ast,0,1
qwen3,Full-FT,A,1446__repeat_5,1446,python,python,absolute,117,parso_node_ast,0,1
qwen3,Full-FT,A,1446__repeat_5,1446,python,python,absolute,118,parso_node_ast,0,1
qwen3,Full-FT,A,1446__repeat_5,1446,python,python,absolute,119,parso_node_ast,0,1
qwen3,Full-FT,A,1446__repeat_5,1446,python,python,absolute,120,parso_node_ast,0,1
qwen3,Full-FT,A,1446__repeat_5,1446,python,python,absolute,121,parso_node_ast,0,1
qwen3,Full-FT,A,1446__repeat_5,1446,python,python,absolute,122,parso_node_ast,0,1
qwen3,Full-FT,A,1446__repeat_5,1446,python,python,absolute,123,parso_node_ast,0,1
qwen3,Full-FT,A,1446__repeat_5,1446,python,python,absolute,124,parso_node_ast,0,1
qwen3,Full-FT,A,1446__repeat_5,1446,python,python,absolute,125,parso_node_ast,0,1
qwen3,Full-FT,A,1446__repeat_5,1446,python,python,absolute,126,parso_node_ast,0,1
qwen3,Full-FT,A,1446__repeat_5,1446,python,python,absolute,127,parso_node_ast,0,1
qwen3,Full-FT,A,1446__repeat_5,1446,python,python,absolute,128,parso_node_ast,0,1
qwen3,Full-FT,A,1446__repeat_5,1446,python,python,absolute,129,parso_node_ast,0,1
qwen3,Full-FT,A,1446__repeat_5,1446,python,python,absolute,130,parso_node_ast,0,1
qwen3,Full-FT,A,1446__repeat_5,1446,python,python,absolute,131,parso_node_ast,0,1
qwen3,Full-FT,A,1446__repeat_5,1446,python,python,absolute,132,parso_node_ast,0,1
qwen3,Full-FT,A,1446__repeat_5,1446,python,python,absolute,133,parso_node_ast,0,1
qwen3,Full-FT,A,1446__repeat_5,1446,python,python,absolute,134,parso_node_ast,0,1
qwen3,Full-FT,A,1446__repeat_5,1446,python,python,absolute,135,parso_node_ast,0,1
qwen3,Full-FT,A,1446__repeat_5,1446,python,python,absolute,136,parso_node_ast,0,1
qwen3,Full-FT,A,1446__repeat_5,1446,python,python,absolute,137,parso_node_ast,0,1
qwen3,Full-FT,A,1446__repeat_5,1446,python,python,absolute,138,parso_node_ast,0,1
qwen3,Full-FT,A,1446__repeat_5,1446,python,python,absolute,139,parso_node_ast,0,1
qwen3,Full-FT,A,1446__repeat_5,1446,python,python,absolute,140,parso_node_ast,0,1
qwen3,Full-FT,A,1446__repeat_5,1446,python,python,absolute,141,parso_node_ast,0,1
qwen3,Full-FT,A,1446__repeat_5,1446,python,python,absolute,142,parso_node_ast,0,1
qwen3,Full-FT,A,1446__repeat_5,1446,python,python,absolute,143,parso_node_ast,0,1
qwen3,Full-FT,A,1446__repeat_5,1446,python,python,absolute,144,parso_node_ast,0,1
qwen3,Full-FT,A,1446__repeat_5,1446,python,python,absolute,145,parso_node_ast,0,1
qwen3,Full-FT,A,1446__repeat_5,1446,python,python,absolute,146,parso_node_ast,0,1
qwen3,Full-FT,A,1446__repeat_5,1446,python,python,absolute,147,parso_node_ast,0,1
qwen3,Full-FT,A,1446__repeat_5,1446,python,python,absolute,148,parso_node_ast,0,1
qwen3,Full-FT,A,1446__repeat_5,1446,python,python,absolute,149,parso_node_ast,0,1
qwen3,Full-FT,A,1446__repeat_5,1446,python,python,absolute,150,parso_node_ast,0,1
qwen3,Full-FT,A,1446__repeat_5,1446,python,python,absolute,151,parso_node_ast,0,1
qwen3,Full-FT,A,1446__repeat_5,1446,python,python,absolute,152,parso_node_ast,0,1
qwen3,Full-FT,A,1446__repeat_5,1446,python,python,absolute,153,parso_node_ast,0,1
qwen3,Full-FT,A,1446__repeat_5,1446,python,python,absolute,154,parso_node_ast,0,1
qwen3,Full-FT,A,1446__repeat_5,1446,python,python,absolute,155,parso_node_ast,0,1
qwen3,Full-FT,A,1446__repeat_5,1446,python,python,absolute,156,parso_node_ast,0,1
qwen3,Full-FT,A,1446__repeat_5,1446,python,python,absolute,157,parso_node_ast,0,1
qwen3,Full-FT,A,1446__repeat_5,1446,python,python,absolute,158,parso_node_ast,0,1
qwen3,Full-FT,A,1446__repeat_5,1446,python,python,absolute,159,parso_node_ast,0,1
qwen3,Full-FT,A,1446__repeat_5,1446,python,python,absolute,160,parso_node_ast,0,1
qwen3,Full-FT,A,1446__repeat_5,1446,python,python,absolute,161,parso_node_ast,0,1
qwen3,Full-FT,A,1446__repeat_5,1446,python,python,absolute,162,parso_node_ast,0,1
qwen3,Full-FT,A,1446__repeat_5,1446,python,python,absolute,163,parso_node_ast,0,1
qwen3,Full-FT,A,1446__repeat_5,1446,python,python,absolute,164,parso_node_ast,0,1
qwen3,Full-FT,A,1446__repeat_5,1446,python,python,absolute,165,parso_node_ast,0,1
qwen3,Full-FT,A,1446__repeat_5,1446,python,python,absolute,166,parso_node_ast,0,1
qwen3,Full-FT,A,1446__repeat_5,1446,python,python,absolute,167,parso_node_ast,0,1
qwen3,Full-FT,A,1446__repeat_5,1446,python,python,absolute,168,parso_node_ast,0,1
qwen3,Full-FT,A,1446__repeat_5,1446,python,python,absolute,169,parso_node_ast,0,1
qwen3,Full-FT,A,1446__repeat_5,1446,python,python,absolute,170,parso_node_ast,0,1
qwen3,Full-FT,A,1446__repeat_5,1446,python,python,absolute,171,parso_node_ast,0,1
qwen3,Full-FT,A,1446__repeat_5,1446,python,python,absolute,172,parso_node_ast,0,1
qwen3,Full-FT,A,1446__repeat_5,1446,python,python,absolute,173,parso_node_ast,0,1
qwen3,Full-FT,A,1446__repeat_5,1446,python,python,absolute,174,parso_node_ast,0,1
qwen3,Full-FT,A,1446__repeat_5,1446,python,python,absolute,175,parso_node_ast,0,1
qwen3,Full-FT,A,1446__repeat_5,1446,python,python,absolute,176,parso_node_ast,0,1
qwen3,Full-FT,A,1446__repeat_5,1446,python,python,absolute,177,parso_node_ast,0,1
qwen3,Full-FT,A,1446__repeat_5,1446,python,python,absolute,178,parso_node_ast,0,1
qwen3,Full-FT,A,1446__repeat_5,1446,python,python,absolute,179,parso_node_ast,0,1
qwen3,Full-FT,A,1446__repeat_5,1446,python,python,absolute,180,parso_node_ast,0,1
qwen3,Full-FT,A,1446__repeat_5,1446,python,python,absolute,181,parso_node_ast,0,1
qwen3,Full-FT,A,1446__repeat_5,1446,python,python,absolute,182,parso_node_ast,0,1
qwen3,Full-FT,A,1446__repeat_5,1446,python,python,absolute,183,parso_node_ast,0,1
qwen3,Full-FT,A,1446__repeat_5,1446,python,python,absolute,184,parso_node_ast,0,1
qwen3,Full-FT,A,1446__repeat_5,1446,python,python,absolute,185,parso_node_ast,0,1
qwen3,Full-FT,A,1446__repeat_5,1446,python,python,absolute,186,parso_node_ast,0,1
qwen3,Full-FT,A,1446__repeat_5,1446,python,python,absolute,187,parso_node_ast,0,1
qwen3,Full-FT,A,1446__repeat_5,1446,python,python,absolute,188,parso_node_ast,0,1
qwen3,Full-FT,A,1446__repeat_5,1446,python,python,absolute,189,parso_node_ast,0,1
qwen3,Full-FT,A,1446__repeat_5,1446,python,python,absolute,190,parso_node_ast,0,1
qwen3,Full-FT,A,1446__repeat_5,1446,python,python,absolute,191,parso_node_ast,0,1
qwen3,Full-FT,A,1446__repeat_5,1446,python,python,absolute,192,parso_node_ast,0,1
qwen3,Full-FT,A,1446__repeat_5,1446,python,python,absolute,193,parso_node_ast,0,1
qwen3,Full-FT,A,1446__repeat_5,1446,python,python,absolute,194,parso_node_ast,0,1
qwen3,Full-FT,A,1446__repeat_5,1446,python,python,absolute,195,parso_node_ast,0,1
qwen3,Full-FT,A,1446__repeat_5,1446,python,python,absolute,196,parso_node_ast,0,1
qwen3,Full-FT,A,1446__repeat_5,1446,python,python,absolute,197,parso_node_ast,0,1
qwen3,Full-FT,A,1446__repeat_5,1446,python,python,absolute,198,parso_node_ast,0,1
qwen3,Full-FT,A,1446__repeat_5,1446,python,python,absolute,199,parso_node_ast,0,1
qwen3,Full-FT,A,1446__repeat_5,1446,python,python,absolute,200,parso_node_ast,0,1
qwen3,Full-FT,A,1446__repeat_5,1446,python,python,absolute,201,parso_node_ast,0,1
qwen3,Full-FT,A,1446__repeat_5,1446,python,python,absolute,202,parso_node_ast,0,1
qwen3,Full-FT,A,1446__repeat_5,1446,python,python,absolute,203,parso_node_ast,0,1
qwen3,Full-FT,A,1446__repeat_5,1446,python,python,absolute,204,parso_node_ast,0,1
qwen3,Full-FT,A,1446__repeat_5,1446,python,python,absolute,205,parso_node_ast,0,1
qwen3,Full-FT,A,1446__repeat_5,1446,python,python,absolute,206,parso_node_ast,0,1
qwen3,Full-FT,A,1446__repeat_5,1446,python,python,absolute,207,parso_node_ast,0,1
qwen3,Full-FT,A,1446__repeat_5,1446,python,python,absolute,208,parso_node_ast,0,1
qwen3,Full-FT,A,1446__repeat_5,1446,python,python,absolute,209,parso_node_ast,0,1
qwen3,Full-FT,A,1446__repeat_5,1446,python,python,absolute,210,parso_node_ast,0,1
qwen3,Full-FT,A,1446__repeat_5,1446,python,python,absolute,211,parso_node_ast,0,1
qwen3,Full-FT,A,1446__repeat_5,1446,python,python,absolute,212,parso_node_ast,0,1
qwen3,Full-FT,A,1446__repeat_5,1446,python,python,absolute,213,parso_node_ast,0,1
qwen3,Full-FT,A,1446__repeat_5,1446,python,python,absolute,214,parso_node_ast,0,1
qwen3,Full-FT,A,1446__repeat_5,1446,python,python,absolute,215,parso_node_ast,0,1
qwen3,Full-FT,A,1446__repeat_5,1446,python,python,absolute,216,parso_node_ast,0,1
qwen3,Full-FT,A,1446__repeat_5,1446,python,python,absolute,217,parso_node_ast,0,1
qwen3,Full-FT,A,1446__repeat_5,1446,python,python,absolute,218,parso_node_ast,0,1
qwen3,Full-FT,A,1446__repeat_5,1446,python,python,absolute,219,parso_node_ast,0,1
qwen3,Full-FT,A,1446__repeat_5,1446,python,python,absolute,220,parso_node_ast,0,1
qwen3,Full-FT,A,1446__repeat_5,1446,python,python,absolute,221,parso_node_ast,0,1
qwen3,Full-FT,A,1446__repeat_5,1446,python,python,absolute,222,parso_node_ast,0,1
qwen3,Full-FT,A,1446__repeat_5,1446,python,python,absolute,223,parso_node_ast,0,1
qwen3,Full-FT,A,1446__repeat_5,1446,python,python,absolute,224,parso_node_ast,0,1
qwen3,Full-FT,A,1446__repeat_5,1446,python,python,absolute,225,parso_node_ast,0,1
qwen3,Full-FT,A,1446__repeat_5,1446,python,python,absolute,226,parso_node_ast,0,1
qwen3,Full-FT,A,1446__repeat_5,1446,python,python,absolute,227,parso_node_ast,0,1
qwen3,Full-FT,A,1446__repeat_5,1446,python,python,absolute,228,parso_node_ast,0,1
qwen3,Full-FT,A,1446__repeat_5,1446,python,python,absolute,229,parso_node_ast,0,1
qwen3,Full-FT,A,1446__repeat_5,1446,python,python,absolute,230,parso_node_ast,0,1
qwen3,Full-FT,A,1446__repeat_5,1446,python,python,absolute,231,parso_node_ast,0,1
qwen3,Full-FT,A,1446__repeat_5,1446,python,python,absolute,232,parso_node_ast,0,1
qwen3,Full-FT,A,1446__repeat_5,1446,python,python,absolute,233,parso_node_ast,0,1
qwen3,Full-FT,A,1446__repeat_5,1446,python,python,absolute,234,parso_node_ast,0,1
qwen3,Full-FT,A,1446__repeat_5,1446,python,python,absolute,235,parso_node_ast,0,1
qwen3,Full-FT,A,1446__repeat_5,1446,python,python,absolute,236,parso_node_ast,0,1
qwen3,Full-FT,A,1446__repeat_5,1446,python,python,absolute,237,parso_node_ast,0,1
qwen3,Full-FT,A,1446__repeat_5,1446,python,python,absolute,238,parso_node_ast,0,1
qwen3,Full-FT,A,1446__repeat_5,1446,python,python,absolute,239,parso_node_ast,0,1
qwen3,Full-FT,A,1446__repeat_5,1446,python,python,absolute,240,parso_node_ast,0,1
qwen3,Full-FT,A,1446__repeat_5,1446,python,python,absolute,241,parso_node_ast,0,1
qwen3,Full-FT,A,1446__repeat_5,1446,python,python,absolute,242,parso_node_ast,0,1
qwen3,Full-FT,A,1446__repeat_5,1446,python,python,absolute,243,parso_node_ast,0,1
qwen3,Full-FT,A,1446__repeat_5,1446,python,python,absolute,244,parso_node_ast,0,1
qwen3,Full-FT,A,1446__repeat_5,1446,python,python,absolute,245,parso_node_ast,0,1
qwen3,Full-FT,A,1446__repeat_5,1446,python,python,absolute,246,parso_node_ast,0,1
qwen3,Full-FT,A,1446__repeat_5,1446,python,python,absolute,247,parso_node_ast,0,1
qwen3,Full-FT,A,1446__repeat_5,1446,python,python,absolute,248,parso_node_ast,0,1
qwen3,Full-FT,A,1446__repeat_5,1446,python,python,absolute,249,parso_node_ast,0,1
qwen3,Full-FT,A,1446__repeat_5,1446,python,python,absolute,250,parso_node_ast,0,1
qwen3,Full-FT,A,1446__repeat_5,1446,python,python,absolute,251,parso_node_ast,0,1
qwen3,Full-FT,A,1446__repeat_5,1446,python,python,absolute,252,parso_node_ast,0,1
qwen3,Full-FT,A,1446__repeat_5,1446,python,python,absolute,253,parso_node_ast,0,1
qwen3,Full-FT,A,1446__repeat_5,1446,python,python,absolute,254,parso_node_ast,0,1
qwen3,Full-FT,A,1446__repeat_5,1446,python,python,absolute,255,parso_node_ast,0,1
qwen3,Full-FT,A,1446__repeat_5,1446,python,python,absolute,256,parso_node_ast,0,1
qwen3,Full-FT,A,1446__repeat_5,1446,python,python,absolute,257,parso_node_ast,0,1
qwen3,Full-FT,A,1446__repeat_5,1446,python,python,absolute,258,parso_node_ast,0,1
qwen3,Full-FT,A,1446__repeat_5,1446,python,python,absolute,259,parso_node_ast,0,1
qwen3,Full-FT,A,4692__repeat_2,4692,opentelemetry,opentelemetry,absolute,1,parso_node_ast,0,1
qwen3,Full-FT,A,4692__repeat_4,4692,python,python,absolute,3,parso_node_ast,0,1
qwen3,Full-FT,A,4692__repeat_4,4692,python,python,absolute,4,parso_node_ast,0,1
qwen3,Full-FT,A,4692__repeat_4,4692,python,python,absolute,5,parso_node_ast,0,1
qwen3,Full-FT,A,4692__repeat_4,4692,python,python,absolute,6,parso_node_ast,0,1
qwen3,Full-FT,A,4692__repeat_4,4692,python,python,absolute,7,parso_node_ast,0,1
qwen3,Full-FT,A,4692__repeat_4,4692,python,python,absolute,8,parso_node_ast,0,1
qwen3,Full-FT,A,4692__repeat_4,4692,python,python,absolute,9,parso_node_ast,0,1
qwen3,Full-FT,A,4692__repeat_4,4692,python,python,absolute,10,parso_node_ast,0,1
qwen3,Full-FT,A,4692__repeat_4,4692,python,python,absolute,11,parso_node_ast,0,1
qwen3,Full-FT,A,4692__repeat_5,4692,opentelemetry,opentelemetry,absolute,2,parso_node_ast,0,1
qwen3,Full-FT,A,2298__repeat_3,2298,boto3,boto3,absolute,2,parso_node_ast,0,1
qwen3,Full-FT,A,2298__repeat_3,2298,matplotlib,matplotlib,absolute,2,parso_node_ast,0,1
qwen3,Full-FT,A,2298__repeat_3,2298,numpy,numpy,absolute,2,parso_node_ast,0,1
qwen3,Full-FT,A,2298__repeat_3,2298,pandas,pandas,absolute,2,parso_node_ast,0,1
qwen3,Full-FT,A,2298__repeat_3,2298,python,python,absolute,2,parso_node_ast,0,1
qwen3,Full-FT,A,229__repeat_2,229,boto3,boto3,absolute,3,parso_node_ast,0,1
qwen3,Full-FT,A,241__repeat_1,241,scikit,scikit,absolute,5,parso_node_ast,0,1
qwen3,Full-FT,A,3131__repeat_5,3131,boto3,boto3,absolute,2,parso_node_ast,0,1
qwen3,Full-FT,A,3131__repeat_5,3131,pydantic,pydantic,absolute,2,parso_node_ast,0,1
qwen3,Full-FT,A,3131__repeat_5,3131,python,python,absolute,2,parso_node_ast,0,1
qwen3,Full-FT,A,4564__repeat_1,4564,pandas,pandas,absolute,7,parso_node_ast,0,0
qwen3,Full-FT,A,485__repeat_2,485,scikit,scikit,absolute,6,parso_node_ast,0,1
qwen3,Full-FT,A,2465__repeat_1,2465,numpy,numpy,absolute,6,parso_node_ast,0,0
qwen3,Full-FT,A,2465__repeat_1,2465,numpy,numpy,absolute,9,parso_node_ast,0,0
qwen3,Full-FT,A,2465__repeat_1,2465,scipy.stats,scipy,absolute,13,parso_node_ast,0,0
qwen3,Full-FT,A,2465__repeat_1,2465,scipy.stats,scipy,absolute,14,parso_node_ast,0,0
qwen3,Full-FT,A,2465__repeat_1,2465,scipy.stats,scipy,absolute,15,parso_node_ast,0,0
qwen3,Full-FT,A,2465__repeat_1,2465,scipy.stats,scipy,absolute,16,parso_node_ast,0,0
qwen3,Full-FT,A,2465__repeat_1,2465,scipy.stats,scipy,absolute,17,parso_node_ast,0,0
qwen3,Full-FT,A,2465__repeat_1,2465,scipy.stats,scipy,absolute,18,parso_node_ast,0,0
qwen3,Full-FT,A,2465__repeat_1,2465,scipy.stats,scipy,absolute,19,parso_node_ast,0,0
qwen3,Full-FT,A,2465__repeat_1,2465,scipy.stats,scipy,absolute,20,parso_node_ast,0,0
qwen3,Full-FT,A,2465__repeat_1,2465,scipy.stats,scipy,absolute,21,parso_node_ast,0,0
qwen3,Full-FT,A,2465__repeat_1,2465,scipy.stats,scipy,absolute,22,parso_node_ast,0,0
qwen3,Full-FT,A,2465__repeat_1,2465,scipy.stats,scipy,absolute,23,parso_node_ast,0,0
qwen3,Full-FT,A,2465__repeat_1,2465,scipy.stats,scipy,absolute,24,parso_node_ast,0,0
qwen3,Full-FT,A,2465__repeat_1,2465,scipy.stats,scipy,absolute,25,parso_node_ast,0,0
qwen3,Full-FT,A,2465__repeat_1,2465,scipy.stats,scipy,absolute,26,parso_node_ast,0,0
qwen3,Full-FT,A,2465__repeat_1,2465,scipy.stats,scipy,absolute,27,parso_node_ast,0,0
qwen3,Full-FT,A,2465__repeat_1,2465,scipy.stats,scipy,absolute,28,parso_node_ast,0,0
qwen3,Full-FT,A,2465__repeat_1,2465,scipy.stats,scipy,absolute,29,parso_node_ast,0,0
qwen3,Full-FT,A,2465__repeat_1,2465,scipy.stats,scipy,absolute,30,parso_node_ast,0,0
qwen3,Full-FT,A,2465__repeat_1,2465,scipy.stats,scipy,absolute,31,parso_node_ast,0,0
qwen3,Full-FT,A,2465__repeat_1,2465,scipy.stats,scipy,absolute,32,parso_node_ast,0,0
qwen3,Full-FT,A,2465__repeat_1,2465,scipy.stats,scipy,absolute,33,parso_node_ast,0,0
qwen3,Full-FT,A,2465__repeat_1,2465,scipy.stats,scipy,absolute,34,parso_node_ast,0,0
qwen3,Full-FT,A,2465__repeat_1,2465,scipy.stats,scipy,absolute,35,parso_node_ast,0,0
qwen3,Full-FT,A,2465__repeat_1,2465,scipy.stats,scipy,absolute,36,parso_node_ast,0,0
qwen3,Full-FT,A,2465__repeat_1,2465,scipy.stats,scipy,absolute,37,parso_node_ast,0,0
qwen3,Full-FT,A,2465__repeat_1,2465,scipy.stats,scipy,absolute,38,parso_node_ast,0,0
qwen3,Full-FT,A,2465__repeat_1,2465,scipy.stats,scipy,absolute,39,parso_node_ast,0,0
qwen3,Full-FT,A,2465__repeat_1,2465,scipy.stats,scipy,absolute,40,parso_node_ast,0,0
qwen3,Full-FT,A,2465__repeat_1,2465,scipy.stats,scipy,absolute,41,parso_node_ast,0,0
qwen3,Full-FT,A,2465__repeat_1,2465,scipy.stats,scipy,absolute,42,parso_node_ast,0,0
qwen3,Full-FT,A,2465__repeat_1,2465,scipy.stats,scipy,absolute,43,parso_node_ast,0,0
qwen3,Full-FT,A,2465__repeat_1,2465,scipy.stats,scipy,absolute,44,parso_node_ast,0,0
qwen3,Full-FT,A,2465__repeat_1,2465,scipy.stats,scipy,absolute,45,parso_node_ast,0,0
qwen3,Full-FT,A,2465__repeat_1,2465,scipy.stats,scipy,absolute,46,parso_node_ast,0,0
qwen3,Full-FT,A,2465__repeat_1,2465,scipy.stats,scipy,absolute,47,parso_node_ast,0,0
qwen3,Full-FT,A,2465__repeat_1,2465,scipy.stats,scipy,absolute,48,parso_node_ast,0,0
qwen3,Full-FT,A,2465__repeat_1,2465,scipy.stats,scipy,absolute,49,parso_node_ast,0,0
qwen3,Full-FT,A,2465__repeat_1,2465,scipy.stats,scipy,absolute,50,parso_node_ast,0,0
qwen3,Full-FT,A,2465__repeat_1,2465,scipy.stats,scipy,absolute,51,parso_node_ast,0,0
qwen3,Full-FT,A,2465__repeat_1,2465,scipy.stats,scipy,absolute,52,parso_node_ast,0,0
qwen3,Full-FT,A,2465__repeat_1,2465,scipy.stats,scipy,absolute,53,parso_node_ast,0,0
qwen3,Full-FT,A,2465__repeat_1,2465,scipy.stats,scipy,absolute,54,parso_node_ast,0,0
qwen3,Full-FT,A,2465__repeat_1,2465,scipy.stats,scipy,absolute,55,parso_node_ast,0,0
qwen3,Full-FT,A,2465__repeat_1,2465,scipy.stats,scipy,absolute,56,parso_node_ast,0,0
qwen3,Full-FT,A,2465__repeat_1,2465,scipy.stats,scipy,absolute,57,parso_node_ast,0,0
qwen3,Full-FT,A,2465__repeat_1,2465,scipy.stats,scipy,absolute,58,parso_node_ast,0,0
qwen3,Full-FT,A,2465__repeat_1,2465,scipy.stats,scipy,absolute,59,parso_node_ast,0,0
qwen3,Full-FT,A,2465__repeat_1,2465,scipy.stats,scipy,absolute,60,parso_node_ast,0,0
qwen3,Full-FT,A,2465__repeat_1,2465,scipy.stats,scipy,absolute,61,parso_node_ast,0,0
qwen3,Full-FT,A,2465__repeat_1,2465,scipy.stats,scipy,absolute,62,parso_node_ast,0,0
qwen3,Full-FT,A,2465__repeat_1,2465,scipy.stats,scipy,absolute,63,parso_node_ast,0,0
qwen3,Full-FT,A,2465__repeat_1,2465,scipy.stats,scipy,absolute,64,parso_node_ast,0,0
qwen3,Full-FT,A,2465__repeat_1,2465,scipy.stats,scipy,absolute,65,parso_node_ast,0,0
qwen3,Full-FT,A,2465__repeat_1,2465,scipy.stats,scipy,absolute,66,parso_node_ast,0,0
qwen3,Full-FT,A,2465__repeat_1,2465,scipy.stats,scipy,absolute,67,parso_node_ast,0,0
qwen3,Full-FT,A,2465__repeat_1,2465,scipy.stats,scipy,absolute,68,parso_node_ast,0,0
qwen3,Full-FT,A,2465__repeat_1,2465,scipy.stats,scipy,absolute,69,parso_node_ast,0,0
qwen3,Full-FT,A,2465__repeat_1,2465,scipy.stats,scipy,absolute,70,parso_node_ast,0,0
qwen3,Full-FT,A,2465__repeat_1,2465,scipy.stats,scipy,absolute,71,parso_node_ast,0,0
qwen3,Full-FT,A,2465__repeat_1,2465,scipy.stats,scipy,absolute,72,parso_node_ast,0,0
qwen3,Full-FT,A,2465__repeat_1,2465,scipy.stats,scipy,absolute,73,parso_node_ast,0,0
qwen3,Full-FT,A,2465__repeat_1,2465,scipy.stats,scipy,absolute,74,parso_node_ast,0,0
qwen3,Full-FT,A,2465__repeat_1,2465,scipy.stats,scipy,absolute,75,parso_node_ast,0,0
qwen3,Full-FT,A,2465__repeat_1,2465,scipy.stats,scipy,absolute,76,parso_node_ast,0,0
qwen3,Full-FT,A,2465__repeat_1,2465,scipy.stats,scipy,absolute,77,parso_node_ast,0,0
qwen3,Full-FT,A,2465__repeat_1,2465,scipy.stats,scipy,absolute,78,parso_node_ast,0,0
qwen3,Full-FT,A,2465__repeat_1,2465,scipy.stats,scipy,absolute,79,parso_node_ast,0,0
qwen3,Full-FT,A,2465__repeat_1,2465,scipy.stats,scipy,absolute,80,parso_node_ast,0,0
qwen3,Full-FT,A,2465__repeat_1,2465,scipy.stats,scipy,absolute,81,parso_node_ast,0,0
qwen3,Full-FT,A,2465__repeat_1,2465,scipy.stats,scipy,absolute,82,parso_node_ast,0,0
qwen3,Full-FT,A,2465__repeat_1,2465,scipy.stats,scipy,absolute,83,parso_node_ast,0,0
qwen3,Full-FT,A,2465__repeat_1,2465,scipy.stats,scipy,absolute,84,parso_node_ast,0,0
qwen3,Full-FT,A,2465__repeat_1,2465,scipy.stats,scipy,absolute,85,parso_node_ast,0,0
qwen3,Full-FT,A,2465__repeat_1,2465,scipy.stats,scipy,absolute,86,parso_node_ast,0,0
qwen3,Full-FT,A,2465__repeat_1,2465,scipy.stats,scipy,absolute,87,parso_node_ast,0,0
qwen3,Full-FT,A,2465__repeat_1,2465,scipy.stats,scipy,absolute,88,parso_node_ast,0,0
qwen3,Full-FT,A,2465__repeat_1,2465,scipy.stats,scipy,absolute,89,parso_node_ast,0,0
qwen3,Full-FT,A,2465__repeat_1,2465,scipy.stats,scipy,absolute,90,parso_node_ast,0,0
qwen3,Full-FT,A,2465__repeat_1,2465,scipy.stats,scipy,absolute,91,parso_node_ast,0,0
qwen3,Full-FT,A,2465__repeat_1,2465,scipy.stats,scipy,absolute,92,parso_node_ast,0,0
qwen3,Full-FT,A,2465__repeat_1,2465,scipy.stats,scipy,absolute,93,parso_node_ast,0,0
qwen3,Full-FT,A,2465__repeat_1,2465,scipy.stats,scipy,absolute,94,parso_node_ast,0,0
qwen3,Full-FT,A,2465__repeat_1,2465,scipy.stats,scipy,absolute,95,parso_node_ast,0,0
qwen3,Full-FT,A,2465__repeat_1,2465,scipy.stats,scipy,absolute,96,parso_node_ast,0,0
qwen3,Full-FT,A,2465__repeat_1,2465,scipy.stats,scipy,absolute,97,parso_node_ast,0,0
qwen3,Full-FT,A,2465__repeat_1,2465,scipy.stats,scipy,absolute,98,parso_node_ast,0,0
qwen3,Full-FT,A,2465__repeat_1,2465,scipy.stats,scipy,absolute,99,parso_node_ast,0,0
qwen3,Full-FT,A,2465__repeat_1,2465,scipy.stats,scipy,absolute,100,parso_node_ast,0,0
qwen3,Full-FT,A,2465__repeat_1,2465,scipy.stats,scipy,absolute,101,parso_node_ast,0,0
qwen3,Full-FT,A,2465__repeat_1,2465,scipy.stats,scipy,absolute,102,parso_node_ast,0,0
qwen3,Full-FT,A,2465__repeat_1,2465,scipy.stats,scipy,absolute,103,parso_node_ast,0,0
qwen3,Full-FT,A,2465__repeat_1,2465,scipy.stats,scipy,absolute,104,parso_node_ast,0,0
qwen3,Full-FT,A,2465__repeat_1,2465,scipy.stats,scipy,absolute,105,parso_node_ast,0,0
qwen3,Full-FT,A,2465__repeat_1,2465,scipy.stats,scipy,absolute,106,parso_node_ast,0,0
qwen3,Full-FT,A,2465__repeat_1,2465,scipy.stats,scipy,absolute,107,parso_node_ast,0,0
qwen3,Full-FT,A,2465__repeat_1,2465,scipy.stats,scipy,absolute,108,parso_node_ast,0,0
qwen3,Full-FT,A,2465__repeat_1,2465,scipy.stats,scipy,absolute,109,parso_node_ast,0,0
qwen3,Full-FT,A,2465__repeat_1,2465,scipy.stats,scipy,absolute,110,parso_node_ast,0,0
qwen3,Full-FT,A,2465__repeat_1,2465,scipy.stats,scipy,absolute,111,parso_node_ast,0,0
qwen3,Full-FT,A,2465__repeat_1,2465,scipy.stats,scipy,absolute,112,parso_node_ast,0,0
qwen3,Full-FT,A,2465__repeat_1,2465,scipy.stats,scipy,absolute,113,parso_node_ast,0,0
qwen3,Full-FT,A,2465__repeat_1,2465,scipy.stats,scipy,absolute,114,parso_node_ast,0,0
qwen3,Full-FT,A,2465__repeat_1,2465,scipy.stats,scipy,absolute,115,parso_node_ast,0,0
qwen3,Full-FT,A,2465__repeat_1,2465,scipy.stats,scipy,absolute,116,parso_node_ast,0,0
qwen3,Full-FT,A,2465__repeat_1,2465,scipy.stats,scipy,absolute,117,parso_node_ast,0,0
qwen3,Full-FT,A,2465__repeat_1,2465,scipy.stats,scipy,absolute,118,parso_node_ast,0,0
qwen3,Full-FT,A,2465__repeat_1,2465,scipy.stats,scipy,absolute,119,parso_node_ast,0,0
qwen3,Full-FT,A,2465__repeat_1,2465,scipy.stats,scipy,absolute,120,parso_node_ast,0,0
qwen3,Full-FT,A,2465__repeat_1,2465,scipy.stats,scipy,absolute,121,parso_node_ast,0,0
qwen3,Full-FT,A,2465__repeat_1,2465,scipy.stats,scipy,absolute,122,parso_node_ast,0,0
qwen3,Full-FT,A,2465__repeat_1,2465,scipy.stats,scipy,absolute,123,parso_node_ast,0,0
qwen3,Full-FT,A,2465__repeat_1,2465,scipy.stats,scipy,absolute,124,parso_node_ast,0,0
qwen3,Full-FT,A,2465__repeat_1,2465,scipy.stats,scipy,absolute,125,parso_node_ast,0,0
qwen3,Full-FT,A,2465__repeat_1,2465,scipy.stats,scipy,absolute,126,parso_node_ast,0,0
qwen3,Full-FT,A,2465__repeat_1,2465,scipy.stats,scipy,absolute,127,parso_node_ast,0,0
qwen3,Full-FT,A,2465__repeat_1,2465,scipy.stats,scipy,absolute,128,parso_node_ast,0,0
qwen3,Full-FT,A,2465__repeat_1,2465,scipy.stats,scipy,absolute,129,parso_node_ast,0,0
qwen3,Full-FT,A,2465__repeat_1,2465,scipy.stats,scipy,absolute,130,parso_node_ast,0,0
qwen3,Full-FT,A,2465__repeat_1,2465,scipy.stats,scipy,absolute,131,parso_node_ast,0,0
qwen3,Full-FT,A,2465__repeat_1,2465,scipy.stats,scipy,absolute,132,parso_node_ast,0,0
qwen3,Full-FT,A,2465__repeat_1,2465,scipy.stats,scipy,absolute,133,parso_node_ast,0,0
qwen3,Full-FT,A,2465__repeat_1,2465,scipy.stats,scipy,absolute,134,parso_node_ast,0,0
qwen3,Full-FT,A,2465__repeat_1,2465,scipy.stats,scipy,absolute,135,parso_node_ast,0,0
qwen3,Full-FT,A,2465__repeat_1,2465,scipy.stats,scipy,absolute,136,parso_node_ast,0,0
qwen3,Full-FT,A,2465__repeat_1,2465,scipy.stats,scipy,absolute,137,parso_node_ast,0,0
qwen3,Full-FT,A,2465__repeat_1,2465,scipy.stats,scipy,absolute,138,parso_node_ast,0,0
qwen3,Full-FT,A,2465__repeat_1,2465,scipy.stats,scipy,absolute,139,parso_node_ast,0,0
qwen3,Full-FT,A,2465__repeat_1,2465,scipy.stats,scipy,absolute,140,parso_node_ast,0,0
qwen3,Full-FT,A,2465__repeat_1,2465,scipy.stats,scipy,absolute,141,parso_node_ast,0,0
qwen3,Full-FT,A,2465__repeat_1,2465,scipy.stats,scipy,absolute,142,parso_node_ast,0,0
qwen3,Full-FT,A,2465__repeat_1,2465,scipy.stats,scipy,absolute,143,parso_node_ast,0,0
qwen3,Full-FT,A,2465__repeat_1,2465,scipy.stats,scipy,absolute,144,parso_node_ast,0,0
qwen3,Full-FT,A,2465__repeat_1,2465,scipy.stats,scipy,absolute,145,parso_node_ast,0,0
qwen3,Full-FT,A,2465__repeat_1,2465,scipy.stats,scipy,absolute,146,parso_node_ast,0,0
qwen3,Full-FT,A,2465__repeat_1,2465,scipy.stats,scipy,absolute,147,parso_node_ast,0,0
qwen3,Full-FT,A,2465__repeat_1,2465,scipy.stats,scipy,absolute,148,parso_node_ast,0,0
qwen3,Full-FT,A,2465__repeat_1,2465,scipy.stats,scipy,absolute,149,parso_node_ast,0,0
qwen3,Full-FT,A,2465__repeat_1,2465,scipy.stats,scipy,absolute,150,parso_node_ast,0,0
qwen3,Full-FT,A,2465__repeat_1,2465,scipy.stats,scipy,absolute,151,parso_node_ast,0,0
qwen3,Full-FT,A,2465__repeat_1,2465,scipy.stats,scipy,absolute,152,parso_node_ast,0,0
qwen3,Full-FT,A,2465__repeat_1,2465,scipy.stats,scipy,absolute,153,parso_node_ast,0,0
qwen3,Full-FT,A,2465__repeat_1,2465,scipy.stats,scipy,absolute,154,parso_node_ast,0,0
qwen3,Full-FT,A,2465__repeat_1,2465,scipy.stats,scipy,absolute,155,parso_node_ast,0,0
qwen3,Full-FT,A,2465__repeat_1,2465,scipy.stats,scipy,absolute,156,parso_node_ast,0,0
qwen3,Full-FT,A,2465__repeat_1,2465,scipy.stats,scipy,absolute,157,parso_node_ast,0,0
qwen3,Full-FT,A,2465__repeat_1,2465,scipy.stats,scipy,absolute,158,parso_node_ast,0,0
qwen3,Full-FT,A,2465__repeat_1,2465,scipy.stats,scipy,absolute,159,parso_node_ast,0,0
qwen3,Full-FT,A,2465__repeat_1,2465,scipy.stats,scipy,absolute,160,parso_node_ast,0,0
qwen3,Full-FT,A,2465__repeat_1,2465,scipy.stats,scipy,absolute,161,parso_node_ast,0,0
qwen3,Full-FT,A,2465__repeat_1,2465,scipy.stats,scipy,absolute,162,parso_node_ast,0,0
qwen3,Full-FT,A,2465__repeat_1,2465,scipy.stats,scipy,absolute,163,parso_node_ast,0,0
qwen3,Full-FT,A,2465__repeat_1,2465,scipy.stats,scipy,absolute,164,parso_node_ast,0,0
qwen3,Full-FT,A,2465__repeat_1,2465,scipy.stats,scipy,absolute,165,parso_node_ast,0,0
qwen3,Full-FT,A,2465__repeat_1,2465,scipy.stats,scipy,absolute,166,parso_node_ast,0,0
qwen3,Full-FT,A,2465__repeat_1,2465,scipy.stats,scipy,absolute,167,parso_node_ast,0,0
qwen3,Full-FT,A,2465__repeat_1,2465,scipy.stats,scipy,absolute,168,parso_node_ast,0,0
qwen3,Full-FT,A,2465__repeat_1,2465,scipy.stats,scipy,absolute,169,parso_node_ast,0,0
qwen3,Full-FT,A,2465__repeat_1,2465,scipy.stats,scipy,absolute,170,parso_node_ast,0,0
qwen3,Full-FT,A,2465__repeat_1,2465,scipy.stats,scipy,absolute,171,parso_node_ast,0,0
qwen3,Full-FT,A,2465__repeat_1,2465,scipy.stats,scipy,absolute,172,parso_node_ast,0,0
qwen3,Full-FT,A,2465__repeat_1,2465,scipy.stats,scipy,absolute,173,parso_node_ast,0,0
qwen3,Full-FT,A,2465__repeat_1,2465,scipy.stats,scipy,absolute,174,parso_node_ast,0,0
qwen3,Full-FT,A,2465__repeat_1,2465,scipy.stats,scipy,absolute,175,parso_node_ast,0,0
qwen3,Full-FT,A,2465__repeat_1,2465,scipy.stats,scipy,absolute,176,parso_node_ast,0,0
qwen3,Full-FT,A,2465__repeat_1,2465,scipy.stats,scipy,absolute,177,parso_node_ast,0,0
qwen3,Full-FT,A,2465__repeat_1,2465,scipy.stats,scipy,absolute,178,parso_node_ast,0,0
qwen3,Full-FT,A,2465__repeat_1,2465,scipy.stats,scipy,absolute,179,parso_node_ast,0,0
qwen3,Full-FT,A,2465__repeat_1,2465,scipy.stats,scipy,absolute,180,parso_node_ast,0,0
qwen3,Full-FT,A,2465__repeat_1,2465,scipy.stats,scipy,absolute,181,parso_node_ast,0,0
qwen3,Full-FT,A,2465__repeat_1,2465,scipy.stats,scipy,absolute,182,parso_node_ast,0,0
qwen3,Full-FT,A,2465__repeat_1,2465,scipy.stats,scipy,absolute,183,parso_node_ast,0,0
qwen3,Full-FT,B,3509__repeat_2,3509,aws,aws,absolute,2,parso_node_ast,0,1
qwen3,Full-FT,B,3509__repeat_4,3509,aws,aws,absolute,3,parso_node_ast,0,1
qwen3,Full-FT,B,185__repeat_4,185,pytest,pytest,absolute,3,parso_node_ast,0,1
qwen3,Full-FT,B,185__repeat_4,185,pytest,pytest,absolute,4,parso_node_ast,0,1
qwen3,Full-FT,B,185__repeat_4,185,pytest,pytest,absolute,6,parso_node_ast,0,1
qwen3,Full-FT,B,2751__repeat_2,2751,pytest,pytest,absolute,1,parso_node_ast,0,1
qwen3,Full-FT,B,2751__repeat_4,2751,pytest,pytest,absolute,1,parso_node_ast,0,1
qwen3,Full-FT,B,2751__repeat_5,2751,pytest,pytest,absolute,2,parso_node_ast,0,1
qwen3,Full-FT,B,2751__repeat_5,2751,pytest,pytest,absolute,3,parso_node_ast,0,1
qwen3,Full-FT,B,2751__repeat_5,2751,pytest,pytest,absolute,4,parso_node_ast,0,1
qwen3,Full-FT,B,2751__repeat_5,2751,pytest,pytest,absolute,5,parso_node_ast,0,1
qwen3,Full-FT,B,2751__repeat_5,2751,pytest,pytest,absolute,6,parso_node_ast,0,1
qwen3,Full-FT,B,2751__repeat_5,2751,pytest,pytest,absolute,7,parso_node_ast,0,1
qwen3,Full-FT,B,2751__repeat_5,2751,pytest,pytest,absolute,8,parso_node_ast,0,1
qwen3,Full-FT,B,2751__repeat_5,2751,pytest,pytest,absolute,9,parso_node_ast,0,1
qwen3,Full-FT,B,2751__repeat_5,2751,pytest,pytest,absolute,10,parso_node_ast,0,1
qwen3,Full-FT,B,2751__repeat_5,2751,pytest,pytest,absolute,11,parso_node_ast,0,1
qwen3,Full-FT,B,2751__repeat_5,2751,pytest,pytest,absolute,12,parso_node_ast,0,1
qwen3,Full-FT,B,2751__repeat_5,2751,pytest,pytest,absolute,13,parso_node_ast,0,1
qwen3,Full-FT,B,2751__repeat_5,2751,pytest,pytest,absolute,14,parso_node_ast,0,1
qwen3,Full-FT,B,2751__repeat_5,2751,pytest,pytest,absolute,15,parso_node_ast,0,1
qwen3,Full-FT,B,2751__repeat_5,2751,pytest,pytest,absolute,16,parso_node_ast,0,1
qwen3,Full-FT,B,2751__repeat_5,2751,pytest,pytest,absolute,17,parso_node_ast,0,1
qwen3,Full-FT,B,2751__repeat_5,2751,pytest,pytest,absolute,18,parso_node_ast,0,1
qwen3,Full-FT,B,2751__repeat_5,2751,pytest,pytest,absolute,19,parso_node_ast,0,1
qwen3,Full-FT,B,2751__repeat_5,2751,pytest,pytest,absolute,20,parso_node_ast,0,1
qwen3,Full-FT,B,2751__repeat_5,2751,pytest,pytest,absolute,21,parso_node_ast,0,1
qwen3,Full-FT,B,2751__repeat_5,2751,pytest,pytest,absolute,22,parso_node_ast,0,1
qwen3,Full-FT,B,2751__repeat_5,2751,pytest,pytest,absolute,23,parso_node_ast,0,1
qwen3,Full-FT,B,2751__repeat_5,2751,pytest,pytest,absolute,24,parso_node_ast,0,1
qwen3,Full-FT,B,2751__repeat_5,2751,pytest,pytest,absolute,25,parso_node_ast,0,1
qwen3,Full-FT,B,2751__repeat_5,2751,pytest,pytest,absolute,26,parso_node_ast,0,1
qwen3,Full-FT,B,2751__repeat_5,2751,pytest,pytest,absolute,27,parso_node_ast,0,1
qwen3,Full-FT,B,2751__repeat_5,2751,pytest,pytest,absolute,28,parso_node_ast,0,1
qwen3,Full-FT,B,2751__repeat_5,2751,pytest,pytest,absolute,29,parso_node_ast,0,1
qwen3,Full-FT,B,2751__repeat_5,2751,pytest,pytest,absolute,30,parso_node_ast,0,1
qwen3,Full-FT,B,2751__repeat_5,2751,pytest,pytest,absolute,31,parso_node_ast,0,1
qwen3,Full-FT,B,2751__repeat_5,2751,pytest,pytest,absolute,32,parso_node_ast,0,1
qwen3,Full-FT,B,2751__repeat_5,2751,pytest,pytest,absolute,33,parso_node_ast,0,1
qwen3,Full-FT,B,2751__repeat_5,2751,pytest,pytest,absolute,34,parso_node_ast,0,1
qwen3,Full-FT,B,2751__repeat_5,2751,pytest,pytest,absolute,35,parso_node_ast,0,1
qwen3,Full-FT,B,2751__repeat_5,2751,pytest,pytest,absolute,36,parso_node_ast,0,1
qwen3,Full-FT,B,2751__repeat_5,2751,pytest,pytest,absolute,37,parso_node_ast,0,1
qwen3,Full-FT,B,2751__repeat_5,2751,pytest,pytest,absolute,38,parso_node_ast,0,1
qwen3,Full-FT,B,2751__repeat_5,2751,pytest,pytest,absolute,39,parso_node_ast,0,1
qwen3,Full-FT,B,2751__repeat_5,2751,pytest,pytest,absolute,40,parso_node_ast,0,1
qwen3,Full-FT,B,2751__repeat_5,2751,pytest,pytest,absolute,41,parso_node_ast,0,1
qwen3,Full-FT,B,2751__repeat_5,2751,pytest,pytest,absolute,42,parso_node_ast,0,1
qwen3,Full-FT,B,2751__repeat_5,2751,pytest,pytest,absolute,43,parso_node_ast,0,1
qwen3,Full-FT,B,2751__repeat_5,2751,pytest,pytest,absolute,44,parso_node_ast,0,1
qwen3,Full-FT,B,2751__repeat_5,2751,pytest,pytest,absolute,45,parso_node_ast,0,1
qwen3,Full-FT,B,2751__repeat_5,2751,pytest,pytest,absolute,46,parso_node_ast,0,1
qwen3,Full-FT,B,2751__repeat_5,2751,pytest,pytest,absolute,47,parso_node_ast,0,1
qwen3,Full-FT,B,2751__repeat_5,2751,pytest,pytest,absolute,48,parso_node_ast,0,1
qwen3,Full-FT,B,2751__repeat_5,2751,pytest,pytest,absolute,49,parso_node_ast,0,1
qwen3,Full-FT,B,2751__repeat_5,2751,pytest,pytest,absolute,50,parso_node_ast,0,1
qwen3,Full-FT,B,2751__repeat_5,2751,pytest,pytest,absolute,51,parso_node_ast,0,1
qwen3,Full-FT,B,2751__repeat_5,2751,pytest,pytest,absolute,52,parso_node_ast,0,1
qwen3,Full-FT,B,2751__repeat_5,2751,pytest,pytest,absolute,53,parso_node_ast,0,1
qwen3,Full-FT,B,2751__repeat_5,2751,pytest,pytest,absolute,54,parso_node_ast,0,1
qwen3,Full-FT,B,2751__repeat_5,2751,pytest,pytest,absolute,55,parso_node_ast,0,1
qwen3,Full-FT,B,2751__repeat_5,2751,pytest,pytest,absolute,56,parso_node_ast,0,1
qwen3,Full-FT,B,2751__repeat_5,2751,pytest,pytest,absolute,57,parso_node_ast,0,1
qwen3,Full-FT,B,2751__repeat_5,2751,pytest,pytest,absolute,58,parso_node_ast,0,1
qwen3,Full-FT,B,2751__repeat_5,2751,pytest,pytest,absolute,59,parso_node_ast,0,1
qwen3,Full-FT,B,2751__repeat_5,2751,pytest,pytest,absolute,60,parso_node_ast,0,1
qwen3,Full-FT,B,2751__repeat_5,2751,pytest,pytest,absolute,61,parso_node_ast,0,1
qwen3,Full-FT,B,2751__repeat_5,2751,pytest,pytest,absolute,62,parso_node_ast,0,1
qwen3,Full-FT,B,2751__repeat_5,2751,pytest,pytest,absolute,63,parso_node_ast,0,1
qwen3,Full-FT,B,2751__repeat_5,2751,pytest,pytest,absolute,64,parso_node_ast,0,1
qwen3,Full-FT,B,2751__repeat_5,2751,pytest,pytest,absolute,65,parso_node_ast,0,1
qwen3,Full-FT,B,2751__repeat_5,2751,pytest,pytest,absolute,66,parso_node_ast,0,1
qwen3,Full-FT,B,2751__repeat_5,2751,pytest,pytest,absolute,67,parso_node_ast,0,1
qwen3,Full-FT,B,2751__repeat_5,2751,pytest,pytest,absolute,68,parso_node_ast,0,1
qwen3,Full-FT,B,2751__repeat_5,2751,pytest,pytest,absolute,69,parso_node_ast,0,1
qwen3,Full-FT,B,2751__repeat_5,2751,pytest,pytest,absolute,70,parso_node_ast,0,1
qwen3,Full-FT,B,2751__repeat_5,2751,pytest,pytest,absolute,71,parso_node_ast,0,1
qwen3,Full-FT,B,2751__repeat_5,2751,pytest,pytest,absolute,72,parso_node_ast,0,1
qwen3,Full-FT,B,2751__repeat_5,2751,pytest,pytest,absolute,73,parso_node_ast,0,1
qwen3,Full-FT,B,2751__repeat_5,2751,pytest,pytest,absolute,74,parso_node_ast,0,1
qwen3,Full-FT,B,2751__repeat_5,2751,pytest,pytest,absolute,75,parso_node_ast,0,1
qwen3,Full-FT,B,2751__repeat_5,2751,pytest,pytest,absolute,76,parso_node_ast,0,1
qwen3,Full-FT,B,2751__repeat_5,2751,pytest,pytest,absolute,77,parso_node_ast,0,1
qwen3,Full-FT,B,2751__repeat_5,2751,pytest,pytest,absolute,78,parso_node_ast,0,1
qwen3,Full-FT,B,2751__repeat_5,2751,pytest,pytest,absolute,79,parso_node_ast,0,1
qwen3,Full-FT,B,2751__repeat_5,2751,pytest,pytest,absolute,80,parso_node_ast,0,1
qwen3,Full-FT,B,2751__repeat_5,2751,pytest,pytest,absolute,81,parso_node_ast,0,1
qwen3,Full-FT,B,2751__repeat_5,2751,pytest,pytest,absolute,82,parso_node_ast,0,1
qwen3,Full-FT,B,2751__repeat_5,2751,pytest,pytest,absolute,83,parso_node_ast,0,1
qwen3,Full-FT,B,2751__repeat_5,2751,pytest,pytest,absolute,84,parso_node_ast,0,1
qwen3,Full-FT,B,2751__repeat_5,2751,pytest,pytest,absolute,85,parso_node_ast,0,1
qwen3,Full-FT,B,2751__repeat_5,2751,pytest,pytest,absolute,86,parso_node_ast,0,1
qwen3,Full-FT,B,2751__repeat_5,2751,pytest,pytest,absolute,87,parso_node_ast,0,1
qwen3,Full-FT,B,2751__repeat_5,2751,pytest,pytest,absolute,88,parso_node_ast,0,1
qwen3,Full-FT,B,2751__repeat_5,2751,pytest,pytest,absolute,89,parso_node_ast,0,1
qwen3,Full-FT,B,2751__repeat_5,2751,pytest,pytest,absolute,90,parso_node_ast,0,1
qwen3,Full-FT,B,2751__repeat_5,2751,pytest,pytest,absolute,91,parso_node_ast,0,1
qwen3,Full-FT,B,2751__repeat_5,2751,pytest,pytest,absolute,92,parso_node_ast,0,1
qwen3,Full-FT,B,2751__repeat_5,2751,pytest,pytest,absolute,93,parso_node_ast,0,1
qwen3,Full-FT,B,2751__repeat_5,2751,pytest,pytest,absolute,94,parso_node_ast,0,1
qwen3,Full-FT,B,2751__repeat_5,2751,pytest,pytest,absolute,95,parso_node_ast,0,1
qwen3,Full-FT,B,2751__repeat_5,2751,pytest,pytest,absolute,96,parso_node_ast,0,1
qwen3,Full-FT,B,2751__repeat_5,2751,pytest,pytest,absolute,97,parso_node_ast,0,1
qwen3,Full-FT,B,2751__repeat_5,2751,pytest,pytest,absolute,98,parso_node_ast,0,1
qwen3,Full-FT,B,2751__repeat_5,2751,pytest,pytest,absolute,99,parso_node_ast,0,1
qwen3,Full-FT,B,2751__repeat_5,2751,pytest,pytest,absolute,100,parso_node_ast,0,1
qwen3,Full-FT,B,2751__repeat_5,2751,pytest,pytest,absolute,101,parso_node_ast,0,1
qwen3,Full-FT,B,2751__repeat_5,2751,pytest,pytest,absolute,102,parso_node_ast,0,1
qwen3,Full-FT,B,2751__repeat_5,2751,pytest,pytest,absolute,103,parso_node_ast,0,1
qwen3,Full-FT,B,2751__repeat_5,2751,pytest,pytest,absolute,104,parso_node_ast,0,1
qwen3,Full-FT,B,3333__repeat_2,3333,scipy.optimize,scipy,absolute,42,parso_node_ast,0,0
qwen3,Full-FT,B,3333__repeat_2,3333,scipy.optimize,scipy,absolute,43,parso_node_ast,0,0
qwen3,Full-FT,B,3333__repeat_2,3333,scipy.optimize,scipy,absolute,44,parso_node_ast,0,0
qwen3,Full-FT,B,3333__repeat_2,3333,scipy.optimize,scipy,absolute,45,parso_node_ast,0,0
qwen3,Full-FT,B,3333__repeat_2,3333,scipy.optimize,scipy,absolute,46,parso_node_ast,0,0
qwen3,Full-FT,B,3333__repeat_2,3333,scipy.optimize,scipy,absolute,47,parso_node_ast,0,0
qwen3,Full-FT,B,3333__repeat_2,3333,scipy.optimize,scipy,absolute,48,parso_node_ast,0,0
qwen3,Full-FT,B,3333__repeat_2,3333,scipy.optimize,scipy,absolute,49,parso_node_ast,0,0
qwen3,Full-FT,B,3333__repeat_2,3333,scipy.optimize,scipy,absolute,50,parso_node_ast,0,0
qwen3,Full-FT,B,3333__repeat_2,3333,scipy.optimize,scipy,absolute,51,parso_node_ast,0,0
qwen3,Full-FT,B,3333__repeat_2,3333,scipy.optimize,scipy,absolute,52,parso_node_ast,0,0
qwen3,Full-FT,B,3333__repeat_2,3333,scipy.optimize,scipy,absolute,53,parso_node_ast,0,0
qwen3,Full-FT,B,3333__repeat_2,3333,scipy.optimize,scipy,absolute,54,parso_node_ast,0,0
qwen3,Full-FT,B,3333__repeat_2,3333,scipy.optimize,scipy,absolute,55,parso_node_ast,0,0
qwen3,Full-FT,B,3333__repeat_2,3333,scipy.optimize,scipy,absolute,56,parso_node_ast,0,0
qwen3,Full-FT,B,3333__repeat_2,3333,scipy.optimize,scipy,absolute,57,parso_node_ast,0,0
qwen3,Full-FT,B,3333__repeat_2,3333,scipy.optimize,scipy,absolute,58,parso_node_ast,0,0
qwen3,Full-FT,B,3333__repeat_2,3333,scipy.optimize,scipy,absolute,59,parso_node_ast,0,0
qwen3,Full-FT,B,3333__repeat_2,3333,scipy.optimize,scipy,absolute,60,parso_node_ast,0,0
qwen3,Full-FT,B,3333__repeat_2,3333,scipy.optimize,scipy,absolute,61,parso_node_ast,0,0
qwen3,Full-FT,B,3333__repeat_2,3333,scipy.optimize,scipy,absolute,62,parso_node_ast,0,0
qwen3,Full-FT,B,3333__repeat_2,3333,scipy.optimize,scipy,absolute,63,parso_node_ast,0,0
qwen3,Full-FT,B,3333__repeat_2,3333,scipy.optimize,scipy,absolute,64,parso_node_ast,0,0
qwen3,Full-FT,B,3333__repeat_2,3333,scipy.optimize,scipy,absolute,65,parso_node_ast,0,0
qwen3,Full-FT,B,3333__repeat_2,3333,scipy.optimize,scipy,absolute,66,parso_node_ast,0,0
qwen3,Full-FT,B,3333__repeat_2,3333,scipy.optimize,scipy,absolute,67,parso_node_ast,0,0
qwen3,Full-FT,B,3333__repeat_2,3333,scipy.optimize,scipy,absolute,68,parso_node_ast,0,0
qwen3,Full-FT,B,3333__repeat_2,3333,scipy.optimize,scipy,absolute,69,parso_node_ast,0,0
qwen3,Full-FT,B,3333__repeat_2,3333,scipy.optimize,scipy,absolute,70,parso_node_ast,0,0
qwen3,Full-FT,B,3333__repeat_2,3333,scipy.optimize,scipy,absolute,71,parso_node_ast,0,0
qwen3,Full-FT,B,3333__repeat_2,3333,scipy.optimize,scipy,absolute,72,parso_node_ast,0,0
qwen3,Full-FT,B,3333__repeat_2,3333,scipy.optimize,scipy,absolute,73,parso_node_ast,0,0
qwen3,Full-FT,B,3333__repeat_2,3333,scipy.optimize,scipy,absolute,74,parso_node_ast,0,0
qwen3,Full-FT,B,3333__repeat_2,3333,scipy.optimize,scipy,absolute,75,parso_node_ast,0,0
qwen3,Full-FT,B,3333__repeat_2,3333,scipy.optimize,scipy,absolute,76,parso_node_ast,0,0
qwen3,Full-FT,B,3333__repeat_2,3333,scipy.optimize,scipy,absolute,77,parso_node_ast,0,0
qwen3,Full-FT,B,3333__repeat_2,3333,scipy.optimize,scipy,absolute,78,parso_node_ast,0,0
qwen3,Full-FT,B,3333__repeat_2,3333,scipy.optimize,scipy,absolute,79,parso_node_ast,0,0
qwen3,Full-FT,B,3333__repeat_2,3333,scipy.optimize,scipy,absolute,80,parso_node_ast,0,0
qwen3,Full-FT,B,3333__repeat_2,3333,scipy.optimize,scipy,absolute,81,parso_node_ast,0,0
qwen3,Full-FT,B,3333__repeat_2,3333,scipy.optimize,scipy,absolute,82,parso_node_ast,0,0
qwen3,Full-FT,B,3333__repeat_2,3333,scipy.optimize,scipy,absolute,83,parso_node_ast,0,0
qwen3,Full-FT,B,3333__repeat_2,3333,scipy.optimize,scipy,absolute,84,parso_node_ast,0,0
qwen3,Full-FT,B,3333__repeat_2,3333,scipy.optimize,scipy,absolute,85,parso_node_ast,0,0
qwen3,Full-FT,B,3333__repeat_2,3333,scipy.optimize,scipy,absolute,86,parso_node_ast,0,0
qwen3,Full-FT,B,3333__repeat_2,3333,scipy.optimize,scipy,absolute,87,parso_node_ast,0,0
qwen3,Full-FT,B,3333__repeat_2,3333,scipy.optimize,scipy,absolute,88,parso_node_ast,0,0
qwen3,Full-FT,B,3333__repeat_2,3333,scipy.optimize,scipy,absolute,89,parso_node_ast,0,0
qwen3,Full-FT,B,3333__repeat_2,3333,scipy.optimize,scipy,absolute,90,parso_node_ast,0,0
qwen3,Full-FT,B,3333__repeat_2,3333,scipy.optimize,scipy,absolute,91,parso_node_ast,0,0
qwen3,Full-FT,B,3333__repeat_2,3333,scipy.optimize,scipy,absolute,92,parso_node_ast,0,0
qwen3,Full-FT,B,3333__repeat_2,3333,scipy.optimize,scipy,absolute,93,parso_node_ast,0,0
qwen3,Full-FT,B,3333__repeat_2,3333,scipy.optimize,scipy,absolute,94,parso_node_ast,0,0
qwen3,Full-FT,B,3333__repeat_2,3333,scipy.optimize,scipy,absolute,95,parso_node_ast,0,0
qwen3,Full-FT,B,3333__repeat_2,3333,scipy.optimize,scipy,absolute,96,parso_node_ast,0,0
qwen3,Full-FT,B,3333__repeat_2,3333,scipy.optimize,scipy,absolute,97,parso_node_ast,0,0
qwen3,Full-FT,B,3333__repeat_2,3333,scipy.optimize,scipy,absolute,98,parso_node_ast,0,0
qwen3,Full-FT,B,3333__repeat_2,3333,scipy.optimize,scipy,absolute,99,parso_node_ast,0,0
qwen3,Full-FT,B,3333__repeat_2,3333,scipy.optimize,scipy,absolute,100,parso_node_ast,0,0
qwen3,Full-FT,B,3333__repeat_2,3333,scipy.optimize,scipy,absolute,101,parso_node_ast,0,0
qwen3,Full-FT,B,3333__repeat_2,3333,scipy.optimize,scipy,absolute,102,parso_node_ast,0,0
qwen3,Full-FT,B,3333__repeat_2,3333,scipy.optimize,scipy,absolute,103,parso_node_ast,0,0
qwen3,Full-FT,B,3333__repeat_2,3333,scipy.optimize,scipy,absolute,104,parso_node_ast,0,0
qwen3,Full-FT,B,3333__repeat_2,3333,scipy.optimize,scipy,absolute,105,parso_node_ast,0,0
qwen3,Full-FT,B,3333__repeat_2,3333,scipy.optimize,scipy,absolute,106,parso_node_ast,0,0
qwen3,Full-FT,B,3333__repeat_2,3333,scipy.optimize,scipy,absolute,107,parso_node_ast,0,0
qwen3,Full-FT,B,3333__repeat_2,3333,scipy.optimize,scipy,absolute,108,parso_node_ast,0,0
qwen3,Full-FT,B,3333__repeat_2,3333,scipy.optimize,scipy,absolute,109,parso_node_ast,0,0
qwen3,Full-FT,B,3333__repeat_2,3333,scipy.optimize,scipy,absolute,110,parso_node_ast,0,0
qwen3,Full-FT,B,3333__repeat_2,3333,scipy.optimize,scipy,absolute,111,parso_node_ast,0,0
qwen3,Full-FT,B,3333__repeat_2,3333,scipy.optimize,scipy,absolute,112,parso_node_ast,0,0
qwen3,Full-FT,B,3333__repeat_2,3333,scipy.optimize,scipy,absolute,113,parso_node_ast,0,0
qwen3,Full-FT,B,3333__repeat_2,3333,scipy.optimize,scipy,absolute,114,parso_node_ast,0,0
qwen3,Full-FT,B,3333__repeat_2,3333,scipy.optimize,scipy,absolute,115,parso_node_ast,0,0
qwen3,Full-FT,B,3333__repeat_2,3333,scipy.optimize,scipy,absolute,116,parso_node_ast,0,0
qwen3,Full-FT,B,3333__repeat_2,3333,scipy.optimize,scipy,absolute,117,parso_node_ast,0,0
qwen3,Full-FT,B,3333__repeat_2,3333,scipy.optimize,scipy,absolute,118,parso_node_ast,0,0
qwen3,Full-FT,B,3333__repeat_2,3333,scipy.optimize,scipy,absolute,119,parso_node_ast,0,0
qwen3,Full-FT,B,3333__repeat_2,3333,scipy.optimize,scipy,absolute,120,parso_node_ast,0,0
qwen3,Full-FT,B,3333__repeat_2,3333,scipy.optimize,scipy,absolute,121,parso_node_ast,0,0
qwen3,Full-FT,B,3333__repeat_2,3333,scipy.optimize,scipy,absolute,122,parso_node_ast,0,0
qwen3,Full-FT,B,3333__repeat_2,3333,scipy.optimize,scipy,absolute,123,parso_node_ast,0,0
qwen3,Full-FT,B,3333__repeat_2,3333,scipy.optimize,scipy,absolute,124,parso_node_ast,0,0
qwen3,Full-FT,B,3333__repeat_2,3333,scipy.optimize,scipy,absolute,125,parso_node_ast,0,0
qwen3,Full-FT,B,3333__repeat_2,3333,scipy.optimize,scipy,absolute,126,parso_node_ast,0,0
qwen3,Full-FT,B,3333__repeat_2,3333,scipy.optimize,scipy,absolute,127,parso_node_ast,0,0
qwen3,Full-FT,B,3333__repeat_2,3333,scipy.optimize,scipy,absolute,128,parso_node_ast,0,0
qwen3,Full-FT,B,3333__repeat_2,3333,scipy.optimize,scipy,absolute,129,parso_node_ast,0,0
qwen3,Full-FT,B,3333__repeat_2,3333,scipy.optimize,scipy,absolute,130,parso_node_ast,0,0
qwen3,Full-FT,B,3333__repeat_2,3333,scipy.optimize,scipy,absolute,131,parso_node_ast,0,0
qwen3,Full-FT,B,3333__repeat_2,3333,scipy.optimize,scipy,absolute,132,parso_node_ast,0,0
qwen3,Full-FT,B,3333__repeat_2,3333,scipy.optimize,scipy,absolute,133,parso_node_ast,0,0
qwen3,Full-FT,B,3333__repeat_2,3333,scipy.optimize,scipy,absolute,134,parso_node_ast,0,0
qwen3,Full-FT,B,3333__repeat_2,3333,scipy.optimize,scipy,absolute,135,parso_node_ast,0,0
qwen3,Full-FT,B,3333__repeat_2,3333,scipy.optimize,scipy,absolute,136,parso_node_ast,0,0
qwen3,Full-FT,B,3333__repeat_2,3333,scipy.optimize,scipy,absolute,137,parso_node_ast,0,0
qwen3,Full-FT,B,3333__repeat_2,3333,scipy.optimize,scipy,absolute,138,parso_node_ast,0,0
qwen3,Full-FT,B,3333__repeat_2,3333,scipy.optimize,scipy,absolute,139,parso_node_ast,0,0
qwen3,Full-FT,B,3333__repeat_2,3333,scipy.optimize,scipy,absolute,140,parso_node_ast,0,0
qwen3,Full-FT,B,3333__repeat_2,3333,scipy.optimize,scipy,absolute,141,parso_node_ast,0,0
qwen3,Full-FT,B,3333__repeat_2,3333,scipy.optimize,scipy,absolute,142,parso_node_ast,0,0
qwen3,Full-FT,B,3333__repeat_2,3333,scipy.optimize,scipy,absolute,143,parso_node_ast,0,0
qwen3,Full-FT,B,3333__repeat_2,3333,scipy.optimize,scipy,absolute,144,parso_node_ast,0,0
qwen3,Full-FT,B,3333__repeat_2,3333,scipy.optimize,scipy,absolute,145,parso_node_ast,0,0
qwen3,Full-FT,B,3333__repeat_2,3333,scipy.optimize,scipy,absolute,146,parso_node_ast,0,0
qwen3,Full-FT,B,3333__repeat_2,3333,scipy.optimize,scipy,absolute,147,parso_node_ast,0,0
qwen3,Full-FT,B,3333__repeat_2,3333,scipy.optimize,scipy,absolute,148,parso_node_ast,0,0
qwen3,Full-FT,B,3333__repeat_2,3333,scipy.optimize,scipy,absolute,149,parso_node_ast,0,0
qwen3,Full-FT,B,3333__repeat_2,3333,scipy.optimize,scipy,absolute,150,parso_node_ast,0,0
qwen3,Full-FT,B,3333__repeat_2,3333,scipy.optimize,scipy,absolute,151,parso_node_ast,0,0
qwen3,Full-FT,B,3333__repeat_2,3333,scipy.optimize,scipy,absolute,152,parso_node_ast,0,0
qwen3,Full-FT,B,3333__repeat_2,3333,scipy.optimize,scipy,absolute,153,parso_node_ast,0,0
qwen3,Full-FT,B,3333__repeat_2,3333,scipy.optimize,scipy,absolute,154,parso_node_ast,0,0
qwen3,Full-FT,B,3333__repeat_2,3333,scipy.optimize,scipy,absolute,155,parso_node_ast,0,0
qwen3,Full-FT,B,3333__repeat_2,3333,scipy.optimize,scipy,absolute,156,parso_node_ast,0,0
qwen3,Full-FT,B,3333__repeat_2,3333,scipy.optimize,scipy,absolute,157,parso_node_ast,0,0
qwen3,Full-FT,B,3333__repeat_2,3333,scipy.optimize,scipy,absolute,158,parso_node_ast,0,0
qwen3,Full-FT,B,3333__repeat_2,3333,scipy.optimize,scipy,absolute,159,parso_node_ast,0,0
qwen3,Full-FT,B,3333__repeat_2,3333,scipy.optimize,scipy,absolute,160,parso_node_ast,0,0
qwen3,Full-FT,B,3333__repeat_2,3333,scipy.optimize,scipy,absolute,161,parso_node_ast,0,0
qwen3,Full-FT,B,3333__repeat_2,3333,scipy.optimize,scipy,absolute,162,parso_node_ast,0,0
qwen3,Full-FT,B,3333__repeat_2,3333,scipy.optimize,scipy,absolute,163,parso_node_ast,0,0
qwen3,Full-FT,B,3333__repeat_2,3333,scipy.optimize,scipy,absolute,164,parso_node_ast,0,0
qwen3,Full-FT,B,3333__repeat_2,3333,scipy.optimize,scipy,absolute,165,parso_node_ast,0,0
qwen3,Full-FT,B,3333__repeat_2,3333,scipy.optimize,scipy,absolute,166,parso_node_ast,0,0
qwen3,Full-FT,B,3333__repeat_2,3333,scipy.optimize,scipy,absolute,167,parso_node_ast,0,0
qwen3,Full-FT,B,3333__repeat_2,3333,scipy.optimize,scipy,absolute,168,parso_node_ast,0,0
qwen3,Full-FT,B,3333__repeat_2,3333,scipy.optimize,scipy,absolute,169,parso_node_ast,0,0
qwen3,Full-FT,B,3333__repeat_2,3333,scipy.optimize,scipy,absolute,170,parso_node_ast,0,0
qwen3,Full-FT,B,3333__repeat_2,3333,scipy.optimize,scipy,absolute,171,parso_node_ast,0,0
qwen3,Full-FT,B,3333__repeat_2,3333,scipy.optimize,scipy,absolute,172,parso_node_ast,0,0
qwen3,Full-FT,B,3333__repeat_2,3333,scipy.optimize,scipy,absolute,173,parso_node_ast,0,0
qwen3,Full-FT,B,3333__repeat_2,3333,scipy.optimize,scipy,absolute,174,parso_node_ast,0,0
qwen3,Full-FT,B,3333__repeat_2,3333,scipy.optimize,scipy,absolute,175,parso_node_ast,0,0
qwen3,Full-FT,B,3333__repeat_2,3333,scipy.optimize,scipy,absolute,176,parso_node_ast,0,0
qwen3,Full-FT,B,3333__repeat_2,3333,scipy.optimize,scipy,absolute,177,parso_node_ast,0,0
qwen3,Full-FT,B,3333__repeat_2,3333,scipy.optimize,scipy,absolute,178,parso_node_ast,0,0
qwen3,Full-FT,B,3333__repeat_2,3333,scipy.optimize,scipy,absolute,179,parso_node_ast,0,0
qwen3,Full-FT,B,3333__repeat_2,3333,scipy.optimize,scipy,absolute,180,parso_node_ast,0,0
qwen3,Full-FT,B,3333__repeat_2,3333,scipy.optimize,scipy,absolute,181,parso_node_ast,0,0
qwen3,Full-FT,B,3333__repeat_2,3333,scipy.optimize,scipy,absolute,182,parso_node_ast,0,0
qwen3,Full-FT,B,3333__repeat_2,3333,scipy.optimize,scipy,absolute,183,parso_node_ast,0,0
qwen3,Full-FT,B,3333__repeat_2,3333,scipy.optimize,scipy,absolute,184,parso_node_ast,0,0
qwen3,Full-FT,B,3333__repeat_2,3333,scipy.optimize,scipy,absolute,185,parso_node_ast,0,0
qwen3,Full-FT,B,3333__repeat_2,3333,scipy.optimize,scipy,absolute,186,parso_node_ast,0,0
qwen3,Full-FT,B,3333__repeat_2,3333,scipy.optimize,scipy,absolute,187,parso_node_ast,0,0
qwen3,Full-FT,B,3333__repeat_2,3333,scipy.optimize,scipy,absolute,188,parso_node_ast,0,0
qwen3,Full-FT,B,3333__repeat_2,3333,scipy.optimize,scipy,absolute,189,parso_node_ast,0,0
qwen3,Full-FT,B,3333__repeat_2,3333,scipy.optimize,scipy,absolute,190,parso_node_ast,0,0
qwen3,Full-FT,B,3333__repeat_2,3333,scipy.optimize,scipy,absolute,191,parso_node_ast,0,0
qwen3,Full-FT,B,3333__repeat_2,3333,scipy.optimize,scipy,absolute,192,parso_node_ast,0,0
qwen3,Full-FT,B,3333__repeat_2,3333,scipy.optimize,scipy,absolute,193,parso_node_ast,0,0
qwen3,Full-FT,B,3333__repeat_2,3333,scipy.optimize,scipy,absolute,194,parso_node_ast,0,0
qwen3,Full-FT,B,3333__repeat_2,3333,scipy.optimize,scipy,absolute,195,parso_node_ast,0,0
qwen3,Full-FT,B,3333__repeat_2,3333,scipy.optimize,scipy,absolute,196,parso_node_ast,0,0
qwen3,Full-FT,B,3333__repeat_2,3333,scipy.optimize,scipy,absolute,197,parso_node_ast,0,0
qwen3,Full-FT,B,3333__repeat_2,3333,scipy.optimize,scipy,absolute,198,parso_node_ast,0,0
qwen3,Full-FT,B,3333__repeat_2,3333,scipy.optimize,scipy,absolute,199,parso_node_ast,0,0
qwen3,Full-FT,B,3333__repeat_2,3333,scipy.optimize,scipy,absolute,200,parso_node_ast,0,0
qwen3,Full-FT,B,3333__repeat_2,3333,scipy.optimize,scipy,absolute,201,parso_node_ast,0,0
qwen3,Full-FT,B,3333__repeat_2,3333,scipy.optimize,scipy,absolute,202,parso_node_ast,0,0
qwen3,Full-FT,B,3333__repeat_2,3333,scipy.optimize,scipy,absolute,203,parso_node_ast,0,0
qwen3,Full-FT,B,3333__repeat_2,3333,scipy.optimize,scipy,absolute,204,parso_node_ast,0,0
qwen3,Full-FT,B,3333__repeat_2,3333,scipy.optimize,scipy,absolute,205,parso_node_ast,0,0
qwen3,Full-FT,B,3333__repeat_2,3333,scipy.optimize,scipy,absolute,206,parso_node_ast,0,0
qwen3,Full-FT,B,3333__repeat_2,3333,scipy.optimize,scipy,absolute,207,parso_node_ast,0,0
qwen3,Full-FT,B,3333__repeat_2,3333,scipy.optimize,scipy,absolute,208,parso_node_ast,0,0
qwen3,Full-FT,B,3333__repeat_2,3333,scipy.optimize,scipy,absolute,209,parso_node_ast,0,0
qwen3,Full-FT,B,3333__repeat_2,3333,scipy.optimize,scipy,absolute,210,parso_node_ast,0,0
qwen3,Full-FT,B,3333__repeat_2,3333,scipy.optimize,scipy,absolute,211,parso_node_ast,0,0
qwen3,Full-FT,B,3333__repeat_2,3333,scipy.optimize,scipy,absolute,212,parso_node_ast,0,0
qwen3,Full-FT,B,3333__repeat_2,3333,scipy.optimize,scipy,absolute,213,parso_node_ast,0,0
qwen3,Full-FT,B,3333__repeat_2,3333,scipy.optimize,scipy,absolute,214,parso_node_ast,0,0
qwen3,Full-FT,B,3333__repeat_2,3333,scipy.optimize,scipy,absolute,215,parso_node_ast,0,0
qwen3,Full-FT,B,3333__repeat_2,3333,scipy.optimize,scipy,absolute,216,parso_node_ast,0,0
qwen3,Full-FT,B,3333__repeat_2,3333,scipy.optimize,scipy,absolute,217,parso_node_ast,0,0
qwen3,Full-FT,B,3333__repeat_2,3333,scipy.optimize,scipy,absolute,218,parso_node_ast,0,0
qwen3,Full-FT,B,3333__repeat_2,3333,scipy.optimize,scipy,absolute,219,parso_node_ast,0,0
qwen3,Full-FT,B,3333__repeat_2,3333,scipy.optimize,scipy,absolute,220,parso_node_ast,0,0
qwen3,Full-FT,B,3333__repeat_2,3333,scipy.optimize,scipy,absolute,221,parso_node_ast,0,0
qwen3,Full-FT,B,3333__repeat_2,3333,scipy.optimize,scipy,absolute,222,parso_node_ast,0,0
qwen3,Full-FT,B,3333__repeat_2,3333,scipy.optimize,scipy,absolute,223,parso_node_ast,0,0
qwen3,Full-FT,B,3333__repeat_2,3333,scipy.optimize,scipy,absolute,224,parso_node_ast,0,0
qwen3,Full-FT,B,3333__repeat_2,3333,scipy.optimize,scipy,absolute,225,parso_node_ast,0,0
qwen3,Full-FT,B,3333__repeat_2,3333,scipy.optimize,scipy,absolute,226,parso_node_ast,0,0
qwen3,Full-FT,B,3333__repeat_2,3333,scipy.optimize,scipy,absolute,227,parso_node_ast,0,0
qwen3,Full-FT,B,3333__repeat_2,3333,scipy.optimize,scipy,absolute,228,parso_node_ast,0,0
qwen3,Full-FT,B,3333__repeat_2,3333,scipy.optimize,scipy,absolute,229,parso_node_ast,0,0
qwen3,Full-FT,B,3333__repeat_4,3333,scipy,scipy,absolute,13,parso_node_ast,0,0
qwen3,Full-FT,B,3333__repeat_4,3333,scipy.optimize,scipy,absolute,14,parso_node_ast,0,1
qwen3,Full-FT,B,2901__repeat_1,2901,aws,aws,absolute,2,parso_node_ast,0,1
qwen3,Full-FT,B,241__repeat_3,241,pytest,pytest,absolute,3,parso_node_ast,0,1
qwen3,Full-FT,C,4692__repeat_2,4692,opentelemetry,opentelemetry,absolute,1,parso_node_ast,0,1
qwen3,Full-FT,C,4692__repeat_5,4692,memcache,memcache,absolute,1,parso_node_ast,0,1
qwen3,Full-FT,C,4692__repeat_5,4692,opentelemetry,opentelemetry,absolute,1,parso_node_ast,0,1
qwen3,Full-FT,C,4059__repeat_5,4059,google,google,absolute,1,parso_node_ast,0,1
qwen3,Full-FT,D,1824__repeat_3,1824,scikit,scikit,absolute,6,parso_node_ast,0,1
qwen3,Full-FT,D,1824__repeat_3,1824,numpy,numpy,absolute,9,parso_node_ast,0,0
qwen3,Full-FT,D,1824__repeat_3,1824,numpy,numpy,absolute,10,parso_node_ast,0,0
qwen3,Full-FT,D,1824__repeat_3,1824,numpy,numpy,absolute,11,parso_node_ast,0,0
qwen3,Full-FT,D,1824__repeat_3,1824,numpy,numpy,absolute,12,parso_node_ast,0,0
qwen3,Full-FT,D,1824__repeat_3,1824,numpy,numpy,absolute,13,parso_node_ast,0,0
qwen3,Full-FT,D,1824__repeat_3,1824,numpy,numpy,absolute,14,parso_node_ast,0,0
qwen3,Full-FT,D,1824__repeat_3,1824,numpy,numpy,absolute,15,parso_node_ast,0,0
qwen3,Full-FT,D,1824__repeat_3,1824,numpy,numpy,absolute,16,parso_node_ast,0,0
qwen3,Full-FT,D,1824__repeat_3,1824,numpy,numpy,absolute,17,parso_node_ast,0,0
qwen3,Full-FT,D,1824__repeat_3,1824,numpy,numpy,absolute,18,parso_node_ast,0,0
qwen3,Full-FT,D,1824__repeat_3,1824,numpy,numpy,absolute,19,parso_node_ast,0,0
qwen3,Full-FT,D,1824__repeat_3,1824,numpy,numpy,absolute,20,parso_node_ast,0,0
qwen3,Full-FT,D,1824__repeat_3,1824,numpy,numpy,absolute,21,parso_node_ast,0,0
qwen3,Full-FT,D,1824__repeat_3,1824,numpy,numpy,absolute,22,parso_node_ast,0,0
qwen3,Full-FT,D,1824__repeat_3,1824,numpy,numpy,absolute,23,parso_node_ast,0,0
qwen3,Full-FT,D,1824__repeat_3,1824,numpy,numpy,absolute,24,parso_node_ast,0,0
qwen3,Full-FT,D,1824__repeat_3,1824,numpy,numpy,absolute,25,parso_node_ast,0,0
qwen3,Full-FT,D,1824__repeat_3,1824,numpy,numpy,absolute,26,parso_node_ast,0,0
qwen3,Full-FT,D,1824__repeat_3,1824,numpy,numpy,absolute,27,parso_node_ast,0,0
qwen3,Full-FT,D,1824__repeat_3,1824,numpy,numpy,absolute,28,parso_node_ast,0,0
qwen3,Full-FT,D,1824__repeat_3,1824,numpy,numpy,absolute,29,parso_node_ast,0,0
qwen3,Full-FT,D,1824__repeat_3,1824,numpy,numpy,absolute,30,parso_node_ast,0,0
qwen3,Full-FT,D,1824__repeat_3,1824,numpy,numpy,absolute,31,parso_node_ast,0,0
qwen3,Full-FT,D,1824__repeat_3,1824,numpy,numpy,absolute,32,parso_node_ast,0,0
qwen3,Full-FT,D,1824__repeat_3,1824,numpy,numpy,absolute,33,parso_node_ast,0,0
qwen3,Full-FT,D,1824__repeat_3,1824,numpy,numpy,absolute,34,parso_node_ast,0,0
qwen3,Full-FT,D,1824__repeat_3,1824,numpy,numpy,absolute,35,parso_node_ast,0,0
qwen3,Full-FT,D,1824__repeat_3,1824,numpy,numpy,absolute,36,parso_node_ast,0,0
qwen3,Full-FT,D,1824__repeat_3,1824,numpy,numpy,absolute,37,parso_node_ast,0,0
qwen3,Full-FT,D,1824__repeat_3,1824,numpy,numpy,absolute,38,parso_node_ast,0,0
qwen3,Full-FT,D,1824__repeat_3,1824,numpy,numpy,absolute,39,parso_node_ast,0,0
qwen3,Full-FT,D,1824__repeat_3,1824,numpy,numpy,absolute,40,parso_node_ast,0,0
qwen3,Full-FT,D,1824__repeat_3,1824,numpy,numpy,absolute,41,parso_node_ast,0,0
qwen3,Full-FT,D,1824__repeat_3,1824,numpy,numpy,absolute,42,parso_node_ast,0,0
qwen3,Full-FT,D,1824__repeat_3,1824,numpy,numpy,absolute,43,parso_node_ast,0,0
qwen3,Full-FT,D,1824__repeat_3,1824,numpy,numpy,absolute,44,parso_node_ast,0,0
qwen3,Full-FT,D,1824__repeat_3,1824,numpy,numpy,absolute,45,parso_node_ast,0,0
qwen3,Full-FT,D,1824__repeat_3,1824,numpy,numpy,absolute,46,parso_node_ast,0,0
qwen3,Full-FT,D,1824__repeat_3,1824,numpy,numpy,absolute,47,parso_node_ast,0,0
qwen3,Full-FT,D,1824__repeat_3,1824,numpy,numpy,absolute,48,parso_node_ast,0,0
qwen3,Full-FT,D,1824__repeat_3,1824,numpy,numpy,absolute,49,parso_node_ast,0,0
qwen3,Full-FT,D,1824__repeat_3,1824,numpy,numpy,absolute,50,parso_node_ast,0,0
qwen3,Full-FT,D,1824__repeat_3,1824,numpy,numpy,absolute,51,parso_node_ast,0,0
qwen3,Full-FT,D,1824__repeat_3,1824,numpy,numpy,absolute,52,parso_node_ast,0,0
qwen3,Full-FT,D,1824__repeat_3,1824,numpy,numpy,absolute,53,parso_node_ast,0,0
qwen3,Full-FT,D,1824__repeat_3,1824,numpy,numpy,absolute,54,parso_node_ast,0,0
qwen3,Full-FT,D,1824__repeat_3,1824,numpy,numpy,absolute,55,parso_node_ast,0,0
qwen3,Full-FT,D,1824__repeat_3,1824,numpy,numpy,absolute,56,parso_node_ast,0,0
qwen3,Full-FT,D,1824__repeat_3,1824,numpy,numpy,absolute,57,parso_node_ast,0,0
qwen3,Full-FT,D,1824__repeat_3,1824,numpy,numpy,absolute,58,parso_node_ast,0,0
qwen3,Full-FT,D,1824__repeat_3,1824,numpy,numpy,absolute,59,parso_node_ast,0,0
qwen3,Full-FT,D,1824__repeat_3,1824,numpy,numpy,absolute,60,parso_node_ast,0,0
qwen3,Full-FT,D,1824__repeat_3,1824,numpy,numpy,absolute,61,parso_node_ast,0,0
qwen3,Full-FT,D,1824__repeat_3,1824,numpy,numpy,absolute,62,parso_node_ast,0,0
qwen3,Full-FT,D,1824__repeat_3,1824,numpy,numpy,absolute,63,parso_node_ast,0,0
qwen3,Full-FT,D,1824__repeat_3,1824,numpy,numpy,absolute,64,parso_node_ast,0,0
qwen3,Full-FT,D,1824__repeat_3,1824,numpy,numpy,absolute,65,parso_node_ast,0,0
qwen3,Full-FT,D,1824__repeat_3,1824,numpy,numpy,absolute,66,parso_node_ast,0,0
qwen3,Full-FT,D,1824__repeat_3,1824,numpy,numpy,absolute,67,parso_node_ast,0,0
qwen3,Full-FT,D,1824__repeat_3,1824,numpy,numpy,absolute,68,parso_node_ast,0,0
qwen3,Full-FT,D,1824__repeat_3,1824,numpy,numpy,absolute,69,parso_node_ast,0,0
qwen3,Full-FT,D,1824__repeat_3,1824,numpy,numpy,absolute,70,parso_node_ast,0,0
qwen3,Full-FT,D,1824__repeat_3,1824,numpy,numpy,absolute,71,parso_node_ast,0,0
qwen3,Full-FT,D,1824__repeat_3,1824,numpy,numpy,absolute,72,parso_node_ast,0,0
qwen3,Full-FT,D,1824__repeat_3,1824,numpy,numpy,absolute,73,parso_node_ast,0,0
qwen3,Full-FT,D,1824__repeat_3,1824,numpy,numpy,absolute,74,parso_node_ast,0,0
qwen3,Full-FT,D,1824__repeat_3,1824,numpy,numpy,absolute,75,parso_node_ast,0,0
qwen3,Full-FT,D,1824__repeat_3,1824,numpy,numpy,absolute,76,parso_node_ast,0,0
qwen3,Full-FT,D,1824__repeat_3,1824,numpy,numpy,absolute,77,parso_node_ast,0,0
qwen3,Full-FT,D,1824__repeat_3,1824,numpy,numpy,absolute,78,parso_node_ast,0,0
qwen3,Full-FT,D,1824__repeat_3,1824,numpy,numpy,absolute,79,parso_node_ast,0,0
qwen3,Full-FT,D,1824__repeat_3,1824,numpy,numpy,absolute,80,parso_node_ast,0,0
qwen3,Full-FT,D,1824__repeat_3,1824,numpy,numpy,absolute,81,parso_node_ast,0,0
qwen3,Full-FT,D,1824__repeat_3,1824,numpy,numpy,absolute,82,parso_node_ast,0,0
qwen3,Full-FT,D,1824__repeat_3,1824,numpy,numpy,absolute,83,parso_node_ast,0,0
qwen3,Full-FT,D,1824__repeat_3,1824,numpy,numpy,absolute,84,parso_node_ast,0,0
qwen3,Full-FT,D,1824__repeat_3,1824,numpy,numpy,absolute,85,parso_node_ast,0,0
qwen3,Full-FT,D,3778__repeat_3,3778,scikit,scikit,absolute,5,parso_node_ast,0,1
qwen3,Full-FT,D,3778__repeat_4,3778,pandas,pandas,absolute,1,parso_node_ast,0,1
qwen3,Full-FT,D,3778__repeat_4,3778,numpy,numpy,absolute,1,parso_node_ast,0,1
qwen3,Full-FT,D,3778__repeat_4,3778,matplotlib.pyplot,matplotlib,absolute,1,parso_node_ast,0,1
qwen3,Full-FT,D,3778__repeat_4,3778,seaborn,seaborn,absolute,1,parso_node_ast,0,1
qwen3,Full-FT,D,3778__repeat_4,3778,scikit,scikit,absolute,1,parso_node_ast,0,1
qwen3,Full-FT,D,3778__repeat_5,3778,scikit,scikit,absolute,6,parso_node_ast,0,1
qwen3,Full-FT,D,3778__repeat_5,3778,scikit,scikit,absolute,11,parso_node_ast,0,1
qwen3,Full-FT,D,3778__repeat_5,3778,scikit,scikit,absolute,16,parso_node_ast,0,1
qwen3,Full-FT,D,3778__repeat_5,3778,scikit,scikit,absolute,21,parso_node_ast,0,1
qwen3,Full-FT,D,3778__repeat_5,3778,scikit,scikit,absolute,26,parso_node_ast,0,1
qwen3,Full-FT,D,3778__repeat_5,3778,scikit,scikit,absolute,31,parso_node_ast,0,1
qwen3,Full-FT,D,3778__repeat_5,3778,scikit,scikit,absolute,36,parso_node_ast,0,1
qwen3,Full-FT,D,3778__repeat_5,3778,scikit,scikit,absolute,41,parso_node_ast,0,1
qwen3,Full-FT,D,3778__repeat_5,3778,scikit,scikit,absolute,46,parso_node_ast,0,1
qwen3,Full-FT,D,3778__repeat_5,3778,scikit,scikit,absolute,51,parso_node_ast,0,1
qwen3,Full-FT,D,3778__repeat_5,3778,scikit,scikit,absolute,56,parso_node_ast,0,1
qwen3,Full-FT,D,3778__repeat_5,3778,scikit,scikit,absolute,61,parso_node_ast,0,1
qwen3,Full-FT,D,3778__repeat_5,3778,scikit,scikit,absolute,66,parso_node_ast,0,1
qwen3,Full-FT,D,3778__repeat_5,3778,scikit,scikit,absolute,71,parso_node_ast,0,1
qwen3,Full-FT,D,3778__repeat_5,3778,scikit,scikit,absolute,76,parso_node_ast,0,1
qwen3,Full-FT,D,3778__repeat_5,3778,scikit,scikit,absolute,81,parso_node_ast,0,1
qwen3,Full-FT,D,3778__repeat_5,3778,scikit,scikit,absolute,86,parso_node_ast,0,1
qwen3,Full-FT,D,3778__repeat_5,3778,scikit,scikit,absolute,91,parso_node_ast,0,1
qwen3,Full-FT,D,3778__repeat_5,3778,scikit,scikit,absolute,96,parso_node_ast,0,1
qwen3,Full-FT,D,3778__repeat_5,3778,scikit,scikit,absolute,101,parso_node_ast,0,1
qwen3,Full-FT,D,3778__repeat_5,3778,scikit,scikit,absolute,106,parso_node_ast,0,1
qwen3,Full-FT,D,3778__repeat_5,3778,scikit,scikit,absolute,111,parso_node_ast,0,1
qwen3,Full-FT,D,3778__repeat_5,3778,scikit,scikit,absolute,116,parso_node_ast,0,1
qwen3,Full-FT,D,3778__repeat_5,3778,scikit,scikit,absolute,121,parso_node_ast,0,1
qwen3,Full-FT,D,3778__repeat_5,3778,scikit,scikit,absolute,126,parso_node_ast,0,1
qwen3,Full-FT,D,3778__repeat_5,3778,scikit,scikit,absolute,131,parso_node_ast,0,1
qwen3,Full-FT,D,3778__repeat_5,3778,scikit,scikit,absolute,136,parso_node_ast,0,1
qwen3,Full-FT,D,3778__repeat_5,3778,scikit,scikit,absolute,141,parso_node_ast,0,1
qwen3,Full-FT,D,3778__repeat_5,3778,scikit,scikit,absolute,146,parso_node_ast,0,1
qwen3,Full-FT,D,3778__repeat_5,3778,scikit,scikit,absolute,151,parso_node_ast,0,1
qwen3,Full-FT,D,3778__repeat_5,3778,scikit,scikit,absolute,156,parso_node_ast,0,1
qwen3,Full-FT,D,3778__repeat_5,3778,scikit,scikit,absolute,161,parso_node_ast,0,1
qwen3,Full-FT,D,3778__repeat_5,3778,scikit,scikit,absolute,166,parso_node_ast,0,1
qwen3,Full-FT,D,3778__repeat_5,3778,scikit,scikit,absolute,171,parso_node_ast,0,1
qwen3,Full-FT,D,3778__repeat_5,3778,scikit,scikit,absolute,176,parso_node_ast,0,1
qwen3,Full-FT,D,3778__repeat_5,3778,scikit,scikit,absolute,181,parso_node_ast,0,1
qwen3,Full-FT,D,3778__repeat_5,3778,scikit,scikit,absolute,186,parso_node_ast,0,1
qwen3,Full-FT,D,3778__repeat_5,3778,scikit,scikit,absolute,191,parso_node_ast,0,1
qwen3,Full-FT,D,3778__repeat_5,3778,scikit,scikit,absolute,196,parso_node_ast,0,1
qwen3,Full-FT,D,3778__repeat_5,3778,scikit,scikit,absolute,201,parso_node_ast,0,1
qwen3,Full-FT,D,3778__repeat_5,3778,scikit,scikit,absolute,206,parso_node_ast,0,1
qwen3,Full-FT,D,3778__repeat_5,3778,scikit,scikit,absolute,211,parso_node_ast,0,1
qwen3,Full-FT,D,3778__repeat_5,3778,scikit,scikit,absolute,216,parso_node_ast,0,1
qwen3,Full-FT,D,3778__repeat_5,3778,scikit,scikit,absolute,221,parso_node_ast,0,1
qwen3,Full-FT,D,3778__repeat_5,3778,scikit,scikit,absolute,226,parso_node_ast,0,1
qwen3,Full-FT,D,3778__repeat_5,3778,scikit,scikit,absolute,231,parso_node_ast,0,1
qwen3,Full-FT,D,3778__repeat_5,3778,scikit,scikit,absolute,236,parso_node_ast,0,1
qwen3,Full-FT,D,3778__repeat_5,3778,scikit,scikit,absolute,241,parso_node_ast,0,1
qwen3,Full-FT,D,3778__repeat_5,3778,scikit,scikit,absolute,246,parso_node_ast,0,1
qwen3,Full-FT,D,3778__repeat_5,3778,scikit,scikit,absolute,251,parso_node_ast,0,1
qwen3,Full-FT,D,3778__repeat_5,3778,scikit,scikit,absolute,256,parso_node_ast,0,1
qwen3,Full-FT,D,3778__repeat_5,3778,scikit,scikit,absolute,261,parso_node_ast,0,1
qwen3,Full-FT,D,3778__repeat_5,3778,scikit,scikit,absolute,266,parso_node_ast,0,1
qwen3,Full-FT,D,3778__repeat_5,3778,scikit,scikit,absolute,271,parso_node_ast,0,1
qwen3,Full-FT,D,3778__repeat_5,3778,scikit,scikit,absolute,276,parso_node_ast,0,1
qwen3,Full-FT,D,3778__repeat_5,3778,scikit,scikit,absolute,281,parso_node_ast,0,1
qwen3,Full-FT,D,3778__repeat_5,3778,scikit,scikit,absolute,286,parso_node_ast,0,1
qwen3,Full-FT,D,3778__repeat_5,3778,scikit,scikit,absolute,291,parso_node_ast,0,1
qwen3,Full-FT,D,3778__repeat_5,3778,scikit,scikit,absolute,296,parso_node_ast,0,1
qwen3,Full-FT,D,3778__repeat_5,3778,scikit,scikit,absolute,301,parso_node_ast,0,1
qwen3,Full-FT,D,3778__repeat_5,3778,scikit,scikit,absolute,306,parso_node_ast,0,1
qwen3,Full-FT,D,3778__repeat_5,3778,scikit,scikit,absolute,311,parso_node_ast,0,1
qwen3,Full-FT,D,3778__repeat_5,3778,scikit,scikit,absolute,316,parso_node_ast,0,1
qwen3,Full-FT,D,3778__repeat_5,3778,scikit,scikit,absolute,321,parso_node_ast,0,1
qwen3,Full-FT,D,3778__repeat_5,3778,scikit,scikit,absolute,326,parso_node_ast,0,1
qwen3,Full-FT,D,3778__repeat_5,3778,scikit,scikit,absolute,331,parso_node_ast,0,1
qwen3,Full-FT,D,3778__repeat_5,3778,scikit,scikit,absolute,336,parso_node_ast,0,1
qwen3,Full-FT,D,3778__repeat_5,3778,scikit,scikit,absolute,341,parso_node_ast,0,1
qwen3,Full-FT,D,3778__repeat_5,3778,scikit,scikit,absolute,346,parso_node_ast,0,1
qwen3,Full-FT,D,3778__repeat_5,3778,scikit,scikit,absolute,351,parso_node_ast,0,1
qwen3,Full-FT,D,3844__repeat_2,3844,boto3,boto3,absolute,2,parso_node_ast,0,1
qwen3,Full-FT,D,3844__repeat_2,3844,mypy,mypy,absolute,2,parso_node_ast,0,1
qwen3,Full-FT,D,3695__repeat_2,3695,matplotlib,matplotlib,absolute,1,parso_node_ast,0,1
qwen3,Full-FT,D,3695__repeat_2,3695,numpy,numpy,absolute,1,parso_node_ast,0,1
qwen3,Full-FT,D,3695__repeat_2,3695,pandas,pandas,absolute,1,parso_node_ast,0,1
qwen3,Full-FT,D,3695__repeat_2,3695,scikit,scikit,absolute,1,parso_node_ast,0,1
qwen3,Full-FT,D,3695__repeat_5,3695,pip,pip,absolute,2,parso_node_ast,0,1
qwen3,Full-FT,D,3695__repeat_5,3695,numpy,numpy,absolute,2,parso_node_ast,0,1
qwen3,Full-FT,D,3695__repeat_5,3695,pandas,pandas,absolute,2,parso_node_ast,0,1
qwen3,Full-FT,D,3695__repeat_5,3695,scikit,scikit,absolute,2,parso_node_ast,0,1
qwen3,Full-FT,D,3695__repeat_5,3695,numpy,numpy,absolute,3,parso_node_ast,0,1
qwen3,Full-FT,D,3695__repeat_5,3695,pandas,pandas,absolute,3,parso_node_ast,0,1
qwen3,Full-FT,D,3695__repeat_5,3695,scikit,scikit,absolute,3,parso_node_ast,0,1
qwen3,Full-FT,D,3695__repeat_5,3695,numpy,numpy,absolute,4,parso_node_ast,0,1
qwen3,Full-FT,D,3695__repeat_5,3695,pandas,pandas,absolute,4,parso_node_ast,0,1
qwen3,Full-FT,D,3695__repeat_5,3695,scikit,scikit,absolute,4,parso_node_ast,0,1
qwen3,Full-FT,D,3695__repeat_5,3695,numpy,numpy,absolute,5,parso_node_ast,0,1
qwen3,Full-FT,D,3695__repeat_5,3695,pandas,pandas,absolute,5,parso_node_ast,0,1
qwen3,Full-FT,D,3695__repeat_5,3695,scikit,scikit,absolute,5,parso_node_ast,0,1
qwen3,Full-FT,D,3695__repeat_5,3695,numpy,numpy,absolute,6,parso_node_ast,0,1
qwen3,Full-FT,D,3695__repeat_5,3695,pandas,pandas,absolute,6,parso_node_ast,0,1
qwen3,Full-FT,D,3695__repeat_5,3695,scikit,scikit,absolute,6,parso_node_ast,0,1
qwen3,Full-FT,D,3695__repeat_5,3695,numpy,numpy,absolute,7,parso_node_ast,0,1
qwen3,Full-FT,D,3695__repeat_5,3695,pandas,pandas,absolute,7,parso_node_ast,0,1
qwen3,Full-FT,D,3695__repeat_5,3695,scikit,scikit,absolute,7,parso_node_ast,0,1
qwen3,Full-FT,D,3695__repeat_5,3695,numpy,numpy,absolute,8,parso_node_ast,0,1
qwen3,Full-FT,D,3695__repeat_5,3695,pandas,pandas,absolute,8,parso_node_ast,0,1
qwen3,Full-FT,D,3695__repeat_5,3695,scikit,scikit,absolute,8,parso_node_ast,0,1
qwen3,Full-FT,D,3695__repeat_5,3695,numpy,numpy,absolute,9,parso_node_ast,0,1
qwen3,Full-FT,D,3695__repeat_5,3695,pandas,pandas,absolute,9,parso_node_ast,0,1
qwen3,Full-FT,D,3695__repeat_5,3695,scikit,scikit,absolute,9,parso_node_ast,0,1
qwen3,Full-FT,D,3695__repeat_5,3695,numpy,numpy,absolute,10,parso_node_ast,0,1
qwen3,Full-FT,D,3695__repeat_5,3695,pandas,pandas,absolute,10,parso_node_ast,0,1
qwen3,Full-FT,D,3695__repeat_5,3695,scikit,scikit,absolute,10,parso_node_ast,0,1
qwen3,Full-FT,D,3695__repeat_5,3695,numpy,numpy,absolute,11,parso_node_ast,0,1
qwen3,Full-FT,D,3695__repeat_5,3695,pandas,pandas,absolute,11,parso_node_ast,0,1
qwen3,Full-FT,D,3695__repeat_5,3695,scikit,scikit,absolute,11,parso_node_ast,0,1
qwen3,Full-FT,D,3695__repeat_5,3695,numpy,numpy,absolute,12,parso_node_ast,0,1
qwen3,Full-FT,D,3695__repeat_5,3695,pandas,pandas,absolute,12,parso_node_ast,0,1
qwen3,Full-FT,D,3695__repeat_5,3695,scikit,scikit,absolute,12,parso_node_ast,0,1
qwen3,Full-FT,D,3695__repeat_5,3695,numpy,numpy,absolute,13,parso_node_ast,0,1
qwen3,Full-FT,D,3695__repeat_5,3695,pandas,pandas,absolute,13,parso_node_ast,0,1
qwen3,Full-FT,D,3695__repeat_5,3695,scikit,scikit,absolute,13,parso_node_ast,0,1
qwen3,Full-FT,D,3695__repeat_5,3695,numpy,numpy,absolute,14,parso_node_ast,0,1
qwen3,Full-FT,D,3695__repeat_5,3695,pandas,pandas,absolute,14,parso_node_ast,0,1
qwen3,Full-FT,D,3695__repeat_5,3695,scikit,scikit,absolute,14,parso_node_ast,0,1
qwen3,Full-FT,D,3695__repeat_5,3695,numpy,numpy,absolute,15,parso_node_ast,0,1
qwen3,Full-FT,D,3695__repeat_5,3695,pandas,pandas,absolute,15,parso_node_ast,0,1
qwen3,Full-FT,D,3695__repeat_5,3695,scikit,scikit,absolute,15,parso_node_ast,0,1
qwen3,Full-FT,D,3695__repeat_5,3695,numpy,numpy,absolute,16,parso_node_ast,0,1
qwen3,Full-FT,D,3695__repeat_5,3695,pandas,pandas,absolute,16,parso_node_ast,0,1
qwen3,Full-FT,D,3695__repeat_5,3695,scikit,scikit,absolute,16,parso_node_ast,0,1
qwen3,Full-FT,D,3695__repeat_5,3695,numpy,numpy,absolute,17,parso_node_ast,0,1
qwen3,Full-FT,D,3695__repeat_5,3695,pandas,pandas,absolute,17,parso_node_ast,0,1
qwen3,Full-FT,D,3695__repeat_5,3695,scikit,scikit,absolute,17,parso_node_ast,0,1
qwen3,Full-FT,D,3695__repeat_5,3695,numpy,numpy,absolute,18,parso_node_ast,0,1
qwen3,Full-FT,D,3695__repeat_5,3695,pandas,pandas,absolute,18,parso_node_ast,0,1
qwen3,Full-FT,D,3695__repeat_5,3695,scikit,scikit,absolute,18,parso_node_ast,0,1
qwen3,Full-FT,D,3695__repeat_5,3695,numpy,numpy,absolute,19,parso_node_ast,0,1
qwen3,Full-FT,D,3695__repeat_5,3695,pandas,pandas,absolute,19,parso_node_ast,0,1
qwen3,Full-FT,D,3695__repeat_5,3695,scikit,scikit,absolute,19,parso_node_ast,0,1
qwen3,Full-FT,D,3695__repeat_5,3695,numpy,numpy,absolute,20,parso_node_ast,0,1
qwen3,Full-FT,D,3695__repeat_5,3695,pandas,pandas,absolute,20,parso_node_ast,0,1
qwen3,Full-FT,D,3695__repeat_5,3695,scikit,scikit,absolute,20,parso_node_ast,0,1
qwen3,Full-FT,D,3695__repeat_5,3695,numpy,numpy,absolute,21,parso_node_ast,0,1
qwen3,Full-FT,D,3695__repeat_5,3695,pandas,pandas,absolute,21,parso_node_ast,0,1
qwen3,Full-FT,D,3695__repeat_5,3695,scikit,scikit,absolute,21,parso_node_ast,0,1
qwen3,Full-FT,D,3695__repeat_5,3695,numpy,numpy,absolute,22,parso_node_ast,0,1
qwen3,Full-FT,D,3695__repeat_5,3695,pandas,pandas,absolute,22,parso_node_ast,0,1
qwen3,Full-FT,D,3695__repeat_5,3695,scikit,scikit,absolute,22,parso_node_ast,0,1
qwen3,Full-FT,D,3695__repeat_5,3695,numpy,numpy,absolute,23,parso_node_ast,0,1
qwen3,Full-FT,D,3695__repeat_5,3695,pandas,pandas,absolute,23,parso_node_ast,0,1
qwen3,Full-FT,D,3695__repeat_5,3695,scikit,scikit,absolute,23,parso_node_ast,0,1
qwen3,Full-FT,D,3695__repeat_5,3695,numpy,numpy,absolute,24,parso_node_ast,0,1
qwen3,Full-FT,D,3695__repeat_5,3695,pandas,pandas,absolute,24,parso_node_ast,0,1
qwen3,Full-FT,D,3695__repeat_5,3695,scikit,scikit,absolute,24,parso_node_ast,0,1
qwen3,Full-FT,D,3695__repeat_5,3695,numpy,numpy,absolute,25,parso_node_ast,0,1
qwen3,Full-FT,D,3695__repeat_5,3695,pandas,pandas,absolute,25,parso_node_ast,0,1
qwen3,Full-FT,D,3695__repeat_5,3695,scikit,scikit,absolute,25,parso_node_ast,0,1
qwen3,Full-FT,D,3695__repeat_5,3695,numpy,numpy,absolute,26,parso_node_ast,0,1
qwen3,Full-FT,D,3695__repeat_5,3695,pandas,pandas,absolute,26,parso_node_ast,0,1
qwen3,Full-FT,D,3695__repeat_5,3695,scikit,scikit,absolute,26,parso_node_ast,0,1
qwen3,Full-FT,D,3695__repeat_5,3695,numpy,numpy,absolute,27,parso_node_ast,0,1
qwen3,Full-FT,D,3695__repeat_5,3695,pandas,pandas,absolute,27,parso_node_ast,0,1
qwen3,Full-FT,D,3695__repeat_5,3695,scikit,scikit,absolute,27,parso_node_ast,0,1
qwen3,Full-FT,D,3695__repeat_5,3695,numpy,numpy,absolute,28,parso_node_ast,0,1
qwen3,Full-FT,D,3695__repeat_5,3695,pandas,pandas,absolute,28,parso_node_ast,0,1
qwen3,Full-FT,D,3695__repeat_5,3695,scikit,scikit,absolute,28,parso_node_ast,0,1
qwen3,Full-FT,D,3695__repeat_5,3695,numpy,numpy,absolute,29,parso_node_ast,0,1
qwen3,Full-FT,D,3695__repeat_5,3695,pandas,pandas,absolute,29,parso_node_ast,0,1
qwen3,Full-FT,D,3695__repeat_5,3695,scikit,scikit,absolute,29,parso_node_ast,0,1
qwen3,Full-FT,D,3695__repeat_5,3695,numpy,numpy,absolute,30,parso_node_ast,0,1
qwen3,Full-FT,D,3695__repeat_5,3695,pandas,pandas,absolute,30,parso_node_ast,0,1
qwen3,Full-FT,D,3695__repeat_5,3695,scikit,scikit,absolute,30,parso_node_ast,0,1
qwen3,Full-FT,D,3695__repeat_5,3695,numpy,numpy,absolute,31,parso_node_ast,0,1
qwen3,Full-FT,D,3695__repeat_5,3695,pandas,pandas,absolute,31,parso_node_ast,0,1
qwen3,Full-FT,D,3695__repeat_5,3695,scikit,scikit,absolute,31,parso_node_ast,0,1
qwen3,Full-FT,D,3695__repeat_5,3695,numpy,numpy,absolute,32,parso_node_ast,0,1
qwen3,Full-FT,D,3695__repeat_5,3695,pandas,pandas,absolute,32,parso_node_ast,0,1
qwen3,Full-FT,D,3695__repeat_5,3695,scikit,scikit,absolute,32,parso_node_ast,0,1
qwen3,Full-FT,D,3695__repeat_5,3695,numpy,numpy,absolute,33,parso_node_ast,0,1
qwen3,Full-FT,D,3695__repeat_5,3695,pandas,pandas,absolute,33,parso_node_ast,0,1
qwen3,Full-FT,D,3695__repeat_5,3695,scikit,scikit,absolute,33,parso_node_ast,0,1
qwen3,Full-FT,D,3695__repeat_5,3695,numpy,numpy,absolute,34,parso_node_ast,0,1
qwen3,Full-FT,D,3695__repeat_5,3695,pandas,pandas,absolute,34,parso_node_ast,0,1
qwen3,Full-FT,D,3695__repeat_5,3695,scikit,scikit,absolute,34,parso_node_ast,0,1
qwen3,Full-FT,D,3695__repeat_5,3695,numpy,numpy,absolute,35,parso_node_ast,0,1
qwen3,Full-FT,D,3695__repeat_5,3695,pandas,pandas,absolute,35,parso_node_ast,0,1
qwen3,Full-FT,D,3695__repeat_5,3695,scikit,scikit,absolute,35,parso_node_ast,0,1
qwen3,Full-FT,D,3695__repeat_5,3695,numpy,numpy,absolute,36,parso_node_ast,0,1
qwen3,Full-FT,D,3695__repeat_5,3695,pandas,pandas,absolute,36,parso_node_ast,0,1
qwen3,Full-FT,D,3695__repeat_5,3695,scikit,scikit,absolute,36,parso_node_ast,0,1
qwen3,Full-FT,D,3695__repeat_5,3695,numpy,numpy,absolute,37,parso_node_ast,0,1
qwen3,Full-FT,D,3695__repeat_5,3695,pandas,pandas,absolute,37,parso_node_ast,0,1
qwen3,Full-FT,D,3695__repeat_5,3695,scikit,scikit,absolute,37,parso_node_ast,0,1
qwen3,Full-FT,D,3695__repeat_5,3695,numpy,numpy,absolute,38,parso_node_ast,0,1
qwen3,Full-FT,D,3695__repeat_5,3695,pandas,pandas,absolute,38,parso_node_ast,0,1
qwen3,Full-FT,D,3695__repeat_5,3695,scikit,scikit,absolute,38,parso_node_ast,0,1
qwen3,Full-FT,D,3695__repeat_5,3695,numpy,numpy,absolute,39,parso_node_ast,0,1
qwen3,Full-FT,D,3695__repeat_5,3695,pandas,pandas,absolute,39,parso_node_ast,0,1
qwen3,Full-FT,D,3695__repeat_5,3695,scikit,scikit,absolute,39,parso_node_ast,0,1
qwen3,Full-FT,D,3695__repeat_5,3695,numpy,numpy,absolute,40,parso_node_ast,0,1
qwen3,Full-FT,D,3695__repeat_5,3695,pandas,pandas,absolute,40,parso_node_ast,0,1
qwen3,Full-FT,D,3695__repeat_5,3695,scikit,scikit,absolute,40,parso_node_ast,0,1
qwen3,Full-FT,D,3695__repeat_5,3695,numpy,numpy,absolute,41,parso_node_ast,0,1
qwen3,Full-FT,D,3695__repeat_5,3695,pandas,pandas,absolute,41,parso_node_ast,0,1
qwen3,Full-FT,D,3695__repeat_5,3695,scikit,scikit,absolute,41,parso_node_ast,0,1
qwen3,Full-FT,D,3695__repeat_5,3695,numpy,numpy,absolute,42,parso_node_ast,0,1
qwen3,Full-FT,D,3695__repeat_5,3695,pandas,pandas,absolute,42,parso_node_ast,0,1
qwen3,Full-FT,D,3695__repeat_5,3695,scikit,scikit,absolute,42,parso_node_ast,0,1
qwen3,Full-FT,D,3695__repeat_5,3695,numpy,numpy,absolute,43,parso_node_ast,0,1
qwen3,Full-FT,D,3695__repeat_5,3695,pandas,pandas,absolute,43,parso_node_ast,0,1
qwen3,Full-FT,D,3695__repeat_5,3695,scikit,scikit,absolute,43,parso_node_ast,0,1
qwen3,Full-FT,D,3695__repeat_5,3695,numpy,numpy,absolute,44,parso_node_ast,0,1
qwen3,Full-FT,D,3695__repeat_5,3695,pandas,pandas,absolute,44,parso_node_ast,0,1
qwen3,Full-FT,D,3695__repeat_5,3695,scikit,scikit,absolute,44,parso_node_ast,0,1
qwen3,Full-FT,D,3695__repeat_5,3695,numpy,numpy,absolute,45,parso_node_ast,0,1
qwen3,Full-FT,D,3695__repeat_5,3695,pandas,pandas,absolute,45,parso_node_ast,0,1
qwen3,Full-FT,D,3695__repeat_5,3695,scikit,scikit,absolute,45,parso_node_ast,0,1
qwen3,Full-FT,D,3695__repeat_5,3695,numpy,numpy,absolute,46,parso_node_ast,0,1
qwen3,Full-FT,D,3695__repeat_5,3695,pandas,pandas,absolute,46,parso_node_ast,0,1
qwen3,Full-FT,D,3695__repeat_5,3695,scikit,scikit,absolute,46,parso_node_ast,0,1
qwen3,Full-FT,D,3695__repeat_5,3695,numpy,numpy,absolute,47,parso_node_ast,0,1
qwen3,Full-FT,D,3695__repeat_5,3695,pandas,pandas,absolute,47,parso_node_ast,0,1
qwen3,Full-FT,D,3695__repeat_5,3695,scikit,scikit,absolute,47,parso_node_ast,0,1
qwen3,Full-FT,D,3695__repeat_5,3695,numpy,numpy,absolute,48,parso_node_ast,0,1
qwen3,Full-FT,D,3695__repeat_5,3695,pandas,pandas,absolute,48,parso_node_ast,0,1
qwen3,Full-FT,D,3695__repeat_5,3695,scikit,scikit,absolute,48,parso_node_ast,0,1
qwen3,Full-FT,D,3695__repeat_5,3695,numpy,numpy,absolute,49,parso_node_ast,0,1
qwen3,Full-FT,D,3695__repeat_5,3695,pandas,pandas,absolute,49,parso_node_ast,0,1
qwen3,Full-FT,D,3695__repeat_5,3695,scikit,scikit,absolute,49,parso_node_ast,0,1
qwen3,Full-FT,D,3695__repeat_5,3695,numpy,numpy,absolute,50,parso_node_ast,0,1
qwen3,Full-FT,D,3695__repeat_5,3695,pandas,pandas,absolute,50,parso_node_ast,0,1
qwen3,Full-FT,D,3695__repeat_5,3695,scikit,scikit,absolute,50,parso_node_ast,0,1
qwen3,Full-FT,D,3695__repeat_5,3695,numpy,numpy,absolute,51,parso_node_ast,0,1
qwen3,Full-FT,D,3695__repeat_5,3695,pandas,pandas,absolute,51,parso_node_ast,0,1
qwen3,Full-FT,D,3695__repeat_5,3695,scikit,scikit,absolute,51,parso_node_ast,0,1
qwen3,Full-FT,D,3695__repeat_5,3695,numpy,numpy,absolute,52,parso_node_ast,0,1
qwen3,Full-FT,D,3695__repeat_5,3695,pandas,pandas,absolute,52,parso_node_ast,0,1
qwen3,Full-FT,D,3695__repeat_5,3695,scikit,scikit,absolute,52,parso_node_ast,0,1
qwen3,Full-FT,D,3695__repeat_5,3695,numpy,numpy,absolute,53,parso_node_ast,0,1
qwen3,Full-FT,D,3695__repeat_5,3695,pandas,pandas,absolute,53,parso_node_ast,0,1
qwen3,Full-FT,D,3695__repeat_5,3695,scikit,scikit,absolute,53,parso_node_ast,0,1
qwen3,Full-FT,D,3695__repeat_5,3695,numpy,numpy,absolute,54,parso_node_ast,0,1
qwen3,Full-FT,D,3695__repeat_5,3695,pandas,pandas,absolute,54,parso_node_ast,0,1
qwen3,Full-FT,D,3695__repeat_5,3695,scikit,scikit,absolute,54,parso_node_ast,0,1
qwen3,Full-FT,D,3695__repeat_5,3695,numpy,numpy,absolute,55,parso_node_ast,0,1
qwen3,Full-FT,D,3695__repeat_5,3695,pandas,pandas,absolute,55,parso_node_ast,0,1
qwen3,Full-FT,D,3695__repeat_5,3695,scikit,scikit,absolute,55,parso_node_ast,0,1
qwen3,Full-FT,D,3695__repeat_5,3695,numpy,numpy,absolute,56,parso_node_ast,0,1
qwen3,Full-FT,D,3695__repeat_5,3695,pandas,pandas,absolute,56,parso_node_ast,0,1
qwen3,Full-FT,D,3695__repeat_5,3695,scikit,scikit,absolute,56,parso_node_ast,0,1
qwen3,Full-FT,D,3695__repeat_5,3695,numpy,numpy,absolute,57,parso_node_ast,0,1
qwen3,Full-FT,D,3695__repeat_5,3695,pandas,pandas,absolute,57,parso_node_ast,0,1
qwen3,Full-FT,D,3695__repeat_5,3695,scikit,scikit,absolute,57,parso_node_ast,0,1
qwen3,Full-FT,D,3695__repeat_5,3695,numpy,numpy,absolute,58,parso_node_ast,0,1
qwen3,Full-FT,D,3695__repeat_5,3695,pandas,pandas,absolute,58,parso_node_ast,0,1
qwen3,Full-FT,D,3695__repeat_5,3695,scikit,scikit,absolute,58,parso_node_ast,0,1
qwen3,Full-FT,D,3695__repeat_5,3695,numpy,numpy,absolute,59,parso_node_ast,0,1
qwen3,Full-FT,D,3695__repeat_5,3695,pandas,pandas,absolute,59,parso_node_ast,0,1
qwen3,Full-FT,D,3695__repeat_5,3695,scikit,scikit,absolute,59,parso_node_ast,0,1
qwen3,Full-FT,D,3695__repeat_5,3695,numpy,numpy,absolute,60,parso_node_ast,0,1
qwen3,Full-FT,D,3695__repeat_5,3695,pandas,pandas,absolute,60,parso_node_ast,0,1
qwen3,Full-FT,D,3695__repeat_5,3695,scikit,scikit,absolute,60,parso_node_ast,0,1
qwen3,Full-FT,D,3695__repeat_5,3695,numpy,numpy,absolute,61,parso_node_ast,0,1
qwen3,Full-FT,D,3695__repeat_5,3695,pandas,pandas,absolute,61,parso_node_ast,0,1
qwen3,Full-FT,D,3695__repeat_5,3695,scikit,scikit,absolute,61,parso_node_ast,0,1
qwen3,Full-FT,D,3695__repeat_5,3695,numpy,numpy,absolute,62,parso_node_ast,0,1
qwen3,Full-FT,D,3695__repeat_5,3695,pandas,pandas,absolute,62,parso_node_ast,0,1
qwen3,Full-FT,D,3695__repeat_5,3695,scikit,scikit,absolute,62,parso_node_ast,0,1
qwen3,Full-FT,D,3695__repeat_5,3695,numpy,numpy,absolute,63,parso_node_ast,0,1
qwen3,Full-FT,D,3695__repeat_5,3695,pandas,pandas,absolute,63,parso_node_ast,0,1
qwen3,Full-FT,D,3695__repeat_5,3695,scikit,scikit,absolute,63,parso_node_ast,0,1
qwen3,Full-FT,D,3695__repeat_5,3695,numpy,numpy,absolute,64,parso_node_ast,0,1
qwen3,Full-FT,D,3695__repeat_5,3695,pandas,pandas,absolute,64,parso_node_ast,0,1
qwen3,Full-FT,D,3695__repeat_5,3695,scikit,scikit,absolute,64,parso_node_ast,0,1
qwen3,Full-FT,D,3695__repeat_5,3695,numpy,numpy,absolute,65,parso_node_ast,0,1
qwen3,Full-FT,D,3695__repeat_5,3695,pandas,pandas,absolute,65,parso_node_ast,0,1
qwen3,Full-FT,D,3695__repeat_5,3695,scikit,scikit,absolute,65,parso_node_ast,0,1
qwen3,Full-FT,D,3695__repeat_5,3695,numpy,numpy,absolute,66,parso_node_ast,0,1
qwen3,Full-FT,D,3695__repeat_5,3695,pandas,pandas,absolute,66,parso_node_ast,0,1
qwen3,Full-FT,D,3695__repeat_5,3695,scikit,scikit,absolute,66,parso_node_ast,0,1
qwen3,Full-FT,D,3695__repeat_5,3695,numpy,numpy,absolute,67,parso_node_ast,0,1
qwen3,Full-FT,D,3695__repeat_5,3695,pandas,pandas,absolute,67,parso_node_ast,0,1
qwen3,Full-FT,D,3695__repeat_5,3695,scikit,scikit,absolute,67,parso_node_ast,0,1
qwen3,Full-FT,D,3695__repeat_5,3695,numpy,numpy,absolute,68,parso_node_ast,0,1
qwen3,Full-FT,D,3695__repeat_5,3695,pandas,pandas,absolute,68,parso_node_ast,0,1
qwen3,Full-FT,D,3695__repeat_5,3695,scikit,scikit,absolute,68,parso_node_ast,0,1
qwen3,Full-FT,D,3695__repeat_5,3695,numpy,numpy,absolute,69,parso_node_ast,0,1
qwen3,Full-FT,D,3695__repeat_5,3695,pandas,pandas,absolute,69,parso_node_ast,0,1
qwen3,Full-FT,D,3695__repeat_5,3695,scikit,scikit,absolute,69,parso_node_ast,0,1
qwen3,Full-FT,D,3695__repeat_5,3695,numpy,numpy,absolute,70,parso_node_ast,0,1
qwen3,Full-FT,D,3695__repeat_5,3695,pandas,pandas,absolute,70,parso_node_ast,0,1
qwen3,Full-FT,D,3695__repeat_5,3695,scikit,scikit,absolute,70,parso_node_ast,0,1
qwen3,Full-FT,D,3695__repeat_5,3695,numpy,numpy,absolute,71,parso_node_ast,0,1
qwen3,Full-FT,D,3695__repeat_5,3695,pandas,pandas,absolute,71,parso_node_ast,0,1
qwen3,Full-FT,D,3695__repeat_5,3695,scikit,scikit,absolute,71,parso_node_ast,0,1
qwen3,Full-FT,D,3695__repeat_5,3695,numpy,numpy,absolute,72,parso_node_ast,0,1
qwen3,Full-FT,D,3695__repeat_5,3695,pandas,pandas,absolute,72,parso_node_ast,0,1
qwen3,Full-FT,D,3695__repeat_5,3695,scikit,scikit,absolute,72,parso_node_ast,0,1
qwen3,Full-FT,D,3695__repeat_5,3695,numpy,numpy,absolute,73,parso_node_ast,0,1
qwen3,Full-FT,D,3695__repeat_5,3695,pandas,pandas,absolute,73,parso_node_ast,0,1
qwen3,Full-FT,D,3695__repeat_5,3695,scikit,scikit,absolute,73,parso_node_ast,0,1
qwen3,Full-FT,D,3695__repeat_5,3695,numpy,numpy,absolute,74,parso_node_ast,0,1
qwen3,Full-FT,D,3695__repeat_5,3695,pandas,pandas,absolute,74,parso_node_ast,0,1
qwen3,Full-FT,D,3695__repeat_5,3695,scikit,scikit,absolute,74,parso_node_ast,0,1
qwen3,Full-FT,D,3695__repeat_5,3695,numpy,numpy,absolute,75,parso_node_ast,0,1
qwen3,Full-FT,D,3695__repeat_5,3695,pandas,pandas,absolute,75,parso_node_ast,0,1
qwen3,Full-FT,D,3695__repeat_5,3695,scikit,scikit,absolute,75,parso_node_ast,0,1
qwen3,Full-FT,D,3695__repeat_5,3695,numpy,numpy,absolute,76,parso_node_ast,0,1
qwen3,Full-FT,D,3695__repeat_5,3695,pandas,pandas,absolute,76,parso_node_ast,0,1
qwen3,Full-FT,D,3695__repeat_5,3695,scikit,scikit,absolute,76,parso_node_ast,0,1
qwen3,Full-FT,D,3695__repeat_5,3695,numpy,numpy,absolute,77,parso_node_ast,0,1
qwen3,Full-FT,D,3695__repeat_5,3695,pandas,pandas,absolute,77,parso_node_ast,0,1
qwen3,Full-FT,D,3695__repeat_5,3695,scikit,scikit,absolute,77,parso_node_ast,0,1
qwen3,Full-FT,D,3695__repeat_5,3695,numpy,numpy,absolute,78,parso_node_ast,0,1
qwen3,Full-FT,D,3695__repeat_5,3695,pandas,pandas,absolute,78,parso_node_ast,0,1
qwen3,Full-FT,D,3695__repeat_5,3695,scikit,scikit,absolute,78,parso_node_ast,0,1
qwen3,Full-FT,D,3695__repeat_5,3695,numpy,numpy,absolute,79,parso_node_ast,0,1
qwen3,Full-FT,D,3695__repeat_5,3695,pandas,pandas,absolute,79,parso_node_ast,0,1
qwen3,Full-FT,D,3695__repeat_5,3695,scikit,scikit,absolute,79,parso_node_ast,0,1
qwen3,Full-FT,D,3695__repeat_5,3695,numpy,numpy,absolute,80,parso_node_ast,0,1
qwen3,Full-FT,D,3695__repeat_5,3695,pandas,pandas,absolute,80,parso_node_ast,0,1
qwen3,Full-FT,D,3695__repeat_5,3695,scikit,scikit,absolute,80,parso_node_ast,0,1
qwen3,Full-FT,D,3695__repeat_5,3695,numpy,numpy,absolute,81,parso_node_ast,0,1
qwen3,Full-FT,D,3695__repeat_5,3695,pandas,pandas,absolute,81,parso_node_ast,0,1
qwen3,Full-FT,D,3695__repeat_5,3695,scikit,scikit,absolute,81,parso_node_ast,0,1
qwen3,Full-FT,D,3695__repeat_5,3695,numpy,numpy,absolute,82,parso_node_ast,0,1
qwen3,Full-FT,D,3695__repeat_5,3695,pandas,pandas,absolute,82,parso_node_ast,0,1
qwen3,Full-FT,D,3695__repeat_5,3695,scikit,scikit,absolute,82,parso_node_ast,0,1
qwen3,Full-FT,D,3695__repeat_5,3695,numpy,numpy,absolute,83,parso_node_ast,0,1
qwen3,Full-FT,D,3695__repeat_5,3695,pandas,pandas,absolute,83,parso_node_ast,0,1
qwen3,Full-FT,D,3695__repeat_5,3695,scikit,scikit,absolute,83,parso_node_ast,0,1
qwen3,Full-FT,D,3695__repeat_5,3695,numpy,numpy,absolute,84,parso_node_ast,0,1
qwen3,Full-FT,D,3695__repeat_5,3695,pandas,pandas,absolute,84,parso_node_ast,0,1
qwen3,Full-FT,D,3695__repeat_5,3695,scikit,scikit,absolute,84,parso_node_ast,0,1
qwen3,Full-FT,D,3695__repeat_5,3695,numpy,numpy,absolute,85,parso_node_ast,0,1
qwen3,Full-FT,D,3695__repeat_5,3695,pandas,pandas,absolute,85,parso_node_ast,0,1
qwen3,Full-FT,D,3695__repeat_5,3695,scikit,scikit,absolute,85,parso_node_ast,0,1
qwen3,Full-FT,D,3695__repeat_5,3695,numpy,numpy,absolute,86,parso_node_ast,0,1
qwen3,Full-FT,D,3695__repeat_5,3695,pandas,pandas,absolute,86,parso_node_ast,0,1
qwen3,Full-FT,D,3695__repeat_5,3695,scikit,scikit,absolute,86,parso_node_ast,0,1
qwen3,Full-FT,D,3695__repeat_5,3695,numpy,numpy,absolute,87,parso_node_ast,0,1
qwen3,Full-FT,D,3695__repeat_5,3695,pandas,pandas,absolute,87,parso_node_ast,0,1
qwen3,Full-FT,D,3695__repeat_5,3695,scikit,scikit,absolute,87,parso_node_ast,0,1
qwen3,Full-FT,D,3695__repeat_5,3695,numpy,numpy,absolute,88,parso_node_ast,0,1
qwen3,Full-FT,D,3695__repeat_5,3695,pandas,pandas,absolute,88,parso_node_ast,0,1
qwen3,Full-FT,D,3695__repeat_5,3695,scikit,scikit,absolute,88,parso_node_ast,0,1
qwen3,Full-FT,D,3695__repeat_5,3695,numpy,numpy,absolute,89,parso_node_ast,0,1
qwen3,Full-FT,D,3695__repeat_5,3695,pandas,pandas,absolute,89,parso_node_ast,0,1
qwen3,Full-FT,D,3695__repeat_5,3695,scikit,scikit,absolute,89,parso_node_ast,0,1
qwen3,Full-FT,D,3695__repeat_5,3695,numpy,numpy,absolute,90,parso_node_ast,0,1
qwen3,Full-FT,D,3695__repeat_5,3695,pandas,pandas,absolute,90,parso_node_ast,0,1
qwen3,Full-FT,D,3695__repeat_5,3695,scikit,scikit,absolute,90,parso_node_ast,0,1
qwen3,Full-FT,D,3695__repeat_5,3695,numpy,numpy,absolute,91,parso_node_ast,0,1
qwen3,Full-FT,D,3695__repeat_5,3695,pandas,pandas,absolute,91,parso_node_ast,0,1
qwen3,Full-FT,D,3695__repeat_5,3695,scikit,scikit,absolute,91,parso_node_ast,0,1
qwen3,Full-FT,D,3695__repeat_5,3695,numpy,numpy,absolute,92,parso_node_ast,0,1
qwen3,Full-FT,D,3695__repeat_5,3695,pandas,pandas,absolute,92,parso_node_ast,0,1
qwen3,Full-FT,D,3695__repeat_5,3695,scikit,scikit,absolute,92,parso_node_ast,0,1
qwen3,Full-FT,D,3695__repeat_5,3695,numpy,numpy,absolute,93,parso_node_ast,0,1
qwen3,Full-FT,D,3695__repeat_5,3695,pandas,pandas,absolute,93,parso_node_ast,0,1
qwen3,Full-FT,D,3695__repeat_5,3695,scikit,scikit,absolute,93,parso_node_ast,0,1
qwen3,Full-FT,D,3695__repeat_5,3695,numpy,numpy,absolute,94,parso_node_ast,0,1
qwen3,Full-FT,D,3695__repeat_5,3695,pandas,pandas,absolute,94,parso_node_ast,0,1
qwen3,Full-FT,D,3695__repeat_5,3695,scikit,scikit,absolute,94,parso_node_ast,0,1
qwen3,Full-FT,D,3695__repeat_5,3695,numpy,numpy,absolute,95,parso_node_ast,0,1
qwen3,Full-FT,D,3695__repeat_5,3695,pandas,pandas,absolute,95,parso_node_ast,0,1
qwen3,Full-FT,D,3695__repeat_5,3695,scikit,scikit,absolute,95,parso_node_ast,0,1
qwen3,Full-FT,D,3695__repeat_5,3695,numpy,numpy,absolute,96,parso_node_ast,0,1
qwen3,Full-FT,D,3695__repeat_5,3695,pandas,pandas,absolute,96,parso_node_ast,0,1
qwen3,Full-FT,D,3695__repeat_5,3695,scikit,scikit,absolute,96,parso_node_ast,0,1
qwen3,Full-FT,D,3695__repeat_5,3695,numpy,numpy,absolute,97,parso_node_ast,0,1
qwen3,Full-FT,D,3695__repeat_5,3695,pandas,pandas,absolute,97,parso_node_ast,0,1
qwen3,Full-FT,D,3695__repeat_5,3695,scikit,scikit,absolute,97,parso_node_ast,0,1
qwen3,Full-FT,D,3695__repeat_5,3695,numpy,numpy,absolute,98,parso_node_ast,0,1
qwen3,Full-FT,D,3695__repeat_5,3695,pandas,pandas,absolute,98,parso_node_ast,0,1
qwen3,Full-FT,D,3695__repeat_5,3695,scikit,scikit,absolute,98,parso_node_ast,0,1
qwen3,Full-FT,D,3695__repeat_5,3695,numpy,numpy,absolute,99,parso_node_ast,0,1
qwen3,Full-FT,D,3695__repeat_5,3695,pandas,pandas,absolute,99,parso_node_ast,0,1
qwen3,Full-FT,D,3695__repeat_5,3695,scikit,scikit,absolute,99,parso_node_ast,0,1
qwen3,Full-FT,D,3695__repeat_5,3695,numpy,numpy,absolute,100,parso_node_ast,0,1
qwen3,Full-FT,D,3695__repeat_5,3695,pandas,pandas,absolute,100,parso_node_ast,0,1
qwen3,Full-FT,D,3695__repeat_5,3695,scikit,scikit,absolute,100,parso_node_ast,0,1
qwen3,Full-FT,D,3695__repeat_5,3695,numpy,numpy,absolute,101,parso_node_ast,0,1
qwen3,Full-FT,D,3695__repeat_5,3695,pandas,pandas,absolute,101,parso_node_ast,0,1
qwen3,Full-FT,D,3695__repeat_5,3695,scikit,scikit,absolute,101,parso_node_ast,0,1
qwen3,Full-FT,D,3695__repeat_5,3695,numpy,numpy,absolute,102,parso_node_ast,0,1
qwen3,Full-FT,D,3695__repeat_5,3695,pandas,pandas,absolute,102,parso_node_ast,0,1
qwen3,Full-FT,D,3695__repeat_5,3695,scikit,scikit,absolute,102,parso_node_ast,0,1
qwen3,Full-FT,D,3695__repeat_5,3695,numpy,numpy,absolute,103,parso_node_ast,0,1
qwen3,Full-FT,D,3695__repeat_5,3695,pandas,pandas,absolute,103,parso_node_ast,0,1
qwen3,Full-FT,D,3695__repeat_5,3695,scikit,scikit,absolute,103,parso_node_ast,0,1
qwen3,Full-FT,D,3695__repeat_5,3695,numpy,numpy,absolute,104,parso_node_ast,0,1
qwen3,Full-FT,D,3695__repeat_5,3695,pandas,pandas,absolute,104,parso_node_ast,0,1
qwen3,Full-FT,D,3695__repeat_5,3695,scikit,scikit,absolute,104,parso_node_ast,0,1
qwen3,Full-FT,D,3695__repeat_5,3695,numpy,numpy,absolute,105,parso_node_ast,0,1
qwen3,Full-FT,D,3695__repeat_5,3695,pandas,pandas,absolute,105,parso_node_ast,0,1
qwen3,Full-FT,D,3695__repeat_5,3695,scikit,scikit,absolute,105,parso_node_ast,0,1
qwen3,Full-FT,D,3695__repeat_5,3695,numpy,numpy,absolute,106,parso_node_ast,0,1
qwen3,Full-FT,D,3695__repeat_5,3695,pandas,pandas,absolute,106,parso_node_ast,0,1
qwen3,Full-FT,D,3695__repeat_5,3695,scikit,scikit,absolute,106,parso_node_ast,0,1
qwen3,Full-FT,D,3695__repeat_5,3695,numpy,numpy,absolute,107,parso_node_ast,0,1
qwen3,Full-FT,D,3695__repeat_5,3695,pandas,pandas,absolute,107,parso_node_ast,0,1
qwen3,Full-FT,D,3695__repeat_5,3695,scikit,scikit,absolute,107,parso_node_ast,0,1
qwen3,Full-FT,D,3695__repeat_5,3695,numpy,numpy,absolute,108,parso_node_ast,0,1
qwen3,Full-FT,D,3695__repeat_5,3695,pandas,pandas,absolute,108,parso_node_ast,0,1
qwen3,Full-FT,D,3695__repeat_5,3695,scikit,scikit,absolute,108,parso_node_ast,0,1
qwen3,Full-FT,D,3695__repeat_5,3695,numpy,numpy,absolute,109,parso_node_ast,0,1
qwen3,Full-FT,D,3695__repeat_5,3695,pandas,pandas,absolute,109,parso_node_ast,0,1
qwen3,Full-FT,D,3695__repeat_5,3695,scikit,scikit,absolute,109,parso_node_ast,0,1
qwen3,Full-FT,D,3695__repeat_5,3695,numpy,numpy,absolute,110,parso_node_ast,0,1
qwen3,Full-FT,D,3695__repeat_5,3695,pandas,pandas,absolute,110,parso_node_ast,0,1
qwen3,Full-FT,D,3695__repeat_5,3695,scikit,scikit,absolute,110,parso_node_ast,0,1
qwen3,Full-FT,D,3695__repeat_5,3695,numpy,numpy,absolute,111,parso_node_ast,0,1
qwen3,Full-FT,D,3695__repeat_5,3695,pandas,pandas,absolute,111,parso_node_ast,0,1
qwen3,Full-FT,D,3695__repeat_5,3695,scikit,scikit,absolute,111,parso_node_ast,0,1
qwen3,Full-FT,D,3695__repeat_5,3695,numpy,numpy,absolute,112,parso_node_ast,0,1
qwen3,Full-FT,D,3695__repeat_5,3695,pandas,pandas,absolute,112,parso_node_ast,0,1
qwen3,Full-FT,D,3695__repeat_5,3695,scikit,scikit,absolute,112,parso_node_ast,0,1
qwen3,Full-FT,D,3695__repeat_5,3695,numpy,numpy,absolute,113,parso_node_ast,0,1
qwen3,Full-FT,D,3695__repeat_5,3695,pandas,pandas,absolute,113,parso_node_ast,0,1
qwen3,Full-FT,D,3695__repeat_5,3695,scikit,scikit,absolute,113,parso_node_ast,0,1
qwen3,Full-FT,D,3695__repeat_5,3695,numpy,numpy,absolute,114,parso_node_ast,0,1
qwen3,Full-FT,D,3695__repeat_5,3695,pandas,pandas,absolute,114,parso_node_ast,0,1
qwen3,Full-FT,D,3695__repeat_5,3695,scikit,scikit,absolute,114,parso_node_ast,0,1
qwen3,Full-FT,D,3695__repeat_5,3695,numpy,numpy,absolute,115,parso_node_ast,0,1
qwen3,Full-FT,D,3695__repeat_5,3695,pandas,pandas,absolute,115,parso_node_ast,0,1
qwen3,Full-FT,D,3695__repeat_5,3695,scikit,scikit,absolute,115,parso_node_ast,0,1
qwen3,Full-FT,D,3695__repeat_5,3695,numpy,numpy,absolute,116,parso_node_ast,0,1
qwen3,Full-FT,D,3695__repeat_5,3695,pandas,pandas,absolute,116,parso_node_ast,0,1
qwen3,Full-FT,D,3695__repeat_5,3695,scikit,scikit,absolute,116,parso_node_ast,0,1
qwen3,Full-FT,D,3695__repeat_5,3695,numpy,numpy,absolute,117,parso_node_ast,0,1
qwen3,Full-FT,D,3695__repeat_5,3695,pandas,pandas,absolute,117,parso_node_ast,0,1
qwen3,Full-FT,D,3695__repeat_5,3695,scikit,scikit,absolute,117,parso_node_ast,0,1
qwen3,Full-FT,D,3695__repeat_5,3695,numpy,numpy,absolute,118,parso_node_ast,0,1
qwen3,Full-FT,D,3695__repeat_5,3695,pandas,pandas,absolute,118,parso_node_ast,0,1
qwen3,Full-FT,D,3695__repeat_5,3695,scikit,scikit,absolute,118,parso_node_ast,0,1
qwen3,Full-FT,D,3695__repeat_5,3695,numpy,numpy,absolute,119,parso_node_ast,0,1
qwen3,Full-FT,D,3695__repeat_5,3695,pandas,pandas,absolute,119,parso_node_ast,0,1
qwen3,Full-FT,D,3695__repeat_5,3695,scikit,scikit,absolute,119,parso_node_ast,0,1
qwen3,Full-FT,D,3695__repeat_5,3695,numpy,numpy,absolute,120,parso_node_ast,0,1
qwen3,Full-FT,D,3695__repeat_5,3695,pandas,pandas,absolute,120,parso_node_ast,0,1
qwen3,Full-FT,D,3695__repeat_5,3695,scikit,scikit,absolute,120,parso_node_ast,0,1
qwen3,Full-FT,D,3695__repeat_5,3695,numpy,numpy,absolute,121,parso_node_ast,0,1
qwen3,Full-FT,D,3695__repeat_5,3695,pandas,pandas,absolute,121,parso_node_ast,0,1
qwen3,Full-FT,D,3695__repeat_5,3695,scikit,scikit,absolute,121,parso_node_ast,0,1
qwen3,Full-FT,D,3695__repeat_5,3695,numpy,numpy,absolute,122,parso_node_ast,0,1
qwen3,Full-FT,D,3695__repeat_5,3695,pandas,pandas,absolute,122,parso_node_ast,0,1
qwen3,Full-FT,D,3695__repeat_5,3695,scikit,scikit,absolute,122,parso_node_ast,0,1
qwen3,Full-FT,D,3695__repeat_5,3695,numpy,numpy,absolute,123,parso_node_ast,0,1
qwen3,Full-FT,D,3695__repeat_5,3695,pandas,pandas,absolute,123,parso_node_ast,0,1
qwen3,Full-FT,D,3695__repeat_5,3695,scikit,scikit,absolute,123,parso_node_ast,0,1
qwen3,Full-FT,D,3695__repeat_5,3695,numpy,numpy,absolute,124,parso_node_ast,0,1
qwen3,Full-FT,D,3695__repeat_5,3695,pandas,pandas,absolute,124,parso_node_ast,0,1
qwen3,Full-FT,D,3695__repeat_5,3695,scikit,scikit,absolute,124,parso_node_ast,0,1
qwen3,Full-FT,D,3695__repeat_5,3695,numpy,numpy,absolute,125,parso_node_ast,0,1
qwen3,Full-FT,D,3695__repeat_5,3695,pandas,pandas,absolute,125,parso_node_ast,0,1
qwen3,Full-FT,D,3695__repeat_5,3695,scikit,scikit,absolute,125,parso_node_ast,0,1
qwen3,Full-FT,D,3695__repeat_5,3695,numpy,numpy,absolute,126,parso_node_ast,0,1
qwen3,Full-FT,D,3695__repeat_5,3695,pandas,pandas,absolute,126,parso_node_ast,0,1
qwen3,Full-FT,D,3695__repeat_5,3695,scikit,scikit,absolute,126,parso_node_ast,0,1
qwen3,Full-FT,D,3695__repeat_5,3695,numpy,numpy,absolute,127,parso_node_ast,0,1
qwen3,Full-FT,D,3695__repeat_5,3695,pandas,pandas,absolute,127,parso_node_ast,0,1
qwen3,Full-FT,D,3695__repeat_5,3695,scikit,scikit,absolute,127,parso_node_ast,0,1
qwen3,Full-FT,D,3695__repeat_5,3695,numpy,numpy,absolute,128,parso_node_ast,0,1
qwen3,Full-FT,D,3695__repeat_5,3695,pandas,pandas,absolute,128,parso_node_ast,0,1
qwen3,Full-FT,D,3695__repeat_5,3695,scikit,scikit,absolute,128,parso_node_ast,0,1
qwen3,Full-FT,D,3695__repeat_5,3695,numpy,numpy,absolute,129,parso_node_ast,0,1
qwen3,Full-FT,D,3695__repeat_5,3695,pandas,pandas,absolute,129,parso_node_ast,0,1
qwen3,Full-FT,D,3695__repeat_5,3695,scikit,scikit,absolute,129,parso_node_ast,0,1
qwen3,Full-FT,D,2067__repeat_5,2067,numpy,numpy,absolute,1,parso_node_ast,0,1
qwen3,Full-FT,D,2067__repeat_5,2067,pandas,pandas,absolute,1,parso_node_ast,0,1
qwen3,Full-FT,D,2067__repeat_5,2067,scikit,scikit,absolute,1,parso_node_ast,0,1
qwen3,Full-FT,D,3509__repeat_3,3509,boto3,boto3,absolute,2,parso_node_ast,0,1
qwen3,Full-FT,D,3509__repeat_3,3509,numpy,numpy,absolute,2,parso_node_ast,0,1
qwen3,Full-FT,D,3509__repeat_3,3509,pandas,pandas,absolute,2,parso_node_ast,0,1
qwen3,Full-FT,D,3509__repeat_3,3509,scikit,scikit,absolute,2,parso_node_ast,0,1
qwen3,Full-FT,D,3509__repeat_3,3509,numpy,numpy,absolute,3,parso_node_ast,0,1
qwen3,Full-FT,D,3509__repeat_3,3509,numpy,numpy,absolute,4,parso_node_ast,0,1
qwen3,Full-FT,D,3509__repeat_3,3509,numpy,numpy,absolute,5,parso_node_ast,0,1
qwen3,Full-FT,D,3509__repeat_3,3509,numpy,numpy,absolute,6,parso_node_ast,0,1
qwen3,Full-FT,D,3509__repeat_3,3509,numpy,numpy,absolute,7,parso_node_ast,0,1
qwen3,Full-FT,D,3509__repeat_3,3509,numpy,numpy,absolute,8,parso_node_ast,0,1
qwen3,Full-FT,D,3509__repeat_3,3509,numpy,numpy,absolute,9,parso_node_ast,0,1
qwen3,Full-FT,D,3509__repeat_3,3509,numpy,numpy,absolute,10,parso_node_ast,0,1
qwen3,Full-FT,D,3509__repeat_3,3509,numpy,numpy,absolute,11,parso_node_ast,0,1
qwen3,Full-FT,D,3509__repeat_3,3509,numpy,numpy,absolute,12,parso_node_ast,0,1
qwen3,Full-FT,D,3509__repeat_3,3509,numpy,numpy,absolute,13,parso_node_ast,0,1
qwen3,Full-FT,D,3509__repeat_3,3509,numpy,numpy,absolute,14,parso_node_ast,0,1
qwen3,Full-FT,D,3509__repeat_3,3509,numpy,numpy,absolute,15,parso_node_ast,0,1
qwen3,Full-FT,D,3509__repeat_3,3509,numpy,numpy,absolute,16,parso_node_ast,0,1
qwen3,Full-FT,D,3509__repeat_3,3509,numpy,numpy,absolute,17,parso_node_ast,0,1
qwen3,Full-FT,D,3509__repeat_3,3509,numpy,numpy,absolute,18,parso_node_ast,0,1
qwen3,Full-FT,D,3509__repeat_3,3509,numpy,numpy,absolute,19,parso_node_ast,0,1
qwen3,Full-FT,D,3509__repeat_3,3509,numpy,numpy,absolute,20,parso_node_ast,0,1
qwen3,Full-FT,D,3509__repeat_3,3509,numpy,numpy,absolute,21,parso_node_ast,0,1
qwen3,Full-FT,D,3509__repeat_3,3509,numpy,numpy,absolute,22,parso_node_ast,0,1
qwen3,Full-FT,D,3509__repeat_3,3509,numpy,numpy,absolute,23,parso_node_ast,0,1
qwen3,Full-FT,D,3509__repeat_3,3509,numpy,numpy,absolute,24,parso_node_ast,0,1
qwen3,Full-FT,D,3509__repeat_3,3509,numpy,numpy,absolute,25,parso_node_ast,0,1
qwen3,Full-FT,D,3509__repeat_3,3509,numpy,numpy,absolute,26,parso_node_ast,0,1
qwen3,Full-FT,D,3509__repeat_3,3509,numpy,numpy,absolute,27,parso_node_ast,0,1
qwen3,Full-FT,D,3509__repeat_3,3509,numpy,numpy,absolute,28,parso_node_ast,0,1
qwen3,Full-FT,D,3509__repeat_3,3509,numpy,numpy,absolute,29,parso_node_ast,0,1
qwen3,Full-FT,D,3509__repeat_3,3509,numpy,numpy,absolute,30,parso_node_ast,0,1
qwen3,Full-FT,D,3509__repeat_3,3509,numpy,numpy,absolute,31,parso_node_ast,0,1
qwen3,Full-FT,D,3509__repeat_3,3509,numpy,numpy,absolute,32,parso_node_ast,0,1
qwen3,Full-FT,D,3509__repeat_3,3509,numpy,numpy,absolute,33,parso_node_ast,0,1
qwen3,Full-FT,D,3509__repeat_3,3509,numpy,numpy,absolute,34,parso_node_ast,0,1
qwen3,Full-FT,D,3509__repeat_3,3509,numpy,numpy,absolute,35,parso_node_ast,0,1
qwen3,Full-FT,D,3509__repeat_3,3509,numpy,numpy,absolute,36,parso_node_ast,0,1
qwen3,Full-FT,D,3509__repeat_3,3509,numpy,numpy,absolute,37,parso_node_ast,0,1
qwen3,Full-FT,D,3509__repeat_3,3509,numpy,numpy,absolute,38,parso_node_ast,0,1
qwen3,Full-FT,D,3509__repeat_3,3509,numpy,numpy,absolute,39,parso_node_ast,0,1
qwen3,Full-FT,D,3509__repeat_3,3509,numpy,numpy,absolute,40,parso_node_ast,0,1
qwen3,Full-FT,D,3509__repeat_3,3509,numpy,numpy,absolute,41,parso_node_ast,0,1
qwen3,Full-FT,D,3509__repeat_3,3509,numpy,numpy,absolute,42,parso_node_ast,0,1
qwen3,Full-FT,D,3509__repeat_3,3509,numpy,numpy,absolute,43,parso_node_ast,0,1
qwen3,Full-FT,D,3509__repeat_3,3509,numpy,numpy,absolute,44,parso_node_ast,0,1
qwen3,Full-FT,D,3509__repeat_3,3509,numpy,numpy,absolute,45,parso_node_ast,0,1
qwen3,Full-FT,D,3509__repeat_3,3509,numpy,numpy,absolute,46,parso_node_ast,0,1
qwen3,Full-FT,D,3509__repeat_3,3509,numpy,numpy,absolute,47,parso_node_ast,0,1
qwen3,Full-FT,D,3509__repeat_3,3509,numpy,numpy,absolute,48,parso_node_ast,0,1
qwen3,Full-FT,D,3509__repeat_3,3509,numpy,numpy,absolute,49,parso_node_ast,0,1
qwen3,Full-FT,D,3509__repeat_3,3509,numpy,numpy,absolute,50,parso_node_ast,0,1
qwen3,Full-FT,D,3509__repeat_3,3509,numpy,numpy,absolute,51,parso_node_ast,0,1
qwen3,Full-FT,D,3509__repeat_3,3509,numpy,numpy,absolute,52,parso_node_ast,0,1
qwen3,Full-FT,D,3509__repeat_3,3509,numpy,numpy,absolute,53,parso_node_ast,0,1
qwen3,Full-FT,D,3509__repeat_3,3509,numpy,numpy,absolute,54,parso_node_ast,0,1
qwen3,Full-FT,D,3509__repeat_3,3509,numpy,numpy,absolute,55,parso_node_ast,0,1
qwen3,Full-FT,D,3509__repeat_3,3509,numpy,numpy,absolute,56,parso_node_ast,0,1
qwen3,Full-FT,D,3509__repeat_3,3509,numpy,numpy,absolute,57,parso_node_ast,0,1
qwen3,Full-FT,D,3509__repeat_3,3509,numpy,numpy,absolute,58,parso_node_ast,0,1
qwen3,Full-FT,D,3509__repeat_3,3509,numpy,numpy,absolute,59,parso_node_ast,0,1
qwen3,Full-FT,D,3509__repeat_3,3509,numpy,numpy,absolute,60,parso_node_ast,0,1
qwen3,Full-FT,D,3509__repeat_3,3509,numpy,numpy,absolute,61,parso_node_ast,0,1
qwen3,Full-FT,D,3509__repeat_3,3509,numpy,numpy,absolute,62,parso_node_ast,0,1
qwen3,Full-FT,D,3509__repeat_3,3509,numpy,numpy,absolute,63,parso_node_ast,0,1
qwen3,Full-FT,D,3509__repeat_3,3509,numpy,numpy,absolute,64,parso_node_ast,0,1
qwen3,Full-FT,D,3509__repeat_3,3509,numpy,numpy,absolute,65,parso_node_ast,0,1
qwen3,Full-FT,D,3509__repeat_3,3509,numpy,numpy,absolute,66,parso_node_ast,0,1
qwen3,Full-FT,D,3509__repeat_3,3509,numpy,numpy,absolute,67,parso_node_ast,0,1
qwen3,Full-FT,D,3509__repeat_3,3509,numpy,numpy,absolute,68,parso_node_ast,0,1
qwen3,Full-FT,D,3509__repeat_3,3509,numpy,numpy,absolute,69,parso_node_ast,0,1
qwen3,Full-FT,D,3509__repeat_3,3509,numpy,numpy,absolute,70,parso_node_ast,0,1
qwen3,Full-FT,D,3509__repeat_3,3509,numpy,numpy,absolute,71,parso_node_ast,0,1
qwen3,Full-FT,D,3509__repeat_3,3509,numpy,numpy,absolute,72,parso_node_ast,0,1
qwen3,Full-FT,D,3509__repeat_3,3509,numpy,numpy,absolute,73,parso_node_ast,0,1
qwen3,Full-FT,D,3509__repeat_3,3509,numpy,numpy,absolute,74,parso_node_ast,0,1
qwen3,Full-FT,D,3509__repeat_3,3509,numpy,numpy,absolute,75,parso_node_ast,0,1
qwen3,Full-FT,D,3509__repeat_3,3509,numpy,numpy,absolute,76,parso_node_ast,0,1
qwen3,Full-FT,D,3509__repeat_3,3509,numpy,numpy,absolute,77,parso_node_ast,0,1
qwen3,Full-FT,D,2329__repeat_1,2329,scikit,scikit,absolute,5,parso_node_ast,0,1
qwen3,Full-FT,D,2329__repeat_1,2329,nltk,nltk,absolute,13,parso_node_ast,0,0
qwen3,Full-FT,D,2329__repeat_1,2329,numpy,numpy,absolute,13,parso_node_ast,0,0
qwen3,Full-FT,D,2329__repeat_1,2329,pandas,pandas,absolute,13,parso_node_ast,0,0
qwen3,Full-FT,D,2329__repeat_1,2329,scikit,scikit,absolute,13,parso_node_ast,0,1
qwen3,Full-FT,D,185__repeat_1,185,sphinx,sphinx,absolute,2,parso_node_ast,0,1
qwen3,Full-FT,D,185__repeat_1,185,sphinx,sphinx,absolute,2,parso_node_ast,0,1
qwen3,Full-FT,D,185__repeat_2,185,sphinx,sphinx,absolute,1,parso_node_ast,0,1
qwen3,Full-FT,D,185__repeat_2,185,sphinx,sphinx,absolute,1,parso_node_ast,0,1
qwen3,Full-FT,D,185__repeat_4,185,sphinx,sphinx,absolute,2,parso_node_ast,0,1
qwen3,Full-FT,D,824__repeat_1,824,numpy,numpy,absolute,3,parso_node_ast,0,0
qwen3,Full-FT,D,824__repeat_1,824,scipy,scipy,absolute,3,parso_node_ast,0,1
qwen3,Full-FT,D,824__repeat_1,824,torch,torch,absolute,3,parso_node_ast,0,1
qwen3,Full-FT,D,824__repeat_1,824,pandas,pandas,absolute,3,parso_node_ast,0,1
qwen3,Full-FT,D,824__repeat_1,824,numpy,numpy,absolute,3,parso_node_ast,0,0
qwen3,Full-FT,D,824__repeat_1,824,scikit,scikit,absolute,3,parso_node_ast,0,1
qwen3,Full-FT,D,824__repeat_2,824,librosa,librosa,absolute,6,parso_node_ast,0,1
qwen3,Full-FT,D,824__repeat_2,824,numpy,numpy,absolute,6,parso_node_ast,0,0
qwen3,Full-FT,D,824__repeat_2,824,scikit,scikit,absolute,6,parso_node_ast,0,1
qwen3,Full-FT,D,824__repeat_3,824,numpy,numpy,absolute,4,parso_node_ast,0,0
qwen3,Full-FT,D,824__repeat_3,824,librosa,librosa,absolute,4,parso_node_ast,0,1
qwen3,Full-FT,D,824__repeat_3,824,numpy,numpy,absolute,4,parso_node_ast,0,0
qwen3,Full-FT,D,824__repeat_3,824,scikit,scikit,absolute,4,parso_node_ast,0,1
qwen3,Full-FT,D,824__repeat_3,824,numpy,numpy,absolute,5,parso_node_ast,0,0
qwen3,Full-FT,D,824__repeat_3,824,scikit,scikit,absolute,5,parso_node_ast,0,1
qwen3,Full-FT,D,824__repeat_3,824,numpy,numpy,absolute,6,parso_node_ast,0,0
qwen3,Full-FT,D,824__repeat_3,824,scikit,scikit,absolute,6,parso_node_ast,0,1
qwen3,Full-FT,D,824__repeat_3,824,numpy,numpy,absolute,7,parso_node_ast,0,0
qwen3,Full-FT,D,824__repeat_3,824,scikit,scikit,absolute,7,parso_node_ast,0,1
qwen3,Full-FT,D,824__repeat_3,824,numpy,numpy,absolute,8,parso_node_ast,0,0
qwen3,Full-FT,D,824__repeat_3,824,scikit,scikit,absolute,8,parso_node_ast,0,1
qwen3,Full-FT,D,824__repeat_3,824,numpy,numpy,absolute,9,parso_node_ast,0,0
qwen3,Full-FT,D,824__repeat_3,824,scikit,scikit,absolute,9,parso_node_ast,0,1
qwen3,Full-FT,D,824__repeat_3,824,numpy,numpy,absolute,10,parso_node_ast,0,0
qwen3,Full-FT,D,824__repeat_3,824,scikit,scikit,absolute,10,parso_node_ast,0,1
qwen3,Full-FT,D,824__repeat_3,824,numpy,numpy,absolute,11,parso_node_ast,0,0
qwen3,Full-FT,D,824__repeat_3,824,scikit,scikit,absolute,11,parso_node_ast,0,1
qwen3,Full-FT,D,824__repeat_3,824,numpy,numpy,absolute,12,parso_node_ast,0,0
qwen3,Full-FT,D,824__repeat_3,824,scikit,scikit,absolute,12,parso_node_ast,0,1
qwen3,Full-FT,D,824__repeat_3,824,numpy,numpy,absolute,13,parso_node_ast,0,0
qwen3,Full-FT,D,824__repeat_3,824,scikit,scikit,absolute,13,parso_node_ast,0,1
qwen3,Full-FT,D,824__repeat_3,824,numpy,numpy,absolute,14,parso_node_ast,0,0
qwen3,Full-FT,D,824__repeat_3,824,scikit,scikit,absolute,14,parso_node_ast,0,1
qwen3,Full-FT,D,824__repeat_3,824,numpy,numpy,absolute,15,parso_node_ast,0,0
qwen3,Full-FT,D,824__repeat_3,824,scikit,scikit,absolute,15,parso_node_ast,0,1
qwen3,Full-FT,D,824__repeat_3,824,numpy,numpy,absolute,16,parso_node_ast,0,0
qwen3,Full-FT,D,824__repeat_3,824,scikit,scikit,absolute,16,parso_node_ast,0,1
qwen3,Full-FT,D,824__repeat_3,824,numpy,numpy,absolute,17,parso_node_ast,0,0
qwen3,Full-FT,D,824__repeat_3,824,scikit,scikit,absolute,17,parso_node_ast,0,1
qwen3,Full-FT,D,824__repeat_3,824,numpy,numpy,absolute,18,parso_node_ast,0,0
qwen3,Full-FT,D,824__repeat_3,824,scikit,scikit,absolute,18,parso_node_ast,0,1
qwen3,Full-FT,D,824__repeat_3,824,numpy,numpy,absolute,19,parso_node_ast,0,0
qwen3,Full-FT,D,824__repeat_3,824,scikit,scikit,absolute,19,parso_node_ast,0,1
qwen3,Full-FT,D,824__repeat_3,824,numpy,numpy,absolute,20,parso_node_ast,0,0
qwen3,Full-FT,D,824__repeat_3,824,scikit,scikit,absolute,20,parso_node_ast,0,1
qwen3,Full-FT,D,824__repeat_3,824,numpy,numpy,absolute,21,parso_node_ast,0,0
qwen3,Full-FT,D,824__repeat_3,824,scikit,scikit,absolute,21,parso_node_ast,0,1
qwen3,Full-FT,D,824__repeat_3,824,numpy,numpy,absolute,22,parso_node_ast,0,0
qwen3,Full-FT,D,824__repeat_3,824,scikit,scikit,absolute,22,parso_node_ast,0,1
qwen3,Full-FT,D,824__repeat_3,824,numpy,numpy,absolute,23,parso_node_ast,0,0
qwen3,Full-FT,D,824__repeat_3,824,scikit,scikit,absolute,23,parso_node_ast,0,1
qwen3,Full-FT,D,824__repeat_3,824,numpy,numpy,absolute,24,parso_node_ast,0,0
qwen3,Full-FT,D,824__repeat_3,824,scikit,scikit,absolute,24,parso_node_ast,0,1
qwen3,Full-FT,D,824__repeat_3,824,numpy,numpy,absolute,25,parso_node_ast,0,0
qwen3,Full-FT,D,824__repeat_3,824,scikit,scikit,absolute,25,parso_node_ast,0,1
qwen3,Full-FT,D,824__repeat_3,824,numpy,numpy,absolute,26,parso_node_ast,0,0
qwen3,Full-FT,D,824__repeat_3,824,scikit,scikit,absolute,26,parso_node_ast,0,1
qwen3,Full-FT,D,824__repeat_3,824,numpy,numpy,absolute,27,parso_node_ast,0,0
qwen3,Full-FT,D,824__repeat_3,824,scikit,scikit,absolute,27,parso_node_ast,0,1
qwen3,Full-FT,D,824__repeat_3,824,numpy,numpy,absolute,28,parso_node_ast,0,0
qwen3,Full-FT,D,824__repeat_3,824,scikit,scikit,absolute,28,parso_node_ast,0,1
qwen3,Full-FT,D,824__repeat_3,824,numpy,numpy,absolute,29,parso_node_ast,0,0
qwen3,Full-FT,D,824__repeat_3,824,scikit,scikit,absolute,29,parso_node_ast,0,1
qwen3,Full-FT,D,824__repeat_3,824,numpy,numpy,absolute,30,parso_node_ast,0,0
qwen3,Full-FT,D,824__repeat_3,824,scikit,scikit,absolute,30,parso_node_ast,0,1
qwen3,Full-FT,D,824__repeat_3,824,numpy,numpy,absolute,31,parso_node_ast,0,0
qwen3,Full-FT,D,824__repeat_3,824,scikit,scikit,absolute,31,parso_node_ast,0,1
qwen3,Full-FT,D,824__repeat_3,824,numpy,numpy,absolute,32,parso_node_ast,0,0
qwen3,Full-FT,D,824__repeat_3,824,scikit,scikit,absolute,32,parso_node_ast,0,1
qwen3,Full-FT,D,824__repeat_3,824,numpy,numpy,absolute,33,parso_node_ast,0,0
qwen3,Full-FT,D,824__repeat_3,824,scikit,scikit,absolute,33,parso_node_ast,0,1
qwen3,Full-FT,D,824__repeat_3,824,numpy,numpy,absolute,34,parso_node_ast,0,0
qwen3,Full-FT,D,824__repeat_3,824,scikit,scikit,absolute,34,parso_node_ast,0,1
qwen3,Full-FT,D,824__repeat_3,824,numpy,numpy,absolute,35,parso_node_ast,0,0
qwen3,Full-FT,D,824__repeat_3,824,scikit,scikit,absolute,35,parso_node_ast,0,1
qwen3,Full-FT,D,824__repeat_3,824,numpy,numpy,absolute,36,parso_node_ast,0,0
qwen3,Full-FT,D,824__repeat_3,824,scikit,scikit,absolute,36,parso_node_ast,0,1
qwen3,Full-FT,D,824__repeat_3,824,numpy,numpy,absolute,37,parso_node_ast,0,0
qwen3,Full-FT,D,824__repeat_3,824,scikit,scikit,absolute,37,parso_node_ast,0,1
qwen3,Full-FT,D,824__repeat_3,824,numpy,numpy,absolute,38,parso_node_ast,0,0
qwen3,Full-FT,D,824__repeat_3,824,scikit,scikit,absolute,38,parso_node_ast,0,1
qwen3,Full-FT,D,824__repeat_3,824,numpy,numpy,absolute,39,parso_node_ast,0,0
qwen3,Full-FT,D,824__repeat_3,824,scikit,scikit,absolute,39,parso_node_ast,0,1
qwen3,Full-FT,D,824__repeat_3,824,numpy,numpy,absolute,40,parso_node_ast,0,0
qwen3,Full-FT,D,824__repeat_3,824,scikit,scikit,absolute,40,parso_node_ast,0,1
qwen3,Full-FT,D,824__repeat_3,824,numpy,numpy,absolute,41,parso_node_ast,0,0
qwen3,Full-FT,D,824__repeat_3,824,scikit,scikit,absolute,41,parso_node_ast,0,1
qwen3,Full-FT,D,824__repeat_3,824,numpy,numpy,absolute,42,parso_node_ast,0,0
qwen3,Full-FT,D,824__repeat_3,824,scikit,scikit,absolute,42,parso_node_ast,0,1
qwen3,Full-FT,D,824__repeat_3,824,numpy,numpy,absolute,43,parso_node_ast,0,0
qwen3,Full-FT,D,824__repeat_3,824,scikit,scikit,absolute,43,parso_node_ast,0,1
qwen3,Full-FT,D,824__repeat_3,824,numpy,numpy,absolute,44,parso_node_ast,0,0
qwen3,Full-FT,D,824__repeat_3,824,scikit,scikit,absolute,44,parso_node_ast,0,1
qwen3,Full-FT,D,824__repeat_3,824,numpy,numpy,absolute,45,parso_node_ast,0,0
qwen3,Full-FT,D,824__repeat_3,824,scikit,scikit,absolute,45,parso_node_ast,0,1
qwen3,Full-FT,D,824__repeat_3,824,numpy,numpy,absolute,46,parso_node_ast,0,0
qwen3,Full-FT,D,824__repeat_3,824,scikit,scikit,absolute,46,parso_node_ast,0,1
qwen3,Full-FT,D,824__repeat_3,824,numpy,numpy,absolute,47,parso_node_ast,0,0
qwen3,Full-FT,D,824__repeat_3,824,scikit,scikit,absolute,47,parso_node_ast,0,1
qwen3,Full-FT,D,824__repeat_3,824,numpy,numpy,absolute,48,parso_node_ast,0,0
qwen3,Full-FT,D,824__repeat_3,824,scikit,scikit,absolute,48,parso_node_ast,0,1
qwen3,Full-FT,D,824__repeat_3,824,numpy,numpy,absolute,49,parso_node_ast,0,0
qwen3,Full-FT,D,824__repeat_3,824,scikit,scikit,absolute,49,parso_node_ast,0,1
qwen3,Full-FT,D,824__repeat_3,824,numpy,numpy,absolute,50,parso_node_ast,0,0
qwen3,Full-FT,D,824__repeat_3,824,scikit,scikit,absolute,50,parso_node_ast,0,1
qwen3,Full-FT,D,824__repeat_3,824,numpy,numpy,absolute,51,parso_node_ast,0,0
qwen3,Full-FT,D,824__repeat_3,824,scikit,scikit,absolute,51,parso_node_ast,0,1
qwen3,Full-FT,D,824__repeat_3,824,numpy,numpy,absolute,52,parso_node_ast,0,0
qwen3,Full-FT,D,824__repeat_3,824,scikit,scikit,absolute,52,parso_node_ast,0,1
qwen3,Full-FT,D,824__repeat_3,824,numpy,numpy,absolute,53,parso_node_ast,0,0
qwen3,Full-FT,D,824__repeat_3,824,scikit,scikit,absolute,53,parso_node_ast,0,1
qwen3,Full-FT,D,824__repeat_3,824,numpy,numpy,absolute,54,parso_node_ast,0,0
qwen3,Full-FT,D,824__repeat_3,824,scikit,scikit,absolute,54,parso_node_ast,0,1
qwen3,Full-FT,D,824__repeat_3,824,numpy,numpy,absolute,55,parso_node_ast,0,0
qwen3,Full-FT,D,824__repeat_3,824,scikit,scikit,absolute,55,parso_node_ast,0,1
qwen3,Full-FT,D,824__repeat_3,824,numpy,numpy,absolute,56,parso_node_ast,0,0
qwen3,Full-FT,D,824__repeat_3,824,scikit,scikit,absolute,56,parso_node_ast,0,1
qwen3,Full-FT,D,824__repeat_3,824,numpy,numpy,absolute,57,parso_node_ast,0,0
qwen3,Full-FT,D,824__repeat_3,824,scikit,scikit,absolute,57,parso_node_ast,0,1
qwen3,Full-FT,D,824__repeat_3,824,numpy,numpy,absolute,58,parso_node_ast,0,0
qwen3,Full-FT,D,824__repeat_3,824,scikit,scikit,absolute,58,parso_node_ast,0,1
qwen3,Full-FT,D,824__repeat_3,824,numpy,numpy,absolute,59,parso_node_ast,0,0
qwen3,Full-FT,D,824__repeat_3,824,scikit,scikit,absolute,59,parso_node_ast,0,1
qwen3,Full-FT,D,824__repeat_3,824,numpy,numpy,absolute,60,parso_node_ast,0,0
qwen3,Full-FT,D,824__repeat_3,824,scikit,scikit,absolute,60,parso_node_ast,0,1
qwen3,Full-FT,D,824__repeat_3,824,numpy,numpy,absolute,61,parso_node_ast,0,0
qwen3,Full-FT,D,824__repeat_3,824,scikit,scikit,absolute,61,parso_node_ast,0,1
qwen3,Full-FT,D,824__repeat_3,824,numpy,numpy,absolute,62,parso_node_ast,0,0
qwen3,Full-FT,D,824__repeat_3,824,scikit,scikit,absolute,62,parso_node_ast,0,1
qwen3,Full-FT,D,824__repeat_3,824,numpy,numpy,absolute,63,parso_node_ast,0,0
qwen3,Full-FT,D,824__repeat_3,824,scikit,scikit,absolute,63,parso_node_ast,0,1
qwen3,Full-FT,D,824__repeat_3,824,numpy,numpy,absolute,64,parso_node_ast,0,0
qwen3,Full-FT,D,824__repeat_3,824,scikit,scikit,absolute,64,parso_node_ast,0,1
qwen3,Full-FT,D,824__repeat_3,824,numpy,numpy,absolute,65,parso_node_ast,0,0
qwen3,Full-FT,D,824__repeat_3,824,scikit,scikit,absolute,65,parso_node_ast,0,1
qwen3,Full-FT,D,824__repeat_3,824,numpy,numpy,absolute,66,parso_node_ast,0,0
qwen3,Full-FT,D,824__repeat_3,824,scikit,scikit,absolute,66,parso_node_ast,0,1
qwen3,Full-FT,D,824__repeat_3,824,numpy,numpy,absolute,67,parso_node_ast,0,0
qwen3,Full-FT,D,824__repeat_3,824,scikit,scikit,absolute,67,parso_node_ast,0,1
qwen3,Full-FT,D,824__repeat_3,824,numpy,numpy,absolute,68,parso_node_ast,0,0
qwen3,Full-FT,D,824__repeat_3,824,scikit,scikit,absolute,68,parso_node_ast,0,1
qwen3,Full-FT,D,824__repeat_3,824,numpy,numpy,absolute,69,parso_node_ast,0,0
qwen3,Full-FT,D,824__repeat_3,824,scikit,scikit,absolute,69,parso_node_ast,0,1
qwen3,Full-FT,D,824__repeat_3,824,numpy,numpy,absolute,70,parso_node_ast,0,0
qwen3,Full-FT,D,824__repeat_3,824,scikit,scikit,absolute,70,parso_node_ast,0,1
qwen3,Full-FT,D,824__repeat_3,824,numpy,numpy,absolute,71,parso_node_ast,0,0
qwen3,Full-FT,D,824__repeat_3,824,scikit,scikit,absolute,71,parso_node_ast,0,1
qwen3,Full-FT,D,824__repeat_3,824,numpy,numpy,absolute,72,parso_node_ast,0,0
qwen3,Full-FT,D,824__repeat_3,824,scikit,scikit,absolute,72,parso_node_ast,0,1
qwen3,Full-FT,D,824__repeat_3,824,numpy,numpy,absolute,73,parso_node_ast,0,0
qwen3,Full-FT,D,824__repeat_3,824,scikit,scikit,absolute,73,parso_node_ast,0,1
qwen3,Full-FT,D,824__repeat_3,824,numpy,numpy,absolute,74,parso_node_ast,0,0
qwen3,Full-FT,D,824__repeat_3,824,scikit,scikit,absolute,74,parso_node_ast,0,1
qwen3,Full-FT,D,824__repeat_3,824,numpy,numpy,absolute,75,parso_node_ast,0,0
qwen3,Full-FT,D,824__repeat_3,824,scikit,scikit,absolute,75,parso_node_ast,0,1
qwen3,Full-FT,D,824__repeat_3,824,numpy,numpy,absolute,76,parso_node_ast,0,0
qwen3,Full-FT,D,824__repeat_3,824,scikit,scikit,absolute,76,parso_node_ast,0,1
qwen3,Full-FT,D,824__repeat_3,824,numpy,numpy,absolute,77,parso_node_ast,0,0
qwen3,Full-FT,D,824__repeat_3,824,scikit,scikit,absolute,77,parso_node_ast,0,1
qwen3,Full-FT,D,824__repeat_3,824,numpy,numpy,absolute,78,parso_node_ast,0,0
qwen3,Full-FT,D,824__repeat_3,824,scikit,scikit,absolute,78,parso_node_ast,0,1
qwen3,Full-FT,D,824__repeat_3,824,numpy,numpy,absolute,79,parso_node_ast,0,0
qwen3,Full-FT,D,824__repeat_3,824,scikit,scikit,absolute,79,parso_node_ast,0,1
qwen3,Full-FT,D,824__repeat_3,824,numpy,numpy,absolute,80,parso_node_ast,0,0
qwen3,Full-FT,D,824__repeat_3,824,scikit,scikit,absolute,80,parso_node_ast,0,1
qwen3,Full-FT,D,824__repeat_3,824,numpy,numpy,absolute,81,parso_node_ast,0,0
qwen3,Full-FT,D,824__repeat_3,824,scikit,scikit,absolute,81,parso_node_ast,0,1
qwen3,Full-FT,D,824__repeat_3,824,numpy,numpy,absolute,82,parso_node_ast,0,0
qwen3,Full-FT,D,824__repeat_3,824,scikit,scikit,absolute,82,parso_node_ast,0,1
qwen3,Full-FT,D,824__repeat_3,824,numpy,numpy,absolute,83,parso_node_ast,0,0
qwen3,Full-FT,D,824__repeat_3,824,scikit,scikit,absolute,83,parso_node_ast,0,1
qwen3,Full-FT,D,824__repeat_3,824,numpy,numpy,absolute,84,parso_node_ast,0,0
qwen3,Full-FT,D,824__repeat_3,824,scikit,scikit,absolute,84,parso_node_ast,0,1
qwen3,Full-FT,D,824__repeat_3,824,numpy,numpy,absolute,85,parso_node_ast,0,0
qwen3,Full-FT,D,824__repeat_3,824,scikit,scikit,absolute,85,parso_node_ast,0,1
qwen3,Full-FT,D,824__repeat_3,824,numpy,numpy,absolute,86,parso_node_ast,0,0
qwen3,Full-FT,D,824__repeat_3,824,scikit,scikit,absolute,86,parso_node_ast,0,1
qwen3,Full-FT,D,824__repeat_3,824,numpy,numpy,absolute,87,parso_node_ast,0,0
qwen3,Full-FT,D,824__repeat_3,824,scikit,scikit,absolute,87,parso_node_ast,0,1
qwen3,Full-FT,D,824__repeat_3,824,numpy,numpy,absolute,88,parso_node_ast,0,0
qwen3,Full-FT,D,824__repeat_3,824,scikit,scikit,absolute,88,parso_node_ast,0,1
qwen3,Full-FT,D,824__repeat_3,824,numpy,numpy,absolute,89,parso_node_ast,0,0
qwen3,Full-FT,D,824__repeat_3,824,scikit,scikit,absolute,89,parso_node_ast,0,1
qwen3,Full-FT,D,824__repeat_3,824,numpy,numpy,absolute,90,parso_node_ast,0,0
qwen3,Full-FT,D,824__repeat_3,824,scikit,scikit,absolute,90,parso_node_ast,0,1
qwen3,Full-FT,D,824__repeat_3,824,numpy,numpy,absolute,91,parso_node_ast,0,0
qwen3,Full-FT,D,824__repeat_3,824,scikit,scikit,absolute,91,parso_node_ast,0,1
qwen3,Full-FT,D,824__repeat_3,824,numpy,numpy,absolute,92,parso_node_ast,0,0
qwen3,Full-FT,D,824__repeat_3,824,scikit,scikit,absolute,92,parso_node_ast,0,1
qwen3,Full-FT,D,824__repeat_3,824,numpy,numpy,absolute,93,parso_node_ast,0,0
qwen3,Full-FT,D,824__repeat_3,824,scikit,scikit,absolute,93,parso_node_ast,0,1
qwen3,Full-FT,D,824__repeat_3,824,numpy,numpy,absolute,94,parso_node_ast,0,0
qwen3,Full-FT,D,824__repeat_3,824,scikit,scikit,absolute,94,parso_node_ast,0,1
qwen3,Full-FT,D,824__repeat_3,824,numpy,numpy,absolute,95,parso_node_ast,0,0
qwen3,Full-FT,D,824__repeat_3,824,scikit,scikit,absolute,95,parso_node_ast,0,1
qwen3,Full-FT,D,824__repeat_3,824,numpy,numpy,absolute,96,parso_node_ast,0,0
qwen3,Full-FT,D,824__repeat_3,824,scikit,scikit,absolute,96,parso_node_ast,0,1
qwen3,Full-FT,D,824__repeat_3,824,numpy,numpy,absolute,97,parso_node_ast,0,0
qwen3,Full-FT,D,824__repeat_3,824,scikit,scikit,absolute,97,parso_node_ast,0,1
qwen3,Full-FT,D,824__repeat_3,824,numpy,numpy,absolute,98,parso_node_ast,0,0
qwen3,Full-FT,D,824__repeat_3,824,scikit,scikit,absolute,98,parso_node_ast,0,1
qwen3,Full-FT,D,824__repeat_3,824,numpy,numpy,absolute,99,parso_node_ast,0,0
qwen3,Full-FT,D,824__repeat_3,824,scikit,scikit,absolute,99,parso_node_ast,0,1
qwen3,Full-FT,D,824__repeat_3,824,numpy,numpy,absolute,100,parso_node_ast,0,0
qwen3,Full-FT,D,824__repeat_3,824,scikit,scikit,absolute,100,parso_node_ast,0,1
qwen3,Full-FT,D,824__repeat_3,824,numpy,numpy,absolute,101,parso_node_ast,0,0
qwen3,Full-FT,D,824__repeat_3,824,scikit,scikit,absolute,101,parso_node_ast,0,1
qwen3,Full-FT,D,824__repeat_3,824,numpy,numpy,absolute,102,parso_node_ast,0,0
qwen3,Full-FT,D,824__repeat_3,824,scikit,scikit,absolute,102,parso_node_ast,0,1
qwen3,Full-FT,D,824__repeat_3,824,numpy,numpy,absolute,103,parso_node_ast,0,0
qwen3,Full-FT,D,824__repeat_3,824,scikit,scikit,absolute,103,parso_node_ast,0,1
qwen3,Full-FT,D,824__repeat_3,824,numpy,numpy,absolute,104,parso_node_ast,0,0
qwen3,Full-FT,D,824__repeat_3,824,scikit,scikit,absolute,104,parso_node_ast,0,1
qwen3,Full-FT,D,824__repeat_3,824,numpy,numpy,absolute,105,parso_node_ast,0,0
qwen3,Full-FT,D,824__repeat_3,824,scikit,scikit,absolute,105,parso_node_ast,0,1
qwen3,Full-FT,D,824__repeat_3,824,numpy,numpy,absolute,106,parso_node_ast,0,0
qwen3,Full-FT,D,824__repeat_3,824,scikit,scikit,absolute,106,parso_node_ast,0,1
qwen3,Full-FT,D,824__repeat_3,824,numpy,numpy,absolute,107,parso_node_ast,0,0
qwen3,Full-FT,D,824__repeat_3,824,scikit,scikit,absolute,107,parso_node_ast,0,1
qwen3,Full-FT,D,824__repeat_3,824,numpy,numpy,absolute,108,parso_node_ast,0,0
qwen3,Full-FT,D,824__repeat_3,824,scikit,scikit,absolute,108,parso_node_ast,0,1
qwen3,Full-FT,D,824__repeat_3,824,numpy,numpy,absolute,109,parso_node_ast,0,0
qwen3,Full-FT,D,824__repeat_3,824,scikit,scikit,absolute,109,parso_node_ast,0,1
qwen3,Full-FT,D,824__repeat_3,824,numpy,numpy,absolute,110,parso_node_ast,0,0
qwen3,Full-FT,D,824__repeat_3,824,scikit,scikit,absolute,110,parso_node_ast,0,1
qwen3,Full-FT,D,824__repeat_3,824,numpy,numpy,absolute,111,parso_node_ast,0,0
qwen3,Full-FT,D,824__repeat_3,824,scikit,scikit,absolute,111,parso_node_ast,0,1
qwen3,Full-FT,D,824__repeat_3,824,numpy,numpy,absolute,112,parso_node_ast,0,0
qwen3,Full-FT,D,824__repeat_3,824,scikit,scikit,absolute,112,parso_node_ast,0,1
qwen3,Full-FT,D,824__repeat_3,824,numpy,numpy,absolute,113,parso_node_ast,0,0
qwen3,Full-FT,D,824__repeat_3,824,scikit,scikit,absolute,113,parso_node_ast,0,1
qwen3,Full-FT,D,824__repeat_3,824,numpy,numpy,absolute,114,parso_node_ast,0,0
qwen3,Full-FT,D,824__repeat_3,824,scikit,scikit,absolute,114,parso_node_ast,0,1
qwen3,Full-FT,D,824__repeat_3,824,numpy,numpy,absolute,115,parso_node_ast,0,0
qwen3,Full-FT,D,824__repeat_3,824,scikit,scikit,absolute,115,parso_node_ast,0,1
qwen3,Full-FT,D,824__repeat_3,824,numpy,numpy,absolute,116,parso_node_ast,0,0
qwen3,Full-FT,D,824__repeat_3,824,scikit,scikit,absolute,116,parso_node_ast,0,1
qwen3,Full-FT,D,824__repeat_3,824,numpy,numpy,absolute,117,parso_node_ast,0,0
qwen3,Full-FT,D,824__repeat_3,824,scikit,scikit,absolute,117,parso_node_ast,0,1
qwen3,Full-FT,D,824__repeat_3,824,numpy,numpy,absolute,118,parso_node_ast,0,0
qwen3,Full-FT,D,824__repeat_3,824,scikit,scikit,absolute,118,parso_node_ast,0,1
qwen3,Full-FT,D,824__repeat_3,824,numpy,numpy,absolute,119,parso_node_ast,0,0
qwen3,Full-FT,D,824__repeat_3,824,scikit,scikit,absolute,119,parso_node_ast,0,1
qwen3,Full-FT,D,824__repeat_3,824,numpy,numpy,absolute,120,parso_node_ast,0,0
qwen3,Full-FT,D,824__repeat_3,824,scikit,scikit,absolute,120,parso_node_ast,0,1
qwen3,Full-FT,D,824__repeat_3,824,numpy,numpy,absolute,121,parso_node_ast,0,0
qwen3,Full-FT,D,824__repeat_3,824,scikit,scikit,absolute,121,parso_node_ast,0,1
qwen3,Full-FT,D,824__repeat_3,824,numpy,numpy,absolute,122,parso_node_ast,0,0
qwen3,Full-FT,D,824__repeat_3,824,scikit,scikit,absolute,122,parso_node_ast,0,1
qwen3,Full-FT,D,824__repeat_3,824,numpy,numpy,absolute,123,parso_node_ast,0,0
qwen3,Full-FT,D,824__repeat_3,824,scikit,scikit,absolute,123,parso_node_ast,0,1
qwen3,Full-FT,D,824__repeat_3,824,numpy,numpy,absolute,124,parso_node_ast,0,0
qwen3,Full-FT,D,824__repeat_3,824,scikit,scikit,absolute,124,parso_node_ast,0,1
qwen3,Full-FT,D,824__repeat_3,824,numpy,numpy,absolute,125,parso_node_ast,0,0
qwen3,Full-FT,D,824__repeat_3,824,scikit,scikit,absolute,125,parso_node_ast,0,1
qwen3,Full-FT,D,824__repeat_3,824,numpy,numpy,absolute,126,parso_node_ast,0,0
qwen3,Full-FT,D,824__repeat_3,824,scikit,scikit,absolute,126,parso_node_ast,0,1
qwen3,Full-FT,D,824__repeat_3,824,numpy,numpy,absolute,127,parso_node_ast,0,0
qwen3,Full-FT,D,824__repeat_3,824,scikit,scikit,absolute,127,parso_node_ast,0,1
qwen3,Full-FT,D,824__repeat_3,824,numpy,numpy,absolute,128,parso_node_ast,0,0
qwen3,Full-FT,D,824__repeat_3,824,scikit,scikit,absolute,128,parso_node_ast,0,1
qwen3,Full-FT,D,824__repeat_3,824,numpy,numpy,absolute,129,parso_node_ast,0,0
qwen3,Full-FT,D,824__repeat_3,824,scikit,scikit,absolute,129,parso_node_ast,0,1
qwen3,Full-FT,D,824__repeat_3,824,numpy,numpy,absolute,130,parso_node_ast,0,0
qwen3,Full-FT,D,824__repeat_3,824,scikit,scikit,absolute,130,parso_node_ast,0,1
qwen3,Full-FT,D,824__repeat_3,824,numpy,numpy,absolute,131,parso_node_ast,0,0
qwen3,Full-FT,D,824__repeat_3,824,scikit,scikit,absolute,131,parso_node_ast,0,1
qwen3,Full-FT,D,824__repeat_3,824,numpy,numpy,absolute,132,parso_node_ast,0,0
qwen3,Full-FT,D,824__repeat_3,824,scikit,scikit,absolute,132,parso_node_ast,0,1
qwen3,Full-FT,D,824__repeat_3,824,numpy,numpy,absolute,133,parso_node_ast,0,0
qwen3,Full-FT,D,824__repeat_3,824,scikit,scikit,absolute,133,parso_node_ast,0,1
qwen3,Full-FT,D,824__repeat_3,824,numpy,numpy,absolute,134,parso_node_ast,0,0
qwen3,Full-FT,D,824__repeat_3,824,scikit,scikit,absolute,134,parso_node_ast,0,1
qwen3,Full-FT,D,824__repeat_3,824,numpy,numpy,absolute,135,parso_node_ast,0,0
qwen3,Full-FT,D,824__repeat_3,824,scikit,scikit,absolute,135,parso_node_ast,0,1
qwen3,Full-FT,D,824__repeat_3,824,numpy,numpy,absolute,136,parso_node_ast,0,0
qwen3,Full-FT,D,824__repeat_3,824,scikit,scikit,absolute,136,parso_node_ast,0,1
qwen3,Full-FT,D,824__repeat_3,824,numpy,numpy,absolute,137,parso_node_ast,0,0
qwen3,Full-FT,D,824__repeat_3,824,scikit,scikit,absolute,137,parso_node_ast,0,1
qwen3,Full-FT,D,824__repeat_3,824,numpy,numpy,absolute,138,parso_node_ast,0,0
qwen3,Full-FT,D,824__repeat_3,824,scikit,scikit,absolute,138,parso_node_ast,0,1
qwen3,Full-FT,D,824__repeat_3,824,numpy,numpy,absolute,139,parso_node_ast,0,0
qwen3,Full-FT,D,824__repeat_3,824,scikit,scikit,absolute,139,parso_node_ast,0,1
qwen3,Full-FT,D,824__repeat_3,824,numpy,numpy,absolute,140,parso_node_ast,0,0
qwen3,Full-FT,D,824__repeat_3,824,scikit,scikit,absolute,140,parso_node_ast,0,1
qwen3,Full-FT,D,824__repeat_3,824,numpy,numpy,absolute,141,parso_node_ast,0,0
qwen3,Full-FT,D,824__repeat_3,824,scikit,scikit,absolute,141,parso_node_ast,0,1
qwen3,Full-FT,D,824__repeat_3,824,numpy,numpy,absolute,142,parso_node_ast,0,0
qwen3,Full-FT,D,824__repeat_3,824,scikit,scikit,absolute,142,parso_node_ast,0,1
qwen3,Full-FT,D,824__repeat_3,824,numpy,numpy,absolute,143,parso_node_ast,0,0
qwen3,Full-FT,D,824__repeat_3,824,scikit,scikit,absolute,143,parso_node_ast,0,1
qwen3,Full-FT,D,824__repeat_3,824,numpy,numpy,absolute,144,parso_node_ast,0,0
qwen3,Full-FT,D,824__repeat_3,824,scikit,scikit,absolute,144,parso_node_ast,0,1
qwen3,Full-FT,D,824__repeat_3,824,numpy,numpy,absolute,145,parso_node_ast,0,0
qwen3,Full-FT,D,824__repeat_3,824,scikit,scikit,absolute,145,parso_node_ast,0,1
qwen3,Full-FT,D,824__repeat_3,824,numpy,numpy,absolute,146,parso_node_ast,0,0
qwen3,Full-FT,D,824__repeat_3,824,scikit,scikit,absolute,146,parso_node_ast,0,1
qwen3,Full-FT,D,2762__repeat_2,2762,boto3,boto3,absolute,1,parso_node_ast,0,1
qwen3,Full-FT,D,2762__repeat_2,2762,numpy,numpy,absolute,1,parso_node_ast,0,1
qwen3,Full-FT,D,2762__repeat_2,2762,pandas,pandas,absolute,1,parso_node_ast,0,1
qwen3,Full-FT,D,2762__repeat_2,2762,scikit,scikit,absolute,1,parso_node_ast,0,1
qwen3,Full-FT,D,1603__repeat_3,1603,rdkit,rdkit,absolute,1,parso_node_ast,0,0
qwen3,Full-FT,D,1603__repeat_3,1603,numpy,numpy,absolute,1,parso_node_ast,0,1
qwen3,Full-FT,D,1603__repeat_3,1603,pandas,pandas,absolute,1,parso_node_ast,0,1
qwen3,Full-FT,D,1603__repeat_3,1603,scikit,scikit,absolute,1,parso_node_ast,0,1
qwen3,Full-FT,D,1603__repeat_4,1603,numpy,numpy,absolute,12,parso_node_ast,0,0
qwen3,Full-FT,D,1603__repeat_4,1603,pandas,pandas,absolute,12,parso_node_ast,0,0
qwen3,Full-FT,D,1603__repeat_4,1603,scikit,scikit,absolute,12,parso_node_ast,0,1
qwen3,Full-FT,D,1603__repeat_4,1603,numpy,numpy,absolute,14,parso_node_ast,0,0
qwen3,Full-FT,D,1603__repeat_4,1603,pandas,pandas,absolute,14,parso_node_ast,0,0
qwen3,Full-FT,D,1603__repeat_4,1603,scikit,scikit,absolute,14,parso_node_ast,0,1
qwen3,Full-FT,D,1603__repeat_4,1603,numpy,numpy,absolute,16,parso_node_ast,0,0
qwen3,Full-FT,D,1603__repeat_4,1603,pandas,pandas,absolute,16,parso_node_ast,0,0
qwen3,Full-FT,D,1603__repeat_4,1603,scikit,scikit,absolute,16,parso_node_ast,0,1
qwen3,Full-FT,D,1603__repeat_4,1603,numpy,numpy,absolute,18,parso_node_ast,0,0
qwen3,Full-FT,D,1603__repeat_4,1603,pandas,pandas,absolute,18,parso_node_ast,0,0
qwen3,Full-FT,D,1603__repeat_4,1603,scikit,scikit,absolute,18,parso_node_ast,0,1
qwen3,Full-FT,D,1603__repeat_4,1603,numpy,numpy,absolute,20,parso_node_ast,0,0
qwen3,Full-FT,D,1603__repeat_4,1603,pandas,pandas,absolute,20,parso_node_ast,0,0
qwen3,Full-FT,D,1603__repeat_4,1603,scikit,scikit,absolute,20,parso_node_ast,0,1
qwen3,Full-FT,D,1603__repeat_4,1603,numpy,numpy,absolute,22,parso_node_ast,0,0
qwen3,Full-FT,D,1603__repeat_4,1603,pandas,pandas,absolute,22,parso_node_ast,0,0
qwen3,Full-FT,D,1603__repeat_4,1603,scikit,scikit,absolute,22,parso_node_ast,0,1
qwen3,Full-FT,D,1603__repeat_4,1603,numpy,numpy,absolute,24,parso_node_ast,0,0
qwen3,Full-FT,D,1603__repeat_4,1603,pandas,pandas,absolute,24,parso_node_ast,0,0
qwen3,Full-FT,D,1603__repeat_4,1603,scikit,scikit,absolute,24,parso_node_ast,0,1
qwen3,Full-FT,D,1603__repeat_4,1603,numpy,numpy,absolute,26,parso_node_ast,0,0
qwen3,Full-FT,D,1603__repeat_4,1603,pandas,pandas,absolute,26,parso_node_ast,0,0
qwen3,Full-FT,D,1603__repeat_4,1603,scikit,scikit,absolute,26,parso_node_ast,0,1
qwen3,Full-FT,D,1603__repeat_4,1603,numpy,numpy,absolute,28,parso_node_ast,0,0
qwen3,Full-FT,D,1603__repeat_4,1603,pandas,pandas,absolute,28,parso_node_ast,0,0
qwen3,Full-FT,D,1603__repeat_4,1603,scikit,scikit,absolute,28,parso_node_ast,0,1
qwen3,Full-FT,D,1603__repeat_4,1603,numpy,numpy,absolute,30,parso_node_ast,0,0
qwen3,Full-FT,D,1603__repeat_4,1603,pandas,pandas,absolute,30,parso_node_ast,0,0
qwen3,Full-FT,D,1603__repeat_4,1603,scikit,scikit,absolute,30,parso_node_ast,0,1
qwen3,Full-FT,D,1603__repeat_4,1603,numpy,numpy,absolute,32,parso_node_ast,0,0
qwen3,Full-FT,D,1603__repeat_4,1603,pandas,pandas,absolute,32,parso_node_ast,0,0
qwen3,Full-FT,D,1603__repeat_4,1603,scikit,scikit,absolute,32,parso_node_ast,0,1
qwen3,Full-FT,D,1603__repeat_4,1603,numpy,numpy,absolute,34,parso_node_ast,0,0
qwen3,Full-FT,D,1603__repeat_4,1603,pandas,pandas,absolute,34,parso_node_ast,0,0
qwen3,Full-FT,D,1603__repeat_4,1603,scikit,scikit,absolute,34,parso_node_ast,0,1
qwen3,Full-FT,D,1603__repeat_4,1603,numpy,numpy,absolute,36,parso_node_ast,0,0
qwen3,Full-FT,D,1603__repeat_4,1603,pandas,pandas,absolute,36,parso_node_ast,0,0
qwen3,Full-FT,D,1603__repeat_4,1603,scikit,scikit,absolute,36,parso_node_ast,0,1
qwen3,Full-FT,D,1603__repeat_4,1603,numpy,numpy,absolute,38,parso_node_ast,0,0
qwen3,Full-FT,D,1603__repeat_4,1603,pandas,pandas,absolute,38,parso_node_ast,0,0
qwen3,Full-FT,D,1603__repeat_4,1603,scikit,scikit,absolute,38,parso_node_ast,0,1
qwen3,Full-FT,D,1603__repeat_4,1603,numpy,numpy,absolute,40,parso_node_ast,0,0
qwen3,Full-FT,D,1603__repeat_4,1603,pandas,pandas,absolute,40,parso_node_ast,0,0
qwen3,Full-FT,D,1603__repeat_4,1603,scikit,scikit,absolute,40,parso_node_ast,0,1
qwen3,Full-FT,D,1603__repeat_4,1603,numpy,numpy,absolute,42,parso_node_ast,0,0
qwen3,Full-FT,D,1603__repeat_4,1603,pandas,pandas,absolute,42,parso_node_ast,0,0
qwen3,Full-FT,D,1603__repeat_4,1603,scikit,scikit,absolute,42,parso_node_ast,0,1
qwen3,Full-FT,D,1603__repeat_4,1603,numpy,numpy,absolute,44,parso_node_ast,0,0
qwen3,Full-FT,D,1603__repeat_4,1603,pandas,pandas,absolute,44,parso_node_ast,0,0
qwen3,Full-FT,D,1603__repeat_4,1603,scikit,scikit,absolute,44,parso_node_ast,0,1
qwen3,Full-FT,D,1603__repeat_4,1603,numpy,numpy,absolute,46,parso_node_ast,0,0
qwen3,Full-FT,D,1603__repeat_4,1603,pandas,pandas,absolute,46,parso_node_ast,0,0
qwen3,Full-FT,D,1603__repeat_4,1603,scikit,scikit,absolute,46,parso_node_ast,0,1
qwen3,Full-FT,D,1603__repeat_4,1603,numpy,numpy,absolute,48,parso_node_ast,0,0
qwen3,Full-FT,D,1603__repeat_4,1603,pandas,pandas,absolute,48,parso_node_ast,0,0
qwen3,Full-FT,D,1603__repeat_4,1603,scikit,scikit,absolute,48,parso_node_ast,0,1
qwen3,Full-FT,D,1603__repeat_4,1603,numpy,numpy,absolute,50,parso_node_ast,0,0
qwen3,Full-FT,D,1603__repeat_4,1603,pandas,pandas,absolute,50,parso_node_ast,0,0
qwen3,Full-FT,D,1603__repeat_4,1603,scikit,scikit,absolute,50,parso_node_ast,0,1
qwen3,Full-FT,D,1603__repeat_4,1603,numpy,numpy,absolute,52,parso_node_ast,0,0
qwen3,Full-FT,D,1603__repeat_4,1603,pandas,pandas,absolute,52,parso_node_ast,0,0
qwen3,Full-FT,D,1603__repeat_4,1603,scikit,scikit,absolute,52,parso_node_ast,0,1
qwen3,Full-FT,D,1603__repeat_4,1603,numpy,numpy,absolute,54,parso_node_ast,0,0
qwen3,Full-FT,D,1603__repeat_4,1603,pandas,pandas,absolute,54,parso_node_ast,0,0
qwen3,Full-FT,D,1603__repeat_4,1603,scikit,scikit,absolute,54,parso_node_ast,0,1
qwen3,Full-FT,D,1603__repeat_4,1603,numpy,numpy,absolute,56,parso_node_ast,0,0
qwen3,Full-FT,D,1603__repeat_4,1603,pandas,pandas,absolute,56,parso_node_ast,0,0
qwen3,Full-FT,D,1603__repeat_4,1603,scikit,scikit,absolute,56,parso_node_ast,0,1
qwen3,Full-FT,D,1603__repeat_4,1603,numpy,numpy,absolute,58,parso_node_ast,0,0
qwen3,Full-FT,D,1603__repeat_4,1603,pandas,pandas,absolute,58,parso_node_ast,0,0
qwen3,Full-FT,D,1603__repeat_4,1603,scikit,scikit,absolute,58,parso_node_ast,0,1
qwen3,Full-FT,D,1603__repeat_4,1603,numpy,numpy,absolute,60,parso_node_ast,0,0
qwen3,Full-FT,D,1603__repeat_4,1603,pandas,pandas,absolute,60,parso_node_ast,0,0
qwen3,Full-FT,D,1603__repeat_4,1603,scikit,scikit,absolute,60,parso_node_ast,0,1
qwen3,Full-FT,D,1603__repeat_4,1603,numpy,numpy,absolute,62,parso_node_ast,0,0
qwen3,Full-FT,D,1603__repeat_4,1603,pandas,pandas,absolute,62,parso_node_ast,0,0
qwen3,Full-FT,D,1603__repeat_4,1603,scikit,scikit,absolute,62,parso_node_ast,0,1
qwen3,Full-FT,D,1603__repeat_4,1603,numpy,numpy,absolute,64,parso_node_ast,0,0
qwen3,Full-FT,D,1603__repeat_4,1603,pandas,pandas,absolute,64,parso_node_ast,0,0
qwen3,Full-FT,D,1603__repeat_4,1603,scikit,scikit,absolute,64,parso_node_ast,0,1
qwen3,Full-FT,D,1603__repeat_4,1603,numpy,numpy,absolute,66,parso_node_ast,0,0
qwen3,Full-FT,D,1603__repeat_4,1603,pandas,pandas,absolute,66,parso_node_ast,0,0
qwen3,Full-FT,D,1603__repeat_4,1603,scikit,scikit,absolute,66,parso_node_ast,0,1
qwen3,Full-FT,D,1603__repeat_4,1603,numpy,numpy,absolute,68,parso_node_ast,0,0
qwen3,Full-FT,D,1603__repeat_4,1603,pandas,pandas,absolute,68,parso_node_ast,0,0
qwen3,Full-FT,D,1603__repeat_4,1603,scikit,scikit,absolute,68,parso_node_ast,0,1
qwen3,Full-FT,D,1603__repeat_4,1603,numpy,numpy,absolute,70,parso_node_ast,0,0
qwen3,Full-FT,D,1603__repeat_4,1603,pandas,pandas,absolute,70,parso_node_ast,0,0
qwen3,Full-FT,D,1603__repeat_4,1603,scikit,scikit,absolute,70,parso_node_ast,0,1
qwen3,Full-FT,D,1603__repeat_4,1603,numpy,numpy,absolute,72,parso_node_ast,0,0
qwen3,Full-FT,D,1603__repeat_4,1603,pandas,pandas,absolute,72,parso_node_ast,0,0
qwen3,Full-FT,D,1603__repeat_4,1603,scikit,scikit,absolute,72,parso_node_ast,0,1
qwen3,Full-FT,D,1603__repeat_4,1603,numpy,numpy,absolute,74,parso_node_ast,0,0
qwen3,Full-FT,D,1603__repeat_4,1603,pandas,pandas,absolute,74,parso_node_ast,0,0
qwen3,Full-FT,D,1603__repeat_4,1603,scikit,scikit,absolute,74,parso_node_ast,0,1
qwen3,Full-FT,D,1603__repeat_4,1603,numpy,numpy,absolute,76,parso_node_ast,0,0
qwen3,Full-FT,D,1603__repeat_4,1603,pandas,pandas,absolute,76,parso_node_ast,0,0
qwen3,Full-FT,D,1603__repeat_4,1603,scikit,scikit,absolute,76,parso_node_ast,0,1
qwen3,Full-FT,D,1603__repeat_4,1603,numpy,numpy,absolute,78,parso_node_ast,0,0
qwen3,Full-FT,D,1603__repeat_4,1603,pandas,pandas,absolute,78,parso_node_ast,0,0
qwen3,Full-FT,D,1603__repeat_4,1603,scikit,scikit,absolute,78,parso_node_ast,0,1
qwen3,Full-FT,D,1603__repeat_4,1603,numpy,numpy,absolute,80,parso_node_ast,0,0
qwen3,Full-FT,D,1603__repeat_4,1603,pandas,pandas,absolute,80,parso_node_ast,0,0
qwen3,Full-FT,D,1603__repeat_4,1603,scikit,scikit,absolute,80,parso_node_ast,0,1
qwen3,Full-FT,D,1603__repeat_4,1603,numpy,numpy,absolute,82,parso_node_ast,0,0
qwen3,Full-FT,D,1603__repeat_4,1603,pandas,pandas,absolute,82,parso_node_ast,0,0
qwen3,Full-FT,D,1603__repeat_4,1603,scikit,scikit,absolute,82,parso_node_ast,0,1
qwen3,Full-FT,D,1603__repeat_4,1603,numpy,numpy,absolute,84,parso_node_ast,0,0
qwen3,Full-FT,D,1603__repeat_4,1603,pandas,pandas,absolute,84,parso_node_ast,0,0
qwen3,Full-FT,D,1603__repeat_4,1603,scikit,scikit,absolute,84,parso_node_ast,0,1
qwen3,Full-FT,D,1603__repeat_4,1603,numpy,numpy,absolute,86,parso_node_ast,0,0
qwen3,Full-FT,D,1603__repeat_4,1603,pandas,pandas,absolute,86,parso_node_ast,0,0
qwen3,Full-FT,D,1603__repeat_4,1603,scikit,scikit,absolute,86,parso_node_ast,0,1
qwen3,Full-FT,D,1603__repeat_4,1603,numpy,numpy,absolute,88,parso_node_ast,0,0
qwen3,Full-FT,D,1603__repeat_4,1603,pandas,pandas,absolute,88,parso_node_ast,0,0
qwen3,Full-FT,D,1603__repeat_4,1603,scikit,scikit,absolute,88,parso_node_ast,0,1
qwen3,Full-FT,D,1603__repeat_4,1603,numpy,numpy,absolute,90,parso_node_ast,0,0
qwen3,Full-FT,D,1603__repeat_4,1603,pandas,pandas,absolute,90,parso_node_ast,0,0
qwen3,Full-FT,D,1603__repeat_4,1603,scikit,scikit,absolute,90,parso_node_ast,0,1
qwen3,Full-FT,D,1603__repeat_4,1603,numpy,numpy,absolute,92,parso_node_ast,0,0
qwen3,Full-FT,D,1603__repeat_4,1603,pandas,pandas,absolute,92,parso_node_ast,0,0
qwen3,Full-FT,D,1603__repeat_4,1603,scikit,scikit,absolute,92,parso_node_ast,0,1
qwen3,Full-FT,D,1603__repeat_4,1603,numpy,numpy,absolute,94,parso_node_ast,0,0
qwen3,Full-FT,D,1603__repeat_4,1603,pandas,pandas,absolute,94,parso_node_ast,0,0
qwen3,Full-FT,D,1603__repeat_4,1603,scikit,scikit,absolute,94,parso_node_ast,0,1
qwen3,Full-FT,D,1603__repeat_4,1603,numpy,numpy,absolute,96,parso_node_ast,0,0
qwen3,Full-FT,D,1603__repeat_4,1603,pandas,pandas,absolute,96,parso_node_ast,0,0
qwen3,Full-FT,D,1603__repeat_4,1603,scikit,scikit,absolute,96,parso_node_ast,0,1
qwen3,Full-FT,D,1603__repeat_4,1603,numpy,numpy,absolute,98,parso_node_ast,0,0
qwen3,Full-FT,D,1603__repeat_4,1603,pandas,pandas,absolute,98,parso_node_ast,0,0
qwen3,Full-FT,D,1603__repeat_4,1603,scikit,scikit,absolute,98,parso_node_ast,0,1
qwen3,Full-FT,D,1603__repeat_4,1603,numpy,numpy,absolute,100,parso_node_ast,0,0
qwen3,Full-FT,D,1603__repeat_4,1603,pandas,pandas,absolute,100,parso_node_ast,0,0
qwen3,Full-FT,D,1603__repeat_4,1603,scikit,scikit,absolute,100,parso_node_ast,0,1
qwen3,Full-FT,D,1603__repeat_4,1603,numpy,numpy,absolute,102,parso_node_ast,0,0
qwen3,Full-FT,D,1603__repeat_4,1603,pandas,pandas,absolute,102,parso_node_ast,0,0
qwen3,Full-FT,D,1603__repeat_4,1603,scikit,scikit,absolute,102,parso_node_ast,0,1
qwen3,Full-FT,D,1603__repeat_4,1603,numpy,numpy,absolute,104,parso_node_ast,0,0
qwen3,Full-FT,D,1603__repeat_4,1603,pandas,pandas,absolute,104,parso_node_ast,0,0
qwen3,Full-FT,D,1603__repeat_4,1603,scikit,scikit,absolute,104,parso_node_ast,0,1
qwen3,Full-FT,D,1603__repeat_4,1603,numpy,numpy,absolute,106,parso_node_ast,0,0
qwen3,Full-FT,D,1603__repeat_4,1603,pandas,pandas,absolute,106,parso_node_ast,0,0
qwen3,Full-FT,D,1603__repeat_4,1603,scikit,scikit,absolute,106,parso_node_ast,0,1
qwen3,Full-FT,D,1603__repeat_4,1603,numpy,numpy,absolute,108,parso_node_ast,0,0
qwen3,Full-FT,D,1603__repeat_4,1603,pandas,pandas,absolute,108,parso_node_ast,0,0
qwen3,Full-FT,D,1603__repeat_4,1603,scikit,scikit,absolute,108,parso_node_ast,0,1
qwen3,Full-FT,D,1603__repeat_4,1603,numpy,numpy,absolute,110,parso_node_ast,0,0
qwen3,Full-FT,D,1603__repeat_4,1603,pandas,pandas,absolute,110,parso_node_ast,0,0
qwen3,Full-FT,D,1603__repeat_4,1603,scikit,scikit,absolute,110,parso_node_ast,0,1
qwen3,Full-FT,D,1603__repeat_4,1603,numpy,numpy,absolute,112,parso_node_ast,0,0
qwen3,Full-FT,D,1603__repeat_4,1603,pandas,pandas,absolute,112,parso_node_ast,0,0
qwen3,Full-FT,D,1603__repeat_4,1603,scikit,scikit,absolute,112,parso_node_ast,0,1
qwen3,Full-FT,D,1603__repeat_4,1603,numpy,numpy,absolute,114,parso_node_ast,0,0
qwen3,Full-FT,D,1603__repeat_4,1603,pandas,pandas,absolute,114,parso_node_ast,0,0
qwen3,Full-FT,D,1603__repeat_4,1603,scikit,scikit,absolute,114,parso_node_ast,0,1
qwen3,Full-FT,D,1603__repeat_4,1603,numpy,numpy,absolute,116,parso_node_ast,0,0
qwen3,Full-FT,D,1603__repeat_4,1603,pandas,pandas,absolute,116,parso_node_ast,0,0
qwen3,Full-FT,D,1603__repeat_4,1603,scikit,scikit,absolute,116,parso_node_ast,0,1
qwen3,Full-FT,D,1603__repeat_4,1603,numpy,numpy,absolute,118,parso_node_ast,0,0
qwen3,Full-FT,D,1603__repeat_4,1603,pandas,pandas,absolute,118,parso_node_ast,0,0
qwen3,Full-FT,D,1603__repeat_4,1603,scikit,scikit,absolute,118,parso_node_ast,0,1
qwen3,Full-FT,D,1603__repeat_4,1603,numpy,numpy,absolute,120,parso_node_ast,0,0
qwen3,Full-FT,D,1603__repeat_4,1603,pandas,pandas,absolute,120,parso_node_ast,0,0
qwen3,Full-FT,D,1603__repeat_4,1603,scikit,scikit,absolute,120,parso_node_ast,0,1
qwen3,Full-FT,D,1603__repeat_4,1603,numpy,numpy,absolute,122,parso_node_ast,0,0
qwen3,Full-FT,D,1603__repeat_4,1603,pandas,pandas,absolute,122,parso_node_ast,0,0
qwen3,Full-FT,D,1603__repeat_4,1603,scikit,scikit,absolute,122,parso_node_ast,0,1
qwen3,Full-FT,D,1603__repeat_4,1603,numpy,numpy,absolute,124,parso_node_ast,0,0
qwen3,Full-FT,D,1603__repeat_4,1603,pandas,pandas,absolute,124,parso_node_ast,0,0
qwen3,Full-FT,D,1603__repeat_4,1603,scikit,scikit,absolute,124,parso_node_ast,0,1
qwen3,Full-FT,D,1603__repeat_4,1603,numpy,numpy,absolute,126,parso_node_ast,0,0
qwen3,Full-FT,D,1603__repeat_4,1603,pandas,pandas,absolute,126,parso_node_ast,0,0
qwen3,Full-FT,D,1603__repeat_4,1603,scikit,scikit,absolute,126,parso_node_ast,0,1
qwen3,Full-FT,D,1603__repeat_4,1603,numpy,numpy,absolute,128,parso_node_ast,0,0
qwen3,Full-FT,D,1603__repeat_4,1603,pandas,pandas,absolute,128,parso_node_ast,0,0
qwen3,Full-FT,D,1603__repeat_4,1603,scikit,scikit,absolute,128,parso_node_ast,0,1
qwen3,Full-FT,D,1603__repeat_4,1603,numpy,numpy,absolute,130,parso_node_ast,0,0
qwen3,Full-FT,D,1603__repeat_4,1603,pandas,pandas,absolute,130,parso_node_ast,0,0
qwen3,Full-FT,D,1603__repeat_4,1603,scikit,scikit,absolute,130,parso_node_ast,0,1
qwen3,Full-FT,D,1603__repeat_4,1603,numpy,numpy,absolute,132,parso_node_ast,0,0
qwen3,Full-FT,D,1603__repeat_4,1603,pandas,pandas,absolute,132,parso_node_ast,0,0
qwen3,Full-FT,D,1603__repeat_4,1603,scikit,scikit,absolute,132,parso_node_ast,0,1
qwen3,Full-FT,D,1603__repeat_4,1603,numpy,numpy,absolute,134,parso_node_ast,0,0
qwen3,Full-FT,D,1603__repeat_4,1603,pandas,pandas,absolute,134,parso_node_ast,0,0
qwen3,Full-FT,D,1603__repeat_4,1603,scikit,scikit,absolute,134,parso_node_ast,0,1
qwen3,Full-FT,D,1603__repeat_4,1603,numpy,numpy,absolute,136,parso_node_ast,0,0
qwen3,Full-FT,D,1603__repeat_4,1603,pandas,pandas,absolute,136,parso_node_ast,0,0
qwen3,Full-FT,D,1603__repeat_4,1603,scikit,scikit,absolute,136,parso_node_ast,0,1
qwen3,Full-FT,D,1603__repeat_4,1603,numpy,numpy,absolute,138,parso_node_ast,0,0
qwen3,Full-FT,D,1603__repeat_4,1603,pandas,pandas,absolute,138,parso_node_ast,0,0
qwen3,Full-FT,D,1603__repeat_4,1603,scikit,scikit,absolute,138,parso_node_ast,0,1
qwen3,Full-FT,D,1603__repeat_4,1603,numpy,numpy,absolute,140,parso_node_ast,0,0
qwen3,Full-FT,D,1603__repeat_4,1603,pandas,pandas,absolute,140,parso_node_ast,0,0
qwen3,Full-FT,D,1603__repeat_4,1603,scikit,scikit,absolute,140,parso_node_ast,0,1
qwen3,Full-FT,D,1603__repeat_4,1603,numpy,numpy,absolute,142,parso_node_ast,0,0
qwen3,Full-FT,D,1603__repeat_4,1603,pandas,pandas,absolute,142,parso_node_ast,0,0
qwen3,Full-FT,D,1603__repeat_4,1603,scikit,scikit,absolute,142,parso_node_ast,0,1
qwen3,Full-FT,D,1603__repeat_4,1603,numpy,numpy,absolute,144,parso_node_ast,0,0
qwen3,Full-FT,D,1603__repeat_4,1603,pandas,pandas,absolute,144,parso_node_ast,0,0
qwen3,Full-FT,D,1603__repeat_4,1603,scikit,scikit,absolute,144,parso_node_ast,0,1
qwen3,Full-FT,D,1603__repeat_4,1603,numpy,numpy,absolute,146,parso_node_ast,0,0
qwen3,Full-FT,D,1603__repeat_4,1603,pandas,pandas,absolute,146,parso_node_ast,0,0
qwen3,Full-FT,D,1603__repeat_4,1603,scikit,scikit,absolute,146,parso_node_ast,0,1
qwen3,Full-FT,D,1603__repeat_4,1603,numpy,numpy,absolute,148,parso_node_ast,0,0
qwen3,Full-FT,D,1603__repeat_4,1603,pandas,pandas,absolute,148,parso_node_ast,0,0
qwen3,Full-FT,D,1603__repeat_4,1603,scikit,scikit,absolute,148,parso_node_ast,0,1
qwen3,Full-FT,D,1603__repeat_4,1603,numpy,numpy,absolute,150,parso_node_ast,0,0
qwen3,Full-FT,D,1603__repeat_4,1603,pandas,pandas,absolute,150,parso_node_ast,0,0
qwen3,Full-FT,D,1603__repeat_4,1603,scikit,scikit,absolute,150,parso_node_ast,0,1
qwen3,Full-FT,D,1603__repeat_4,1603,numpy,numpy,absolute,152,parso_node_ast,0,0
qwen3,Full-FT,D,1603__repeat_4,1603,pandas,pandas,absolute,152,parso_node_ast,0,0
qwen3,Full-FT,D,1603__repeat_4,1603,scikit,scikit,absolute,152,parso_node_ast,0,1
qwen3,Full-FT,D,1603__repeat_4,1603,numpy,numpy,absolute,154,parso_node_ast,0,0
qwen3,Full-FT,D,1603__repeat_4,1603,pandas,pandas,absolute,154,parso_node_ast,0,0
qwen3,Full-FT,D,1603__repeat_4,1603,scikit,scikit,absolute,154,parso_node_ast,0,1
qwen3,Full-FT,D,1603__repeat_4,1603,numpy,numpy,absolute,156,parso_node_ast,0,0
qwen3,Full-FT,D,1603__repeat_4,1603,pandas,pandas,absolute,156,parso_node_ast,0,0
qwen3,Full-FT,D,1603__repeat_4,1603,scikit,scikit,absolute,156,parso_node_ast,0,1
qwen3,Full-FT,D,1603__repeat_4,1603,numpy,numpy,absolute,158,parso_node_ast,0,0
qwen3,Full-FT,D,1603__repeat_4,1603,pandas,pandas,absolute,158,parso_node_ast,0,0
qwen3,Full-FT,D,1603__repeat_4,1603,scikit,scikit,absolute,158,parso_node_ast,0,1
qwen3,Full-FT,D,1603__repeat_4,1603,numpy,numpy,absolute,160,parso_node_ast,0,0
qwen3,Full-FT,D,1603__repeat_4,1603,pandas,pandas,absolute,160,parso_node_ast,0,0
qwen3,Full-FT,D,1603__repeat_4,1603,scikit,scikit,absolute,160,parso_node_ast,0,1
qwen3,Full-FT,D,1603__repeat_4,1603,numpy,numpy,absolute,162,parso_node_ast,0,0
qwen3,Full-FT,D,1603__repeat_4,1603,pandas,pandas,absolute,162,parso_node_ast,0,0
qwen3,Full-FT,D,1603__repeat_4,1603,scikit,scikit,absolute,162,parso_node_ast,0,1
qwen3,Full-FT,D,1603__repeat_4,1603,numpy,numpy,absolute,164,parso_node_ast,0,0
qwen3,Full-FT,D,1603__repeat_4,1603,pandas,pandas,absolute,164,parso_node_ast,0,0
qwen3,Full-FT,D,1603__repeat_4,1603,scikit,scikit,absolute,164,parso_node_ast,0,1
qwen3,Full-FT,D,1603__repeat_4,1603,numpy,numpy,absolute,166,parso_node_ast,0,0
qwen3,Full-FT,D,1603__repeat_4,1603,pandas,pandas,absolute,166,parso_node_ast,0,0
qwen3,Full-FT,D,1603__repeat_4,1603,scikit,scikit,absolute,166,parso_node_ast,0,1
qwen3,Full-FT,D,271__repeat_1,271,pytest,pytest,absolute,1,parso_node_ast,0,1
qwen3,Full-FT,D,271__repeat_1,271,pytest,pytest,absolute,1,parso_node_ast,0,1
qwen3,Full-FT,D,271__repeat_2,271,pytest,pytest,absolute,1,parso_node_ast,0,1
qwen3,Full-FT,D,271__repeat_2,271,pytest,pytest,absolute,1,parso_node_ast,0,1
qwen3,Full-FT,D,271__repeat_3,271,pytest,pytest,absolute,1,parso_node_ast,0,1
qwen3,Full-FT,D,271__repeat_3,271,pytest,pytest,absolute,1,parso_node_ast,0,1
qwen3,Full-FT,D,271__repeat_4,271,pytest,pytest,absolute,3,parso_node_ast,0,0
qwen3,Full-FT,D,271__repeat_5,271,pytest,pytest,absolute,1,parso_node_ast,0,1
qwen3,Full-FT,D,271__repeat_5,271,pytest,pytest,absolute,1,parso_node_ast,0,1
qwen3,Full-FT,D,4744__repeat_3,4744,scikit,scikit,absolute,3,parso_node_ast,0,1
qwen3,Full-FT,D,4744__repeat_3,4744,torch,torch,absolute,5,parso_node_ast,0,1
qwen3,Full-FT,D,4744__repeat_3,4744,numpy,numpy,absolute,5,parso_node_ast,0,0
qwen3,Full-FT,D,4744__repeat_3,4744,pandas,pandas,absolute,5,parso_node_ast,0,0
qwen3,Full-FT,D,4744__repeat_3,4744,scikit,scikit,absolute,5,parso_node_ast,0,1
qwen3,Full-FT,D,4744__repeat_4,4744,boto3,boto3,absolute,1,parso_node_ast,0,1
qwen3,Full-FT,D,4744__repeat_4,4744,numpy,numpy,absolute,1,parso_node_ast,0,1
qwen3,Full-FT,D,4744__repeat_4,4744,pandas,pandas,absolute,1,parso_node_ast,0,1
qwen3,Full-FT,D,4744__repeat_4,4744,scikit,scikit,absolute,1,parso_node_ast,0,1
qwen3,Full-FT,D,2284__repeat_2,2284,scikit,scikit,absolute,5,parso_node_ast,0,1
qwen3,Full-FT,D,2284__repeat_4,2284,numpy,numpy,absolute,1,parso_node_ast,0,1
qwen3,Full-FT,D,2284__repeat_4,2284,pandas,pandas,absolute,1,parso_node_ast,0,1
qwen3,Full-FT,D,2284__repeat_4,2284,scikit,scikit,absolute,1,parso_node_ast,0,1
qwen3,Full-FT,D,2284__repeat_5,2284,numpy,numpy,absolute,1,parso_node_ast,0,1
qwen3,Full-FT,D,2284__repeat_5,2284,pandas,pandas,absolute,1,parso_node_ast,0,1
qwen3,Full-FT,D,2284__repeat_5,2284,scikit,scikit,absolute,1,parso_node_ast,0,1
qwen3,Full-FT,D,2608__repeat_1,2608,numpy,numpy,absolute,1,parso_node_ast,0,1
qwen3,Full-FT,D,2608__repeat_1,2608,pandas,pandas,absolute,1,parso_node_ast,0,1
qwen3,Full-FT,D,2608__repeat_1,2608,scikit,scikit,absolute,1,parso_node_ast,0,1
qwen3,Full-FT,D,2608__repeat_2,2608,numpy,numpy,absolute,1,parso_node_ast,0,1
qwen3,Full-FT,D,2608__repeat_2,2608,nltk,nltk,absolute,1,parso_node_ast,0,1
qwen3,Full-FT,D,2608__repeat_2,2608,numpy,numpy,absolute,1,parso_node_ast,0,1
qwen3,Full-FT,D,2608__repeat_2,2608,scikit,scikit,absolute,1,parso_node_ast,0,1
qwen3,Full-FT,D,4386__repeat_1,4386,numpy,numpy,absolute,1,parso_node_ast,0,1
qwen3,Full-FT,D,4386__repeat_1,4386,pandas,pandas,absolute,1,parso_node_ast,0,1
qwen3,Full-FT,D,4386__repeat_1,4386,numpy,numpy,absolute,1,parso_node_ast,0,1
qwen3,Full-FT,D,4386__repeat_1,4386,cv2,cv2,absolute,1,parso_node_ast,0,1
qwen3,Full-FT,D,4386__repeat_1,4386,torch,torch,absolute,1,parso_node_ast,0,1
qwen3,Full-FT,D,4386__repeat_1,4386,tensorflow,tensorflow,absolute,1,parso_node_ast,0,1
qwen3,Full-FT,D,4386__repeat_1,4386,torch,torch,absolute,1,parso_node_ast,0,1
qwen3,Full-FT,D,4386__repeat_1,4386,numpy,numpy,absolute,1,parso_node_ast,0,1
qwen3,Full-FT,D,4386__repeat_1,4386,pandas,pandas,absolute,1,parso_node_ast,0,1
qwen3,Full-FT,D,4386__repeat_1,4386,scikit,scikit,absolute,1,parso_node_ast,0,1
qwen3,Full-FT,D,4386__repeat_2,4386,numpy,numpy,absolute,2,parso_node_ast,0,1
qwen3,Full-FT,D,4386__repeat_2,4386,pandas,pandas,absolute,2,parso_node_ast,0,1
qwen3,Full-FT,D,4386__repeat_2,4386,scikit,scikit,absolute,2,parso_node_ast,0,1
qwen3,Full-FT,D,4386__repeat_4,4386,numpy,numpy,absolute,2,parso_node_ast,0,1
qwen3,Full-FT,D,4386__repeat_4,4386,pandas,pandas,absolute,2,parso_node_ast,0,1
qwen3,Full-FT,D,4386__repeat_4,4386,scikit,scikit,absolute,2,parso_node_ast,0,1
qwen3,Full-FT,D,3256__repeat_2,3256,pandas,pandas,absolute,1,parso_node_ast,0,1
qwen3,Full-FT,D,3256__repeat_2,3256,numpy,numpy,absolute,1,parso_node_ast,0,1
qwen3,Full-FT,D,3256__repeat_2,3256,matplotlib.pyplot,matplotlib,absolute,1,parso_node_ast,0,1
qwen3,Full-FT,D,3256__repeat_2,3256,seaborn,seaborn,absolute,1,parso_node_ast,0,1
qwen3,Full-FT,D,3256__repeat_2,3256,numpy,numpy,absolute,1,parso_node_ast,0,1
qwen3,Full-FT,D,3256__repeat_2,3256,pandas,pandas,absolute,1,parso_node_ast,0,1
qwen3,Full-FT,D,3256__repeat_2,3256,scikit,scikit,absolute,1,parso_node_ast,0,1
qwen3,Full-FT,D,3427__repeat_2,3427,numpy,numpy,absolute,1,parso_node_ast,0,1
qwen3,Full-FT,D,3427__repeat_2,3427,pandas,pandas,absolute,1,parso_node_ast,0,1
qwen3,Full-FT,D,3427__repeat_2,3427,scikit,scikit,absolute,1,parso_node_ast,0,1
qwen3,Full-FT,D,4261__repeat_5,4261,pytest,pytest,absolute,1,parso_node_ast,0,1
qwen3,Full-FT,D,4261__repeat_5,4261,pytest,pytest,absolute,1,parso_node_ast,0,1
qwen3,Full-FT,D,4692__repeat_1,4692,pytest,pytest,absolute,3,parso_node_ast,0,1
qwen3,Full-FT,D,4692__repeat_2,4692,matplotlib.pyplot,matplotlib,absolute,2,parso_node_ast,0,0
qwen3,Full-FT,D,4692__repeat_2,4692,numpy,numpy,absolute,2,parso_node_ast,0,1
qwen3,Full-FT,D,4692__repeat_2,4692,pandas,pandas,absolute,2,parso_node_ast,0,1
qwen3,Full-FT,D,4692__repeat_2,4692,scikit,scikit,absolute,2,parso_node_ast,0,1
qwen3,Full-FT,D,4692__repeat_2,4692,numpy,numpy,absolute,4,parso_node_ast,0,1
qwen3,Full-FT,D,4692__repeat_2,4692,pandas,pandas,absolute,5,parso_node_ast,0,1
qwen3,Full-FT,D,4692__repeat_2,4692,numpy,numpy,absolute,8,parso_node_ast,0,1
qwen3,Full-FT,D,4692__repeat_2,4692,pandas,pandas,absolute,8,parso_node_ast,0,1
qwen3,Full-FT,D,4692__repeat_2,4692,scikit,scikit,absolute,8,parso_node_ast,0,1
qwen3,Full-FT,D,4692__repeat_2,4692,numpy,numpy,absolute,9,parso_node_ast,0,1
qwen3,Full-FT,D,4692__repeat_2,4692,pandas,pandas,absolute,9,parso_node_ast,0,1
qwen3,Full-FT,D,4692__repeat_2,4692,scikit,scikit,absolute,9,parso_node_ast,0,1
qwen3,Full-FT,D,4692__repeat_2,4692,numpy,numpy,absolute,10,parso_node_ast,0,1
qwen3,Full-FT,D,4692__repeat_2,4692,pandas,pandas,absolute,10,parso_node_ast,0,1
qwen3,Full-FT,D,4692__repeat_2,4692,scikit,scikit,absolute,10,parso_node_ast,0,1
qwen3,Full-FT,D,4692__repeat_2,4692,numpy,numpy,absolute,11,parso_node_ast,0,1
qwen3,Full-FT,D,4692__repeat_2,4692,pandas,pandas,absolute,11,parso_node_ast,0,1
qwen3,Full-FT,D,4692__repeat_2,4692,scikit,scikit,absolute,11,parso_node_ast,0,1
qwen3,Full-FT,D,4692__repeat_2,4692,numpy,numpy,absolute,12,parso_node_ast,0,1
qwen3,Full-FT,D,4692__repeat_2,4692,pandas,pandas,absolute,12,parso_node_ast,0,1
qwen3,Full-FT,D,4692__repeat_2,4692,scikit,scikit,absolute,12,parso_node_ast,0,1
qwen3,Full-FT,D,4692__repeat_2,4692,numpy,numpy,absolute,13,parso_node_ast,0,1
qwen3,Full-FT,D,4692__repeat_2,4692,pandas,pandas,absolute,13,parso_node_ast,0,1
qwen3,Full-FT,D,4692__repeat_2,4692,scikit,scikit,absolute,13,parso_node_ast,0,1
qwen3,Full-FT,D,4692__repeat_2,4692,numpy,numpy,absolute,14,parso_node_ast,0,1
qwen3,Full-FT,D,4692__repeat_2,4692,pandas,pandas,absolute,14,parso_node_ast,0,1
qwen3,Full-FT,D,4692__repeat_2,4692,scikit,scikit,absolute,14,parso_node_ast,0,1
qwen3,Full-FT,D,4692__repeat_2,4692,numpy,numpy,absolute,15,parso_node_ast,0,1
qwen3,Full-FT,D,4692__repeat_2,4692,pandas,pandas,absolute,15,parso_node_ast,0,1
qwen3,Full-FT,D,4692__repeat_2,4692,scikit,scikit,absolute,15,parso_node_ast,0,1
qwen3,Full-FT,D,4692__repeat_2,4692,numpy,numpy,absolute,16,parso_node_ast,0,1
qwen3,Full-FT,D,4692__repeat_2,4692,pandas,pandas,absolute,16,parso_node_ast,0,1
qwen3,Full-FT,D,4692__repeat_2,4692,scikit,scikit,absolute,16,parso_node_ast,0,1
qwen3,Full-FT,D,4692__repeat_2,4692,numpy,numpy,absolute,17,parso_node_ast,0,1
qwen3,Full-FT,D,4692__repeat_2,4692,pandas,pandas,absolute,17,parso_node_ast,0,1
qwen3,Full-FT,D,4692__repeat_2,4692,scikit,scikit,absolute,17,parso_node_ast,0,1
qwen3,Full-FT,D,4692__repeat_2,4692,numpy,numpy,absolute,18,parso_node_ast,0,1
qwen3,Full-FT,D,4692__repeat_2,4692,pandas,pandas,absolute,18,parso_node_ast,0,1
qwen3,Full-FT,D,4692__repeat_2,4692,scikit,scikit,absolute,18,parso_node_ast,0,1
qwen3,Full-FT,D,4692__repeat_2,4692,numpy,numpy,absolute,19,parso_node_ast,0,1
qwen3,Full-FT,D,4692__repeat_2,4692,pandas,pandas,absolute,19,parso_node_ast,0,1
qwen3,Full-FT,D,4692__repeat_2,4692,scikit,scikit,absolute,19,parso_node_ast,0,1
qwen3,Full-FT,D,4692__repeat_2,4692,numpy,numpy,absolute,20,parso_node_ast,0,1
qwen3,Full-FT,D,4692__repeat_2,4692,pandas,pandas,absolute,20,parso_node_ast,0,1
qwen3,Full-FT,D,4692__repeat_2,4692,scikit,scikit,absolute,20,parso_node_ast,0,1
qwen3,Full-FT,D,4692__repeat_2,4692,numpy,numpy,absolute,21,parso_node_ast,0,1
qwen3,Full-FT,D,4692__repeat_2,4692,pandas,pandas,absolute,21,parso_node_ast,0,1
qwen3,Full-FT,D,4692__repeat_2,4692,scikit,scikit,absolute,21,parso_node_ast,0,1
qwen3,Full-FT,D,4692__repeat_2,4692,numpy,numpy,absolute,22,parso_node_ast,0,1
qwen3,Full-FT,D,4692__repeat_2,4692,pandas,pandas,absolute,22,parso_node_ast,0,1
qwen3,Full-FT,D,4692__repeat_2,4692,scikit,scikit,absolute,22,parso_node_ast,0,1
qwen3,Full-FT,D,4692__repeat_2,4692,numpy,numpy,absolute,23,parso_node_ast,0,1
qwen3,Full-FT,D,4692__repeat_2,4692,pandas,pandas,absolute,23,parso_node_ast,0,1
qwen3,Full-FT,D,4692__repeat_2,4692,scikit,scikit,absolute,23,parso_node_ast,0,1
qwen3,Full-FT,D,4692__repeat_2,4692,numpy,numpy,absolute,24,parso_node_ast,0,1
qwen3,Full-FT,D,4692__repeat_2,4692,pandas,pandas,absolute,24,parso_node_ast,0,1
qwen3,Full-FT,D,4692__repeat_2,4692,scikit,scikit,absolute,24,parso_node_ast,0,1
qwen3,Full-FT,D,4692__repeat_2,4692,numpy,numpy,absolute,25,parso_node_ast,0,1
qwen3,Full-FT,D,4692__repeat_2,4692,pandas,pandas,absolute,25,parso_node_ast,0,1
qwen3,Full-FT,D,4692__repeat_2,4692,scikit,scikit,absolute,25,parso_node_ast,0,1
qwen3,Full-FT,D,4692__repeat_2,4692,numpy,numpy,absolute,26,parso_node_ast,0,1
qwen3,Full-FT,D,4692__repeat_2,4692,pandas,pandas,absolute,26,parso_node_ast,0,1
qwen3,Full-FT,D,4692__repeat_2,4692,scikit,scikit,absolute,26,parso_node_ast,0,1
qwen3,Full-FT,D,4692__repeat_2,4692,numpy,numpy,absolute,27,parso_node_ast,0,1
qwen3,Full-FT,D,4692__repeat_2,4692,pandas,pandas,absolute,27,parso_node_ast,0,1
qwen3,Full-FT,D,4692__repeat_2,4692,scikit,scikit,absolute,27,parso_node_ast,0,1
qwen3,Full-FT,D,4692__repeat_2,4692,numpy,numpy,absolute,28,parso_node_ast,0,1
qwen3,Full-FT,D,4692__repeat_2,4692,pandas,pandas,absolute,28,parso_node_ast,0,1
qwen3,Full-FT,D,4692__repeat_2,4692,scikit,scikit,absolute,28,parso_node_ast,0,1
qwen3,Full-FT,D,4692__repeat_2,4692,numpy,numpy,absolute,29,parso_node_ast,0,1
qwen3,Full-FT,D,4692__repeat_2,4692,pandas,pandas,absolute,29,parso_node_ast,0,1
qwen3,Full-FT,D,4692__repeat_2,4692,scikit,scikit,absolute,29,parso_node_ast,0,1
qwen3,Full-FT,D,4692__repeat_2,4692,numpy,numpy,absolute,30,parso_node_ast,0,1
qwen3,Full-FT,D,4692__repeat_2,4692,pandas,pandas,absolute,30,parso_node_ast,0,1
qwen3,Full-FT,D,4692__repeat_2,4692,scikit,scikit,absolute,30,parso_node_ast,0,1
qwen3,Full-FT,D,4692__repeat_2,4692,numpy,numpy,absolute,31,parso_node_ast,0,1
qwen3,Full-FT,D,4692__repeat_2,4692,pandas,pandas,absolute,31,parso_node_ast,0,1
qwen3,Full-FT,D,4692__repeat_2,4692,scikit,scikit,absolute,31,parso_node_ast,0,1
qwen3,Full-FT,D,4692__repeat_2,4692,numpy,numpy,absolute,32,parso_node_ast,0,1
qwen3,Full-FT,D,4692__repeat_2,4692,pandas,pandas,absolute,32,parso_node_ast,0,1
qwen3,Full-FT,D,4692__repeat_2,4692,scikit,scikit,absolute,32,parso_node_ast,0,1
qwen3,Full-FT,D,4692__repeat_2,4692,numpy,numpy,absolute,33,parso_node_ast,0,1
qwen3,Full-FT,D,4692__repeat_2,4692,pandas,pandas,absolute,33,parso_node_ast,0,1
qwen3,Full-FT,D,4692__repeat_2,4692,scikit,scikit,absolute,33,parso_node_ast,0,1
qwen3,Full-FT,D,4692__repeat_2,4692,numpy,numpy,absolute,34,parso_node_ast,0,1
qwen3,Full-FT,D,4692__repeat_2,4692,pandas,pandas,absolute,34,parso_node_ast,0,1
qwen3,Full-FT,D,4692__repeat_2,4692,scikit,scikit,absolute,34,parso_node_ast,0,1
qwen3,Full-FT,D,4692__repeat_2,4692,numpy,numpy,absolute,35,parso_node_ast,0,1
qwen3,Full-FT,D,4692__repeat_2,4692,pandas,pandas,absolute,35,parso_node_ast,0,1
qwen3,Full-FT,D,4692__repeat_2,4692,scikit,scikit,absolute,35,parso_node_ast,0,1
qwen3,Full-FT,D,4692__repeat_2,4692,numpy,numpy,absolute,36,parso_node_ast,0,1
qwen3,Full-FT,D,4692__repeat_2,4692,pandas,pandas,absolute,36,parso_node_ast,0,1
qwen3,Full-FT,D,4692__repeat_2,4692,scikit,scikit,absolute,36,parso_node_ast,0,1
qwen3,Full-FT,D,4692__repeat_2,4692,numpy,numpy,absolute,37,parso_node_ast,0,1
qwen3,Full-FT,D,4692__repeat_2,4692,pandas,pandas,absolute,37,parso_node_ast,0,1
qwen3,Full-FT,D,4692__repeat_2,4692,scikit,scikit,absolute,37,parso_node_ast,0,1
qwen3,Full-FT,D,4692__repeat_2,4692,numpy,numpy,absolute,38,parso_node_ast,0,1
qwen3,Full-FT,D,4692__repeat_2,4692,pandas,pandas,absolute,38,parso_node_ast,0,1
qwen3,Full-FT,D,4692__repeat_2,4692,scikit,scikit,absolute,38,parso_node_ast,0,1
qwen3,Full-FT,D,4692__repeat_2,4692,numpy,numpy,absolute,39,parso_node_ast,0,1
qwen3,Full-FT,D,4692__repeat_2,4692,pandas,pandas,absolute,39,parso_node_ast,0,1
qwen3,Full-FT,D,4692__repeat_2,4692,scikit,scikit,absolute,39,parso_node_ast,0,1
qwen3,Full-FT,D,4692__repeat_2,4692,numpy,numpy,absolute,40,parso_node_ast,0,1
qwen3,Full-FT,D,4692__repeat_2,4692,pandas,pandas,absolute,40,parso_node_ast,0,1
qwen3,Full-FT,D,4692__repeat_2,4692,scikit,scikit,absolute,40,parso_node_ast,0,1
qwen3,Full-FT,D,4692__repeat_2,4692,numpy,numpy,absolute,41,parso_node_ast,0,1
qwen3,Full-FT,D,4692__repeat_2,4692,pandas,pandas,absolute,41,parso_node_ast,0,1
qwen3,Full-FT,D,4692__repeat_2,4692,scikit,scikit,absolute,41,parso_node_ast,0,1
qwen3,Full-FT,D,4692__repeat_2,4692,numpy,numpy,absolute,42,parso_node_ast,0,1
qwen3,Full-FT,D,4692__repeat_2,4692,pandas,pandas,absolute,42,parso_node_ast,0,1
qwen3,Full-FT,D,4692__repeat_2,4692,scikit,scikit,absolute,42,parso_node_ast,0,1
qwen3,Full-FT,D,4692__repeat_2,4692,numpy,numpy,absolute,43,parso_node_ast,0,1
qwen3,Full-FT,D,4692__repeat_2,4692,pandas,pandas,absolute,43,parso_node_ast,0,1
qwen3,Full-FT,D,4692__repeat_2,4692,scikit,scikit,absolute,43,parso_node_ast,0,1
qwen3,Full-FT,D,4692__repeat_2,4692,numpy,numpy,absolute,44,parso_node_ast,0,1
qwen3,Full-FT,D,4692__repeat_2,4692,pandas,pandas,absolute,44,parso_node_ast,0,1
qwen3,Full-FT,D,4692__repeat_2,4692,scikit,scikit,absolute,44,parso_node_ast,0,1
qwen3,Full-FT,D,4692__repeat_2,4692,numpy,numpy,absolute,45,parso_node_ast,0,1
qwen3,Full-FT,D,4692__repeat_2,4692,pandas,pandas,absolute,45,parso_node_ast,0,1
qwen3,Full-FT,D,4692__repeat_2,4692,scikit,scikit,absolute,45,parso_node_ast,0,1
qwen3,Full-FT,D,4692__repeat_2,4692,numpy,numpy,absolute,46,parso_node_ast,0,1
qwen3,Full-FT,D,4692__repeat_2,4692,pandas,pandas,absolute,46,parso_node_ast,0,1
qwen3,Full-FT,D,4692__repeat_2,4692,scikit,scikit,absolute,46,parso_node_ast,0,1
qwen3,Full-FT,D,4692__repeat_2,4692,numpy,numpy,absolute,47,parso_node_ast,0,1
qwen3,Full-FT,D,4692__repeat_2,4692,pandas,pandas,absolute,47,parso_node_ast,0,1
qwen3,Full-FT,D,4692__repeat_2,4692,scikit,scikit,absolute,47,parso_node_ast,0,1
qwen3,Full-FT,D,4692__repeat_2,4692,numpy,numpy,absolute,48,parso_node_ast,0,1
qwen3,Full-FT,D,4692__repeat_2,4692,pandas,pandas,absolute,48,parso_node_ast,0,1
qwen3,Full-FT,D,4692__repeat_2,4692,scikit,scikit,absolute,48,parso_node_ast,0,1
qwen3,Full-FT,D,4692__repeat_2,4692,numpy,numpy,absolute,49,parso_node_ast,0,1
qwen3,Full-FT,D,4692__repeat_2,4692,pandas,pandas,absolute,49,parso_node_ast,0,1
qwen3,Full-FT,D,4692__repeat_2,4692,scikit,scikit,absolute,49,parso_node_ast,0,1
qwen3,Full-FT,D,4692__repeat_2,4692,numpy,numpy,absolute,50,parso_node_ast,0,1
qwen3,Full-FT,D,4692__repeat_2,4692,pandas,pandas,absolute,50,parso_node_ast,0,1
qwen3,Full-FT,D,4692__repeat_2,4692,scikit,scikit,absolute,50,parso_node_ast,0,1
qwen3,Full-FT,D,4692__repeat_2,4692,numpy,numpy,absolute,51,parso_node_ast,0,1
qwen3,Full-FT,D,4692__repeat_2,4692,pandas,pandas,absolute,51,parso_node_ast,0,1
qwen3,Full-FT,D,4692__repeat_2,4692,scikit,scikit,absolute,51,parso_node_ast,0,1
qwen3,Full-FT,D,4692__repeat_2,4692,numpy,numpy,absolute,52,parso_node_ast,0,1
qwen3,Full-FT,D,4692__repeat_2,4692,pandas,pandas,absolute,52,parso_node_ast,0,1
qwen3,Full-FT,D,4692__repeat_2,4692,scikit,scikit,absolute,52,parso_node_ast,0,1
qwen3,Full-FT,D,4692__repeat_2,4692,numpy,numpy,absolute,53,parso_node_ast,0,1
qwen3,Full-FT,D,4692__repeat_2,4692,pandas,pandas,absolute,53,parso_node_ast,0,1
qwen3,Full-FT,D,4692__repeat_2,4692,scikit,scikit,absolute,53,parso_node_ast,0,1
qwen3,Full-FT,D,4692__repeat_2,4692,numpy,numpy,absolute,54,parso_node_ast,0,1
qwen3,Full-FT,D,4692__repeat_2,4692,pandas,pandas,absolute,54,parso_node_ast,0,1
qwen3,Full-FT,D,4692__repeat_2,4692,scikit,scikit,absolute,54,parso_node_ast,0,1
qwen3,Full-FT,D,4692__repeat_2,4692,numpy,numpy,absolute,55,parso_node_ast,0,1
qwen3,Full-FT,D,4692__repeat_2,4692,pandas,pandas,absolute,55,parso_node_ast,0,1
qwen3,Full-FT,D,4692__repeat_2,4692,scikit,scikit,absolute,55,parso_node_ast,0,1
qwen3,Full-FT,D,4692__repeat_2,4692,numpy,numpy,absolute,56,parso_node_ast,0,1
qwen3,Full-FT,D,4692__repeat_2,4692,pandas,pandas,absolute,56,parso_node_ast,0,1
qwen3,Full-FT,D,4692__repeat_2,4692,scikit,scikit,absolute,56,parso_node_ast,0,1
qwen3,Full-FT,D,4692__repeat_2,4692,numpy,numpy,absolute,57,parso_node_ast,0,1
qwen3,Full-FT,D,4692__repeat_2,4692,pandas,pandas,absolute,57,parso_node_ast,0,1
qwen3,Full-FT,D,4692__repeat_2,4692,scikit,scikit,absolute,57,parso_node_ast,0,1
qwen3,Full-FT,D,4692__repeat_2,4692,numpy,numpy,absolute,58,parso_node_ast,0,1
qwen3,Full-FT,D,4692__repeat_2,4692,pandas,pandas,absolute,58,parso_node_ast,0,1
qwen3,Full-FT,D,4692__repeat_2,4692,scikit,scikit,absolute,58,parso_node_ast,0,1
qwen3,Full-FT,D,4692__repeat_2,4692,numpy,numpy,absolute,59,parso_node_ast,0,1
qwen3,Full-FT,D,4692__repeat_2,4692,pandas,pandas,absolute,59,parso_node_ast,0,1
qwen3,Full-FT,D,4692__repeat_2,4692,scikit,scikit,absolute,59,parso_node_ast,0,1
qwen3,Full-FT,D,4692__repeat_2,4692,numpy,numpy,absolute,60,parso_node_ast,0,1
qwen3,Full-FT,D,4692__repeat_2,4692,pandas,pandas,absolute,60,parso_node_ast,0,1
qwen3,Full-FT,D,4692__repeat_2,4692,scikit,scikit,absolute,60,parso_node_ast,0,1
qwen3,Full-FT,D,4692__repeat_2,4692,numpy,numpy,absolute,61,parso_node_ast,0,1
qwen3,Full-FT,D,4692__repeat_2,4692,pandas,pandas,absolute,61,parso_node_ast,0,1
qwen3,Full-FT,D,4692__repeat_2,4692,scikit,scikit,absolute,61,parso_node_ast,0,1
qwen3,Full-FT,D,4692__repeat_2,4692,numpy,numpy,absolute,62,parso_node_ast,0,1
qwen3,Full-FT,D,4692__repeat_2,4692,pandas,pandas,absolute,62,parso_node_ast,0,1
qwen3,Full-FT,D,4692__repeat_2,4692,scikit,scikit,absolute,62,parso_node_ast,0,1
qwen3,Full-FT,D,4692__repeat_2,4692,numpy,numpy,absolute,63,parso_node_ast,0,1
qwen3,Full-FT,D,4692__repeat_2,4692,pandas,pandas,absolute,63,parso_node_ast,0,1
qwen3,Full-FT,D,4692__repeat_2,4692,scikit,scikit,absolute,63,parso_node_ast,0,1
qwen3,Full-FT,D,4692__repeat_2,4692,numpy,numpy,absolute,64,parso_node_ast,0,1
qwen3,Full-FT,D,4692__repeat_2,4692,pandas,pandas,absolute,64,parso_node_ast,0,1
qwen3,Full-FT,D,4692__repeat_2,4692,scikit,scikit,absolute,64,parso_node_ast,0,1
qwen3,Full-FT,D,4692__repeat_2,4692,numpy,numpy,absolute,65,parso_node_ast,0,1
qwen3,Full-FT,D,4692__repeat_2,4692,pandas,pandas,absolute,65,parso_node_ast,0,1
qwen3,Full-FT,D,4692__repeat_2,4692,scikit,scikit,absolute,65,parso_node_ast,0,1
qwen3,Full-FT,D,4692__repeat_2,4692,numpy,numpy,absolute,66,parso_node_ast,0,1
qwen3,Full-FT,D,4692__repeat_2,4692,pandas,pandas,absolute,66,parso_node_ast,0,1
qwen3,Full-FT,D,4692__repeat_2,4692,scikit,scikit,absolute,66,parso_node_ast,0,1
qwen3,Full-FT,D,4692__repeat_2,4692,numpy,numpy,absolute,67,parso_node_ast,0,1
qwen3,Full-FT,D,4692__repeat_2,4692,pandas,pandas,absolute,67,parso_node_ast,0,1
qwen3,Full-FT,D,4692__repeat_2,4692,scikit,scikit,absolute,67,parso_node_ast,0,1
qwen3,Full-FT,D,4692__repeat_2,4692,numpy,numpy,absolute,68,parso_node_ast,0,1
qwen3,Full-FT,D,4692__repeat_2,4692,pandas,pandas,absolute,68,parso_node_ast,0,1
qwen3,Full-FT,D,4692__repeat_2,4692,scikit,scikit,absolute,68,parso_node_ast,0,1
qwen3,Full-FT,D,4692__repeat_2,4692,numpy,numpy,absolute,69,parso_node_ast,0,1
qwen3,Full-FT,D,4692__repeat_2,4692,pandas,pandas,absolute,69,parso_node_ast,0,1
qwen3,Full-FT,D,4692__repeat_2,4692,scikit,scikit,absolute,69,parso_node_ast,0,1
qwen3,Full-FT,D,4692__repeat_2,4692,numpy,numpy,absolute,70,parso_node_ast,0,1
qwen3,Full-FT,D,4692__repeat_2,4692,pandas,pandas,absolute,70,parso_node_ast,0,1
qwen3,Full-FT,D,4692__repeat_2,4692,scikit,scikit,absolute,70,parso_node_ast,0,1
qwen3,Full-FT,D,4692__repeat_2,4692,numpy,numpy,absolute,71,parso_node_ast,0,1
qwen3,Full-FT,D,4692__repeat_2,4692,pandas,pandas,absolute,71,parso_node_ast,0,1
qwen3,Full-FT,D,4692__repeat_2,4692,scikit,scikit,absolute,71,parso_node_ast,0,1
qwen3,Full-FT,D,4692__repeat_2,4692,numpy,numpy,absolute,72,parso_node_ast,0,1
qwen3,Full-FT,D,4692__repeat_2,4692,pandas,pandas,absolute,72,parso_node_ast,0,1
qwen3,Full-FT,D,4692__repeat_2,4692,scikit,scikit,absolute,72,parso_node_ast,0,1
qwen3,Full-FT,D,4692__repeat_2,4692,numpy,numpy,absolute,73,parso_node_ast,0,1
qwen3,Full-FT,D,4692__repeat_2,4692,pandas,pandas,absolute,73,parso_node_ast,0,1
qwen3,Full-FT,D,4692__repeat_2,4692,scikit,scikit,absolute,73,parso_node_ast,0,1
qwen3,Full-FT,D,4692__repeat_2,4692,numpy,numpy,absolute,74,parso_node_ast,0,1
qwen3,Full-FT,D,4692__repeat_2,4692,pandas,pandas,absolute,74,parso_node_ast,0,1
qwen3,Full-FT,D,4692__repeat_2,4692,scikit,scikit,absolute,74,parso_node_ast,0,1
qwen3,Full-FT,D,4692__repeat_2,4692,numpy,numpy,absolute,75,parso_node_ast,0,1
qwen3,Full-FT,D,4692__repeat_2,4692,pandas,pandas,absolute,75,parso_node_ast,0,1
qwen3,Full-FT,D,4692__repeat_2,4692,scikit,scikit,absolute,75,parso_node_ast,0,1
qwen3,Full-FT,D,4692__repeat_2,4692,numpy,numpy,absolute,76,parso_node_ast,0,1
qwen3,Full-FT,D,4692__repeat_2,4692,pandas,pandas,absolute,76,parso_node_ast,0,1
qwen3,Full-FT,D,4692__repeat_2,4692,scikit,scikit,absolute,76,parso_node_ast,0,1
qwen3,Full-FT,D,4692__repeat_2,4692,numpy,numpy,absolute,77,parso_node_ast,0,1
qwen3,Full-FT,D,4692__repeat_2,4692,pandas,pandas,absolute,77,parso_node_ast,0,1
qwen3,Full-FT,D,4692__repeat_2,4692,scikit,scikit,absolute,77,parso_node_ast,0,1
qwen3,Full-FT,D,4692__repeat_2,4692,numpy,numpy,absolute,78,parso_node_ast,0,1
qwen3,Full-FT,D,4692__repeat_2,4692,pandas,pandas,absolute,78,parso_node_ast,0,1
qwen3,Full-FT,D,4692__repeat_2,4692,scikit,scikit,absolute,78,parso_node_ast,0,1
qwen3,Full-FT,D,4692__repeat_2,4692,numpy,numpy,absolute,79,parso_node_ast,0,1
qwen3,Full-FT,D,4692__repeat_2,4692,pandas,pandas,absolute,79,parso_node_ast,0,1
qwen3,Full-FT,D,4692__repeat_2,4692,scikit,scikit,absolute,79,parso_node_ast,0,1
qwen3,Full-FT,D,4692__repeat_2,4692,numpy,numpy,absolute,80,parso_node_ast,0,1
qwen3,Full-FT,D,4692__repeat_2,4692,pandas,pandas,absolute,80,parso_node_ast,0,1
qwen3,Full-FT,D,4692__repeat_2,4692,scikit,scikit,absolute,80,parso_node_ast,0,1
qwen3,Full-FT,D,4692__repeat_2,4692,numpy,numpy,absolute,81,parso_node_ast,0,1
qwen3,Full-FT,D,4692__repeat_2,4692,pandas,pandas,absolute,81,parso_node_ast,0,1
qwen3,Full-FT,D,4692__repeat_2,4692,scikit,scikit,absolute,81,parso_node_ast,0,1
qwen3,Full-FT,D,4692__repeat_2,4692,numpy,numpy,absolute,82,parso_node_ast,0,1
qwen3,Full-FT,D,4692__repeat_2,4692,pandas,pandas,absolute,82,parso_node_ast,0,1
qwen3,Full-FT,D,4692__repeat_2,4692,scikit,scikit,absolute,82,parso_node_ast,0,1
qwen3,Full-FT,D,4692__repeat_2,4692,numpy,numpy,absolute,83,parso_node_ast,0,1
qwen3,Full-FT,D,4692__repeat_2,4692,pandas,pandas,absolute,83,parso_node_ast,0,1
qwen3,Full-FT,D,4692__repeat_2,4692,scikit,scikit,absolute,83,parso_node_ast,0,1
qwen3,Full-FT,D,4692__repeat_2,4692,numpy,numpy,absolute,84,parso_node_ast,0,1
qwen3,Full-FT,D,4692__repeat_2,4692,pandas,pandas,absolute,84,parso_node_ast,0,1
qwen3,Full-FT,D,4692__repeat_2,4692,scikit,scikit,absolute,84,parso_node_ast,0,1
qwen3,Full-FT,D,4692__repeat_2,4692,numpy,numpy,absolute,85,parso_node_ast,0,1
qwen3,Full-FT,D,4692__repeat_2,4692,pandas,pandas,absolute,85,parso_node_ast,0,1
qwen3,Full-FT,D,4692__repeat_2,4692,scikit,scikit,absolute,85,parso_node_ast,0,1
qwen3,Full-FT,D,4692__repeat_2,4692,numpy,numpy,absolute,86,parso_node_ast,0,1
qwen3,Full-FT,D,4692__repeat_2,4692,pandas,pandas,absolute,86,parso_node_ast,0,1
qwen3,Full-FT,D,4692__repeat_2,4692,scikit,scikit,absolute,86,parso_node_ast,0,1
qwen3,Full-FT,D,4692__repeat_2,4692,numpy,numpy,absolute,87,parso_node_ast,0,1
qwen3,Full-FT,D,4692__repeat_2,4692,pandas,pandas,absolute,87,parso_node_ast,0,1
qwen3,Full-FT,D,4692__repeat_2,4692,scikit,scikit,absolute,87,parso_node_ast,0,1
qwen3,Full-FT,D,4692__repeat_2,4692,numpy,numpy,absolute,88,parso_node_ast,0,1
qwen3,Full-FT,D,4692__repeat_2,4692,pandas,pandas,absolute,88,parso_node_ast,0,1
qwen3,Full-FT,D,4692__repeat_2,4692,scikit,scikit,absolute,88,parso_node_ast,0,1
qwen3,Full-FT,D,4692__repeat_2,4692,numpy,numpy,absolute,89,parso_node_ast,0,1
qwen3,Full-FT,D,4692__repeat_2,4692,pandas,pandas,absolute,89,parso_node_ast,0,1
qwen3,Full-FT,D,4692__repeat_2,4692,scikit,scikit,absolute,89,parso_node_ast,0,1
qwen3,Full-FT,D,4692__repeat_2,4692,numpy,numpy,absolute,90,parso_node_ast,0,1
qwen3,Full-FT,D,4692__repeat_2,4692,pandas,pandas,absolute,90,parso_node_ast,0,1
qwen3,Full-FT,D,4692__repeat_2,4692,scikit,scikit,absolute,90,parso_node_ast,0,1
qwen3,Full-FT,D,4692__repeat_2,4692,numpy,numpy,absolute,91,parso_node_ast,0,1
qwen3,Full-FT,D,4692__repeat_2,4692,pandas,pandas,absolute,91,parso_node_ast,0,1
qwen3,Full-FT,D,4692__repeat_2,4692,scikit,scikit,absolute,91,parso_node_ast,0,1
qwen3,Full-FT,D,4692__repeat_2,4692,numpy,numpy,absolute,92,parso_node_ast,0,1
qwen3,Full-FT,D,4692__repeat_2,4692,pandas,pandas,absolute,92,parso_node_ast,0,1
qwen3,Full-FT,D,4692__repeat_2,4692,scikit,scikit,absolute,92,parso_node_ast,0,1
qwen3,Full-FT,D,4692__repeat_2,4692,numpy,numpy,absolute,93,parso_node_ast,0,1
qwen3,Full-FT,D,4692__repeat_2,4692,pandas,pandas,absolute,93,parso_node_ast,0,1
qwen3,Full-FT,D,4692__repeat_2,4692,scikit,scikit,absolute,93,parso_node_ast,0,1
qwen3,Full-FT,D,4692__repeat_2,4692,numpy,numpy,absolute,94,parso_node_ast,0,1
qwen3,Full-FT,D,4692__repeat_2,4692,pandas,pandas,absolute,94,parso_node_ast,0,1
qwen3,Full-FT,D,4692__repeat_2,4692,scikit,scikit,absolute,94,parso_node_ast,0,1
qwen3,Full-FT,D,4692__repeat_2,4692,numpy,numpy,absolute,95,parso_node_ast,0,1
qwen3,Full-FT,D,4692__repeat_2,4692,pandas,pandas,absolute,95,parso_node_ast,0,1
qwen3,Full-FT,D,4692__repeat_2,4692,scikit,scikit,absolute,95,parso_node_ast,0,1
qwen3,Full-FT,D,4692__repeat_2,4692,numpy,numpy,absolute,96,parso_node_ast,0,1
qwen3,Full-FT,D,4692__repeat_2,4692,pandas,pandas,absolute,96,parso_node_ast,0,1
qwen3,Full-FT,D,4692__repeat_2,4692,scikit,scikit,absolute,96,parso_node_ast,0,1
qwen3,Full-FT,D,4692__repeat_2,4692,numpy,numpy,absolute,97,parso_node_ast,0,1
qwen3,Full-FT,D,4692__repeat_2,4692,pandas,pandas,absolute,97,parso_node_ast,0,1
qwen3,Full-FT,D,4692__repeat_2,4692,scikit,scikit,absolute,97,parso_node_ast,0,1
qwen3,Full-FT,D,4692__repeat_2,4692,numpy,numpy,absolute,98,parso_node_ast,0,1
qwen3,Full-FT,D,4692__repeat_2,4692,pandas,pandas,absolute,98,parso_node_ast,0,1
qwen3,Full-FT,D,4692__repeat_2,4692,scikit,scikit,absolute,98,parso_node_ast,0,1
qwen3,Full-FT,D,4692__repeat_2,4692,numpy,numpy,absolute,99,parso_node_ast,0,1
qwen3,Full-FT,D,4692__repeat_2,4692,pandas,pandas,absolute,99,parso_node_ast,0,1
qwen3,Full-FT,D,4692__repeat_2,4692,scikit,scikit,absolute,99,parso_node_ast,0,1
qwen3,Full-FT,D,4692__repeat_2,4692,numpy,numpy,absolute,100,parso_node_ast,0,1
qwen3,Full-FT,D,4692__repeat_2,4692,pandas,pandas,absolute,100,parso_node_ast,0,1
qwen3,Full-FT,D,4692__repeat_2,4692,scikit,scikit,absolute,100,parso_node_ast,0,1
qwen3,Full-FT,D,4692__repeat_2,4692,numpy,numpy,absolute,101,parso_node_ast,0,1
qwen3,Full-FT,D,4692__repeat_2,4692,pandas,pandas,absolute,101,parso_node_ast,0,1
qwen3,Full-FT,D,4692__repeat_2,4692,scikit,scikit,absolute,101,parso_node_ast,0,1
qwen3,Full-FT,D,4692__repeat_2,4692,numpy,numpy,absolute,102,parso_node_ast,0,1
qwen3,Full-FT,D,4692__repeat_2,4692,pandas,pandas,absolute,102,parso_node_ast,0,1
qwen3,Full-FT,D,4692__repeat_2,4692,scikit,scikit,absolute,102,parso_node_ast,0,1
qwen3,Full-FT,D,4692__repeat_2,4692,numpy,numpy,absolute,103,parso_node_ast,0,1
qwen3,Full-FT,D,4692__repeat_2,4692,pandas,pandas,absolute,103,parso_node_ast,0,1
qwen3,Full-FT,D,4692__repeat_2,4692,scikit,scikit,absolute,103,parso_node_ast,0,1
qwen3,Full-FT,D,4692__repeat_2,4692,numpy,numpy,absolute,104,parso_node_ast,0,1
qwen3,Full-FT,D,4692__repeat_2,4692,pandas,pandas,absolute,104,parso_node_ast,0,1
qwen3,Full-FT,D,4692__repeat_2,4692,scikit,scikit,absolute,104,parso_node_ast,0,1
qwen3,Full-FT,D,4692__repeat_2,4692,numpy,numpy,absolute,105,parso_node_ast,0,1
qwen3,Full-FT,D,4692__repeat_2,4692,pandas,pandas,absolute,105,parso_node_ast,0,1
qwen3,Full-FT,D,4692__repeat_2,4692,scikit,scikit,absolute,105,parso_node_ast,0,1
qwen3,Full-FT,D,4692__repeat_2,4692,numpy,numpy,absolute,106,parso_node_ast,0,1
qwen3,Full-FT,D,4692__repeat_2,4692,pandas,pandas,absolute,106,parso_node_ast,0,1
qwen3,Full-FT,D,4692__repeat_2,4692,scikit,scikit,absolute,106,parso_node_ast,0,1
qwen3,Full-FT,D,4692__repeat_2,4692,numpy,numpy,absolute,107,parso_node_ast,0,1
qwen3,Full-FT,D,4692__repeat_2,4692,pandas,pandas,absolute,107,parso_node_ast,0,1
qwen3,Full-FT,D,4692__repeat_2,4692,scikit,scikit,absolute,107,parso_node_ast,0,1
qwen3,Full-FT,D,4692__repeat_2,4692,numpy,numpy,absolute,108,parso_node_ast,0,1
qwen3,Full-FT,D,4692__repeat_2,4692,pandas,pandas,absolute,108,parso_node_ast,0,1
qwen3,Full-FT,D,4692__repeat_2,4692,scikit,scikit,absolute,108,parso_node_ast,0,1
qwen3,Full-FT,D,4692__repeat_2,4692,numpy,numpy,absolute,109,parso_node_ast,0,1
qwen3,Full-FT,D,4692__repeat_2,4692,pandas,pandas,absolute,109,parso_node_ast,0,1
qwen3,Full-FT,D,4692__repeat_2,4692,scikit,scikit,absolute,109,parso_node_ast,0,1
qwen3,Full-FT,D,4692__repeat_2,4692,numpy,numpy,absolute,110,parso_node_ast,0,1
qwen3,Full-FT,D,4692__repeat_2,4692,pandas,pandas,absolute,110,parso_node_ast,0,1
qwen3,Full-FT,D,4692__repeat_2,4692,scikit,scikit,absolute,110,parso_node_ast,0,1
qwen3,Full-FT,D,4692__repeat_2,4692,numpy,numpy,absolute,111,parso_node_ast,0,1
qwen3,Full-FT,D,4692__repeat_2,4692,pandas,pandas,absolute,111,parso_node_ast,0,1
qwen3,Full-FT,D,4692__repeat_2,4692,scikit,scikit,absolute,111,parso_node_ast,0,1
qwen3,Full-FT,D,4692__repeat_2,4692,numpy,numpy,absolute,112,parso_node_ast,0,1
qwen3,Full-FT,D,4692__repeat_2,4692,pandas,pandas,absolute,112,parso_node_ast,0,1
qwen3,Full-FT,D,4692__repeat_2,4692,scikit,scikit,absolute,112,parso_node_ast,0,1
qwen3,Full-FT,D,4692__repeat_2,4692,numpy,numpy,absolute,113,parso_node_ast,0,1
qwen3,Full-FT,D,4692__repeat_2,4692,pandas,pandas,absolute,113,parso_node_ast,0,1
qwen3,Full-FT,D,4692__repeat_2,4692,scikit,scikit,absolute,113,parso_node_ast,0,1
qwen3,Full-FT,D,4692__repeat_2,4692,numpy,numpy,absolute,114,parso_node_ast,0,1
qwen3,Full-FT,D,4692__repeat_2,4692,pandas,pandas,absolute,114,parso_node_ast,0,1
qwen3,Full-FT,D,4692__repeat_2,4692,scikit,scikit,absolute,114,parso_node_ast,0,1
qwen3,Full-FT,D,4692__repeat_2,4692,numpy,numpy,absolute,115,parso_node_ast,0,1
qwen3,Full-FT,D,4692__repeat_2,4692,pandas,pandas,absolute,115,parso_node_ast,0,1
qwen3,Full-FT,D,4692__repeat_2,4692,scikit,scikit,absolute,115,parso_node_ast,0,1
qwen3,Full-FT,D,4692__repeat_2,4692,numpy,numpy,absolute,116,parso_node_ast,0,1
qwen3,Full-FT,D,4692__repeat_2,4692,pandas,pandas,absolute,116,parso_node_ast,0,1
qwen3,Full-FT,D,4692__repeat_2,4692,scikit,scikit,absolute,116,parso_node_ast,0,1
qwen3,Full-FT,D,4692__repeat_2,4692,numpy,numpy,absolute,117,parso_node_ast,0,1
qwen3,Full-FT,D,4692__repeat_2,4692,pandas,pandas,absolute,117,parso_node_ast,0,1
qwen3,Full-FT,D,4692__repeat_2,4692,scikit,scikit,absolute,117,parso_node_ast,0,1
qwen3,Full-FT,D,4692__repeat_2,4692,numpy,numpy,absolute,118,parso_node_ast,0,1
qwen3,Full-FT,D,4692__repeat_2,4692,pandas,pandas,absolute,118,parso_node_ast,0,1
qwen3,Full-FT,D,4692__repeat_2,4692,scikit,scikit,absolute,118,parso_node_ast,0,1
qwen3,Full-FT,D,4692__repeat_2,4692,numpy,numpy,absolute,119,parso_node_ast,0,1
qwen3,Full-FT,D,4692__repeat_2,4692,pandas,pandas,absolute,119,parso_node_ast,0,1
qwen3,Full-FT,D,4692__repeat_2,4692,scikit,scikit,absolute,119,parso_node_ast,0,1
qwen3,Full-FT,D,4692__repeat_2,4692,numpy,numpy,absolute,120,parso_node_ast,0,1
qwen3,Full-FT,D,4692__repeat_2,4692,pandas,pandas,absolute,120,parso_node_ast,0,1
qwen3,Full-FT,D,4692__repeat_2,4692,scikit,scikit,absolute,120,parso_node_ast,0,1
qwen3,Full-FT,D,4692__repeat_2,4692,numpy,numpy,absolute,121,parso_node_ast,0,1
qwen3,Full-FT,D,4692__repeat_2,4692,pandas,pandas,absolute,121,parso_node_ast,0,1
qwen3,Full-FT,D,4692__repeat_2,4692,scikit,scikit,absolute,121,parso_node_ast,0,1
qwen3,Full-FT,D,4692__repeat_2,4692,numpy,numpy,absolute,122,parso_node_ast,0,1
qwen3,Full-FT,D,4692__repeat_2,4692,pandas,pandas,absolute,122,parso_node_ast,0,1
qwen3,Full-FT,D,4692__repeat_2,4692,scikit,scikit,absolute,122,parso_node_ast,0,1
qwen3,Full-FT,D,4692__repeat_2,4692,numpy,numpy,absolute,123,parso_node_ast,0,1
qwen3,Full-FT,D,4692__repeat_2,4692,pandas,pandas,absolute,123,parso_node_ast,0,1
qwen3,Full-FT,D,4692__repeat_2,4692,scikit,scikit,absolute,123,parso_node_ast,0,1
qwen3,Full-FT,D,4692__repeat_2,4692,numpy,numpy,absolute,124,parso_node_ast,0,1
qwen3,Full-FT,D,4692__repeat_2,4692,pandas,pandas,absolute,124,parso_node_ast,0,1
qwen3,Full-FT,D,4692__repeat_2,4692,scikit,scikit,absolute,124,parso_node_ast,0,1
qwen3,Full-FT,D,4692__repeat_2,4692,numpy,numpy,absolute,125,parso_node_ast,0,1
qwen3,Full-FT,D,4692__repeat_2,4692,pandas,pandas,absolute,125,parso_node_ast,0,1
qwen3,Full-FT,D,4692__repeat_2,4692,scikit,scikit,absolute,125,parso_node_ast,0,1
qwen3,Full-FT,D,4692__repeat_2,4692,numpy,numpy,absolute,126,parso_node_ast,0,1
qwen3,Full-FT,D,4692__repeat_2,4692,pandas,pandas,absolute,126,parso_node_ast,0,1
qwen3,Full-FT,D,4692__repeat_2,4692,scikit,scikit,absolute,126,parso_node_ast,0,1
qwen3,Full-FT,D,4692__repeat_2,4692,numpy,numpy,absolute,127,parso_node_ast,0,1
qwen3,Full-FT,D,4692__repeat_2,4692,pandas,pandas,absolute,127,parso_node_ast,0,1
qwen3,Full-FT,D,4692__repeat_2,4692,scikit,scikit,absolute,127,parso_node_ast,0,1
qwen3,Full-FT,D,4692__repeat_2,4692,numpy,numpy,absolute,128,parso_node_ast,0,1
qwen3,Full-FT,D,4692__repeat_2,4692,pandas,pandas,absolute,128,parso_node_ast,0,1
qwen3,Full-FT,D,4692__repeat_2,4692,scikit,scikit,absolute,128,parso_node_ast,0,1
qwen3,Full-FT,D,4692__repeat_2,4692,numpy,numpy,absolute,129,parso_node_ast,0,1
qwen3,Full-FT,D,4692__repeat_2,4692,pandas,pandas,absolute,129,parso_node_ast,0,1
qwen3,Full-FT,D,4692__repeat_2,4692,scikit,scikit,absolute,129,parso_node_ast,0,1
qwen3,Full-FT,D,4692__repeat_2,4692,numpy,numpy,absolute,130,parso_node_ast,0,1
qwen3,Full-FT,D,4692__repeat_2,4692,pandas,pandas,absolute,130,parso_node_ast,0,1
qwen3,Full-FT,D,4692__repeat_2,4692,scikit,scikit,absolute,130,parso_node_ast,0,1
qwen3,Full-FT,D,4692__repeat_2,4692,numpy,numpy,absolute,131,parso_node_ast,0,1
qwen3,Full-FT,D,4692__repeat_2,4692,pandas,pandas,absolute,131,parso_node_ast,0,1
qwen3,Full-FT,D,4692__repeat_2,4692,scikit,scikit,absolute,131,parso_node_ast,0,1
qwen3,Full-FT,D,4692__repeat_2,4692,numpy,numpy,absolute,132,parso_node_ast,0,1
qwen3,Full-FT,D,4692__repeat_2,4692,pandas,pandas,absolute,132,parso_node_ast,0,1
qwen3,Full-FT,D,4692__repeat_2,4692,scikit,scikit,absolute,132,parso_node_ast,0,1
qwen3,Full-FT,D,4692__repeat_2,4692,numpy,numpy,absolute,133,parso_node_ast,0,1
qwen3,Full-FT,D,4692__repeat_2,4692,pandas,pandas,absolute,133,parso_node_ast,0,1
qwen3,Full-FT,D,4692__repeat_2,4692,scikit,scikit,absolute,133,parso_node_ast,0,1
qwen3,Full-FT,D,4692__repeat_2,4692,numpy,numpy,absolute,134,parso_node_ast,0,1
qwen3,Full-FT,D,4692__repeat_2,4692,pandas,pandas,absolute,134,parso_node_ast,0,1
qwen3,Full-FT,D,4692__repeat_2,4692,scikit,scikit,absolute,134,parso_node_ast,0,1
qwen3,Full-FT,D,4692__repeat_2,4692,numpy,numpy,absolute,135,parso_node_ast,0,1
qwen3,Full-FT,D,4692__repeat_2,4692,pandas,pandas,absolute,135,parso_node_ast,0,1
qwen3,Full-FT,D,4692__repeat_2,4692,scikit,scikit,absolute,135,parso_node_ast,0,1
qwen3,Full-FT,D,4692__repeat_2,4692,numpy,numpy,absolute,136,parso_node_ast,0,1
qwen3,Full-FT,D,4692__repeat_2,4692,pandas,pandas,absolute,136,parso_node_ast,0,1
qwen3,Full-FT,D,4692__repeat_2,4692,scikit,scikit,absolute,136,parso_node_ast,0,1
qwen3,Full-FT,D,4692__repeat_2,4692,numpy,numpy,absolute,137,parso_node_ast,0,1
qwen3,Full-FT,D,4692__repeat_2,4692,pandas,pandas,absolute,137,parso_node_ast,0,1
qwen3,Full-FT,D,4692__repeat_2,4692,scikit,scikit,absolute,137,parso_node_ast,0,1
qwen3,Full-FT,D,4692__repeat_2,4692,numpy,numpy,absolute,138,parso_node_ast,0,1
qwen3,Full-FT,D,4692__repeat_2,4692,pandas,pandas,absolute,138,parso_node_ast,0,1
qwen3,Full-FT,D,4692__repeat_2,4692,scikit,scikit,absolute,138,parso_node_ast,0,1
qwen3,Full-FT,D,4692__repeat_2,4692,numpy,numpy,absolute,139,parso_node_ast,0,1
qwen3,Full-FT,D,4692__repeat_2,4692,pandas,pandas,absolute,139,parso_node_ast,0,1
qwen3,Full-FT,D,4692__repeat_2,4692,scikit,scikit,absolute,139,parso_node_ast,0,1
qwen3,Full-FT,D,4692__repeat_2,4692,numpy,numpy,absolute,140,parso_node_ast,0,1
qwen3,Full-FT,D,4692__repeat_2,4692,pandas,pandas,absolute,140,parso_node_ast,0,1
qwen3,Full-FT,D,4692__repeat_2,4692,scikit,scikit,absolute,140,parso_node_ast,0,1
qwen3,Full-FT,D,4692__repeat_2,4692,numpy,numpy,absolute,141,parso_node_ast,0,1
qwen3,Full-FT,D,4692__repeat_2,4692,pandas,pandas,absolute,141,parso_node_ast,0,1
qwen3,Full-FT,D,4692__repeat_2,4692,scikit,scikit,absolute,141,parso_node_ast,0,1
qwen3,Full-FT,D,4692__repeat_2,4692,numpy,numpy,absolute,142,parso_node_ast,0,1
qwen3,Full-FT,D,4692__repeat_2,4692,pandas,pandas,absolute,142,parso_node_ast,0,1
qwen3,Full-FT,D,4692__repeat_2,4692,scikit,scikit,absolute,142,parso_node_ast,0,1
qwen3,Full-FT,D,4692__repeat_2,4692,numpy,numpy,absolute,143,parso_node_ast,0,1
qwen3,Full-FT,D,4692__repeat_2,4692,pandas,pandas,absolute,143,parso_node_ast,0,1
qwen3,Full-FT,D,4692__repeat_2,4692,scikit,scikit,absolute,143,parso_node_ast,0,1
qwen3,Full-FT,D,4692__repeat_2,4692,numpy,numpy,absolute,144,parso_node_ast,0,1
qwen3,Full-FT,D,4692__repeat_2,4692,pandas,pandas,absolute,144,parso_node_ast,0,1
qwen3,Full-FT,D,4692__repeat_2,4692,scikit,scikit,absolute,144,parso_node_ast,0,1
qwen3,Full-FT,D,4692__repeat_2,4692,numpy,numpy,absolute,145,parso_node_ast,0,1
qwen3,Full-FT,D,4692__repeat_2,4692,pandas,pandas,absolute,145,parso_node_ast,0,1
qwen3,Full-FT,D,4692__repeat_2,4692,scikit,scikit,absolute,145,parso_node_ast,0,1
qwen3,Full-FT,D,4692__repeat_2,4692,numpy,numpy,absolute,146,parso_node_ast,0,1
qwen3,Full-FT,D,4692__repeat_2,4692,pandas,pandas,absolute,146,parso_node_ast,0,1
qwen3,Full-FT,D,4692__repeat_2,4692,scikit,scikit,absolute,146,parso_node_ast,0,1
qwen3,Full-FT,D,4692__repeat_2,4692,numpy,numpy,absolute,147,parso_node_ast,0,1
qwen3,Full-FT,D,4692__repeat_2,4692,pandas,pandas,absolute,147,parso_node_ast,0,1
qwen3,Full-FT,D,4692__repeat_2,4692,scikit,scikit,absolute,147,parso_node_ast,0,1
qwen3,Full-FT,D,4692__repeat_2,4692,numpy,numpy,absolute,148,parso_node_ast,0,1
qwen3,Full-FT,D,4692__repeat_2,4692,pandas,pandas,absolute,148,parso_node_ast,0,1
qwen3,Full-FT,D,4692__repeat_2,4692,scikit,scikit,absolute,148,parso_node_ast,0,1
qwen3,Full-FT,D,4692__repeat_2,4692,numpy,numpy,absolute,149,parso_node_ast,0,1
qwen3,Full-FT,D,4692__repeat_2,4692,pandas,pandas,absolute,149,parso_node_ast,0,1
qwen3,Full-FT,D,4692__repeat_2,4692,scikit,scikit,absolute,149,parso_node_ast,0,1
qwen3,Full-FT,D,4692__repeat_2,4692,numpy,numpy,absolute,150,parso_node_ast,0,1
qwen3,Full-FT,D,4692__repeat_2,4692,pandas,pandas,absolute,150,parso_node_ast,0,1
qwen3,Full-FT,D,4692__repeat_2,4692,scikit,scikit,absolute,150,parso_node_ast,0,1
qwen3,Full-FT,D,4692__repeat_2,4692,numpy,numpy,absolute,151,parso_node_ast,0,1
qwen3,Full-FT,D,4692__repeat_2,4692,pandas,pandas,absolute,151,parso_node_ast,0,1
qwen3,Full-FT,D,4692__repeat_2,4692,scikit,scikit,absolute,151,parso_node_ast,0,1
qwen3,Full-FT,D,4692__repeat_2,4692,numpy,numpy,absolute,152,parso_node_ast,0,1
qwen3,Full-FT,D,4692__repeat_2,4692,pandas,pandas,absolute,152,parso_node_ast,0,1
qwen3,Full-FT,D,4692__repeat_2,4692,scikit,scikit,absolute,152,parso_node_ast,0,1
qwen3,Full-FT,D,4692__repeat_2,4692,numpy,numpy,absolute,153,parso_node_ast,0,1
qwen3,Full-FT,D,4692__repeat_2,4692,pandas,pandas,absolute,153,parso_node_ast,0,1
qwen3,Full-FT,D,4692__repeat_2,4692,scikit,scikit,absolute,153,parso_node_ast,0,1
qwen3,Full-FT,D,4692__repeat_2,4692,numpy,numpy,absolute,154,parso_node_ast,0,1
qwen3,Full-FT,D,4692__repeat_2,4692,pandas,pandas,absolute,154,parso_node_ast,0,1
qwen3,Full-FT,D,4692__repeat_2,4692,scikit,scikit,absolute,154,parso_node_ast,0,1
qwen3,Full-FT,D,4692__repeat_2,4692,numpy,numpy,absolute,155,parso_node_ast,0,1
qwen3,Full-FT,D,4692__repeat_2,4692,pandas,pandas,absolute,155,parso_node_ast,0,1
qwen3,Full-FT,D,4692__repeat_2,4692,scikit,scikit,absolute,155,parso_node_ast,0,1
qwen3,Full-FT,D,4692__repeat_2,4692,numpy,numpy,absolute,156,parso_node_ast,0,1
qwen3,Full-FT,D,4692__repeat_2,4692,pandas,pandas,absolute,156,parso_node_ast,0,1
qwen3,Full-FT,D,4692__repeat_2,4692,scikit,scikit,absolute,156,parso_node_ast,0,1
qwen3,Full-FT,D,4692__repeat_2,4692,numpy,numpy,absolute,157,parso_node_ast,0,1
qwen3,Full-FT,D,4692__repeat_2,4692,pandas,pandas,absolute,157,parso_node_ast,0,1
qwen3,Full-FT,D,4692__repeat_2,4692,scikit,scikit,absolute,157,parso_node_ast,0,1
qwen3,Full-FT,D,4692__repeat_2,4692,numpy,numpy,absolute,158,parso_node_ast,0,1
qwen3,Full-FT,D,4692__repeat_2,4692,pandas,pandas,absolute,158,parso_node_ast,0,1
qwen3,Full-FT,D,4692__repeat_2,4692,scikit,scikit,absolute,158,parso_node_ast,0,1
qwen3,Full-FT,D,4692__repeat_2,4692,numpy,numpy,absolute,159,parso_node_ast,0,1
qwen3,Full-FT,D,4692__repeat_2,4692,pandas,pandas,absolute,159,parso_node_ast,0,1
qwen3,Full-FT,D,4692__repeat_2,4692,scikit,scikit,absolute,159,parso_node_ast,0,1
qwen3,Full-FT,D,4692__repeat_2,4692,numpy,numpy,absolute,160,parso_node_ast,0,1
qwen3,Full-FT,D,4692__repeat_2,4692,pandas,pandas,absolute,160,parso_node_ast,0,1
qwen3,Full-FT,D,4692__repeat_2,4692,scikit,scikit,absolute,160,parso_node_ast,0,1
qwen3,Full-FT,D,4692__repeat_2,4692,numpy,numpy,absolute,161,parso_node_ast,0,1
qwen3,Full-FT,D,4692__repeat_2,4692,pandas,pandas,absolute,161,parso_node_ast,0,1
qwen3,Full-FT,D,4692__repeat_2,4692,scikit,scikit,absolute,161,parso_node_ast,0,1
qwen3,Full-FT,D,4692__repeat_2,4692,numpy,numpy,absolute,162,parso_node_ast,0,1
qwen3,Full-FT,D,4692__repeat_2,4692,pandas,pandas,absolute,162,parso_node_ast,0,1
qwen3,Full-FT,D,4692__repeat_2,4692,scikit,scikit,absolute,162,parso_node_ast,0,1
qwen3,Full-FT,D,4692__repeat_2,4692,numpy,numpy,absolute,163,parso_node_ast,0,1
qwen3,Full-FT,D,4692__repeat_2,4692,pandas,pandas,absolute,163,parso_node_ast,0,1
qwen3,Full-FT,D,4692__repeat_2,4692,scikit,scikit,absolute,163,parso_node_ast,0,1
qwen3,Full-FT,D,4692__repeat_2,4692,numpy,numpy,absolute,164,parso_node_ast,0,1
qwen3,Full-FT,D,4692__repeat_2,4692,pandas,pandas,absolute,164,parso_node_ast,0,1
qwen3,Full-FT,D,4692__repeat_2,4692,scikit,scikit,absolute,164,parso_node_ast,0,1
qwen3,Full-FT,D,4692__repeat_2,4692,numpy,numpy,absolute,165,parso_node_ast,0,1
qwen3,Full-FT,D,4692__repeat_2,4692,pandas,pandas,absolute,165,parso_node_ast,0,1
qwen3,Full-FT,D,4692__repeat_2,4692,scikit,scikit,absolute,165,parso_node_ast,0,1
qwen3,Full-FT,D,4059__repeat_4,4059,scikit,scikit,absolute,12,parso_node_ast,0,1
qwen3,Full-FT,D,4059__repeat_4,4059,scikit,scikit,absolute,17,parso_node_ast,0,1
qwen3,Full-FT,D,4059__repeat_4,4059,scikit,scikit,absolute,22,parso_node_ast,0,1
qwen3,Full-FT,D,4059__repeat_4,4059,scikit,scikit,absolute,27,parso_node_ast,0,1
qwen3,Full-FT,D,4059__repeat_4,4059,scikit,scikit,absolute,32,parso_node_ast,0,1
qwen3,Full-FT,D,4059__repeat_4,4059,scikit,scikit,absolute,37,parso_node_ast,0,1
qwen3,Full-FT,D,4059__repeat_4,4059,scikit,scikit,absolute,42,parso_node_ast,0,1
qwen3,Full-FT,D,4059__repeat_4,4059,scikit,scikit,absolute,47,parso_node_ast,0,1
qwen3,Full-FT,D,4059__repeat_4,4059,scikit,scikit,absolute,52,parso_node_ast,0,1
qwen3,Full-FT,D,4059__repeat_4,4059,scikit,scikit,absolute,57,parso_node_ast,0,1
qwen3,Full-FT,D,4059__repeat_4,4059,scikit,scikit,absolute,62,parso_node_ast,0,1
qwen3,Full-FT,D,4059__repeat_4,4059,scikit,scikit,absolute,67,parso_node_ast,0,1
qwen3,Full-FT,D,4059__repeat_4,4059,scikit,scikit,absolute,72,parso_node_ast,0,1
qwen3,Full-FT,D,4059__repeat_4,4059,scikit,scikit,absolute,77,parso_node_ast,0,1
qwen3,Full-FT,D,4059__repeat_4,4059,scikit,scikit,absolute,82,parso_node_ast,0,1
qwen3,Full-FT,D,4059__repeat_4,4059,scikit,scikit,absolute,87,parso_node_ast,0,1
qwen3,Full-FT,D,4059__repeat_4,4059,scikit,scikit,absolute,92,parso_node_ast,0,1
qwen3,Full-FT,D,4059__repeat_4,4059,scikit,scikit,absolute,97,parso_node_ast,0,1
qwen3,Full-FT,D,4059__repeat_4,4059,scikit,scikit,absolute,102,parso_node_ast,0,1
qwen3,Full-FT,D,4059__repeat_4,4059,scikit,scikit,absolute,107,parso_node_ast,0,1
qwen3,Full-FT,D,4059__repeat_4,4059,scikit,scikit,absolute,112,parso_node_ast,0,1
qwen3,Full-FT,D,4059__repeat_4,4059,scikit,scikit,absolute,117,parso_node_ast,0,1
qwen3,Full-FT,D,4059__repeat_4,4059,scikit,scikit,absolute,122,parso_node_ast,0,1
qwen3,Full-FT,D,4059__repeat_4,4059,scikit,scikit,absolute,127,parso_node_ast,0,1
qwen3,Full-FT,D,4059__repeat_4,4059,scikit,scikit,absolute,132,parso_node_ast,0,1
qwen3,Full-FT,D,4059__repeat_4,4059,scikit,scikit,absolute,137,parso_node_ast,0,1
qwen3,Full-FT,D,4059__repeat_4,4059,scikit,scikit,absolute,142,parso_node_ast,0,1
qwen3,Full-FT,D,4059__repeat_4,4059,scikit,scikit,absolute,147,parso_node_ast,0,1
qwen3,Full-FT,D,4059__repeat_4,4059,scikit,scikit,absolute,152,parso_node_ast,0,1
qwen3,Full-FT,D,4059__repeat_4,4059,scikit,scikit,absolute,157,parso_node_ast,0,1
qwen3,Full-FT,D,4059__repeat_4,4059,scikit,scikit,absolute,162,parso_node_ast,0,1
qwen3,Full-FT,D,4059__repeat_4,4059,scikit,scikit,absolute,167,parso_node_ast,0,1
qwen3,Full-FT,D,4059__repeat_4,4059,scikit,scikit,absolute,172,parso_node_ast,0,1
qwen3,Full-FT,D,4059__repeat_4,4059,scikit,scikit,absolute,177,parso_node_ast,0,1
qwen3,Full-FT,D,4059__repeat_4,4059,scikit,scikit,absolute,182,parso_node_ast,0,1
qwen3,Full-FT,D,4059__repeat_4,4059,scikit,scikit,absolute,187,parso_node_ast,0,1
qwen3,Full-FT,D,4059__repeat_4,4059,scikit,scikit,absolute,192,parso_node_ast,0,1
qwen3,Full-FT,D,4059__repeat_4,4059,scikit,scikit,absolute,197,parso_node_ast,0,1
qwen3,Full-FT,D,4059__repeat_4,4059,scikit,scikit,absolute,202,parso_node_ast,0,1
qwen3,Full-FT,D,4059__repeat_4,4059,scikit,scikit,absolute,207,parso_node_ast,0,1
qwen3,Full-FT,D,4059__repeat_4,4059,scikit,scikit,absolute,212,parso_node_ast,0,1
qwen3,Full-FT,D,4059__repeat_4,4059,scikit,scikit,absolute,217,parso_node_ast,0,1
qwen3,Full-FT,D,4059__repeat_4,4059,scikit,scikit,absolute,222,parso_node_ast,0,1
qwen3,Full-FT,D,4059__repeat_4,4059,scikit,scikit,absolute,227,parso_node_ast,0,1
qwen3,Full-FT,D,4059__repeat_4,4059,scikit,scikit,absolute,232,parso_node_ast,0,1
qwen3,Full-FT,D,4059__repeat_4,4059,scikit,scikit,absolute,237,parso_node_ast,0,1
qwen3,Full-FT,D,4059__repeat_4,4059,scikit,scikit,absolute,242,parso_node_ast,0,1
qwen3,Full-FT,D,4059__repeat_4,4059,scikit,scikit,absolute,247,parso_node_ast,0,1
qwen3,Full-FT,D,4059__repeat_4,4059,scikit,scikit,absolute,252,parso_node_ast,0,1
qwen3,Full-FT,D,4059__repeat_4,4059,scikit,scikit,absolute,257,parso_node_ast,0,1
qwen3,Full-FT,D,4059__repeat_4,4059,scikit,scikit,absolute,262,parso_node_ast,0,1
qwen3,Full-FT,D,4059__repeat_4,4059,scikit,scikit,absolute,267,parso_node_ast,0,1
qwen3,Full-FT,D,4059__repeat_4,4059,scikit,scikit,absolute,272,parso_node_ast,0,1
qwen3,Full-FT,D,4059__repeat_4,4059,scikit,scikit,absolute,277,parso_node_ast,0,1
qwen3,Full-FT,D,4059__repeat_4,4059,scikit,scikit,absolute,282,parso_node_ast,0,1
qwen3,Full-FT,D,4059__repeat_4,4059,scikit,scikit,absolute,287,parso_node_ast,0,1
qwen3,Full-FT,D,4059__repeat_4,4059,scikit,scikit,absolute,292,parso_node_ast,0,1
qwen3,Full-FT,D,4059__repeat_4,4059,scikit,scikit,absolute,297,parso_node_ast,0,1
qwen3,Full-FT,D,4059__repeat_4,4059,scikit,scikit,absolute,302,parso_node_ast,0,1
qwen3,Full-FT,D,4059__repeat_4,4059,scikit,scikit,absolute,307,parso_node_ast,0,1
qwen3,Full-FT,D,4059__repeat_4,4059,scikit,scikit,absolute,312,parso_node_ast,0,1
qwen3,Full-FT,D,4059__repeat_4,4059,scikit,scikit,absolute,317,parso_node_ast,0,1
qwen3,Full-FT,D,4059__repeat_4,4059,scikit,scikit,absolute,322,parso_node_ast,0,1
qwen3,Full-FT,D,4059__repeat_4,4059,scikit,scikit,absolute,327,parso_node_ast,0,1
qwen3,Full-FT,D,4059__repeat_4,4059,scikit,scikit,absolute,332,parso_node_ast,0,1
qwen3,Full-FT,D,4059__repeat_4,4059,scikit,scikit,absolute,337,parso_node_ast,0,1
qwen3,Full-FT,D,4059__repeat_4,4059,scikit,scikit,absolute,342,parso_node_ast,0,1
qwen3,Full-FT,D,4059__repeat_4,4059,scikit,scikit,absolute,347,parso_node_ast,0,1
qwen3,Full-FT,D,4059__repeat_4,4059,scikit,scikit,absolute,352,parso_node_ast,0,1
qwen3,Full-FT,D,4059__repeat_4,4059,scikit,scikit,absolute,357,parso_node_ast,0,1
qwen3,Full-FT,D,4059__repeat_4,4059,scikit,scikit,absolute,362,parso_node_ast,0,1
qwen3,Full-FT,D,4059__repeat_4,4059,scikit,scikit,absolute,367,parso_node_ast,0,1
qwen3,Full-FT,D,4059__repeat_4,4059,scikit,scikit,absolute,372,parso_node_ast,0,1
qwen3,Full-FT,D,4059__repeat_4,4059,scikit,scikit,absolute,377,parso_node_ast,0,1
qwen3,Full-FT,D,4059__repeat_4,4059,scikit,scikit,absolute,382,parso_node_ast,0,1
qwen3,Full-FT,D,4059__repeat_4,4059,scikit,scikit,absolute,387,parso_node_ast,0,1
qwen3,Full-FT,D,4059__repeat_4,4059,scikit,scikit,absolute,392,parso_node_ast,0,1
qwen3,Full-FT,D,4059__repeat_4,4059,scikit,scikit,absolute,397,parso_node_ast,0,1
qwen3,Full-FT,D,4059__repeat_4,4059,scikit,scikit,absolute,402,parso_node_ast,0,1
qwen3,Full-FT,D,4059__repeat_4,4059,scikit,scikit,absolute,407,parso_node_ast,0,1
qwen3,Full-FT,D,4059__repeat_4,4059,scikit,scikit,absolute,412,parso_node_ast,0,1
qwen3,Full-FT,D,4059__repeat_4,4059,scikit,scikit,absolute,417,parso_node_ast,0,1
qwen3,Full-FT,D,4059__repeat_4,4059,scikit,scikit,absolute,422,parso_node_ast,0,1
qwen3,Full-FT,D,4059__repeat_4,4059,scikit,scikit,absolute,427,parso_node_ast,0,1
qwen3,Full-FT,D,4059__repeat_4,4059,scikit,scikit,absolute,432,parso_node_ast,0,1
qwen3,Full-FT,D,4059__repeat_4,4059,scikit,scikit,absolute,437,parso_node_ast,0,1
qwen3,Full-FT,D,4059__repeat_4,4059,scikit,scikit,absolute,442,parso_node_ast,0,1
qwen3,Full-FT,D,4059__repeat_4,4059,scikit,scikit,absolute,447,parso_node_ast,0,1
qwen3,Full-FT,D,4059__repeat_4,4059,scikit,scikit,absolute,452,parso_node_ast,0,1
qwen3,Full-FT,D,4059__repeat_4,4059,scikit,scikit,absolute,457,parso_node_ast,0,1
qwen3,Full-FT,D,4059__repeat_4,4059,scikit,scikit,absolute,462,parso_node_ast,0,1
qwen3,Full-FT,D,4059__repeat_4,4059,scikit,scikit,absolute,467,parso_node_ast,0,1
qwen3,Full-FT,D,4059__repeat_4,4059,scikit,scikit,absolute,472,parso_node_ast,0,1
qwen3,Full-FT,D,4059__repeat_4,4059,scikit,scikit,absolute,477,parso_node_ast,0,1
qwen3,Full-FT,D,4059__repeat_4,4059,scikit,scikit,absolute,482,parso_node_ast,0,1
qwen3,Full-FT,D,4059__repeat_4,4059,scikit,scikit,absolute,487,parso_node_ast,0,1
qwen3,Full-FT,D,4059__repeat_4,4059,scikit,scikit,absolute,492,parso_node_ast,0,1
qwen3,Full-FT,D,4059__repeat_4,4059,scikit,scikit,absolute,497,parso_node_ast,0,1
qwen3,Full-FT,D,4059__repeat_4,4059,scikit,scikit,absolute,502,parso_node_ast,0,1
qwen3,Full-FT,D,4059__repeat_4,4059,scikit,scikit,absolute,507,parso_node_ast,0,1
qwen3,Full-FT,D,4059__repeat_4,4059,scikit,scikit,absolute,512,parso_node_ast,0,1
qwen3,Full-FT,D,4059__repeat_4,4059,scikit,scikit,absolute,517,parso_node_ast,0,1
qwen3,Full-FT,D,4059__repeat_4,4059,scikit,scikit,absolute,522,parso_node_ast,0,1
qwen3,Full-FT,D,4059__repeat_4,4059,scikit,scikit,absolute,527,parso_node_ast,0,1
qwen3,Full-FT,D,4059__repeat_4,4059,scikit,scikit,absolute,532,parso_node_ast,0,1
qwen3,Full-FT,D,4059__repeat_4,4059,scikit,scikit,absolute,537,parso_node_ast,0,1
qwen3,Full-FT,D,4059__repeat_4,4059,scikit,scikit,absolute,542,parso_node_ast,0,1
qwen3,Full-FT,D,4059__repeat_4,4059,scikit,scikit,absolute,547,parso_node_ast,0,1
qwen3,Full-FT,D,4059__repeat_4,4059,scikit,scikit,absolute,552,parso_node_ast,0,1
qwen3,Full-FT,D,4059__repeat_4,4059,scikit,scikit,absolute,557,parso_node_ast,0,1
qwen3,Full-FT,D,19__repeat_1,19,torch,torch,absolute,1,parso_node_ast,0,1
qwen3,Full-FT,D,19__repeat_1,19,numpy,numpy,absolute,1,parso_node_ast,0,1
qwen3,Full-FT,D,19__repeat_1,19,pandas,pandas,absolute,1,parso_node_ast,0,1
qwen3,Full-FT,D,19__repeat_1,19,scikit,scikit,absolute,1,parso_node_ast,0,1
qwen3,Full-FT,D,229__repeat_1,229,mypy,mypy,absolute,4,parso_node_ast,0,1
qwen3,Full-FT,D,4227__repeat_3,4227,sphinx,sphinx,absolute,1,parso_node_ast,0,1
qwen3,Full-FT,D,4227__repeat_3,4227,sphinx,sphinx,absolute,1,parso_node_ast,0,1
qwen3,Full-FT,D,4227__repeat_3,4227,sphinx,sphinx,absolute,3,parso_node_ast,0,1
qwen3,Full-FT,D,321__repeat_2,321,numpy,numpy,absolute,1,parso_node_ast,0,1
qwen3,Full-FT,D,321__repeat_2,321,pandas,pandas,absolute,1,parso_node_ast,0,1
qwen3,Full-FT,D,321__repeat_2,321,scikit,scikit,absolute,1,parso_node_ast,0,1
qwen3,Full-FT,D,321__repeat_4,321,numpy,numpy,absolute,1,parso_node_ast,0,0
qwen3,Full-FT,D,321__repeat_4,321,pandas,pandas,absolute,1,parso_node_ast,0,1
qwen3,Full-FT,D,321__repeat_4,321,scikit,scikit,absolute,1,parso_node_ast,0,1
qwen3,Full-FT,D,4374__repeat_2,4374,requests,requests,absolute,1,parso_node_ast,0,1
qwen3,Full-FT,D,4374__repeat_2,4374,urllib3,urllib3,absolute,1,parso_node_ast,0,1
qwen3,Full-FT,D,4374__repeat_2,4374,cryptography,cryptography,absolute,1,parso_node_ast,0,1
qwen3,Full-FT,D,4374__repeat_2,4374,ecdsa,ecdsa,absolute,1,parso_node_ast,0,1
qwen3,Full-FT,D,4374__repeat_2,4374,hashlib,hashlib,standard_library,1,parso_node_ast,0,1
qwen3,Full-FT,D,4374__repeat_2,4374,jinja2,jinja2,absolute,1,parso_node_ast,0,1
qwen3,Full-FT,D,4374__repeat_2,4374,nettle,nettle,absolute,1,parso_node_ast,0,1
qwen3,Full-FT,D,4374__repeat_2,4374,numpy,numpy,absolute,1,parso_node_ast,0,1
qwen3,Full-FT,D,4374__repeat_2,4374,pandas,pandas,absolute,1,parso_node_ast,0,1
qwen3,Full-FT,D,4374__repeat_2,4374,scikit,scikit,absolute,1,parso_node_ast,0,1
qwen3,Full-FT,D,4374__repeat_5,4374,base64,base64,standard_library,1,parso_node_ast,0,1
qwen3,Full-FT,D,4374__repeat_5,4374,cryptography,cryptography,absolute,1,parso_node_ast,0,1
qwen3,Full-FT,D,4374__repeat_5,4374,ecdsa,ecdsa,absolute,1,parso_node_ast,0,1
qwen3,Full-FT,D,4374__repeat_5,4374,hashlib,hashlib,standard_library,1,parso_node_ast,0,1
qwen3,Full-FT,D,4374__repeat_5,4374,json,json,standard_library,1,parso_node_ast,0,1
qwen3,Full-FT,D,4374__repeat_5,4374,keyring,keyring,absolute,1,parso_node_ast,0,1
qwen3,Full-FT,D,4374__repeat_5,4374,numpy,numpy,absolute,1,parso_node_ast,0,1
qwen3,Full-FT,D,4374__repeat_5,4374,pandas,pandas,absolute,1,parso_node_ast,0,1
qwen3,Full-FT,D,4374__repeat_5,4374,scikit,scikit,absolute,1,parso_node_ast,0,1
qwen3,Full-FT,D,2832__repeat_4,2832,pytest,pytest,absolute,1,parso_node_ast,0,1
qwen3,Full-FT,D,2832__repeat_4,2832,pytest,pytest,absolute,1,parso_node_ast,0,1
qwen3,Full-FT,D,2832__repeat_5,2832,pytest,pytest,absolute,1,parso_node_ast,0,1
qwen3,Full-FT,D,2832__repeat_5,2832,pytest,pytest,absolute,1,parso_node_ast,0,1
qwen3,Full-FT,D,1915__repeat_3,1915,bedtools,bedtools,absolute,2,parso_node_ast,0,1
qwen3,Full-FT,D,1915__repeat_3,1915,pandas,pandas,absolute,2,parso_node_ast,0,0
qwen3,Full-FT,D,1915__repeat_3,1915,numpy,numpy,absolute,2,parso_node_ast,0,0
qwen3,Full-FT,D,1915__repeat_3,1915,matplotlib,matplotlib,absolute,2,parso_node_ast,0,1
qwen3,Full-FT,D,1915__repeat_3,1915,scikit,scikit,absolute,2,parso_node_ast,0,1
qwen3,Full-FT,D,1915__repeat_3,1915,numpy,numpy,absolute,6,parso_node_ast,0,0
qwen3,Full-FT,D,1915__repeat_3,1915,pandas,pandas,absolute,6,parso_node_ast,0,0
qwen3,Full-FT,D,1915__repeat_3,1915,scikit,scikit,absolute,6,parso_node_ast,0,1
qwen3,Full-FT,D,1915__repeat_3,1915,numpy,numpy,absolute,10,parso_node_ast,0,0
qwen3,Full-FT,D,1915__repeat_3,1915,pandas,pandas,absolute,10,parso_node_ast,0,0
qwen3,Full-FT,D,1915__repeat_3,1915,scikit,scikit,absolute,10,parso_node_ast,0,1
qwen3,Full-FT,D,1915__repeat_3,1915,numpy,numpy,absolute,14,parso_node_ast,0,0
qwen3,Full-FT,D,1915__repeat_3,1915,pandas,pandas,absolute,14,parso_node_ast,0,0
qwen3,Full-FT,D,1915__repeat_3,1915,scikit,scikit,absolute,14,parso_node_ast,0,1
qwen3,Full-FT,D,1915__repeat_3,1915,numpy,numpy,absolute,18,parso_node_ast,0,0
qwen3,Full-FT,D,1915__repeat_3,1915,pandas,pandas,absolute,18,parso_node_ast,0,0
qwen3,Full-FT,D,1915__repeat_3,1915,scikit,scikit,absolute,18,parso_node_ast,0,1
qwen3,Full-FT,D,1915__repeat_3,1915,numpy,numpy,absolute,22,parso_node_ast,0,0
qwen3,Full-FT,D,1915__repeat_3,1915,pandas,pandas,absolute,22,parso_node_ast,0,0
qwen3,Full-FT,D,1915__repeat_3,1915,scikit,scikit,absolute,22,parso_node_ast,0,1
qwen3,Full-FT,D,1915__repeat_3,1915,numpy,numpy,absolute,26,parso_node_ast,0,0
qwen3,Full-FT,D,1915__repeat_3,1915,pandas,pandas,absolute,26,parso_node_ast,0,0
qwen3,Full-FT,D,1915__repeat_3,1915,scikit,scikit,absolute,26,parso_node_ast,0,1
qwen3,Full-FT,D,1915__repeat_3,1915,numpy,numpy,absolute,30,parso_node_ast,0,0
qwen3,Full-FT,D,1915__repeat_3,1915,pandas,pandas,absolute,30,parso_node_ast,0,0
qwen3,Full-FT,D,1915__repeat_3,1915,scikit,scikit,absolute,30,parso_node_ast,0,1
qwen3,Full-FT,D,1915__repeat_3,1915,numpy,numpy,absolute,34,parso_node_ast,0,0
qwen3,Full-FT,D,1915__repeat_3,1915,pandas,pandas,absolute,34,parso_node_ast,0,0
qwen3,Full-FT,D,1915__repeat_3,1915,scikit,scikit,absolute,34,parso_node_ast,0,1
qwen3,Full-FT,D,1915__repeat_3,1915,numpy,numpy,absolute,38,parso_node_ast,0,0
qwen3,Full-FT,D,1915__repeat_3,1915,pandas,pandas,absolute,38,parso_node_ast,0,0
qwen3,Full-FT,D,1915__repeat_3,1915,scikit,scikit,absolute,38,parso_node_ast,0,1
qwen3,Full-FT,D,1915__repeat_3,1915,numpy,numpy,absolute,42,parso_node_ast,0,0
qwen3,Full-FT,D,1915__repeat_3,1915,pandas,pandas,absolute,42,parso_node_ast,0,0
qwen3,Full-FT,D,1915__repeat_3,1915,scikit,scikit,absolute,42,parso_node_ast,0,1
qwen3,Full-FT,D,1915__repeat_3,1915,numpy,numpy,absolute,46,parso_node_ast,0,0
qwen3,Full-FT,D,1915__repeat_3,1915,pandas,pandas,absolute,46,parso_node_ast,0,0
qwen3,Full-FT,D,1915__repeat_3,1915,scikit,scikit,absolute,46,parso_node_ast,0,1
qwen3,Full-FT,D,1915__repeat_3,1915,numpy,numpy,absolute,50,parso_node_ast,0,0
qwen3,Full-FT,D,1915__repeat_3,1915,pandas,pandas,absolute,50,parso_node_ast,0,0
qwen3,Full-FT,D,1915__repeat_3,1915,scikit,scikit,absolute,50,parso_node_ast,0,1
qwen3,Full-FT,D,1915__repeat_3,1915,numpy,numpy,absolute,54,parso_node_ast,0,0
qwen3,Full-FT,D,1915__repeat_3,1915,pandas,pandas,absolute,54,parso_node_ast,0,0
qwen3,Full-FT,D,1915__repeat_3,1915,scikit,scikit,absolute,54,parso_node_ast,0,1
qwen3,Full-FT,D,1915__repeat_3,1915,numpy,numpy,absolute,58,parso_node_ast,0,0
qwen3,Full-FT,D,1915__repeat_3,1915,pandas,pandas,absolute,58,parso_node_ast,0,0
qwen3,Full-FT,D,1915__repeat_3,1915,scikit,scikit,absolute,58,parso_node_ast,0,1
qwen3,Full-FT,D,1915__repeat_3,1915,numpy,numpy,absolute,62,parso_node_ast,0,0
qwen3,Full-FT,D,1915__repeat_3,1915,pandas,pandas,absolute,62,parso_node_ast,0,0
qwen3,Full-FT,D,1915__repeat_3,1915,scikit,scikit,absolute,62,parso_node_ast,0,1
qwen3,Full-FT,D,1915__repeat_3,1915,numpy,numpy,absolute,66,parso_node_ast,0,0
qwen3,Full-FT,D,1915__repeat_3,1915,pandas,pandas,absolute,66,parso_node_ast,0,0
qwen3,Full-FT,D,1915__repeat_3,1915,scikit,scikit,absolute,66,parso_node_ast,0,1
qwen3,Full-FT,D,1915__repeat_3,1915,numpy,numpy,absolute,70,parso_node_ast,0,0
qwen3,Full-FT,D,1915__repeat_3,1915,pandas,pandas,absolute,70,parso_node_ast,0,0
qwen3,Full-FT,D,1915__repeat_3,1915,scikit,scikit,absolute,70,parso_node_ast,0,1
qwen3,Full-FT,D,1915__repeat_3,1915,numpy,numpy,absolute,74,parso_node_ast,0,0
qwen3,Full-FT,D,1915__repeat_3,1915,pandas,pandas,absolute,74,parso_node_ast,0,0
qwen3,Full-FT,D,1915__repeat_3,1915,scikit,scikit,absolute,74,parso_node_ast,0,1
qwen3,Full-FT,D,1915__repeat_3,1915,numpy,numpy,absolute,78,parso_node_ast,0,0
qwen3,Full-FT,D,1915__repeat_3,1915,pandas,pandas,absolute,78,parso_node_ast,0,0
qwen3,Full-FT,D,1915__repeat_3,1915,scikit,scikit,absolute,78,parso_node_ast,0,1
qwen3,Full-FT,D,1915__repeat_3,1915,numpy,numpy,absolute,82,parso_node_ast,0,0
qwen3,Full-FT,D,1915__repeat_3,1915,pandas,pandas,absolute,82,parso_node_ast,0,0
qwen3,Full-FT,D,1915__repeat_3,1915,scikit,scikit,absolute,82,parso_node_ast,0,1
qwen3,Full-FT,D,1915__repeat_3,1915,numpy,numpy,absolute,86,parso_node_ast,0,0
qwen3,Full-FT,D,1915__repeat_3,1915,pandas,pandas,absolute,86,parso_node_ast,0,0
qwen3,Full-FT,D,1915__repeat_3,1915,scikit,scikit,absolute,86,parso_node_ast,0,1
qwen3,Full-FT,D,1915__repeat_3,1915,numpy,numpy,absolute,90,parso_node_ast,0,0
qwen3,Full-FT,D,1915__repeat_3,1915,pandas,pandas,absolute,90,parso_node_ast,0,0
qwen3,Full-FT,D,1915__repeat_3,1915,scikit,scikit,absolute,90,parso_node_ast,0,1
qwen3,Full-FT,D,1915__repeat_3,1915,numpy,numpy,absolute,94,parso_node_ast,0,0
qwen3,Full-FT,D,1915__repeat_3,1915,pandas,pandas,absolute,94,parso_node_ast,0,0
qwen3,Full-FT,D,1915__repeat_3,1915,scikit,scikit,absolute,94,parso_node_ast,0,1
qwen3,Full-FT,D,1915__repeat_3,1915,numpy,numpy,absolute,98,parso_node_ast,0,0
qwen3,Full-FT,D,1915__repeat_3,1915,pandas,pandas,absolute,98,parso_node_ast,0,0
qwen3,Full-FT,D,1915__repeat_3,1915,scikit,scikit,absolute,98,parso_node_ast,0,1
qwen3,Full-FT,D,1915__repeat_3,1915,numpy,numpy,absolute,102,parso_node_ast,0,0
qwen3,Full-FT,D,1915__repeat_3,1915,pandas,pandas,absolute,102,parso_node_ast,0,0
qwen3,Full-FT,D,1915__repeat_3,1915,scikit,scikit,absolute,102,parso_node_ast,0,1
qwen3,Full-FT,D,1915__repeat_3,1915,numpy,numpy,absolute,106,parso_node_ast,0,0
qwen3,Full-FT,D,1915__repeat_3,1915,pandas,pandas,absolute,106,parso_node_ast,0,0
qwen3,Full-FT,D,1915__repeat_3,1915,scikit,scikit,absolute,106,parso_node_ast,0,1
qwen3,Full-FT,D,1915__repeat_3,1915,numpy,numpy,absolute,110,parso_node_ast,0,0
qwen3,Full-FT,D,1915__repeat_3,1915,pandas,pandas,absolute,110,parso_node_ast,0,0
qwen3,Full-FT,D,1915__repeat_3,1915,scikit,scikit,absolute,110,parso_node_ast,0,1
qwen3,Full-FT,D,1915__repeat_3,1915,numpy,numpy,absolute,114,parso_node_ast,0,0
qwen3,Full-FT,D,1915__repeat_3,1915,pandas,pandas,absolute,114,parso_node_ast,0,0
qwen3,Full-FT,D,1915__repeat_3,1915,scikit,scikit,absolute,114,parso_node_ast,0,1
qwen3,Full-FT,D,1915__repeat_3,1915,numpy,numpy,absolute,118,parso_node_ast,0,0
qwen3,Full-FT,D,1915__repeat_3,1915,pandas,pandas,absolute,118,parso_node_ast,0,0
qwen3,Full-FT,D,1915__repeat_3,1915,scikit,scikit,absolute,118,parso_node_ast,0,1
qwen3,Full-FT,D,1915__repeat_3,1915,numpy,numpy,absolute,122,parso_node_ast,0,0
qwen3,Full-FT,D,1915__repeat_3,1915,pandas,pandas,absolute,122,parso_node_ast,0,0
qwen3,Full-FT,D,1915__repeat_3,1915,scikit,scikit,absolute,122,parso_node_ast,0,1
qwen3,Full-FT,D,1915__repeat_3,1915,numpy,numpy,absolute,126,parso_node_ast,0,0
qwen3,Full-FT,D,1915__repeat_3,1915,pandas,pandas,absolute,126,parso_node_ast,0,0
qwen3,Full-FT,D,1915__repeat_3,1915,scikit,scikit,absolute,126,parso_node_ast,0,1
qwen3,Full-FT,D,1915__repeat_3,1915,numpy,numpy,absolute,130,parso_node_ast,0,0
qwen3,Full-FT,D,1915__repeat_3,1915,pandas,pandas,absolute,130,parso_node_ast,0,0
qwen3,Full-FT,D,1915__repeat_3,1915,scikit,scikit,absolute,130,parso_node_ast,0,1
qwen3,Full-FT,D,1915__repeat_3,1915,numpy,numpy,absolute,134,parso_node_ast,0,0
qwen3,Full-FT,D,1915__repeat_3,1915,pandas,pandas,absolute,134,parso_node_ast,0,0
qwen3,Full-FT,D,1915__repeat_3,1915,scikit,scikit,absolute,134,parso_node_ast,0,1
qwen3,Full-FT,D,1915__repeat_3,1915,numpy,numpy,absolute,138,parso_node_ast,0,0
qwen3,Full-FT,D,1915__repeat_3,1915,pandas,pandas,absolute,138,parso_node_ast,0,0
qwen3,Full-FT,D,1915__repeat_3,1915,scikit,scikit,absolute,138,parso_node_ast,0,1
qwen3,Full-FT,D,1915__repeat_3,1915,numpy,numpy,absolute,142,parso_node_ast,0,0
qwen3,Full-FT,D,1915__repeat_3,1915,pandas,pandas,absolute,142,parso_node_ast,0,0
qwen3,Full-FT,D,1915__repeat_3,1915,scikit,scikit,absolute,142,parso_node_ast,0,1
qwen3,Full-FT,D,1915__repeat_3,1915,numpy,numpy,absolute,146,parso_node_ast,0,0
qwen3,Full-FT,D,1915__repeat_3,1915,pandas,pandas,absolute,146,parso_node_ast,0,0
qwen3,Full-FT,D,1915__repeat_3,1915,scikit,scikit,absolute,146,parso_node_ast,0,1
qwen3,Full-FT,D,1915__repeat_3,1915,numpy,numpy,absolute,150,parso_node_ast,0,0
qwen3,Full-FT,D,1915__repeat_3,1915,pandas,pandas,absolute,150,parso_node_ast,0,0
qwen3,Full-FT,D,1915__repeat_3,1915,scikit,scikit,absolute,150,parso_node_ast,0,1
qwen3,Full-FT,D,1915__repeat_3,1915,numpy,numpy,absolute,154,parso_node_ast,0,0
qwen3,Full-FT,D,1915__repeat_3,1915,pandas,pandas,absolute,154,parso_node_ast,0,0
qwen3,Full-FT,D,1915__repeat_3,1915,scikit,scikit,absolute,154,parso_node_ast,0,1
qwen3,Full-FT,D,1915__repeat_3,1915,numpy,numpy,absolute,158,parso_node_ast,0,0
qwen3,Full-FT,D,1915__repeat_3,1915,pandas,pandas,absolute,158,parso_node_ast,0,0
qwen3,Full-FT,D,1915__repeat_3,1915,scikit,scikit,absolute,158,parso_node_ast,0,1
qwen3,Full-FT,D,1915__repeat_3,1915,numpy,numpy,absolute,162,parso_node_ast,0,0
qwen3,Full-FT,D,1915__repeat_3,1915,pandas,pandas,absolute,162,parso_node_ast,0,0
qwen3,Full-FT,D,1915__repeat_3,1915,scikit,scikit,absolute,162,parso_node_ast,0,1
qwen3,Full-FT,D,1915__repeat_3,1915,numpy,numpy,absolute,166,parso_node_ast,0,0
qwen3,Full-FT,D,1915__repeat_3,1915,pandas,pandas,absolute,166,parso_node_ast,0,0
qwen3,Full-FT,D,1915__repeat_3,1915,scikit,scikit,absolute,166,parso_node_ast,0,1
qwen3,Full-FT,D,1915__repeat_3,1915,numpy,numpy,absolute,170,parso_node_ast,0,0
qwen3,Full-FT,D,1915__repeat_3,1915,pandas,pandas,absolute,170,parso_node_ast,0,0
qwen3,Full-FT,D,1915__repeat_3,1915,scikit,scikit,absolute,170,parso_node_ast,0,1
qwen3,Full-FT,D,1915__repeat_4,1915,numpy,numpy,absolute,1,parso_node_ast,0,1
qwen3,Full-FT,D,1915__repeat_4,1915,pandas,pandas,absolute,1,parso_node_ast,0,1
qwen3,Full-FT,D,1915__repeat_4,1915,pyarrow,pyarrow,absolute,1,parso_node_ast,0,1
qwen3,Full-FT,D,1915__repeat_4,1915,scikit,scikit,absolute,1,parso_node_ast,0,1
qwen3,Full-FT,D,1915__repeat_5,1915,pandas,pandas,absolute,1,parso_node_ast,0,1
qwen3,Full-FT,D,1915__repeat_5,1915,numpy,numpy,absolute,1,parso_node_ast,0,1
qwen3,Full-FT,D,1915__repeat_5,1915,scikit,scikit,absolute,1,parso_node_ast,0,1
qwen3,Full-FT,D,3349__repeat_5,3349,jinja2,jinja2,absolute,2,parso_node_ast,0,0
qwen3,Full-FT,D,3349__repeat_5,3349,markdown,markdown,absolute,2,parso_node_ast,0,0
qwen3,Full-FT,D,3349__repeat_5,3349,numpy,numpy,absolute,2,parso_node_ast,0,1
qwen3,Full-FT,D,3349__repeat_5,3349,pandas,pandas,absolute,2,parso_node_ast,0,1
qwen3,Full-FT,D,3349__repeat_5,3349,scikit,scikit,absolute,2,parso_node_ast,0,1
qwen3,Full-FT,D,3349__repeat_5,3349,numpy,numpy,absolute,5,parso_node_ast,0,1
qwen3,Full-FT,D,3349__repeat_5,3349,pandas,pandas,absolute,6,parso_node_ast,0,1
qwen3,Full-FT,D,3349__repeat_5,3349,seaborn,seaborn,absolute,8,parso_node_ast,0,1
qwen3,Full-FT,D,3349__repeat_5,3349,jinja2,jinja2,absolute,9,parso_node_ast,0,0
qwen3,Full-FT,D,3349__repeat_5,3349,markdown,markdown,absolute,9,parso_node_ast,0,0
qwen3,Full-FT,D,3349__repeat_5,3349,numpy,numpy,absolute,9,parso_node_ast,0,1
qwen3,Full-FT,D,3349__repeat_5,3349,pandas,pandas,absolute,9,parso_node_ast,0,1
qwen3,Full-FT,D,3349__repeat_5,3349,scikit,scikit,absolute,9,parso_node_ast,0,1
qwen3,Full-FT,D,3349__repeat_5,3349,numpy,numpy,absolute,12,parso_node_ast,0,1
qwen3,Full-FT,D,3349__repeat_5,3349,pandas,pandas,absolute,13,parso_node_ast,0,1
qwen3,Full-FT,D,3349__repeat_5,3349,seaborn,seaborn,absolute,15,parso_node_ast,0,1
qwen3,Full-FT,D,3349__repeat_5,3349,jinja2,jinja2,absolute,16,parso_node_ast,0,0
qwen3,Full-FT,D,3349__repeat_5,3349,markdown,markdown,absolute,16,parso_node_ast,0,0
qwen3,Full-FT,D,3349__repeat_5,3349,numpy,numpy,absolute,16,parso_node_ast,0,1
qwen3,Full-FT,D,3349__repeat_5,3349,pandas,pandas,absolute,16,parso_node_ast,0,1
qwen3,Full-FT,D,3349__repeat_5,3349,scikit,scikit,absolute,16,parso_node_ast,0,1
qwen3,Full-FT,D,3349__repeat_5,3349,numpy,numpy,absolute,19,parso_node_ast,0,1
qwen3,Full-FT,D,3349__repeat_5,3349,pandas,pandas,absolute,20,parso_node_ast,0,1
qwen3,Full-FT,D,3349__repeat_5,3349,seaborn,seaborn,absolute,22,parso_node_ast,0,1
qwen3,Full-FT,D,3349__repeat_5,3349,jinja2,jinja2,absolute,23,parso_node_ast,0,0
qwen3,Full-FT,D,3349__repeat_5,3349,markdown,markdown,absolute,23,parso_node_ast,0,0
qwen3,Full-FT,D,3349__repeat_5,3349,numpy,numpy,absolute,23,parso_node_ast,0,1
qwen3,Full-FT,D,3349__repeat_5,3349,pandas,pandas,absolute,23,parso_node_ast,0,1
qwen3,Full-FT,D,3349__repeat_5,3349,scikit,scikit,absolute,23,parso_node_ast,0,1
qwen3,Full-FT,D,3349__repeat_5,3349,numpy,numpy,absolute,26,parso_node_ast,0,1
qwen3,Full-FT,D,3349__repeat_5,3349,pandas,pandas,absolute,27,parso_node_ast,0,1
qwen3,Full-FT,D,3349__repeat_5,3349,seaborn,seaborn,absolute,29,parso_node_ast,0,1
qwen3,Full-FT,D,3349__repeat_5,3349,jinja2,jinja2,absolute,30,parso_node_ast,0,0
qwen3,Full-FT,D,3349__repeat_5,3349,markdown,markdown,absolute,30,parso_node_ast,0,0
qwen3,Full-FT,D,3349__repeat_5,3349,numpy,numpy,absolute,30,parso_node_ast,0,1
qwen3,Full-FT,D,3349__repeat_5,3349,pandas,pandas,absolute,30,parso_node_ast,0,1
qwen3,Full-FT,D,3349__repeat_5,3349,scikit,scikit,absolute,30,parso_node_ast,0,1
qwen3,Full-FT,D,3349__repeat_5,3349,numpy,numpy,absolute,33,parso_node_ast,0,1
qwen3,Full-FT,D,3349__repeat_5,3349,pandas,pandas,absolute,34,parso_node_ast,0,1
qwen3,Full-FT,D,3349__repeat_5,3349,seaborn,seaborn,absolute,36,parso_node_ast,0,1
qwen3,Full-FT,D,3349__repeat_5,3349,jinja2,jinja2,absolute,37,parso_node_ast,0,0
qwen3,Full-FT,D,3349__repeat_5,3349,markdown,markdown,absolute,37,parso_node_ast,0,0
qwen3,Full-FT,D,3349__repeat_5,3349,numpy,numpy,absolute,37,parso_node_ast,0,1
qwen3,Full-FT,D,3349__repeat_5,3349,pandas,pandas,absolute,37,parso_node_ast,0,1
qwen3,Full-FT,D,3349__repeat_5,3349,scikit,scikit,absolute,37,parso_node_ast,0,1
qwen3,Full-FT,D,3349__repeat_5,3349,numpy,numpy,absolute,40,parso_node_ast,0,1
qwen3,Full-FT,D,3349__repeat_5,3349,pandas,pandas,absolute,41,parso_node_ast,0,1
qwen3,Full-FT,D,3349__repeat_5,3349,seaborn,seaborn,absolute,43,parso_node_ast,0,1
qwen3,Full-FT,D,3349__repeat_5,3349,jinja2,jinja2,absolute,44,parso_node_ast,0,0
qwen3,Full-FT,D,3349__repeat_5,3349,markdown,markdown,absolute,44,parso_node_ast,0,0
qwen3,Full-FT,D,3349__repeat_5,3349,numpy,numpy,absolute,44,parso_node_ast,0,1
qwen3,Full-FT,D,3349__repeat_5,3349,pandas,pandas,absolute,44,parso_node_ast,0,1
qwen3,Full-FT,D,3349__repeat_5,3349,scikit,scikit,absolute,44,parso_node_ast,0,1
qwen3,Full-FT,D,3349__repeat_5,3349,numpy,numpy,absolute,47,parso_node_ast,0,1
qwen3,Full-FT,D,3349__repeat_5,3349,pandas,pandas,absolute,48,parso_node_ast,0,1
qwen3,Full-FT,D,3349__repeat_5,3349,seaborn,seaborn,absolute,50,parso_node_ast,0,1
qwen3,Full-FT,D,3349__repeat_5,3349,jinja2,jinja2,absolute,51,parso_node_ast,0,0
qwen3,Full-FT,D,3349__repeat_5,3349,markdown,markdown,absolute,51,parso_node_ast,0,0
qwen3,Full-FT,D,3349__repeat_5,3349,numpy,numpy,absolute,51,parso_node_ast,0,1
qwen3,Full-FT,D,3349__repeat_5,3349,pandas,pandas,absolute,51,parso_node_ast,0,1
qwen3,Full-FT,D,3349__repeat_5,3349,scikit,scikit,absolute,51,parso_node_ast,0,1
qwen3,Full-FT,D,3349__repeat_5,3349,numpy,numpy,absolute,54,parso_node_ast,0,1
qwen3,Full-FT,D,3349__repeat_5,3349,pandas,pandas,absolute,55,parso_node_ast,0,1
qwen3,Full-FT,D,3349__repeat_5,3349,seaborn,seaborn,absolute,57,parso_node_ast,0,1
qwen3,Full-FT,D,3349__repeat_5,3349,jinja2,jinja2,absolute,58,parso_node_ast,0,0
qwen3,Full-FT,D,3349__repeat_5,3349,markdown,markdown,absolute,58,parso_node_ast,0,0
qwen3,Full-FT,D,3349__repeat_5,3349,numpy,numpy,absolute,58,parso_node_ast,0,1
qwen3,Full-FT,D,3349__repeat_5,3349,pandas,pandas,absolute,58,parso_node_ast,0,1
qwen3,Full-FT,D,3349__repeat_5,3349,scikit,scikit,absolute,58,parso_node_ast,0,1
qwen3,Full-FT,D,3349__repeat_5,3349,numpy,numpy,absolute,61,parso_node_ast,0,1
qwen3,Full-FT,D,3349__repeat_5,3349,pandas,pandas,absolute,62,parso_node_ast,0,1
qwen3,Full-FT,D,3349__repeat_5,3349,seaborn,seaborn,absolute,64,parso_node_ast,0,1
qwen3,Full-FT,D,3349__repeat_5,3349,jinja2,jinja2,absolute,65,parso_node_ast,0,0
qwen3,Full-FT,D,3349__repeat_5,3349,markdown,markdown,absolute,65,parso_node_ast,0,0
qwen3,Full-FT,D,3349__repeat_5,3349,numpy,numpy,absolute,65,parso_node_ast,0,1
qwen3,Full-FT,D,3349__repeat_5,3349,pandas,pandas,absolute,65,parso_node_ast,0,1
qwen3,Full-FT,D,3349__repeat_5,3349,scikit,scikit,absolute,65,parso_node_ast,0,1
qwen3,Full-FT,D,3349__repeat_5,3349,numpy,numpy,absolute,68,parso_node_ast,0,1
qwen3,Full-FT,D,3349__repeat_5,3349,pandas,pandas,absolute,69,parso_node_ast,0,1
qwen3,Full-FT,D,3349__repeat_5,3349,seaborn,seaborn,absolute,71,parso_node_ast,0,1
qwen3,Full-FT,D,3349__repeat_5,3349,jinja2,jinja2,absolute,72,parso_node_ast,0,0
qwen3,Full-FT,D,3349__repeat_5,3349,markdown,markdown,absolute,72,parso_node_ast,0,0
qwen3,Full-FT,D,3349__repeat_5,3349,numpy,numpy,absolute,72,parso_node_ast,0,1
qwen3,Full-FT,D,3349__repeat_5,3349,pandas,pandas,absolute,72,parso_node_ast,0,1
qwen3,Full-FT,D,3349__repeat_5,3349,scikit,scikit,absolute,72,parso_node_ast,0,1
qwen3,Full-FT,D,3349__repeat_5,3349,numpy,numpy,absolute,75,parso_node_ast,0,1
qwen3,Full-FT,D,3349__repeat_5,3349,pandas,pandas,absolute,76,parso_node_ast,0,1
qwen3,Full-FT,D,3349__repeat_5,3349,seaborn,seaborn,absolute,78,parso_node_ast,0,1
qwen3,Full-FT,D,3349__repeat_5,3349,jinja2,jinja2,absolute,79,parso_node_ast,0,0
qwen3,Full-FT,D,3349__repeat_5,3349,markdown,markdown,absolute,79,parso_node_ast,0,0
qwen3,Full-FT,D,3349__repeat_5,3349,numpy,numpy,absolute,79,parso_node_ast,0,1
qwen3,Full-FT,D,3349__repeat_5,3349,pandas,pandas,absolute,79,parso_node_ast,0,1
qwen3,Full-FT,D,3349__repeat_5,3349,scikit,scikit,absolute,79,parso_node_ast,0,1
qwen3,Full-FT,D,3349__repeat_5,3349,numpy,numpy,absolute,82,parso_node_ast,0,1
qwen3,Full-FT,D,3349__repeat_5,3349,pandas,pandas,absolute,83,parso_node_ast,0,1
qwen3,Full-FT,D,3349__repeat_5,3349,seaborn,seaborn,absolute,85,parso_node_ast,0,1
qwen3,Full-FT,D,3349__repeat_5,3349,jinja2,jinja2,absolute,86,parso_node_ast,0,0
qwen3,Full-FT,D,3349__repeat_5,3349,markdown,markdown,absolute,86,parso_node_ast,0,0
qwen3,Full-FT,D,3349__repeat_5,3349,numpy,numpy,absolute,86,parso_node_ast,0,1
qwen3,Full-FT,D,3349__repeat_5,3349,pandas,pandas,absolute,86,parso_node_ast,0,1
qwen3,Full-FT,D,3349__repeat_5,3349,scikit,scikit,absolute,86,parso_node_ast,0,1
qwen3,Full-FT,D,3349__repeat_5,3349,numpy,numpy,absolute,89,parso_node_ast,0,1
qwen3,Full-FT,D,3349__repeat_5,3349,pandas,pandas,absolute,90,parso_node_ast,0,1
qwen3,Full-FT,D,3349__repeat_5,3349,seaborn,seaborn,absolute,92,parso_node_ast,0,1
qwen3,Full-FT,D,3349__repeat_5,3349,jinja2,jinja2,absolute,93,parso_node_ast,0,0
qwen3,Full-FT,D,3349__repeat_5,3349,markdown,markdown,absolute,93,parso_node_ast,0,0
qwen3,Full-FT,D,3349__repeat_5,3349,numpy,numpy,absolute,93,parso_node_ast,0,1
qwen3,Full-FT,D,3349__repeat_5,3349,pandas,pandas,absolute,93,parso_node_ast,0,1
qwen3,Full-FT,D,3349__repeat_5,3349,scikit,scikit,absolute,93,parso_node_ast,0,1
qwen3,Full-FT,D,3349__repeat_5,3349,numpy,numpy,absolute,96,parso_node_ast,0,1
qwen3,Full-FT,D,3349__repeat_5,3349,pandas,pandas,absolute,97,parso_node_ast,0,1
qwen3,Full-FT,D,3349__repeat_5,3349,seaborn,seaborn,absolute,99,parso_node_ast,0,1
qwen3,Full-FT,D,3349__repeat_5,3349,jinja2,jinja2,absolute,100,parso_node_ast,0,0
qwen3,Full-FT,D,3349__repeat_5,3349,markdown,markdown,absolute,100,parso_node_ast,0,0
qwen3,Full-FT,D,3349__repeat_5,3349,numpy,numpy,absolute,100,parso_node_ast,0,1
qwen3,Full-FT,D,3349__repeat_5,3349,pandas,pandas,absolute,100,parso_node_ast,0,1
qwen3,Full-FT,D,3349__repeat_5,3349,scikit,scikit,absolute,100,parso_node_ast,0,1
qwen3,Full-FT,D,3349__repeat_5,3349,numpy,numpy,absolute,103,parso_node_ast,0,1
qwen3,Full-FT,D,3349__repeat_5,3349,pandas,pandas,absolute,104,parso_node_ast,0,1
qwen3,Full-FT,D,3349__repeat_5,3349,seaborn,seaborn,absolute,106,parso_node_ast,0,1
qwen3,Full-FT,D,3349__repeat_5,3349,jinja2,jinja2,absolute,107,parso_node_ast,0,0
qwen3,Full-FT,D,3349__repeat_5,3349,markdown,markdown,absolute,107,parso_node_ast,0,0
qwen3,Full-FT,D,3349__repeat_5,3349,numpy,numpy,absolute,107,parso_node_ast,0,1
qwen3,Full-FT,D,3349__repeat_5,3349,pandas,pandas,absolute,107,parso_node_ast,0,1
qwen3,Full-FT,D,3349__repeat_5,3349,scikit,scikit,absolute,107,parso_node_ast,0,1
qwen3,Full-FT,D,3349__repeat_5,3349,numpy,numpy,absolute,110,parso_node_ast,0,1
qwen3,Full-FT,D,3349__repeat_5,3349,pandas,pandas,absolute,111,parso_node_ast,0,1
qwen3,Full-FT,D,3349__repeat_5,3349,seaborn,seaborn,absolute,113,parso_node_ast,0,1
qwen3,Full-FT,D,3349__repeat_5,3349,jinja2,jinja2,absolute,114,parso_node_ast,0,0
qwen3,Full-FT,D,3349__repeat_5,3349,markdown,markdown,absolute,114,parso_node_ast,0,0
qwen3,Full-FT,D,3349__repeat_5,3349,numpy,numpy,absolute,114,parso_node_ast,0,1
qwen3,Full-FT,D,3349__repeat_5,3349,pandas,pandas,absolute,114,parso_node_ast,0,1
qwen3,Full-FT,D,3349__repeat_5,3349,scikit,scikit,absolute,114,parso_node_ast,0,1
qwen3,Full-FT,D,3349__repeat_5,3349,numpy,numpy,absolute,117,parso_node_ast,0,1
qwen3,Full-FT,D,3349__repeat_5,3349,pandas,pandas,absolute,118,parso_node_ast,0,1
qwen3,Full-FT,D,3349__repeat_5,3349,seaborn,seaborn,absolute,120,parso_node_ast,0,1
qwen3,Full-FT,D,3349__repeat_5,3349,jinja2,jinja2,absolute,121,parso_node_ast,0,0
qwen3,Full-FT,D,3349__repeat_5,3349,markdown,markdown,absolute,121,parso_node_ast,0,0
qwen3,Full-FT,D,3349__repeat_5,3349,numpy,numpy,absolute,121,parso_node_ast,0,1
qwen3,Full-FT,D,3349__repeat_5,3349,pandas,pandas,absolute,121,parso_node_ast,0,1
qwen3,Full-FT,D,3349__repeat_5,3349,scikit,scikit,absolute,121,parso_node_ast,0,1
qwen3,Full-FT,D,3349__repeat_5,3349,numpy,numpy,absolute,124,parso_node_ast,0,1
qwen3,Full-FT,D,3349__repeat_5,3349,pandas,pandas,absolute,125,parso_node_ast,0,1
qwen3,Full-FT,D,3349__repeat_5,3349,seaborn,seaborn,absolute,127,parso_node_ast,0,1
qwen3,Full-FT,D,3349__repeat_5,3349,jinja2,jinja2,absolute,128,parso_node_ast,0,0
qwen3,Full-FT,D,3349__repeat_5,3349,markdown,markdown,absolute,128,parso_node_ast,0,0
qwen3,Full-FT,D,3349__repeat_5,3349,numpy,numpy,absolute,128,parso_node_ast,0,1
qwen3,Full-FT,D,3349__repeat_5,3349,pandas,pandas,absolute,128,parso_node_ast,0,1
qwen3,Full-FT,D,3349__repeat_5,3349,scikit,scikit,absolute,128,parso_node_ast,0,1
qwen3,Full-FT,D,3349__repeat_5,3349,numpy,numpy,absolute,131,parso_node_ast,0,1
qwen3,Full-FT,D,3349__repeat_5,3349,pandas,pandas,absolute,132,parso_node_ast,0,1
qwen3,Full-FT,D,3349__repeat_5,3349,seaborn,seaborn,absolute,134,parso_node_ast,0,1
qwen3,Full-FT,D,3349__repeat_5,3349,jinja2,jinja2,absolute,135,parso_node_ast,0,0
qwen3,Full-FT,D,3349__repeat_5,3349,markdown,markdown,absolute,135,parso_node_ast,0,0
qwen3,Full-FT,D,3349__repeat_5,3349,numpy,numpy,absolute,135,parso_node_ast,0,1
qwen3,Full-FT,D,3349__repeat_5,3349,pandas,pandas,absolute,135,parso_node_ast,0,1
qwen3,Full-FT,D,3349__repeat_5,3349,scikit,scikit,absolute,135,parso_node_ast,0,1
qwen3,Full-FT,D,3349__repeat_5,3349,numpy,numpy,absolute,138,parso_node_ast,0,1
qwen3,Full-FT,D,3349__repeat_5,3349,pandas,pandas,absolute,139,parso_node_ast,0,1
qwen3,Full-FT,D,3349__repeat_5,3349,seaborn,seaborn,absolute,141,parso_node_ast,0,1
qwen3,Full-FT,D,3349__repeat_5,3349,jinja2,jinja2,absolute,142,parso_node_ast,0,0
qwen3,Full-FT,D,3349__repeat_5,3349,markdown,markdown,absolute,142,parso_node_ast,0,0
qwen3,Full-FT,D,3349__repeat_5,3349,numpy,numpy,absolute,142,parso_node_ast,0,1
qwen3,Full-FT,D,3349__repeat_5,3349,pandas,pandas,absolute,142,parso_node_ast,0,1
qwen3,Full-FT,D,3349__repeat_5,3349,scikit,scikit,absolute,142,parso_node_ast,0,1
qwen3,Full-FT,D,3349__repeat_5,3349,numpy,numpy,absolute,145,parso_node_ast,0,1
qwen3,Full-FT,D,3349__repeat_5,3349,pandas,pandas,absolute,146,parso_node_ast,0,1
qwen3,Full-FT,D,3349__repeat_5,3349,seaborn,seaborn,absolute,148,parso_node_ast,0,1
qwen3,Full-FT,D,3349__repeat_5,3349,jinja2,jinja2,absolute,149,parso_node_ast,0,0
qwen3,Full-FT,D,3349__repeat_5,3349,markdown,markdown,absolute,149,parso_node_ast,0,0
qwen3,Full-FT,D,3349__repeat_5,3349,numpy,numpy,absolute,149,parso_node_ast,0,1
qwen3,Full-FT,D,3349__repeat_5,3349,pandas,pandas,absolute,149,parso_node_ast,0,1
qwen3,Full-FT,D,3349__repeat_5,3349,scikit,scikit,absolute,149,parso_node_ast,0,1
qwen3,Full-FT,D,955__repeat_2,955,jinja2,jinja2,absolute,3,parso_node_ast,0,1
qwen3,Full-FT,D,955__repeat_2,955,markdown,markdown,absolute,3,parso_node_ast,0,0
qwen3,Full-FT,D,955__repeat_2,955,numpy,numpy,absolute,3,parso_node_ast,0,1
qwen3,Full-FT,D,955__repeat_2,955,pandas,pandas,absolute,3,parso_node_ast,0,1
qwen3,Full-FT,D,955__repeat_2,955,scikit,scikit,absolute,3,parso_node_ast,0,1
qwen3,Full-FT,D,955__repeat_2,955,seaborn,seaborn,absolute,4,parso_node_ast,0,1
qwen3,Full-FT,D,955__repeat_2,955,numpy,numpy,absolute,4,parso_node_ast,0,1
qwen3,Full-FT,D,955__repeat_2,955,pandas,pandas,absolute,4,parso_node_ast,0,1
qwen3,Full-FT,D,955__repeat_2,955,scikit,scikit,absolute,4,parso_node_ast,0,1
qwen3,Full-FT,D,955__repeat_2,955,urllib3,urllib3,absolute,5,parso_node_ast,0,0
qwen3,Full-FT,D,955__repeat_2,955,requests,requests,absolute,5,parso_node_ast,0,1
qwen3,Full-FT,D,955__repeat_2,955,numpy,numpy,absolute,5,parso_node_ast,0,1
qwen3,Full-FT,D,955__repeat_2,955,pandas,pandas,absolute,5,parso_node_ast,0,1
qwen3,Full-FT,D,955__repeat_2,955,scikit,scikit,absolute,5,parso_node_ast,0,1
qwen3,Full-FT,D,955__repeat_2,955,jinja2,jinja2,absolute,6,parso_node_ast,0,1
qwen3,Full-FT,D,955__repeat_2,955,markdown,markdown,absolute,6,parso_node_ast,0,0
qwen3,Full-FT,D,955__repeat_2,955,numpy,numpy,absolute,6,parso_node_ast,0,1
qwen3,Full-FT,D,955__repeat_2,955,pandas,pandas,absolute,6,parso_node_ast,0,1
qwen3,Full-FT,D,955__repeat_2,955,scikit,scikit,absolute,6,parso_node_ast,0,1
qwen3,Full-FT,D,955__repeat_2,955,urllib3,urllib3,absolute,7,parso_node_ast,0,0
qwen3,Full-FT,D,955__repeat_2,955,requests,requests,absolute,7,parso_node_ast,0,1
qwen3,Full-FT,D,955__repeat_2,955,numpy,numpy,absolute,7,parso_node_ast,0,1
qwen3,Full-FT,D,955__repeat_2,955,pandas,pandas,absolute,7,parso_node_ast,0,1
qwen3,Full-FT,D,955__repeat_2,955,scikit,scikit,absolute,7,parso_node_ast,0,1
qwen3,Full-FT,D,955__repeat_2,955,jinja2,jinja2,absolute,8,parso_node_ast,0,1
qwen3,Full-FT,D,955__repeat_2,955,markdown,markdown,absolute,8,parso_node_ast,0,0
qwen3,Full-FT,D,955__repeat_2,955,numpy,numpy,absolute,8,parso_node_ast,0,1
qwen3,Full-FT,D,955__repeat_2,955,pandas,pandas,absolute,8,parso_node_ast,0,1
qwen3,Full-FT,D,955__repeat_2,955,scikit,scikit,absolute,8,parso_node_ast,0,1
qwen3,Full-FT,D,955__repeat_2,955,urllib3,urllib3,absolute,9,parso_node_ast,0,0
qwen3,Full-FT,D,955__repeat_2,955,requests,requests,absolute,9,parso_node_ast,0,1
qwen3,Full-FT,D,955__repeat_2,955,numpy,numpy,absolute,9,parso_node_ast,0,1
qwen3,Full-FT,D,955__repeat_2,955,pandas,pandas,absolute,9,parso_node_ast,0,1
qwen3,Full-FT,D,955__repeat_2,955,scikit,scikit,absolute,9,parso_node_ast,0,1
qwen3,Full-FT,D,955__repeat_2,955,jinja2,jinja2,absolute,10,parso_node_ast,0,1
qwen3,Full-FT,D,955__repeat_2,955,markdown,markdown,absolute,10,parso_node_ast,0,0
qwen3,Full-FT,D,955__repeat_2,955,numpy,numpy,absolute,10,parso_node_ast,0,1
qwen3,Full-FT,D,955__repeat_2,955,pandas,pandas,absolute,10,parso_node_ast,0,1
qwen3,Full-FT,D,955__repeat_2,955,scikit,scikit,absolute,10,parso_node_ast,0,1
qwen3,Full-FT,D,955__repeat_2,955,urllib3,urllib3,absolute,11,parso_node_ast,0,0
qwen3,Full-FT,D,955__repeat_2,955,requests,requests,absolute,11,parso_node_ast,0,1
qwen3,Full-FT,D,955__repeat_2,955,numpy,numpy,absolute,11,parso_node_ast,0,1
qwen3,Full-FT,D,955__repeat_2,955,pandas,pandas,absolute,11,parso_node_ast,0,1
qwen3,Full-FT,D,955__repeat_2,955,scikit,scikit,absolute,11,parso_node_ast,0,1
qwen3,Full-FT,D,955__repeat_2,955,jinja2,jinja2,absolute,12,parso_node_ast,0,1
qwen3,Full-FT,D,955__repeat_2,955,markdown,markdown,absolute,12,parso_node_ast,0,0
qwen3,Full-FT,D,955__repeat_2,955,numpy,numpy,absolute,12,parso_node_ast,0,1
qwen3,Full-FT,D,955__repeat_2,955,pandas,pandas,absolute,12,parso_node_ast,0,1
qwen3,Full-FT,D,955__repeat_2,955,scikit,scikit,absolute,12,parso_node_ast,0,1
qwen3,Full-FT,D,955__repeat_2,955,urllib3,urllib3,absolute,13,parso_node_ast,0,0
qwen3,Full-FT,D,955__repeat_2,955,requests,requests,absolute,13,parso_node_ast,0,1
qwen3,Full-FT,D,955__repeat_2,955,numpy,numpy,absolute,13,parso_node_ast,0,1
qwen3,Full-FT,D,955__repeat_2,955,pandas,pandas,absolute,13,parso_node_ast,0,1
qwen3,Full-FT,D,955__repeat_2,955,scikit,scikit,absolute,13,parso_node_ast,0,1
qwen3,Full-FT,D,955__repeat_2,955,jinja2,jinja2,absolute,14,parso_node_ast,0,1
qwen3,Full-FT,D,955__repeat_2,955,markdown,markdown,absolute,14,parso_node_ast,0,0
qwen3,Full-FT,D,955__repeat_2,955,numpy,numpy,absolute,14,parso_node_ast,0,1
qwen3,Full-FT,D,955__repeat_2,955,pandas,pandas,absolute,14,parso_node_ast,0,1
qwen3,Full-FT,D,955__repeat_2,955,scikit,scikit,absolute,14,parso_node_ast,0,1
qwen3,Full-FT,D,955__repeat_2,955,urllib3,urllib3,absolute,15,parso_node_ast,0,0
qwen3,Full-FT,D,955__repeat_2,955,requests,requests,absolute,15,parso_node_ast,0,1
qwen3,Full-FT,D,955__repeat_2,955,numpy,numpy,absolute,15,parso_node_ast,0,1
qwen3,Full-FT,D,955__repeat_2,955,pandas,pandas,absolute,15,parso_node_ast,0,1
qwen3,Full-FT,D,955__repeat_2,955,scikit,scikit,absolute,15,parso_node_ast,0,1
qwen3,Full-FT,D,955__repeat_2,955,jinja2,jinja2,absolute,16,parso_node_ast,0,1
qwen3,Full-FT,D,955__repeat_2,955,markdown,markdown,absolute,16,parso_node_ast,0,0
qwen3,Full-FT,D,955__repeat_2,955,numpy,numpy,absolute,16,parso_node_ast,0,1
qwen3,Full-FT,D,955__repeat_2,955,pandas,pandas,absolute,16,parso_node_ast,0,1
qwen3,Full-FT,D,955__repeat_2,955,scikit,scikit,absolute,16,parso_node_ast,0,1
qwen3,Full-FT,D,955__repeat_2,955,urllib3,urllib3,absolute,17,parso_node_ast,0,0
qwen3,Full-FT,D,955__repeat_2,955,requests,requests,absolute,17,parso_node_ast,0,1
qwen3,Full-FT,D,955__repeat_2,955,numpy,numpy,absolute,17,parso_node_ast,0,1
qwen3,Full-FT,D,955__repeat_2,955,pandas,pandas,absolute,17,parso_node_ast,0,1
qwen3,Full-FT,D,955__repeat_2,955,scikit,scikit,absolute,17,parso_node_ast,0,1
qwen3,Full-FT,D,955__repeat_2,955,jinja2,jinja2,absolute,18,parso_node_ast,0,1
qwen3,Full-FT,D,955__repeat_2,955,markdown,markdown,absolute,18,parso_node_ast,0,0
qwen3,Full-FT,D,955__repeat_2,955,numpy,numpy,absolute,18,parso_node_ast,0,1
qwen3,Full-FT,D,955__repeat_2,955,pandas,pandas,absolute,18,parso_node_ast,0,1
qwen3,Full-FT,D,955__repeat_2,955,scikit,scikit,absolute,18,parso_node_ast,0,1
qwen3,Full-FT,D,955__repeat_2,955,urllib3,urllib3,absolute,19,parso_node_ast,0,0
qwen3,Full-FT,D,955__repeat_2,955,requests,requests,absolute,19,parso_node_ast,0,1
qwen3,Full-FT,D,955__repeat_2,955,numpy,numpy,absolute,19,parso_node_ast,0,1
qwen3,Full-FT,D,955__repeat_2,955,pandas,pandas,absolute,19,parso_node_ast,0,1
qwen3,Full-FT,D,955__repeat_2,955,scikit,scikit,absolute,19,parso_node_ast,0,1
qwen3,Full-FT,D,955__repeat_2,955,jinja2,jinja2,absolute,20,parso_node_ast,0,1
qwen3,Full-FT,D,955__repeat_2,955,markdown,markdown,absolute,20,parso_node_ast,0,0
qwen3,Full-FT,D,955__repeat_2,955,numpy,numpy,absolute,20,parso_node_ast,0,1
qwen3,Full-FT,D,955__repeat_2,955,pandas,pandas,absolute,20,parso_node_ast,0,1
qwen3,Full-FT,D,955__repeat_2,955,scikit,scikit,absolute,20,parso_node_ast,0,1
qwen3,Full-FT,D,955__repeat_2,955,urllib3,urllib3,absolute,21,parso_node_ast,0,0
qwen3,Full-FT,D,955__repeat_2,955,requests,requests,absolute,21,parso_node_ast,0,1
qwen3,Full-FT,D,955__repeat_2,955,numpy,numpy,absolute,21,parso_node_ast,0,1
qwen3,Full-FT,D,955__repeat_2,955,pandas,pandas,absolute,21,parso_node_ast,0,1
qwen3,Full-FT,D,955__repeat_2,955,scikit,scikit,absolute,21,parso_node_ast,0,1
qwen3,Full-FT,D,955__repeat_2,955,jinja2,jinja2,absolute,22,parso_node_ast,0,1
qwen3,Full-FT,D,955__repeat_2,955,markdown,markdown,absolute,22,parso_node_ast,0,0
qwen3,Full-FT,D,955__repeat_2,955,numpy,numpy,absolute,22,parso_node_ast,0,1
qwen3,Full-FT,D,955__repeat_2,955,pandas,pandas,absolute,22,parso_node_ast,0,1
qwen3,Full-FT,D,955__repeat_2,955,scikit,scikit,absolute,22,parso_node_ast,0,1
qwen3,Full-FT,D,955__repeat_2,955,urllib3,urllib3,absolute,23,parso_node_ast,0,0
qwen3,Full-FT,D,955__repeat_2,955,requests,requests,absolute,23,parso_node_ast,0,1
qwen3,Full-FT,D,955__repeat_2,955,numpy,numpy,absolute,23,parso_node_ast,0,1
qwen3,Full-FT,D,955__repeat_2,955,pandas,pandas,absolute,23,parso_node_ast,0,1
qwen3,Full-FT,D,955__repeat_2,955,scikit,scikit,absolute,23,parso_node_ast,0,1
qwen3,Full-FT,D,955__repeat_2,955,jinja2,jinja2,absolute,24,parso_node_ast,0,1
qwen3,Full-FT,D,955__repeat_2,955,markdown,markdown,absolute,24,parso_node_ast,0,0
qwen3,Full-FT,D,955__repeat_2,955,numpy,numpy,absolute,24,parso_node_ast,0,1
qwen3,Full-FT,D,955__repeat_2,955,pandas,pandas,absolute,24,parso_node_ast,0,1
qwen3,Full-FT,D,955__repeat_2,955,scikit,scikit,absolute,24,parso_node_ast,0,1
qwen3,Full-FT,D,955__repeat_2,955,urllib3,urllib3,absolute,25,parso_node_ast,0,0
qwen3,Full-FT,D,955__repeat_2,955,requests,requests,absolute,25,parso_node_ast,0,1
qwen3,Full-FT,D,955__repeat_2,955,numpy,numpy,absolute,25,parso_node_ast,0,1
qwen3,Full-FT,D,955__repeat_2,955,pandas,pandas,absolute,25,parso_node_ast,0,1
qwen3,Full-FT,D,955__repeat_2,955,scikit,scikit,absolute,25,parso_node_ast,0,1
qwen3,Full-FT,D,955__repeat_2,955,jinja2,jinja2,absolute,26,parso_node_ast,0,1
qwen3,Full-FT,D,955__repeat_2,955,markdown,markdown,absolute,26,parso_node_ast,0,0
qwen3,Full-FT,D,955__repeat_2,955,numpy,numpy,absolute,26,parso_node_ast,0,1
qwen3,Full-FT,D,955__repeat_2,955,pandas,pandas,absolute,26,parso_node_ast,0,1
qwen3,Full-FT,D,955__repeat_2,955,scikit,scikit,absolute,26,parso_node_ast,0,1
qwen3,Full-FT,D,955__repeat_2,955,urllib3,urllib3,absolute,27,parso_node_ast,0,0
qwen3,Full-FT,D,955__repeat_2,955,requests,requests,absolute,27,parso_node_ast,0,1
qwen3,Full-FT,D,955__repeat_2,955,numpy,numpy,absolute,27,parso_node_ast,0,1
qwen3,Full-FT,D,955__repeat_2,955,pandas,pandas,absolute,27,parso_node_ast,0,1
qwen3,Full-FT,D,955__repeat_2,955,scikit,scikit,absolute,27,parso_node_ast,0,1
qwen3,Full-FT,D,955__repeat_2,955,jinja2,jinja2,absolute,28,parso_node_ast,0,1
qwen3,Full-FT,D,955__repeat_2,955,markdown,markdown,absolute,28,parso_node_ast,0,0
qwen3,Full-FT,D,955__repeat_2,955,numpy,numpy,absolute,28,parso_node_ast,0,1
qwen3,Full-FT,D,955__repeat_2,955,pandas,pandas,absolute,28,parso_node_ast,0,1
qwen3,Full-FT,D,955__repeat_2,955,scikit,scikit,absolute,28,parso_node_ast,0,1
qwen3,Full-FT,D,955__repeat_2,955,urllib3,urllib3,absolute,29,parso_node_ast,0,0
qwen3,Full-FT,D,955__repeat_2,955,requests,requests,absolute,29,parso_node_ast,0,1
qwen3,Full-FT,D,955__repeat_2,955,numpy,numpy,absolute,29,parso_node_ast,0,1
qwen3,Full-FT,D,955__repeat_2,955,pandas,pandas,absolute,29,parso_node_ast,0,1
qwen3,Full-FT,D,955__repeat_2,955,scikit,scikit,absolute,29,parso_node_ast,0,1
qwen3,Full-FT,D,955__repeat_2,955,jinja2,jinja2,absolute,30,parso_node_ast,0,1
qwen3,Full-FT,D,955__repeat_2,955,markdown,markdown,absolute,30,parso_node_ast,0,0
qwen3,Full-FT,D,955__repeat_2,955,numpy,numpy,absolute,30,parso_node_ast,0,1
qwen3,Full-FT,D,955__repeat_2,955,pandas,pandas,absolute,30,parso_node_ast,0,1
qwen3,Full-FT,D,955__repeat_2,955,scikit,scikit,absolute,30,parso_node_ast,0,1
qwen3,Full-FT,D,955__repeat_2,955,urllib3,urllib3,absolute,31,parso_node_ast,0,0
qwen3,Full-FT,D,955__repeat_2,955,requests,requests,absolute,31,parso_node_ast,0,1
qwen3,Full-FT,D,955__repeat_2,955,numpy,numpy,absolute,31,parso_node_ast,0,1
qwen3,Full-FT,D,955__repeat_2,955,pandas,pandas,absolute,31,parso_node_ast,0,1
qwen3,Full-FT,D,955__repeat_2,955,scikit,scikit,absolute,31,parso_node_ast,0,1
qwen3,Full-FT,D,955__repeat_2,955,jinja2,jinja2,absolute,32,parso_node_ast,0,1
qwen3,Full-FT,D,955__repeat_2,955,markdown,markdown,absolute,32,parso_node_ast,0,0
qwen3,Full-FT,D,955__repeat_2,955,numpy,numpy,absolute,32,parso_node_ast,0,1
qwen3,Full-FT,D,955__repeat_2,955,pandas,pandas,absolute,32,parso_node_ast,0,1
qwen3,Full-FT,D,955__repeat_2,955,scikit,scikit,absolute,32,parso_node_ast,0,1
qwen3,Full-FT,D,955__repeat_2,955,urllib3,urllib3,absolute,33,parso_node_ast,0,0
qwen3,Full-FT,D,955__repeat_2,955,requests,requests,absolute,33,parso_node_ast,0,1
qwen3,Full-FT,D,955__repeat_2,955,numpy,numpy,absolute,33,parso_node_ast,0,1
qwen3,Full-FT,D,955__repeat_2,955,pandas,pandas,absolute,33,parso_node_ast,0,1
qwen3,Full-FT,D,955__repeat_2,955,scikit,scikit,absolute,33,parso_node_ast,0,1
qwen3,Full-FT,D,955__repeat_2,955,jinja2,jinja2,absolute,34,parso_node_ast,0,1
qwen3,Full-FT,D,955__repeat_2,955,markdown,markdown,absolute,34,parso_node_ast,0,0
qwen3,Full-FT,D,955__repeat_2,955,numpy,numpy,absolute,34,parso_node_ast,0,1
qwen3,Full-FT,D,955__repeat_2,955,pandas,pandas,absolute,34,parso_node_ast,0,1
qwen3,Full-FT,D,955__repeat_2,955,scikit,scikit,absolute,34,parso_node_ast,0,1
qwen3,Full-FT,D,955__repeat_2,955,urllib3,urllib3,absolute,35,parso_node_ast,0,0
qwen3,Full-FT,D,955__repeat_2,955,requests,requests,absolute,35,parso_node_ast,0,1
qwen3,Full-FT,D,955__repeat_2,955,numpy,numpy,absolute,35,parso_node_ast,0,1
qwen3,Full-FT,D,955__repeat_2,955,pandas,pandas,absolute,35,parso_node_ast,0,1
qwen3,Full-FT,D,955__repeat_2,955,scikit,scikit,absolute,35,parso_node_ast,0,1
qwen3,Full-FT,D,955__repeat_2,955,jinja2,jinja2,absolute,36,parso_node_ast,0,1
qwen3,Full-FT,D,955__repeat_2,955,markdown,markdown,absolute,36,parso_node_ast,0,0
qwen3,Full-FT,D,955__repeat_2,955,numpy,numpy,absolute,36,parso_node_ast,0,1
qwen3,Full-FT,D,955__repeat_2,955,pandas,pandas,absolute,36,parso_node_ast,0,1
qwen3,Full-FT,D,955__repeat_2,955,scikit,scikit,absolute,36,parso_node_ast,0,1
qwen3,Full-FT,D,955__repeat_2,955,urllib3,urllib3,absolute,37,parso_node_ast,0,0
qwen3,Full-FT,D,955__repeat_2,955,requests,requests,absolute,37,parso_node_ast,0,1
qwen3,Full-FT,D,955__repeat_2,955,numpy,numpy,absolute,37,parso_node_ast,0,1
qwen3,Full-FT,D,955__repeat_2,955,pandas,pandas,absolute,37,parso_node_ast,0,1
qwen3,Full-FT,D,955__repeat_2,955,scikit,scikit,absolute,37,parso_node_ast,0,1
qwen3,Full-FT,D,955__repeat_2,955,jinja2,jinja2,absolute,38,parso_node_ast,0,1
qwen3,Full-FT,D,955__repeat_2,955,markdown,markdown,absolute,38,parso_node_ast,0,0
qwen3,Full-FT,D,955__repeat_2,955,numpy,numpy,absolute,38,parso_node_ast,0,1
qwen3,Full-FT,D,955__repeat_2,955,pandas,pandas,absolute,38,parso_node_ast,0,1
qwen3,Full-FT,D,955__repeat_2,955,scikit,scikit,absolute,38,parso_node_ast,0,1
qwen3,Full-FT,D,955__repeat_2,955,urllib3,urllib3,absolute,39,parso_node_ast,0,0
qwen3,Full-FT,D,955__repeat_2,955,requests,requests,absolute,39,parso_node_ast,0,1
qwen3,Full-FT,D,955__repeat_2,955,numpy,numpy,absolute,39,parso_node_ast,0,1
qwen3,Full-FT,D,955__repeat_2,955,pandas,pandas,absolute,39,parso_node_ast,0,1
qwen3,Full-FT,D,955__repeat_2,955,scikit,scikit,absolute,39,parso_node_ast,0,1
qwen3,Full-FT,D,955__repeat_2,955,jinja2,jinja2,absolute,40,parso_node_ast,0,1
qwen3,Full-FT,D,955__repeat_2,955,markdown,markdown,absolute,40,parso_node_ast,0,0
qwen3,Full-FT,D,955__repeat_2,955,numpy,numpy,absolute,40,parso_node_ast,0,1
qwen3,Full-FT,D,955__repeat_2,955,pandas,pandas,absolute,40,parso_node_ast,0,1
qwen3,Full-FT,D,955__repeat_2,955,scikit,scikit,absolute,40,parso_node_ast,0,1
qwen3,Full-FT,D,955__repeat_2,955,urllib3,urllib3,absolute,41,parso_node_ast,0,0
qwen3,Full-FT,D,955__repeat_2,955,requests,requests,absolute,41,parso_node_ast,0,1
qwen3,Full-FT,D,955__repeat_2,955,numpy,numpy,absolute,41,parso_node_ast,0,1
qwen3,Full-FT,D,955__repeat_2,955,pandas,pandas,absolute,41,parso_node_ast,0,1
qwen3,Full-FT,D,955__repeat_2,955,scikit,scikit,absolute,41,parso_node_ast,0,1
qwen3,Full-FT,D,955__repeat_2,955,jinja2,jinja2,absolute,42,parso_node_ast,0,1
qwen3,Full-FT,D,955__repeat_2,955,markdown,markdown,absolute,42,parso_node_ast,0,0
qwen3,Full-FT,D,955__repeat_2,955,numpy,numpy,absolute,42,parso_node_ast,0,1
qwen3,Full-FT,D,955__repeat_2,955,pandas,pandas,absolute,42,parso_node_ast,0,1
qwen3,Full-FT,D,955__repeat_2,955,scikit,scikit,absolute,42,parso_node_ast,0,1
qwen3,Full-FT,D,955__repeat_2,955,urllib3,urllib3,absolute,43,parso_node_ast,0,0
qwen3,Full-FT,D,955__repeat_2,955,requests,requests,absolute,43,parso_node_ast,0,1
qwen3,Full-FT,D,955__repeat_2,955,numpy,numpy,absolute,43,parso_node_ast,0,1
qwen3,Full-FT,D,955__repeat_2,955,pandas,pandas,absolute,43,parso_node_ast,0,1
qwen3,Full-FT,D,955__repeat_2,955,scikit,scikit,absolute,43,parso_node_ast,0,1
qwen3,Full-FT,D,955__repeat_2,955,jinja2,jinja2,absolute,44,parso_node_ast,0,1
qwen3,Full-FT,D,955__repeat_2,955,markdown,markdown,absolute,44,parso_node_ast,0,0
qwen3,Full-FT,D,955__repeat_2,955,numpy,numpy,absolute,44,parso_node_ast,0,1
qwen3,Full-FT,D,955__repeat_2,955,pandas,pandas,absolute,44,parso_node_ast,0,1
qwen3,Full-FT,D,955__repeat_2,955,scikit,scikit,absolute,44,parso_node_ast,0,1
qwen3,Full-FT,D,955__repeat_2,955,urllib3,urllib3,absolute,45,parso_node_ast,0,0
qwen3,Full-FT,D,955__repeat_2,955,requests,requests,absolute,45,parso_node_ast,0,1
qwen3,Full-FT,D,955__repeat_2,955,numpy,numpy,absolute,45,parso_node_ast,0,1
qwen3,Full-FT,D,955__repeat_2,955,pandas,pandas,absolute,45,parso_node_ast,0,1
qwen3,Full-FT,D,955__repeat_2,955,scikit,scikit,absolute,45,parso_node_ast,0,1
qwen3,Full-FT,D,955__repeat_2,955,jinja2,jinja2,absolute,46,parso_node_ast,0,1
qwen3,Full-FT,D,955__repeat_2,955,markdown,markdown,absolute,46,parso_node_ast,0,0
qwen3,Full-FT,D,955__repeat_2,955,numpy,numpy,absolute,46,parso_node_ast,0,1
qwen3,Full-FT,D,955__repeat_2,955,pandas,pandas,absolute,46,parso_node_ast,0,1
qwen3,Full-FT,D,955__repeat_2,955,scikit,scikit,absolute,46,parso_node_ast,0,1
qwen3,Full-FT,D,955__repeat_2,955,urllib3,urllib3,absolute,47,parso_node_ast,0,0
qwen3,Full-FT,D,955__repeat_2,955,requests,requests,absolute,47,parso_node_ast,0,1
qwen3,Full-FT,D,955__repeat_2,955,numpy,numpy,absolute,47,parso_node_ast,0,1
qwen3,Full-FT,D,955__repeat_2,955,pandas,pandas,absolute,47,parso_node_ast,0,1
qwen3,Full-FT,D,955__repeat_2,955,scikit,scikit,absolute,47,parso_node_ast,0,1
qwen3,Full-FT,D,955__repeat_2,955,jinja2,jinja2,absolute,48,parso_node_ast,0,1
qwen3,Full-FT,D,955__repeat_2,955,markdown,markdown,absolute,48,parso_node_ast,0,0
qwen3,Full-FT,D,955__repeat_2,955,numpy,numpy,absolute,48,parso_node_ast,0,1
qwen3,Full-FT,D,955__repeat_2,955,pandas,pandas,absolute,48,parso_node_ast,0,1
qwen3,Full-FT,D,955__repeat_2,955,scikit,scikit,absolute,48,parso_node_ast,0,1
qwen3,Full-FT,D,955__repeat_2,955,urllib3,urllib3,absolute,49,parso_node_ast,0,0
qwen3,Full-FT,D,955__repeat_2,955,requests,requests,absolute,49,parso_node_ast,0,1
qwen3,Full-FT,D,955__repeat_2,955,numpy,numpy,absolute,49,parso_node_ast,0,1
qwen3,Full-FT,D,955__repeat_2,955,pandas,pandas,absolute,49,parso_node_ast,0,1
qwen3,Full-FT,D,955__repeat_2,955,scikit,scikit,absolute,49,parso_node_ast,0,1
qwen3,Full-FT,D,955__repeat_2,955,jinja2,jinja2,absolute,50,parso_node_ast,0,1
qwen3,Full-FT,D,955__repeat_2,955,markdown,markdown,absolute,50,parso_node_ast,0,0
qwen3,Full-FT,D,955__repeat_2,955,numpy,numpy,absolute,50,parso_node_ast,0,1
qwen3,Full-FT,D,955__repeat_2,955,pandas,pandas,absolute,50,parso_node_ast,0,1
qwen3,Full-FT,D,955__repeat_2,955,scikit,scikit,absolute,50,parso_node_ast,0,1
qwen3,Full-FT,D,955__repeat_2,955,urllib3,urllib3,absolute,51,parso_node_ast,0,0
qwen3,Full-FT,D,955__repeat_2,955,requests,requests,absolute,51,parso_node_ast,0,1
qwen3,Full-FT,D,955__repeat_2,955,numpy,numpy,absolute,51,parso_node_ast,0,1
qwen3,Full-FT,D,955__repeat_2,955,pandas,pandas,absolute,51,parso_node_ast,0,1
qwen3,Full-FT,D,955__repeat_2,955,scikit,scikit,absolute,51,parso_node_ast,0,1
qwen3,Full-FT,D,955__repeat_2,955,jinja2,jinja2,absolute,52,parso_node_ast,0,1
qwen3,Full-FT,D,955__repeat_2,955,markdown,markdown,absolute,52,parso_node_ast,0,0
qwen3,Full-FT,D,955__repeat_2,955,numpy,numpy,absolute,52,parso_node_ast,0,1
qwen3,Full-FT,D,955__repeat_2,955,pandas,pandas,absolute,52,parso_node_ast,0,1
qwen3,Full-FT,D,955__repeat_2,955,scikit,scikit,absolute,52,parso_node_ast,0,1
qwen3,Full-FT,D,955__repeat_2,955,urllib3,urllib3,absolute,53,parso_node_ast,0,0
qwen3,Full-FT,D,955__repeat_2,955,requests,requests,absolute,53,parso_node_ast,0,1
qwen3,Full-FT,D,955__repeat_2,955,numpy,numpy,absolute,53,parso_node_ast,0,1
qwen3,Full-FT,D,955__repeat_2,955,pandas,pandas,absolute,53,parso_node_ast,0,1
qwen3,Full-FT,D,955__repeat_2,955,scikit,scikit,absolute,53,parso_node_ast,0,1
qwen3,Full-FT,D,955__repeat_2,955,jinja2,jinja2,absolute,54,parso_node_ast,0,1
qwen3,Full-FT,D,955__repeat_2,955,markdown,markdown,absolute,54,parso_node_ast,0,0
qwen3,Full-FT,D,955__repeat_2,955,numpy,numpy,absolute,54,parso_node_ast,0,1
qwen3,Full-FT,D,955__repeat_2,955,pandas,pandas,absolute,54,parso_node_ast,0,1
qwen3,Full-FT,D,955__repeat_2,955,scikit,scikit,absolute,54,parso_node_ast,0,1
qwen3,Full-FT,D,955__repeat_2,955,urllib3,urllib3,absolute,55,parso_node_ast,0,0
qwen3,Full-FT,D,955__repeat_2,955,requests,requests,absolute,55,parso_node_ast,0,1
qwen3,Full-FT,D,955__repeat_2,955,numpy,numpy,absolute,55,parso_node_ast,0,1
qwen3,Full-FT,D,955__repeat_2,955,pandas,pandas,absolute,55,parso_node_ast,0,1
qwen3,Full-FT,D,955__repeat_2,955,scikit,scikit,absolute,55,parso_node_ast,0,1
qwen3,Full-FT,D,955__repeat_2,955,jinja2,jinja2,absolute,56,parso_node_ast,0,1
qwen3,Full-FT,D,955__repeat_2,955,markdown,markdown,absolute,56,parso_node_ast,0,0
qwen3,Full-FT,D,955__repeat_2,955,numpy,numpy,absolute,56,parso_node_ast,0,1
qwen3,Full-FT,D,955__repeat_2,955,pandas,pandas,absolute,56,parso_node_ast,0,1
qwen3,Full-FT,D,955__repeat_2,955,scikit,scikit,absolute,56,parso_node_ast,0,1
qwen3,Full-FT,D,955__repeat_2,955,urllib3,urllib3,absolute,57,parso_node_ast,0,0
qwen3,Full-FT,D,955__repeat_2,955,requests,requests,absolute,57,parso_node_ast,0,1
qwen3,Full-FT,D,955__repeat_2,955,numpy,numpy,absolute,57,parso_node_ast,0,1
qwen3,Full-FT,D,955__repeat_2,955,pandas,pandas,absolute,57,parso_node_ast,0,1
qwen3,Full-FT,D,955__repeat_2,955,scikit,scikit,absolute,57,parso_node_ast,0,1
qwen3,Full-FT,D,955__repeat_2,955,jinja2,jinja2,absolute,58,parso_node_ast,0,1
qwen3,Full-FT,D,955__repeat_2,955,markdown,markdown,absolute,58,parso_node_ast,0,0
qwen3,Full-FT,D,955__repeat_2,955,numpy,numpy,absolute,58,parso_node_ast,0,1
qwen3,Full-FT,D,955__repeat_2,955,pandas,pandas,absolute,58,parso_node_ast,0,1
qwen3,Full-FT,D,955__repeat_2,955,scikit,scikit,absolute,58,parso_node_ast,0,1
qwen3,Full-FT,D,955__repeat_2,955,urllib3,urllib3,absolute,59,parso_node_ast,0,0
qwen3,Full-FT,D,955__repeat_2,955,requests,requests,absolute,59,parso_node_ast,0,1
qwen3,Full-FT,D,955__repeat_2,955,numpy,numpy,absolute,59,parso_node_ast,0,1
qwen3,Full-FT,D,955__repeat_2,955,pandas,pandas,absolute,59,parso_node_ast,0,1
qwen3,Full-FT,D,955__repeat_2,955,scikit,scikit,absolute,59,parso_node_ast,0,1
qwen3,Full-FT,D,955__repeat_2,955,jinja2,jinja2,absolute,60,parso_node_ast,0,1
qwen3,Full-FT,D,955__repeat_2,955,markdown,markdown,absolute,60,parso_node_ast,0,0
qwen3,Full-FT,D,955__repeat_2,955,numpy,numpy,absolute,60,parso_node_ast,0,1
qwen3,Full-FT,D,955__repeat_2,955,pandas,pandas,absolute,60,parso_node_ast,0,1
qwen3,Full-FT,D,955__repeat_2,955,scikit,scikit,absolute,60,parso_node_ast,0,1
qwen3,Full-FT,D,955__repeat_2,955,urllib3,urllib3,absolute,61,parso_node_ast,0,0
qwen3,Full-FT,D,955__repeat_2,955,requests,requests,absolute,61,parso_node_ast,0,1
qwen3,Full-FT,D,955__repeat_2,955,numpy,numpy,absolute,61,parso_node_ast,0,1
qwen3,Full-FT,D,955__repeat_2,955,pandas,pandas,absolute,61,parso_node_ast,0,1
qwen3,Full-FT,D,955__repeat_2,955,scikit,scikit,absolute,61,parso_node_ast,0,1
qwen3,Full-FT,D,955__repeat_2,955,jinja2,jinja2,absolute,62,parso_node_ast,0,1
qwen3,Full-FT,D,955__repeat_2,955,markdown,markdown,absolute,62,parso_node_ast,0,0
qwen3,Full-FT,D,955__repeat_2,955,numpy,numpy,absolute,62,parso_node_ast,0,1
qwen3,Full-FT,D,955__repeat_2,955,pandas,pandas,absolute,62,parso_node_ast,0,1
qwen3,Full-FT,D,955__repeat_2,955,scikit,scikit,absolute,62,parso_node_ast,0,1
qwen3,Full-FT,D,955__repeat_2,955,urllib3,urllib3,absolute,63,parso_node_ast,0,0
qwen3,Full-FT,D,955__repeat_2,955,requests,requests,absolute,63,parso_node_ast,0,1
qwen3,Full-FT,D,955__repeat_2,955,numpy,numpy,absolute,63,parso_node_ast,0,1
qwen3,Full-FT,D,955__repeat_2,955,pandas,pandas,absolute,63,parso_node_ast,0,1
qwen3,Full-FT,D,955__repeat_2,955,scikit,scikit,absolute,63,parso_node_ast,0,1
qwen3,Full-FT,D,955__repeat_2,955,jinja2,jinja2,absolute,64,parso_node_ast,0,1
qwen3,Full-FT,D,955__repeat_2,955,markdown,markdown,absolute,64,parso_node_ast,0,0
qwen3,Full-FT,D,955__repeat_2,955,numpy,numpy,absolute,64,parso_node_ast,0,1
qwen3,Full-FT,D,955__repeat_2,955,pandas,pandas,absolute,64,parso_node_ast,0,1
qwen3,Full-FT,D,955__repeat_2,955,scikit,scikit,absolute,64,parso_node_ast,0,1
qwen3,Full-FT,D,955__repeat_2,955,urllib3,urllib3,absolute,65,parso_node_ast,0,0
qwen3,Full-FT,D,955__repeat_2,955,requests,requests,absolute,65,parso_node_ast,0,1
qwen3,Full-FT,D,955__repeat_2,955,numpy,numpy,absolute,65,parso_node_ast,0,1
qwen3,Full-FT,D,955__repeat_2,955,pandas,pandas,absolute,65,parso_node_ast,0,1
qwen3,Full-FT,D,955__repeat_2,955,scikit,scikit,absolute,65,parso_node_ast,0,1
qwen3,Full-FT,D,955__repeat_2,955,jinja2,jinja2,absolute,66,parso_node_ast,0,1
qwen3,Full-FT,D,955__repeat_2,955,markdown,markdown,absolute,66,parso_node_ast,0,0
qwen3,Full-FT,D,955__repeat_2,955,numpy,numpy,absolute,66,parso_node_ast,0,1
qwen3,Full-FT,D,955__repeat_2,955,pandas,pandas,absolute,66,parso_node_ast,0,1
qwen3,Full-FT,D,955__repeat_2,955,scikit,scikit,absolute,66,parso_node_ast,0,1
qwen3,Full-FT,D,955__repeat_2,955,urllib3,urllib3,absolute,67,parso_node_ast,0,0
qwen3,Full-FT,D,955__repeat_2,955,requests,requests,absolute,67,parso_node_ast,0,1
qwen3,Full-FT,D,955__repeat_2,955,numpy,numpy,absolute,67,parso_node_ast,0,1
qwen3,Full-FT,D,955__repeat_2,955,pandas,pandas,absolute,67,parso_node_ast,0,1
qwen3,Full-FT,D,955__repeat_2,955,scikit,scikit,absolute,67,parso_node_ast,0,1
qwen3,Full-FT,D,955__repeat_2,955,jinja2,jinja2,absolute,68,parso_node_ast,0,1
qwen3,Full-FT,D,955__repeat_2,955,markdown,markdown,absolute,68,parso_node_ast,0,0
qwen3,Full-FT,D,955__repeat_2,955,numpy,numpy,absolute,68,parso_node_ast,0,1
qwen3,Full-FT,D,955__repeat_2,955,pandas,pandas,absolute,68,parso_node_ast,0,1
qwen3,Full-FT,D,955__repeat_2,955,scikit,scikit,absolute,68,parso_node_ast,0,1
qwen3,Full-FT,D,955__repeat_2,955,urllib3,urllib3,absolute,69,parso_node_ast,0,0
qwen3,Full-FT,D,955__repeat_2,955,requests,requests,absolute,69,parso_node_ast,0,1
qwen3,Full-FT,D,955__repeat_2,955,numpy,numpy,absolute,69,parso_node_ast,0,1
qwen3,Full-FT,D,955__repeat_2,955,pandas,pandas,absolute,69,parso_node_ast,0,1
qwen3,Full-FT,D,955__repeat_2,955,scikit,scikit,absolute,69,parso_node_ast,0,1
qwen3,Full-FT,D,955__repeat_2,955,jinja2,jinja2,absolute,70,parso_node_ast,0,1
qwen3,Full-FT,D,955__repeat_2,955,markdown,markdown,absolute,70,parso_node_ast,0,0
qwen3,Full-FT,D,955__repeat_2,955,numpy,numpy,absolute,70,parso_node_ast,0,1
qwen3,Full-FT,D,955__repeat_2,955,pandas,pandas,absolute,70,parso_node_ast,0,1
qwen3,Full-FT,D,955__repeat_2,955,scikit,scikit,absolute,70,parso_node_ast,0,1
qwen3,Full-FT,D,955__repeat_2,955,urllib3,urllib3,absolute,71,parso_node_ast,0,0
qwen3,Full-FT,D,955__repeat_2,955,requests,requests,absolute,71,parso_node_ast,0,1
qwen3,Full-FT,D,955__repeat_2,955,numpy,numpy,absolute,71,parso_node_ast,0,1
qwen3,Full-FT,D,955__repeat_2,955,pandas,pandas,absolute,71,parso_node_ast,0,1
qwen3,Full-FT,D,955__repeat_2,955,scikit,scikit,absolute,71,parso_node_ast,0,1
qwen3,Full-FT,D,955__repeat_2,955,jinja2,jinja2,absolute,72,parso_node_ast,0,1
qwen3,Full-FT,D,955__repeat_2,955,markdown,markdown,absolute,72,parso_node_ast,0,0
qwen3,Full-FT,D,955__repeat_2,955,numpy,numpy,absolute,72,parso_node_ast,0,1
qwen3,Full-FT,D,955__repeat_2,955,pandas,pandas,absolute,72,parso_node_ast,0,1
qwen3,Full-FT,D,955__repeat_2,955,scikit,scikit,absolute,72,parso_node_ast,0,1
qwen3,Full-FT,D,955__repeat_2,955,urllib3,urllib3,absolute,73,parso_node_ast,0,0
qwen3,Full-FT,D,955__repeat_2,955,requests,requests,absolute,73,parso_node_ast,0,1
qwen3,Full-FT,D,955__repeat_2,955,numpy,numpy,absolute,73,parso_node_ast,0,1
qwen3,Full-FT,D,955__repeat_2,955,pandas,pandas,absolute,73,parso_node_ast,0,1
qwen3,Full-FT,D,955__repeat_2,955,scikit,scikit,absolute,73,parso_node_ast,0,1
qwen3,Full-FT,D,955__repeat_2,955,jinja2,jinja2,absolute,74,parso_node_ast,0,1
qwen3,Full-FT,D,955__repeat_2,955,markdown,markdown,absolute,74,parso_node_ast,0,0
qwen3,Full-FT,D,955__repeat_2,955,numpy,numpy,absolute,74,parso_node_ast,0,1
qwen3,Full-FT,D,955__repeat_2,955,pandas,pandas,absolute,74,parso_node_ast,0,1
qwen3,Full-FT,D,955__repeat_2,955,scikit,scikit,absolute,74,parso_node_ast,0,1
qwen3,Full-FT,D,955__repeat_2,955,urllib3,urllib3,absolute,75,parso_node_ast,0,0
qwen3,Full-FT,D,955__repeat_2,955,requests,requests,absolute,75,parso_node_ast,0,1
qwen3,Full-FT,D,955__repeat_2,955,numpy,numpy,absolute,75,parso_node_ast,0,1
qwen3,Full-FT,D,955__repeat_2,955,pandas,pandas,absolute,75,parso_node_ast,0,1
qwen3,Full-FT,D,955__repeat_2,955,scikit,scikit,absolute,75,parso_node_ast,0,1
qwen3,Full-FT,D,955__repeat_2,955,jinja2,jinja2,absolute,76,parso_node_ast,0,1
qwen3,Full-FT,D,955__repeat_2,955,markdown,markdown,absolute,76,parso_node_ast,0,0
qwen3,Full-FT,D,955__repeat_2,955,numpy,numpy,absolute,76,parso_node_ast,0,1
qwen3,Full-FT,D,955__repeat_2,955,pandas,pandas,absolute,76,parso_node_ast,0,1
qwen3,Full-FT,D,955__repeat_2,955,scikit,scikit,absolute,76,parso_node_ast,0,1
qwen3,Full-FT,D,955__repeat_2,955,urllib3,urllib3,absolute,77,parso_node_ast,0,0
qwen3,Full-FT,D,955__repeat_2,955,requests,requests,absolute,77,parso_node_ast,0,1
qwen3,Full-FT,D,955__repeat_2,955,numpy,numpy,absolute,77,parso_node_ast,0,1
qwen3,Full-FT,D,955__repeat_2,955,pandas,pandas,absolute,77,parso_node_ast,0,1
qwen3,Full-FT,D,955__repeat_2,955,scikit,scikit,absolute,77,parso_node_ast,0,1
qwen3,Full-FT,D,955__repeat_2,955,jinja2,jinja2,absolute,78,parso_node_ast,0,1
qwen3,Full-FT,D,955__repeat_2,955,markdown,markdown,absolute,78,parso_node_ast,0,0
qwen3,Full-FT,D,955__repeat_2,955,numpy,numpy,absolute,78,parso_node_ast,0,1
qwen3,Full-FT,D,955__repeat_2,955,pandas,pandas,absolute,78,parso_node_ast,0,1
qwen3,Full-FT,D,955__repeat_2,955,scikit,scikit,absolute,78,parso_node_ast,0,1
qwen3,Full-FT,D,955__repeat_2,955,urllib3,urllib3,absolute,79,parso_node_ast,0,0
qwen3,Full-FT,D,955__repeat_2,955,requests,requests,absolute,79,parso_node_ast,0,1
qwen3,Full-FT,D,955__repeat_2,955,numpy,numpy,absolute,79,parso_node_ast,0,1
qwen3,Full-FT,D,955__repeat_2,955,pandas,pandas,absolute,79,parso_node_ast,0,1
qwen3,Full-FT,D,955__repeat_2,955,scikit,scikit,absolute,79,parso_node_ast,0,1
qwen3,Full-FT,D,955__repeat_2,955,jinja2,jinja2,absolute,80,parso_node_ast,0,1
qwen3,Full-FT,D,955__repeat_2,955,markdown,markdown,absolute,80,parso_node_ast,0,0
qwen3,Full-FT,D,955__repeat_2,955,numpy,numpy,absolute,80,parso_node_ast,0,1
qwen3,Full-FT,D,955__repeat_2,955,pandas,pandas,absolute,80,parso_node_ast,0,1
qwen3,Full-FT,D,955__repeat_2,955,scikit,scikit,absolute,80,parso_node_ast,0,1
qwen3,Full-FT,D,955__repeat_2,955,urllib3,urllib3,absolute,81,parso_node_ast,0,0
qwen3,Full-FT,D,955__repeat_2,955,requests,requests,absolute,81,parso_node_ast,0,1
qwen3,Full-FT,D,955__repeat_2,955,numpy,numpy,absolute,81,parso_node_ast,0,1
qwen3,Full-FT,D,955__repeat_2,955,pandas,pandas,absolute,81,parso_node_ast,0,1
qwen3,Full-FT,D,955__repeat_2,955,scikit,scikit,absolute,81,parso_node_ast,0,1
qwen3,Full-FT,D,955__repeat_2,955,jinja2,jinja2,absolute,82,parso_node_ast,0,1
qwen3,Full-FT,D,955__repeat_2,955,markdown,markdown,absolute,82,parso_node_ast,0,0
qwen3,Full-FT,D,955__repeat_2,955,numpy,numpy,absolute,82,parso_node_ast,0,1
qwen3,Full-FT,D,955__repeat_2,955,pandas,pandas,absolute,82,parso_node_ast,0,1
qwen3,Full-FT,D,955__repeat_2,955,scikit,scikit,absolute,82,parso_node_ast,0,1
qwen3,Full-FT,D,955__repeat_2,955,urllib3,urllib3,absolute,83,parso_node_ast,0,0
qwen3,Full-FT,D,955__repeat_2,955,requests,requests,absolute,83,parso_node_ast,0,1
qwen3,Full-FT,D,955__repeat_2,955,numpy,numpy,absolute,83,parso_node_ast,0,1
qwen3,Full-FT,D,955__repeat_2,955,pandas,pandas,absolute,83,parso_node_ast,0,1
qwen3,Full-FT,D,955__repeat_2,955,scikit,scikit,absolute,83,parso_node_ast,0,1
qwen3,Full-FT,D,955__repeat_2,955,jinja2,jinja2,absolute,84,parso_node_ast,0,1
qwen3,Full-FT,D,955__repeat_2,955,markdown,markdown,absolute,84,parso_node_ast,0,0
qwen3,Full-FT,D,955__repeat_2,955,numpy,numpy,absolute,84,parso_node_ast,0,1
qwen3,Full-FT,D,955__repeat_2,955,pandas,pandas,absolute,84,parso_node_ast,0,1
qwen3,Full-FT,D,955__repeat_2,955,scikit,scikit,absolute,84,parso_node_ast,0,1
qwen3,Full-FT,D,955__repeat_2,955,urllib3,urllib3,absolute,85,parso_node_ast,0,0
qwen3,Full-FT,D,955__repeat_2,955,requests,requests,absolute,85,parso_node_ast,0,1
qwen3,Full-FT,D,955__repeat_2,955,numpy,numpy,absolute,85,parso_node_ast,0,1
qwen3,Full-FT,D,955__repeat_2,955,pandas,pandas,absolute,85,parso_node_ast,0,1
qwen3,Full-FT,D,955__repeat_2,955,scikit,scikit,absolute,85,parso_node_ast,0,1
qwen3,Full-FT,D,955__repeat_2,955,jinja2,jinja2,absolute,86,parso_node_ast,0,1
qwen3,Full-FT,D,955__repeat_2,955,markdown,markdown,absolute,86,parso_node_ast,0,0
qwen3,Full-FT,D,955__repeat_2,955,numpy,numpy,absolute,86,parso_node_ast,0,1
qwen3,Full-FT,D,955__repeat_2,955,pandas,pandas,absolute,86,parso_node_ast,0,1
qwen3,Full-FT,D,955__repeat_2,955,scikit,scikit,absolute,86,parso_node_ast,0,1
qwen3,Full-FT,D,955__repeat_2,955,urllib3,urllib3,absolute,87,parso_node_ast,0,0
qwen3,Full-FT,D,955__repeat_2,955,requests,requests,absolute,87,parso_node_ast,0,1
qwen3,Full-FT,D,955__repeat_2,955,numpy,numpy,absolute,87,parso_node_ast,0,1
qwen3,Full-FT,D,955__repeat_2,955,pandas,pandas,absolute,87,parso_node_ast,0,1
qwen3,Full-FT,D,955__repeat_2,955,scikit,scikit,absolute,87,parso_node_ast,0,1
qwen3,Full-FT,D,955__repeat_2,955,jinja2,jinja2,absolute,88,parso_node_ast,0,1
qwen3,Full-FT,D,955__repeat_2,955,markdown,markdown,absolute,88,parso_node_ast,0,0
qwen3,Full-FT,D,955__repeat_2,955,numpy,numpy,absolute,88,parso_node_ast,0,1
qwen3,Full-FT,D,955__repeat_2,955,pandas,pandas,absolute,88,parso_node_ast,0,1
qwen3,Full-FT,D,955__repeat_2,955,scikit,scikit,absolute,88,parso_node_ast,0,1
qwen3,Full-FT,D,955__repeat_2,955,urllib3,urllib3,absolute,89,parso_node_ast,0,0
qwen3,Full-FT,D,955__repeat_2,955,requests,requests,absolute,89,parso_node_ast,0,1
qwen3,Full-FT,D,955__repeat_2,955,numpy,numpy,absolute,89,parso_node_ast,0,1
qwen3,Full-FT,D,955__repeat_2,955,pandas,pandas,absolute,89,parso_node_ast,0,1
qwen3,Full-FT,D,955__repeat_2,955,scikit,scikit,absolute,89,parso_node_ast,0,1
qwen3,Full-FT,D,955__repeat_2,955,jinja2,jinja2,absolute,90,parso_node_ast,0,1
qwen3,Full-FT,D,955__repeat_2,955,markdown,markdown,absolute,90,parso_node_ast,0,0
qwen3,Full-FT,D,955__repeat_2,955,numpy,numpy,absolute,90,parso_node_ast,0,1
qwen3,Full-FT,D,955__repeat_2,955,pandas,pandas,absolute,90,parso_node_ast,0,1
qwen3,Full-FT,D,955__repeat_2,955,scikit,scikit,absolute,90,parso_node_ast,0,1
qwen3,Full-FT,D,955__repeat_2,955,urllib3,urllib3,absolute,91,parso_node_ast,0,0
qwen3,Full-FT,D,955__repeat_2,955,requests,requests,absolute,91,parso_node_ast,0,1
qwen3,Full-FT,D,955__repeat_2,955,numpy,numpy,absolute,91,parso_node_ast,0,1
qwen3,Full-FT,D,955__repeat_2,955,pandas,pandas,absolute,91,parso_node_ast,0,1
qwen3,Full-FT,D,955__repeat_2,955,scikit,scikit,absolute,91,parso_node_ast,0,1
qwen3,Full-FT,D,955__repeat_2,955,jinja2,jinja2,absolute,92,parso_node_ast,0,1
qwen3,Full-FT,D,955__repeat_2,955,markdown,markdown,absolute,92,parso_node_ast,0,0
qwen3,Full-FT,D,955__repeat_2,955,numpy,numpy,absolute,92,parso_node_ast,0,1
qwen3,Full-FT,D,955__repeat_2,955,pandas,pandas,absolute,92,parso_node_ast,0,1
qwen3,Full-FT,D,955__repeat_2,955,scikit,scikit,absolute,92,parso_node_ast,0,1
qwen3,Full-FT,D,955__repeat_2,955,urllib3,urllib3,absolute,93,parso_node_ast,0,0
qwen3,Full-FT,D,955__repeat_2,955,requests,requests,absolute,93,parso_node_ast,0,1
qwen3,Full-FT,D,955__repeat_2,955,numpy,numpy,absolute,93,parso_node_ast,0,1
qwen3,Full-FT,D,955__repeat_2,955,pandas,pandas,absolute,93,parso_node_ast,0,1
qwen3,Full-FT,D,955__repeat_2,955,scikit,scikit,absolute,93,parso_node_ast,0,1
qwen3,Full-FT,D,955__repeat_2,955,jinja2,jinja2,absolute,94,parso_node_ast,0,1
qwen3,Full-FT,D,955__repeat_2,955,markdown,markdown,absolute,94,parso_node_ast,0,0
qwen3,Full-FT,D,955__repeat_2,955,numpy,numpy,absolute,94,parso_node_ast,0,1
qwen3,Full-FT,D,955__repeat_2,955,pandas,pandas,absolute,94,parso_node_ast,0,1
qwen3,Full-FT,D,955__repeat_2,955,scikit,scikit,absolute,94,parso_node_ast,0,1
qwen3,Full-FT,D,955__repeat_2,955,urllib3,urllib3,absolute,95,parso_node_ast,0,0
qwen3,Full-FT,D,955__repeat_2,955,requests,requests,absolute,95,parso_node_ast,0,1
qwen3,Full-FT,D,955__repeat_2,955,numpy,numpy,absolute,95,parso_node_ast,0,1
qwen3,Full-FT,D,955__repeat_2,955,pandas,pandas,absolute,95,parso_node_ast,0,1
qwen3,Full-FT,D,955__repeat_2,955,scikit,scikit,absolute,95,parso_node_ast,0,1
qwen3,Full-FT,D,955__repeat_2,955,jinja2,jinja2,absolute,96,parso_node_ast,0,1
qwen3,Full-FT,D,955__repeat_2,955,markdown,markdown,absolute,96,parso_node_ast,0,0
qwen3,Full-FT,D,955__repeat_2,955,numpy,numpy,absolute,96,parso_node_ast,0,1
qwen3,Full-FT,D,955__repeat_2,955,pandas,pandas,absolute,96,parso_node_ast,0,1
qwen3,Full-FT,D,955__repeat_2,955,scikit,scikit,absolute,96,parso_node_ast,0,1
qwen3,Full-FT,D,955__repeat_2,955,urllib3,urllib3,absolute,97,parso_node_ast,0,0
qwen3,Full-FT,D,955__repeat_2,955,requests,requests,absolute,97,parso_node_ast,0,1
qwen3,Full-FT,D,955__repeat_2,955,numpy,numpy,absolute,97,parso_node_ast,0,1
qwen3,Full-FT,D,955__repeat_2,955,pandas,pandas,absolute,97,parso_node_ast,0,1
qwen3,Full-FT,D,955__repeat_2,955,scikit,scikit,absolute,97,parso_node_ast,0,1
qwen3,Full-FT,D,955__repeat_2,955,jinja2,jinja2,absolute,98,parso_node_ast,0,1
qwen3,Full-FT,D,955__repeat_2,955,markdown,markdown,absolute,98,parso_node_ast,0,0
qwen3,Full-FT,D,955__repeat_2,955,numpy,numpy,absolute,98,parso_node_ast,0,1
qwen3,Full-FT,D,955__repeat_2,955,pandas,pandas,absolute,98,parso_node_ast,0,1
qwen3,Full-FT,D,955__repeat_2,955,scikit,scikit,absolute,98,parso_node_ast,0,1
qwen3,Full-FT,D,955__repeat_2,955,urllib3,urllib3,absolute,99,parso_node_ast,0,0
qwen3,Full-FT,D,955__repeat_2,955,requests,requests,absolute,99,parso_node_ast,0,1
qwen3,Full-FT,D,955__repeat_2,955,numpy,numpy,absolute,99,parso_node_ast,0,1
qwen3,Full-FT,D,955__repeat_2,955,pandas,pandas,absolute,99,parso_node_ast,0,1
qwen3,Full-FT,D,955__repeat_2,955,scikit,scikit,absolute,99,parso_node_ast,0,1
qwen3,Full-FT,D,955__repeat_2,955,jinja2,jinja2,absolute,100,parso_node_ast,0,1
qwen3,Full-FT,D,955__repeat_2,955,markdown,markdown,absolute,100,parso_node_ast,0,0
qwen3,Full-FT,D,955__repeat_2,955,numpy,numpy,absolute,100,parso_node_ast,0,1
qwen3,Full-FT,D,955__repeat_2,955,pandas,pandas,absolute,100,parso_node_ast,0,1
qwen3,Full-FT,D,955__repeat_2,955,scikit,scikit,absolute,100,parso_node_ast,0,1
qwen3,Full-FT,D,955__repeat_2,955,urllib3,urllib3,absolute,101,parso_node_ast,0,0
qwen3,Full-FT,D,955__repeat_2,955,requests,requests,absolute,101,parso_node_ast,0,1
qwen3,Full-FT,D,955__repeat_2,955,numpy,numpy,absolute,101,parso_node_ast,0,1
qwen3,Full-FT,D,955__repeat_2,955,pandas,pandas,absolute,101,parso_node_ast,0,1
qwen3,Full-FT,D,955__repeat_2,955,scikit,scikit,absolute,101,parso_node_ast,0,1
qwen3,Full-FT,D,955__repeat_2,955,jinja2,jinja2,absolute,102,parso_node_ast,0,1
qwen3,Full-FT,D,955__repeat_2,955,markdown,markdown,absolute,102,parso_node_ast,0,0
qwen3,Full-FT,D,955__repeat_2,955,numpy,numpy,absolute,102,parso_node_ast,0,1
qwen3,Full-FT,D,955__repeat_2,955,pandas,pandas,absolute,102,parso_node_ast,0,1
qwen3,Full-FT,D,955__repeat_2,955,scikit,scikit,absolute,102,parso_node_ast,0,1
qwen3,Full-FT,D,955__repeat_2,955,urllib3,urllib3,absolute,103,parso_node_ast,0,0
qwen3,Full-FT,D,955__repeat_2,955,requests,requests,absolute,103,parso_node_ast,0,1
qwen3,Full-FT,D,955__repeat_2,955,numpy,numpy,absolute,103,parso_node_ast,0,1
qwen3,Full-FT,D,955__repeat_2,955,pandas,pandas,absolute,103,parso_node_ast,0,1
qwen3,Full-FT,D,955__repeat_2,955,scikit,scikit,absolute,103,parso_node_ast,0,1
qwen3,Full-FT,D,955__repeat_2,955,jinja2,jinja2,absolute,104,parso_node_ast,0,1
qwen3,Full-FT,D,955__repeat_2,955,markdown,markdown,absolute,104,parso_node_ast,0,0
qwen3,Full-FT,D,955__repeat_2,955,numpy,numpy,absolute,104,parso_node_ast,0,1
qwen3,Full-FT,D,955__repeat_2,955,pandas,pandas,absolute,104,parso_node_ast,0,1
qwen3,Full-FT,D,955__repeat_2,955,scikit,scikit,absolute,104,parso_node_ast,0,1
qwen3,Full-FT,D,955__repeat_2,955,urllib3,urllib3,absolute,105,parso_node_ast,0,0
qwen3,Full-FT,D,955__repeat_2,955,requests,requests,absolute,105,parso_node_ast,0,1
qwen3,Full-FT,D,955__repeat_2,955,numpy,numpy,absolute,105,parso_node_ast,0,1
qwen3,Full-FT,D,955__repeat_2,955,pandas,pandas,absolute,105,parso_node_ast,0,1
qwen3,Full-FT,D,955__repeat_2,955,scikit,scikit,absolute,105,parso_node_ast,0,1
qwen3,Full-FT,D,955__repeat_2,955,jinja2,jinja2,absolute,106,parso_node_ast,0,1
qwen3,Full-FT,D,955__repeat_2,955,markdown,markdown,absolute,106,parso_node_ast,0,0
qwen3,Full-FT,D,955__repeat_2,955,numpy,numpy,absolute,106,parso_node_ast,0,1
qwen3,Full-FT,D,955__repeat_2,955,pandas,pandas,absolute,106,parso_node_ast,0,1
qwen3,Full-FT,D,955__repeat_2,955,scikit,scikit,absolute,106,parso_node_ast,0,1
qwen3,Full-FT,D,955__repeat_2,955,urllib3,urllib3,absolute,107,parso_node_ast,0,0
qwen3,Full-FT,D,955__repeat_2,955,requests,requests,absolute,107,parso_node_ast,0,1
qwen3,Full-FT,D,955__repeat_2,955,numpy,numpy,absolute,107,parso_node_ast,0,1
qwen3,Full-FT,D,955__repeat_2,955,pandas,pandas,absolute,107,parso_node_ast,0,1
qwen3,Full-FT,D,955__repeat_2,955,scikit,scikit,absolute,107,parso_node_ast,0,1
qwen3,Full-FT,D,955__repeat_2,955,jinja2,jinja2,absolute,108,parso_node_ast,0,1
qwen3,Full-FT,D,955__repeat_2,955,markdown,markdown,absolute,108,parso_node_ast,0,0
qwen3,Full-FT,D,955__repeat_2,955,numpy,numpy,absolute,108,parso_node_ast,0,1
qwen3,Full-FT,D,955__repeat_2,955,pandas,pandas,absolute,108,parso_node_ast,0,1
qwen3,Full-FT,D,955__repeat_2,955,scikit,scikit,absolute,108,parso_node_ast,0,1
qwen3,Full-FT,D,955__repeat_2,955,urllib3,urllib3,absolute,109,parso_node_ast,0,0
qwen3,Full-FT,D,955__repeat_2,955,requests,requests,absolute,109,parso_node_ast,0,1
qwen3,Full-FT,D,955__repeat_2,955,numpy,numpy,absolute,109,parso_node_ast,0,1
qwen3,Full-FT,D,955__repeat_2,955,pandas,pandas,absolute,109,parso_node_ast,0,1
qwen3,Full-FT,D,955__repeat_2,955,scikit,scikit,absolute,109,parso_node_ast,0,1
qwen3,Full-FT,D,955__repeat_2,955,jinja2,jinja2,absolute,110,parso_node_ast,0,1
qwen3,Full-FT,D,955__repeat_2,955,markdown,markdown,absolute,110,parso_node_ast,0,0
qwen3,Full-FT,D,955__repeat_2,955,numpy,numpy,absolute,110,parso_node_ast,0,1
qwen3,Full-FT,D,955__repeat_2,955,pandas,pandas,absolute,110,parso_node_ast,0,1
qwen3,Full-FT,D,955__repeat_2,955,scikit,scikit,absolute,110,parso_node_ast,0,1
qwen3,Full-FT,D,955__repeat_2,955,urllib3,urllib3,absolute,111,parso_node_ast,0,0
qwen3,Full-FT,D,955__repeat_2,955,requests,requests,absolute,111,parso_node_ast,0,1
qwen3,Full-FT,D,955__repeat_2,955,numpy,numpy,absolute,111,parso_node_ast,0,1
qwen3,Full-FT,D,955__repeat_2,955,pandas,pandas,absolute,111,parso_node_ast,0,1
qwen3,Full-FT,D,955__repeat_2,955,scikit,scikit,absolute,111,parso_node_ast,0,1
qwen3,Full-FT,D,955__repeat_2,955,jinja2,jinja2,absolute,112,parso_node_ast,0,1
qwen3,Full-FT,D,955__repeat_2,955,markdown,markdown,absolute,112,parso_node_ast,0,0
qwen3,Full-FT,D,955__repeat_2,955,numpy,numpy,absolute,112,parso_node_ast,0,1
qwen3,Full-FT,D,955__repeat_2,955,pandas,pandas,absolute,112,parso_node_ast,0,1
qwen3,Full-FT,D,955__repeat_2,955,scikit,scikit,absolute,112,parso_node_ast,0,1
qwen3,Full-FT,D,955__repeat_2,955,urllib3,urllib3,absolute,113,parso_node_ast,0,0
qwen3,Full-FT,D,955__repeat_2,955,requests,requests,absolute,113,parso_node_ast,0,1
qwen3,Full-FT,D,955__repeat_2,955,numpy,numpy,absolute,113,parso_node_ast,0,1
qwen3,Full-FT,D,955__repeat_2,955,pandas,pandas,absolute,113,parso_node_ast,0,1
qwen3,Full-FT,D,955__repeat_2,955,scikit,scikit,absolute,113,parso_node_ast,0,1
qwen3,Full-FT,D,955__repeat_2,955,jinja2,jinja2,absolute,114,parso_node_ast,0,1
qwen3,Full-FT,D,955__repeat_2,955,markdown,markdown,absolute,114,parso_node_ast,0,0
qwen3,Full-FT,D,955__repeat_2,955,numpy,numpy,absolute,114,parso_node_ast,0,1
qwen3,Full-FT,D,955__repeat_2,955,pandas,pandas,absolute,114,parso_node_ast,0,1
qwen3,Full-FT,D,955__repeat_2,955,scikit,scikit,absolute,114,parso_node_ast,0,1
qwen3,Full-FT,D,955__repeat_2,955,urllib3,urllib3,absolute,115,parso_node_ast,0,0
qwen3,Full-FT,D,955__repeat_2,955,requests,requests,absolute,115,parso_node_ast,0,1
qwen3,Full-FT,D,955__repeat_2,955,numpy,numpy,absolute,115,parso_node_ast,0,1
qwen3,Full-FT,D,955__repeat_2,955,pandas,pandas,absolute,115,parso_node_ast,0,1
qwen3,Full-FT,D,955__repeat_2,955,scikit,scikit,absolute,115,parso_node_ast,0,1
qwen3,Full-FT,D,955__repeat_2,955,jinja2,jinja2,absolute,116,parso_node_ast,0,1
qwen3,Full-FT,D,955__repeat_2,955,markdown,markdown,absolute,116,parso_node_ast,0,0
qwen3,Full-FT,D,955__repeat_2,955,numpy,numpy,absolute,116,parso_node_ast,0,1
qwen3,Full-FT,D,955__repeat_2,955,pandas,pandas,absolute,116,parso_node_ast,0,1
qwen3,Full-FT,D,955__repeat_2,955,scikit,scikit,absolute,116,parso_node_ast,0,1
qwen3,Full-FT,D,955__repeat_2,955,urllib3,urllib3,absolute,117,parso_node_ast,0,0
qwen3,Full-FT,D,955__repeat_2,955,requests,requests,absolute,117,parso_node_ast,0,1
qwen3,Full-FT,D,955__repeat_2,955,numpy,numpy,absolute,117,parso_node_ast,0,1
qwen3,Full-FT,D,955__repeat_2,955,pandas,pandas,absolute,117,parso_node_ast,0,1
qwen3,Full-FT,D,955__repeat_2,955,scikit,scikit,absolute,117,parso_node_ast,0,1
qwen3,Full-FT,D,955__repeat_2,955,jinja2,jinja2,absolute,118,parso_node_ast,0,1
qwen3,Full-FT,D,955__repeat_2,955,markdown,markdown,absolute,118,parso_node_ast,0,0
qwen3,Full-FT,D,955__repeat_2,955,numpy,numpy,absolute,118,parso_node_ast,0,1
qwen3,Full-FT,D,955__repeat_2,955,pandas,pandas,absolute,118,parso_node_ast,0,1
qwen3,Full-FT,D,955__repeat_2,955,scikit,scikit,absolute,118,parso_node_ast,0,1
qwen3,Full-FT,D,955__repeat_2,955,urllib3,urllib3,absolute,119,parso_node_ast,0,0
qwen3,Full-FT,D,955__repeat_2,955,requests,requests,absolute,119,parso_node_ast,0,1
qwen3,Full-FT,D,955__repeat_2,955,numpy,numpy,absolute,119,parso_node_ast,0,1
qwen3,Full-FT,D,955__repeat_2,955,pandas,pandas,absolute,119,parso_node_ast,0,1
qwen3,Full-FT,D,955__repeat_2,955,scikit,scikit,absolute,119,parso_node_ast,0,1
qwen3,Full-FT,D,955__repeat_2,955,jinja2,jinja2,absolute,120,parso_node_ast,0,1
qwen3,Full-FT,D,955__repeat_2,955,markdown,markdown,absolute,120,parso_node_ast,0,0
qwen3,Full-FT,D,955__repeat_2,955,numpy,numpy,absolute,120,parso_node_ast,0,1
qwen3,Full-FT,D,955__repeat_2,955,pandas,pandas,absolute,120,parso_node_ast,0,1
qwen3,Full-FT,D,955__repeat_2,955,scikit,scikit,absolute,120,parso_node_ast,0,1
qwen3,Full-FT,D,955__repeat_2,955,urllib3,urllib3,absolute,121,parso_node_ast,0,0
qwen3,Full-FT,D,955__repeat_2,955,requests,requests,absolute,121,parso_node_ast,0,1
qwen3,Full-FT,D,955__repeat_2,955,numpy,numpy,absolute,121,parso_node_ast,0,1
qwen3,Full-FT,D,955__repeat_2,955,pandas,pandas,absolute,121,parso_node_ast,0,1
qwen3,Full-FT,D,955__repeat_2,955,scikit,scikit,absolute,121,parso_node_ast,0,1
qwen3,Full-FT,D,955__repeat_2,955,jinja2,jinja2,absolute,122,parso_node_ast,0,1
qwen3,Full-FT,D,955__repeat_2,955,markdown,markdown,absolute,122,parso_node_ast,0,0
qwen3,Full-FT,D,955__repeat_2,955,numpy,numpy,absolute,122,parso_node_ast,0,1
qwen3,Full-FT,D,955__repeat_2,955,pandas,pandas,absolute,122,parso_node_ast,0,1
qwen3,Full-FT,D,955__repeat_2,955,scikit,scikit,absolute,122,parso_node_ast,0,1
qwen3,Full-FT,D,955__repeat_2,955,urllib3,urllib3,absolute,123,parso_node_ast,0,0
qwen3,Full-FT,D,955__repeat_2,955,requests,requests,absolute,123,parso_node_ast,0,1
qwen3,Full-FT,D,955__repeat_2,955,numpy,numpy,absolute,123,parso_node_ast,0,1
qwen3,Full-FT,D,955__repeat_2,955,pandas,pandas,absolute,123,parso_node_ast,0,1
qwen3,Full-FT,D,955__repeat_2,955,scikit,scikit,absolute,123,parso_node_ast,0,1
qwen3,Full-FT,D,955__repeat_2,955,jinja2,jinja2,absolute,124,parso_node_ast,0,1
qwen3,Full-FT,D,955__repeat_2,955,markdown,markdown,absolute,124,parso_node_ast,0,0
qwen3,Full-FT,D,955__repeat_2,955,numpy,numpy,absolute,124,parso_node_ast,0,1
qwen3,Full-FT,D,955__repeat_2,955,pandas,pandas,absolute,124,parso_node_ast,0,1
qwen3,Full-FT,D,955__repeat_2,955,scikit,scikit,absolute,124,parso_node_ast,0,1
qwen3,Full-FT,D,955__repeat_2,955,urllib3,urllib3,absolute,125,parso_node_ast,0,0
qwen3,Full-FT,D,955__repeat_2,955,requests,requests,absolute,125,parso_node_ast,0,1
qwen3,Full-FT,D,955__repeat_2,955,numpy,numpy,absolute,125,parso_node_ast,0,1
qwen3,Full-FT,D,955__repeat_2,955,pandas,pandas,absolute,125,parso_node_ast,0,1
qwen3,Full-FT,D,955__repeat_2,955,scikit,scikit,absolute,125,parso_node_ast,0,1
qwen3,Full-FT,D,955__repeat_2,955,jinja2,jinja2,absolute,126,parso_node_ast,0,1
qwen3,Full-FT,D,955__repeat_2,955,markdown,markdown,absolute,126,parso_node_ast,0,0
qwen3,Full-FT,D,955__repeat_2,955,numpy,numpy,absolute,126,parso_node_ast,0,1
qwen3,Full-FT,D,955__repeat_2,955,pandas,pandas,absolute,126,parso_node_ast,0,1
qwen3,Full-FT,D,955__repeat_2,955,scikit,scikit,absolute,126,parso_node_ast,0,1
qwen3,Full-FT,D,955__repeat_2,955,urllib3,urllib3,absolute,127,parso_node_ast,0,0
qwen3,Full-FT,D,955__repeat_2,955,requests,requests,absolute,127,parso_node_ast,0,1
qwen3,Full-FT,D,955__repeat_2,955,numpy,numpy,absolute,127,parso_node_ast,0,1
qwen3,Full-FT,D,955__repeat_2,955,pandas,pandas,absolute,127,parso_node_ast,0,1
qwen3,Full-FT,D,955__repeat_2,955,scikit,scikit,absolute,127,parso_node_ast,0,1
qwen3,Full-FT,D,955__repeat_2,955,jinja2,jinja2,absolute,128,parso_node_ast,0,1
qwen3,Full-FT,D,955__repeat_2,955,markdown,markdown,absolute,128,parso_node_ast,0,0
qwen3,Full-FT,D,955__repeat_2,955,numpy,numpy,absolute,128,parso_node_ast,0,1
qwen3,Full-FT,D,955__repeat_2,955,pandas,pandas,absolute,128,parso_node_ast,0,1
qwen3,Full-FT,D,955__repeat_2,955,scikit,scikit,absolute,128,parso_node_ast,0,1
qwen3,Full-FT,D,955__repeat_2,955,urllib3,urllib3,absolute,129,parso_node_ast,0,0
qwen3,Full-FT,D,955__repeat_2,955,requests,requests,absolute,129,parso_node_ast,0,1
qwen3,Full-FT,D,955__repeat_2,955,numpy,numpy,absolute,129,parso_node_ast,0,1
qwen3,Full-FT,D,955__repeat_2,955,pandas,pandas,absolute,129,parso_node_ast,0,1
qwen3,Full-FT,D,955__repeat_2,955,scikit,scikit,absolute,129,parso_node_ast,0,1
qwen3,Full-FT,D,955__repeat_2,955,jinja2,jinja2,absolute,130,parso_node_ast,0,1
qwen3,Full-FT,D,955__repeat_2,955,markdown,markdown,absolute,130,parso_node_ast,0,0
qwen3,Full-FT,D,955__repeat_2,955,numpy,numpy,absolute,130,parso_node_ast,0,1
qwen3,Full-FT,D,955__repeat_2,955,pandas,pandas,absolute,130,parso_node_ast,0,1
qwen3,Full-FT,D,955__repeat_2,955,scikit,scikit,absolute,130,parso_node_ast,0,1
qwen3,Full-FT,D,955__repeat_2,955,urllib3,urllib3,absolute,131,parso_node_ast,0,0
qwen3,Full-FT,D,955__repeat_2,955,requests,requests,absolute,131,parso_node_ast,0,1
qwen3,Full-FT,D,955__repeat_2,955,numpy,numpy,absolute,131,parso_node_ast,0,1
qwen3,Full-FT,D,955__repeat_2,955,pandas,pandas,absolute,131,parso_node_ast,0,1
qwen3,Full-FT,D,955__repeat_2,955,scikit,scikit,absolute,131,parso_node_ast,0,1
qwen3,Full-FT,D,955__repeat_2,955,jinja2,jinja2,absolute,132,parso_node_ast,0,1
qwen3,Full-FT,D,955__repeat_2,955,markdown,markdown,absolute,132,parso_node_ast,0,0
qwen3,Full-FT,D,955__repeat_2,955,numpy,numpy,absolute,132,parso_node_ast,0,1
qwen3,Full-FT,D,955__repeat_2,955,pandas,pandas,absolute,132,parso_node_ast,0,1
qwen3,Full-FT,D,955__repeat_2,955,scikit,scikit,absolute,132,parso_node_ast,0,1
qwen3,Full-FT,D,955__repeat_2,955,urllib3,urllib3,absolute,133,parso_node_ast,0,0
qwen3,Full-FT,D,955__repeat_2,955,requests,requests,absolute,133,parso_node_ast,0,1
qwen3,Full-FT,D,955__repeat_2,955,numpy,numpy,absolute,133,parso_node_ast,0,1
qwen3,Full-FT,D,955__repeat_2,955,pandas,pandas,absolute,133,parso_node_ast,0,1
qwen3,Full-FT,D,955__repeat_2,955,scikit,scikit,absolute,133,parso_node_ast,0,1
qwen3,Full-FT,D,3396__repeat_4,3396,requests,requests,absolute,1,parso_node_ast,0,1
qwen3,Full-FT,D,3396__repeat_4,3396,urllib3,urllib3,absolute,1,parso_node_ast,0,1
qwen3,Full-FT,D,3396__repeat_4,3396,firebase_admin,firebase_admin,absolute,1,parso_node_ast,0,1
qwen3,Full-FT,D,3396__repeat_4,3396,google_auth,google_auth,absolute,1,parso_node_ast,0,1
qwen3,Full-FT,D,3396__repeat_4,3396,numpy,numpy,absolute,1,parso_node_ast,0,1
qwen3,Full-FT,D,3396__repeat_4,3396,pandas,pandas,absolute,1,parso_node_ast,0,1
qwen3,Full-FT,D,3396__repeat_4,3396,scikit,scikit,absolute,1,parso_node_ast,0,1
qwen3,Full-FT,D,2428__repeat_1,2428,jupyterlab,jupyterlab,absolute,2,parso_node_ast,0,1
qwen3,Full-FT,D,2428__repeat_1,2428,numpy,numpy,absolute,4,parso_node_ast,0,0
qwen3,Full-FT,D,2428__repeat_1,2428,pandas,pandas,absolute,5,parso_node_ast,0,1
qwen3,Full-FT,D,2428__repeat_1,2428,seaborn,seaborn,absolute,7,parso_node_ast,0,1
qwen3,Full-FT,D,2428__repeat_1,2428,torch,torch,absolute,8,parso_node_ast,0,1
qwen3,Full-FT,D,2428__repeat_1,2428,jupyter,jupyter,absolute,10,parso_node_ast,0,1
qwen3,Full-FT,D,2428__repeat_1,2428,jupyterlab,jupyterlab,absolute,10,parso_node_ast,0,1
qwen3,Full-FT,D,2428__repeat_1,2428,numpy,numpy,absolute,10,parso_node_ast,0,0
qwen3,Full-FT,D,2428__repeat_1,2428,pandas,pandas,absolute,10,parso_node_ast,0,1
qwen3,Full-FT,D,2428__repeat_1,2428,scikit,scikit,absolute,10,parso_node_ast,0,1
qwen3,Full-FT,D,2428__repeat_1,2428,numpy,numpy,absolute,11,parso_node_ast,0,0
qwen3,Full-FT,D,2428__repeat_1,2428,pandas,pandas,absolute,11,parso_node_ast,0,1
qwen3,Full-FT,D,2428__repeat_1,2428,scikit,scikit,absolute,11,parso_node_ast,0,1
qwen3,Full-FT,D,2428__repeat_1,2428,numpy,numpy,absolute,12,parso_node_ast,0,0
qwen3,Full-FT,D,2428__repeat_1,2428,pandas,pandas,absolute,12,parso_node_ast,0,1
qwen3,Full-FT,D,2428__repeat_1,2428,scikit,scikit,absolute,12,parso_node_ast,0,1
qwen3,Full-FT,D,2428__repeat_1,2428,numpy,numpy,absolute,13,parso_node_ast,0,0
qwen3,Full-FT,D,2428__repeat_1,2428,pandas,pandas,absolute,13,parso_node_ast,0,1
qwen3,Full-FT,D,2428__repeat_1,2428,scikit,scikit,absolute,13,parso_node_ast,0,1
qwen3,Full-FT,D,2428__repeat_1,2428,numpy,numpy,absolute,14,parso_node_ast,0,0
qwen3,Full-FT,D,2428__repeat_1,2428,pandas,pandas,absolute,14,parso_node_ast,0,1
qwen3,Full-FT,D,2428__repeat_1,2428,scikit,scikit,absolute,14,parso_node_ast,0,1
qwen3,Full-FT,D,2428__repeat_1,2428,numpy,numpy,absolute,15,parso_node_ast,0,0
qwen3,Full-FT,D,2428__repeat_1,2428,pandas,pandas,absolute,15,parso_node_ast,0,1
qwen3,Full-FT,D,2428__repeat_1,2428,scikit,scikit,absolute,15,parso_node_ast,0,1
qwen3,Full-FT,D,2428__repeat_1,2428,numpy,numpy,absolute,16,parso_node_ast,0,0
qwen3,Full-FT,D,2428__repeat_1,2428,pandas,pandas,absolute,16,parso_node_ast,0,1
qwen3,Full-FT,D,2428__repeat_1,2428,scikit,scikit,absolute,16,parso_node_ast,0,1
qwen3,Full-FT,D,2428__repeat_1,2428,numpy,numpy,absolute,17,parso_node_ast,0,0
qwen3,Full-FT,D,2428__repeat_1,2428,pandas,pandas,absolute,17,parso_node_ast,0,1
qwen3,Full-FT,D,2428__repeat_1,2428,scikit,scikit,absolute,17,parso_node_ast,0,1
qwen3,Full-FT,D,2428__repeat_1,2428,numpy,numpy,absolute,18,parso_node_ast,0,0
qwen3,Full-FT,D,2428__repeat_1,2428,pandas,pandas,absolute,18,parso_node_ast,0,1
qwen3,Full-FT,D,2428__repeat_1,2428,scikit,scikit,absolute,18,parso_node_ast,0,1
qwen3,Full-FT,D,2428__repeat_1,2428,numpy,numpy,absolute,19,parso_node_ast,0,0
qwen3,Full-FT,D,2428__repeat_1,2428,pandas,pandas,absolute,19,parso_node_ast,0,1
qwen3,Full-FT,D,2428__repeat_1,2428,scikit,scikit,absolute,19,parso_node_ast,0,1
qwen3,Full-FT,D,2428__repeat_1,2428,numpy,numpy,absolute,20,parso_node_ast,0,0
qwen3,Full-FT,D,2428__repeat_1,2428,pandas,pandas,absolute,20,parso_node_ast,0,1
qwen3,Full-FT,D,2428__repeat_1,2428,scikit,scikit,absolute,20,parso_node_ast,0,1
qwen3,Full-FT,D,2428__repeat_1,2428,numpy,numpy,absolute,21,parso_node_ast,0,0
qwen3,Full-FT,D,2428__repeat_1,2428,pandas,pandas,absolute,21,parso_node_ast,0,1
qwen3,Full-FT,D,2428__repeat_1,2428,scikit,scikit,absolute,21,parso_node_ast,0,1
qwen3,Full-FT,D,2428__repeat_1,2428,numpy,numpy,absolute,22,parso_node_ast,0,0
qwen3,Full-FT,D,2428__repeat_1,2428,pandas,pandas,absolute,22,parso_node_ast,0,1
qwen3,Full-FT,D,2428__repeat_1,2428,scikit,scikit,absolute,22,parso_node_ast,0,1
qwen3,Full-FT,D,2428__repeat_1,2428,numpy,numpy,absolute,23,parso_node_ast,0,0
qwen3,Full-FT,D,2428__repeat_1,2428,pandas,pandas,absolute,23,parso_node_ast,0,1
qwen3,Full-FT,D,2428__repeat_1,2428,scikit,scikit,absolute,23,parso_node_ast,0,1
qwen3,Full-FT,D,2428__repeat_1,2428,numpy,numpy,absolute,24,parso_node_ast,0,0
qwen3,Full-FT,D,2428__repeat_1,2428,pandas,pandas,absolute,24,parso_node_ast,0,1
qwen3,Full-FT,D,2428__repeat_1,2428,scikit,scikit,absolute,24,parso_node_ast,0,1
qwen3,Full-FT,D,2428__repeat_1,2428,numpy,numpy,absolute,25,parso_node_ast,0,0
qwen3,Full-FT,D,2428__repeat_1,2428,pandas,pandas,absolute,25,parso_node_ast,0,1
qwen3,Full-FT,D,2428__repeat_1,2428,scikit,scikit,absolute,25,parso_node_ast,0,1
qwen3,Full-FT,D,2428__repeat_1,2428,numpy,numpy,absolute,26,parso_node_ast,0,0
qwen3,Full-FT,D,2428__repeat_1,2428,pandas,pandas,absolute,26,parso_node_ast,0,1
qwen3,Full-FT,D,2428__repeat_1,2428,scikit,scikit,absolute,26,parso_node_ast,0,1
qwen3,Full-FT,D,2428__repeat_1,2428,numpy,numpy,absolute,27,parso_node_ast,0,0
qwen3,Full-FT,D,2428__repeat_1,2428,pandas,pandas,absolute,27,parso_node_ast,0,1
qwen3,Full-FT,D,2428__repeat_1,2428,scikit,scikit,absolute,27,parso_node_ast,0,1
qwen3,Full-FT,D,2428__repeat_1,2428,numpy,numpy,absolute,28,parso_node_ast,0,0
qwen3,Full-FT,D,2428__repeat_1,2428,pandas,pandas,absolute,28,parso_node_ast,0,1
qwen3,Full-FT,D,2428__repeat_1,2428,scikit,scikit,absolute,28,parso_node_ast,0,1
qwen3,Full-FT,D,2428__repeat_1,2428,numpy,numpy,absolute,29,parso_node_ast,0,0
qwen3,Full-FT,D,2428__repeat_1,2428,pandas,pandas,absolute,29,parso_node_ast,0,1
qwen3,Full-FT,D,2428__repeat_1,2428,scikit,scikit,absolute,29,parso_node_ast,0,1
qwen3,Full-FT,D,2428__repeat_1,2428,numpy,numpy,absolute,30,parso_node_ast,0,0
qwen3,Full-FT,D,2428__repeat_1,2428,pandas,pandas,absolute,30,parso_node_ast,0,1
qwen3,Full-FT,D,2428__repeat_1,2428,scikit,scikit,absolute,30,parso_node_ast,0,1
qwen3,Full-FT,D,2428__repeat_1,2428,numpy,numpy,absolute,31,parso_node_ast,0,0
qwen3,Full-FT,D,2428__repeat_1,2428,pandas,pandas,absolute,31,parso_node_ast,0,1
qwen3,Full-FT,D,2428__repeat_1,2428,scikit,scikit,absolute,31,parso_node_ast,0,1
qwen3,Full-FT,D,2428__repeat_1,2428,numpy,numpy,absolute,32,parso_node_ast,0,0
qwen3,Full-FT,D,2428__repeat_1,2428,pandas,pandas,absolute,32,parso_node_ast,0,1
qwen3,Full-FT,D,2428__repeat_1,2428,scikit,scikit,absolute,32,parso_node_ast,0,1
qwen3,Full-FT,D,2428__repeat_1,2428,numpy,numpy,absolute,33,parso_node_ast,0,0
qwen3,Full-FT,D,2428__repeat_1,2428,pandas,pandas,absolute,33,parso_node_ast,0,1
qwen3,Full-FT,D,2428__repeat_1,2428,scikit,scikit,absolute,33,parso_node_ast,0,1
qwen3,Full-FT,D,2428__repeat_1,2428,numpy,numpy,absolute,34,parso_node_ast,0,0
qwen3,Full-FT,D,2428__repeat_1,2428,pandas,pandas,absolute,34,parso_node_ast,0,1
qwen3,Full-FT,D,2428__repeat_1,2428,scikit,scikit,absolute,34,parso_node_ast,0,1
qwen3,Full-FT,D,2428__repeat_1,2428,numpy,numpy,absolute,35,parso_node_ast,0,0
qwen3,Full-FT,D,2428__repeat_1,2428,pandas,pandas,absolute,35,parso_node_ast,0,1
qwen3,Full-FT,D,2428__repeat_1,2428,scikit,scikit,absolute,35,parso_node_ast,0,1
qwen3,Full-FT,D,2428__repeat_1,2428,numpy,numpy,absolute,36,parso_node_ast,0,0
qwen3,Full-FT,D,2428__repeat_1,2428,pandas,pandas,absolute,36,parso_node_ast,0,1
qwen3,Full-FT,D,2428__repeat_1,2428,scikit,scikit,absolute,36,parso_node_ast,0,1
qwen3,Full-FT,D,2428__repeat_1,2428,numpy,numpy,absolute,37,parso_node_ast,0,0
qwen3,Full-FT,D,2428__repeat_1,2428,pandas,pandas,absolute,37,parso_node_ast,0,1
qwen3,Full-FT,D,2428__repeat_1,2428,scikit,scikit,absolute,37,parso_node_ast,0,1
qwen3,Full-FT,D,2428__repeat_1,2428,numpy,numpy,absolute,38,parso_node_ast,0,0
qwen3,Full-FT,D,2428__repeat_1,2428,pandas,pandas,absolute,38,parso_node_ast,0,1
qwen3,Full-FT,D,2428__repeat_1,2428,scikit,scikit,absolute,38,parso_node_ast,0,1
qwen3,Full-FT,D,2428__repeat_1,2428,numpy,numpy,absolute,39,parso_node_ast,0,0
qwen3,Full-FT,D,2428__repeat_1,2428,pandas,pandas,absolute,39,parso_node_ast,0,1
qwen3,Full-FT,D,2428__repeat_1,2428,scikit,scikit,absolute,39,parso_node_ast,0,1
qwen3,Full-FT,D,2428__repeat_1,2428,numpy,numpy,absolute,40,parso_node_ast,0,0
qwen3,Full-FT,D,2428__repeat_1,2428,pandas,pandas,absolute,40,parso_node_ast,0,1
qwen3,Full-FT,D,2428__repeat_1,2428,scikit,scikit,absolute,40,parso_node_ast,0,1
qwen3,Full-FT,D,2428__repeat_1,2428,numpy,numpy,absolute,41,parso_node_ast,0,0
qwen3,Full-FT,D,2428__repeat_1,2428,pandas,pandas,absolute,41,parso_node_ast,0,1
qwen3,Full-FT,D,2428__repeat_1,2428,scikit,scikit,absolute,41,parso_node_ast,0,1
qwen3,Full-FT,D,2428__repeat_1,2428,numpy,numpy,absolute,42,parso_node_ast,0,0
qwen3,Full-FT,D,2428__repeat_1,2428,pandas,pandas,absolute,42,parso_node_ast,0,1
qwen3,Full-FT,D,2428__repeat_1,2428,scikit,scikit,absolute,42,parso_node_ast,0,1
qwen3,Full-FT,D,2428__repeat_1,2428,numpy,numpy,absolute,43,parso_node_ast,0,0
qwen3,Full-FT,D,2428__repeat_1,2428,pandas,pandas,absolute,43,parso_node_ast,0,1
qwen3,Full-FT,D,2428__repeat_1,2428,scikit,scikit,absolute,43,parso_node_ast,0,1
qwen3,Full-FT,D,2428__repeat_1,2428,numpy,numpy,absolute,44,parso_node_ast,0,0
qwen3,Full-FT,D,2428__repeat_1,2428,pandas,pandas,absolute,44,parso_node_ast,0,1
qwen3,Full-FT,D,2428__repeat_1,2428,scikit,scikit,absolute,44,parso_node_ast,0,1
qwen3,Full-FT,D,2428__repeat_1,2428,numpy,numpy,absolute,45,parso_node_ast,0,0
qwen3,Full-FT,D,2428__repeat_1,2428,pandas,pandas,absolute,45,parso_node_ast,0,1
qwen3,Full-FT,D,2428__repeat_1,2428,scikit,scikit,absolute,45,parso_node_ast,0,1
qwen3,Full-FT,D,2428__repeat_1,2428,numpy,numpy,absolute,46,parso_node_ast,0,0
qwen3,Full-FT,D,2428__repeat_1,2428,pandas,pandas,absolute,46,parso_node_ast,0,1
qwen3,Full-FT,D,2428__repeat_1,2428,scikit,scikit,absolute,46,parso_node_ast,0,1
qwen3,Full-FT,D,2428__repeat_1,2428,numpy,numpy,absolute,47,parso_node_ast,0,0
qwen3,Full-FT,D,2428__repeat_1,2428,pandas,pandas,absolute,47,parso_node_ast,0,1
qwen3,Full-FT,D,2428__repeat_1,2428,scikit,scikit,absolute,47,parso_node_ast,0,1
qwen3,Full-FT,D,2428__repeat_1,2428,numpy,numpy,absolute,48,parso_node_ast,0,0
qwen3,Full-FT,D,2428__repeat_1,2428,pandas,pandas,absolute,48,parso_node_ast,0,1
qwen3,Full-FT,D,2428__repeat_1,2428,scikit,scikit,absolute,48,parso_node_ast,0,1
qwen3,Full-FT,D,2428__repeat_1,2428,numpy,numpy,absolute,49,parso_node_ast,0,0
qwen3,Full-FT,D,2428__repeat_1,2428,pandas,pandas,absolute,49,parso_node_ast,0,1
qwen3,Full-FT,D,2428__repeat_1,2428,scikit,scikit,absolute,49,parso_node_ast,0,1
qwen3,Full-FT,D,2428__repeat_1,2428,numpy,numpy,absolute,50,parso_node_ast,0,0
qwen3,Full-FT,D,2428__repeat_1,2428,pandas,pandas,absolute,50,parso_node_ast,0,1
qwen3,Full-FT,D,2428__repeat_1,2428,scikit,scikit,absolute,50,parso_node_ast,0,1
qwen3,Full-FT,D,2428__repeat_1,2428,numpy,numpy,absolute,51,parso_node_ast,0,0
qwen3,Full-FT,D,2428__repeat_1,2428,pandas,pandas,absolute,51,parso_node_ast,0,1
qwen3,Full-FT,D,2428__repeat_1,2428,scikit,scikit,absolute,51,parso_node_ast,0,1
qwen3,Full-FT,D,2428__repeat_1,2428,numpy,numpy,absolute,52,parso_node_ast,0,0
qwen3,Full-FT,D,2428__repeat_1,2428,pandas,pandas,absolute,52,parso_node_ast,0,1
qwen3,Full-FT,D,2428__repeat_1,2428,scikit,scikit,absolute,52,parso_node_ast,0,1
qwen3,Full-FT,D,2428__repeat_1,2428,numpy,numpy,absolute,53,parso_node_ast,0,0
qwen3,Full-FT,D,2428__repeat_1,2428,pandas,pandas,absolute,53,parso_node_ast,0,1
qwen3,Full-FT,D,2428__repeat_1,2428,scikit,scikit,absolute,53,parso_node_ast,0,1
qwen3,Full-FT,D,2428__repeat_1,2428,numpy,numpy,absolute,54,parso_node_ast,0,0
qwen3,Full-FT,D,2428__repeat_1,2428,pandas,pandas,absolute,54,parso_node_ast,0,1
qwen3,Full-FT,D,2428__repeat_1,2428,scikit,scikit,absolute,54,parso_node_ast,0,1
qwen3,Full-FT,D,2428__repeat_1,2428,numpy,numpy,absolute,55,parso_node_ast,0,0
qwen3,Full-FT,D,2428__repeat_1,2428,pandas,pandas,absolute,55,parso_node_ast,0,1
qwen3,Full-FT,D,2428__repeat_1,2428,scikit,scikit,absolute,55,parso_node_ast,0,1
qwen3,Full-FT,D,2428__repeat_1,2428,numpy,numpy,absolute,56,parso_node_ast,0,0
qwen3,Full-FT,D,2428__repeat_1,2428,pandas,pandas,absolute,56,parso_node_ast,0,1
qwen3,Full-FT,D,2428__repeat_1,2428,scikit,scikit,absolute,56,parso_node_ast,0,1
qwen3,Full-FT,D,2428__repeat_1,2428,numpy,numpy,absolute,57,parso_node_ast,0,0
qwen3,Full-FT,D,2428__repeat_1,2428,pandas,pandas,absolute,57,parso_node_ast,0,1
qwen3,Full-FT,D,2428__repeat_1,2428,scikit,scikit,absolute,57,parso_node_ast,0,1
qwen3,Full-FT,D,2428__repeat_1,2428,numpy,numpy,absolute,58,parso_node_ast,0,0
qwen3,Full-FT,D,2428__repeat_1,2428,pandas,pandas,absolute,58,parso_node_ast,0,1
qwen3,Full-FT,D,2428__repeat_1,2428,scikit,scikit,absolute,58,parso_node_ast,0,1
qwen3,Full-FT,D,2428__repeat_1,2428,numpy,numpy,absolute,59,parso_node_ast,0,0
qwen3,Full-FT,D,2428__repeat_1,2428,pandas,pandas,absolute,59,parso_node_ast,0,1
qwen3,Full-FT,D,2428__repeat_1,2428,scikit,scikit,absolute,59,parso_node_ast,0,1
qwen3,Full-FT,D,2428__repeat_1,2428,numpy,numpy,absolute,60,parso_node_ast,0,0
qwen3,Full-FT,D,2428__repeat_1,2428,pandas,pandas,absolute,60,parso_node_ast,0,1
qwen3,Full-FT,D,2428__repeat_1,2428,scikit,scikit,absolute,60,parso_node_ast,0,1
qwen3,Full-FT,D,2428__repeat_1,2428,numpy,numpy,absolute,61,parso_node_ast,0,0
qwen3,Full-FT,D,2428__repeat_1,2428,pandas,pandas,absolute,61,parso_node_ast,0,1
qwen3,Full-FT,D,2428__repeat_1,2428,scikit,scikit,absolute,61,parso_node_ast,0,1
qwen3,Full-FT,D,2428__repeat_1,2428,numpy,numpy,absolute,62,parso_node_ast,0,0
qwen3,Full-FT,D,2428__repeat_1,2428,pandas,pandas,absolute,62,parso_node_ast,0,1
qwen3,Full-FT,D,2428__repeat_1,2428,scikit,scikit,absolute,62,parso_node_ast,0,1
qwen3,Full-FT,D,2428__repeat_1,2428,numpy,numpy,absolute,63,parso_node_ast,0,0
qwen3,Full-FT,D,2428__repeat_1,2428,pandas,pandas,absolute,63,parso_node_ast,0,1
qwen3,Full-FT,D,2428__repeat_1,2428,scikit,scikit,absolute,63,parso_node_ast,0,1
qwen3,Full-FT,D,2428__repeat_1,2428,numpy,numpy,absolute,64,parso_node_ast,0,0
qwen3,Full-FT,D,2428__repeat_1,2428,pandas,pandas,absolute,64,parso_node_ast,0,1
qwen3,Full-FT,D,2428__repeat_1,2428,scikit,scikit,absolute,64,parso_node_ast,0,1
qwen3,Full-FT,D,2428__repeat_1,2428,numpy,numpy,absolute,65,parso_node_ast,0,0
qwen3,Full-FT,D,2428__repeat_1,2428,pandas,pandas,absolute,65,parso_node_ast,0,1
qwen3,Full-FT,D,2428__repeat_1,2428,scikit,scikit,absolute,65,parso_node_ast,0,1
qwen3,Full-FT,D,2428__repeat_1,2428,numpy,numpy,absolute,66,parso_node_ast,0,0
qwen3,Full-FT,D,2428__repeat_1,2428,pandas,pandas,absolute,66,parso_node_ast,0,1
qwen3,Full-FT,D,2428__repeat_1,2428,scikit,scikit,absolute,66,parso_node_ast,0,1
qwen3,Full-FT,D,2428__repeat_1,2428,numpy,numpy,absolute,67,parso_node_ast,0,0
qwen3,Full-FT,D,2428__repeat_1,2428,pandas,pandas,absolute,67,parso_node_ast,0,1
qwen3,Full-FT,D,2428__repeat_1,2428,scikit,scikit,absolute,67,parso_node_ast,0,1
qwen3,Full-FT,D,2428__repeat_1,2428,numpy,numpy,absolute,68,parso_node_ast,0,0
qwen3,Full-FT,D,2428__repeat_1,2428,pandas,pandas,absolute,68,parso_node_ast,0,1
qwen3,Full-FT,D,2428__repeat_1,2428,scikit,scikit,absolute,68,parso_node_ast,0,1
qwen3,Full-FT,D,2428__repeat_1,2428,numpy,numpy,absolute,69,parso_node_ast,0,0
qwen3,Full-FT,D,2428__repeat_1,2428,pandas,pandas,absolute,69,parso_node_ast,0,1
qwen3,Full-FT,D,2428__repeat_1,2428,scikit,scikit,absolute,69,parso_node_ast,0,1
qwen3,Full-FT,D,2428__repeat_1,2428,numpy,numpy,absolute,70,parso_node_ast,0,0
qwen3,Full-FT,D,2428__repeat_1,2428,pandas,pandas,absolute,70,parso_node_ast,0,1
qwen3,Full-FT,D,2428__repeat_1,2428,scikit,scikit,absolute,70,parso_node_ast,0,1
qwen3,Full-FT,D,2428__repeat_1,2428,numpy,numpy,absolute,71,parso_node_ast,0,0
qwen3,Full-FT,D,2428__repeat_1,2428,pandas,pandas,absolute,71,parso_node_ast,0,1
qwen3,Full-FT,D,2428__repeat_1,2428,scikit,scikit,absolute,71,parso_node_ast,0,1
qwen3,Full-FT,D,2428__repeat_1,2428,numpy,numpy,absolute,72,parso_node_ast,0,0
qwen3,Full-FT,D,2428__repeat_1,2428,pandas,pandas,absolute,72,parso_node_ast,0,1
qwen3,Full-FT,D,2428__repeat_1,2428,scikit,scikit,absolute,72,parso_node_ast,0,1
qwen3,Full-FT,D,2428__repeat_1,2428,numpy,numpy,absolute,73,parso_node_ast,0,0
qwen3,Full-FT,D,2428__repeat_1,2428,pandas,pandas,absolute,73,parso_node_ast,0,1
qwen3,Full-FT,D,2428__repeat_1,2428,scikit,scikit,absolute,73,parso_node_ast,0,1
qwen3,Full-FT,D,2428__repeat_1,2428,numpy,numpy,absolute,74,parso_node_ast,0,0
qwen3,Full-FT,D,2428__repeat_1,2428,pandas,pandas,absolute,74,parso_node_ast,0,1
qwen3,Full-FT,D,2428__repeat_1,2428,scikit,scikit,absolute,74,parso_node_ast,0,1
qwen3,Full-FT,D,2428__repeat_1,2428,numpy,numpy,absolute,75,parso_node_ast,0,0
qwen3,Full-FT,D,2428__repeat_1,2428,pandas,pandas,absolute,75,parso_node_ast,0,1
qwen3,Full-FT,D,2428__repeat_1,2428,scikit,scikit,absolute,75,parso_node_ast,0,1
qwen3,Full-FT,D,2428__repeat_1,2428,numpy,numpy,absolute,76,parso_node_ast,0,0
qwen3,Full-FT,D,2428__repeat_1,2428,pandas,pandas,absolute,76,parso_node_ast,0,1
qwen3,Full-FT,D,2428__repeat_1,2428,scikit,scikit,absolute,76,parso_node_ast,0,1
qwen3,Full-FT,D,2428__repeat_1,2428,numpy,numpy,absolute,77,parso_node_ast,0,0
qwen3,Full-FT,D,2428__repeat_1,2428,pandas,pandas,absolute,77,parso_node_ast,0,1
qwen3,Full-FT,D,2428__repeat_1,2428,scikit,scikit,absolute,77,parso_node_ast,0,1
qwen3,Full-FT,D,2428__repeat_1,2428,numpy,numpy,absolute,78,parso_node_ast,0,0
qwen3,Full-FT,D,2428__repeat_1,2428,pandas,pandas,absolute,78,parso_node_ast,0,1
qwen3,Full-FT,D,2428__repeat_1,2428,scikit,scikit,absolute,78,parso_node_ast,0,1
qwen3,Full-FT,D,2428__repeat_1,2428,numpy,numpy,absolute,79,parso_node_ast,0,0
qwen3,Full-FT,D,2428__repeat_1,2428,pandas,pandas,absolute,79,parso_node_ast,0,1
qwen3,Full-FT,D,2428__repeat_1,2428,scikit,scikit,absolute,79,parso_node_ast,0,1
qwen3,Full-FT,D,2428__repeat_1,2428,numpy,numpy,absolute,80,parso_node_ast,0,0
qwen3,Full-FT,D,2428__repeat_1,2428,pandas,pandas,absolute,80,parso_node_ast,0,1
qwen3,Full-FT,D,2428__repeat_1,2428,scikit,scikit,absolute,80,parso_node_ast,0,1
qwen3,Full-FT,D,2428__repeat_1,2428,numpy,numpy,absolute,81,parso_node_ast,0,0
qwen3,Full-FT,D,2428__repeat_1,2428,pandas,pandas,absolute,81,parso_node_ast,0,1
qwen3,Full-FT,D,2428__repeat_1,2428,scikit,scikit,absolute,81,parso_node_ast,0,1
qwen3,Full-FT,D,2428__repeat_1,2428,numpy,numpy,absolute,82,parso_node_ast,0,0
qwen3,Full-FT,D,2428__repeat_1,2428,pandas,pandas,absolute,82,parso_node_ast,0,1
qwen3,Full-FT,D,2428__repeat_1,2428,scikit,scikit,absolute,82,parso_node_ast,0,1
qwen3,Full-FT,D,2428__repeat_1,2428,numpy,numpy,absolute,83,parso_node_ast,0,0
qwen3,Full-FT,D,2428__repeat_1,2428,pandas,pandas,absolute,83,parso_node_ast,0,1
qwen3,Full-FT,D,2428__repeat_1,2428,scikit,scikit,absolute,83,parso_node_ast,0,1
qwen3,Full-FT,D,2428__repeat_1,2428,numpy,numpy,absolute,84,parso_node_ast,0,0
qwen3,Full-FT,D,2428__repeat_1,2428,pandas,pandas,absolute,84,parso_node_ast,0,1
qwen3,Full-FT,D,2428__repeat_1,2428,scikit,scikit,absolute,84,parso_node_ast,0,1
qwen3,Full-FT,D,2428__repeat_1,2428,numpy,numpy,absolute,85,parso_node_ast,0,0
qwen3,Full-FT,D,2428__repeat_1,2428,pandas,pandas,absolute,85,parso_node_ast,0,1
qwen3,Full-FT,D,2428__repeat_1,2428,scikit,scikit,absolute,85,parso_node_ast,0,1
qwen3,Full-FT,D,2428__repeat_1,2428,numpy,numpy,absolute,86,parso_node_ast,0,0
qwen3,Full-FT,D,2428__repeat_1,2428,pandas,pandas,absolute,86,parso_node_ast,0,1
qwen3,Full-FT,D,2428__repeat_1,2428,scikit,scikit,absolute,86,parso_node_ast,0,1
qwen3,Full-FT,D,2428__repeat_1,2428,numpy,numpy,absolute,87,parso_node_ast,0,0
qwen3,Full-FT,D,2428__repeat_1,2428,pandas,pandas,absolute,87,parso_node_ast,0,1
qwen3,Full-FT,D,2428__repeat_1,2428,scikit,scikit,absolute,87,parso_node_ast,0,1
qwen3,Full-FT,D,2428__repeat_1,2428,numpy,numpy,absolute,88,parso_node_ast,0,0
qwen3,Full-FT,D,2428__repeat_1,2428,pandas,pandas,absolute,88,parso_node_ast,0,1
qwen3,Full-FT,D,2428__repeat_1,2428,scikit,scikit,absolute,88,parso_node_ast,0,1
qwen3,Full-FT,D,2428__repeat_1,2428,numpy,numpy,absolute,89,parso_node_ast,0,0
qwen3,Full-FT,D,2428__repeat_1,2428,pandas,pandas,absolute,89,parso_node_ast,0,1
qwen3,Full-FT,D,2428__repeat_1,2428,scikit,scikit,absolute,89,parso_node_ast,0,1
qwen3,Full-FT,D,2428__repeat_1,2428,numpy,numpy,absolute,90,parso_node_ast,0,0
qwen3,Full-FT,D,2428__repeat_1,2428,pandas,pandas,absolute,90,parso_node_ast,0,1
qwen3,Full-FT,D,2428__repeat_1,2428,scikit,scikit,absolute,90,parso_node_ast,0,1
qwen3,Full-FT,D,2428__repeat_1,2428,numpy,numpy,absolute,91,parso_node_ast,0,0
qwen3,Full-FT,D,2428__repeat_1,2428,pandas,pandas,absolute,91,parso_node_ast,0,1
qwen3,Full-FT,D,2428__repeat_1,2428,scikit,scikit,absolute,91,parso_node_ast,0,1
qwen3,Full-FT,D,2428__repeat_1,2428,numpy,numpy,absolute,92,parso_node_ast,0,0
qwen3,Full-FT,D,2428__repeat_1,2428,pandas,pandas,absolute,92,parso_node_ast,0,1
qwen3,Full-FT,D,2428__repeat_1,2428,scikit,scikit,absolute,92,parso_node_ast,0,1
qwen3,Full-FT,D,2428__repeat_1,2428,numpy,numpy,absolute,93,parso_node_ast,0,0
qwen3,Full-FT,D,2428__repeat_1,2428,pandas,pandas,absolute,93,parso_node_ast,0,1
qwen3,Full-FT,D,2428__repeat_1,2428,scikit,scikit,absolute,93,parso_node_ast,0,1
qwen3,Full-FT,D,2428__repeat_1,2428,numpy,numpy,absolute,94,parso_node_ast,0,0
qwen3,Full-FT,D,2428__repeat_1,2428,pandas,pandas,absolute,94,parso_node_ast,0,1
qwen3,Full-FT,D,2428__repeat_1,2428,scikit,scikit,absolute,94,parso_node_ast,0,1
qwen3,Full-FT,D,2428__repeat_1,2428,numpy,numpy,absolute,95,parso_node_ast,0,0
qwen3,Full-FT,D,2428__repeat_1,2428,pandas,pandas,absolute,95,parso_node_ast,0,1
qwen3,Full-FT,D,2428__repeat_1,2428,scikit,scikit,absolute,95,parso_node_ast,0,1
qwen3,Full-FT,D,2428__repeat_1,2428,numpy,numpy,absolute,96,parso_node_ast,0,0
qwen3,Full-FT,D,2428__repeat_1,2428,pandas,pandas,absolute,96,parso_node_ast,0,1
qwen3,Full-FT,D,2428__repeat_1,2428,scikit,scikit,absolute,96,parso_node_ast,0,1
qwen3,Full-FT,D,2428__repeat_1,2428,numpy,numpy,absolute,97,parso_node_ast,0,0
qwen3,Full-FT,D,2428__repeat_1,2428,pandas,pandas,absolute,97,parso_node_ast,0,1
qwen3,Full-FT,D,2428__repeat_1,2428,scikit,scikit,absolute,97,parso_node_ast,0,1
qwen3,Full-FT,D,2428__repeat_1,2428,numpy,numpy,absolute,98,parso_node_ast,0,0
qwen3,Full-FT,D,2428__repeat_1,2428,pandas,pandas,absolute,98,parso_node_ast,0,1
qwen3,Full-FT,D,2428__repeat_1,2428,scikit,scikit,absolute,98,parso_node_ast,0,1
qwen3,Full-FT,D,2428__repeat_1,2428,numpy,numpy,absolute,99,parso_node_ast,0,0
qwen3,Full-FT,D,2428__repeat_1,2428,pandas,pandas,absolute,99,parso_node_ast,0,1
qwen3,Full-FT,D,2428__repeat_1,2428,scikit,scikit,absolute,99,parso_node_ast,0,1
qwen3,Full-FT,D,2428__repeat_1,2428,numpy,numpy,absolute,100,parso_node_ast,0,0
qwen3,Full-FT,D,2428__repeat_1,2428,pandas,pandas,absolute,100,parso_node_ast,0,1
qwen3,Full-FT,D,2428__repeat_1,2428,scikit,scikit,absolute,100,parso_node_ast,0,1
qwen3,Full-FT,D,2428__repeat_1,2428,numpy,numpy,absolute,101,parso_node_ast,0,0
qwen3,Full-FT,D,2428__repeat_1,2428,pandas,pandas,absolute,101,parso_node_ast,0,1
qwen3,Full-FT,D,2428__repeat_1,2428,scikit,scikit,absolute,101,parso_node_ast,0,1
qwen3,Full-FT,D,2428__repeat_1,2428,numpy,numpy,absolute,102,parso_node_ast,0,0
qwen3,Full-FT,D,2428__repeat_1,2428,pandas,pandas,absolute,102,parso_node_ast,0,1
qwen3,Full-FT,D,2428__repeat_1,2428,scikit,scikit,absolute,102,parso_node_ast,0,1
qwen3,Full-FT,D,2428__repeat_1,2428,numpy,numpy,absolute,103,parso_node_ast,0,0
qwen3,Full-FT,D,2428__repeat_1,2428,pandas,pandas,absolute,103,parso_node_ast,0,1
qwen3,Full-FT,D,2428__repeat_1,2428,scikit,scikit,absolute,103,parso_node_ast,0,1
qwen3,Full-FT,D,2428__repeat_1,2428,numpy,numpy,absolute,104,parso_node_ast,0,0
qwen3,Full-FT,D,2428__repeat_1,2428,pandas,pandas,absolute,104,parso_node_ast,0,1
qwen3,Full-FT,D,2428__repeat_1,2428,scikit,scikit,absolute,104,parso_node_ast,0,1
qwen3,Full-FT,D,2428__repeat_1,2428,numpy,numpy,absolute,105,parso_node_ast,0,0
qwen3,Full-FT,D,2428__repeat_1,2428,pandas,pandas,absolute,105,parso_node_ast,0,1
qwen3,Full-FT,D,2428__repeat_1,2428,scikit,scikit,absolute,105,parso_node_ast,0,1
qwen3,Full-FT,D,2428__repeat_1,2428,numpy,numpy,absolute,106,parso_node_ast,0,0
qwen3,Full-FT,D,2428__repeat_1,2428,pandas,pandas,absolute,106,parso_node_ast,0,1
qwen3,Full-FT,D,2428__repeat_1,2428,scikit,scikit,absolute,106,parso_node_ast,0,1
qwen3,Full-FT,D,2428__repeat_1,2428,numpy,numpy,absolute,107,parso_node_ast,0,0
qwen3,Full-FT,D,2428__repeat_1,2428,pandas,pandas,absolute,107,parso_node_ast,0,1
qwen3,Full-FT,D,2428__repeat_1,2428,scikit,scikit,absolute,107,parso_node_ast,0,1
qwen3,Full-FT,D,2428__repeat_1,2428,numpy,numpy,absolute,108,parso_node_ast,0,0
qwen3,Full-FT,D,2428__repeat_1,2428,pandas,pandas,absolute,108,parso_node_ast,0,1
qwen3,Full-FT,D,2428__repeat_1,2428,scikit,scikit,absolute,108,parso_node_ast,0,1
qwen3,Full-FT,D,2428__repeat_1,2428,numpy,numpy,absolute,109,parso_node_ast,0,0
qwen3,Full-FT,D,2428__repeat_1,2428,pandas,pandas,absolute,109,parso_node_ast,0,1
qwen3,Full-FT,D,2428__repeat_1,2428,scikit,scikit,absolute,109,parso_node_ast,0,1
qwen3,Full-FT,D,2428__repeat_1,2428,numpy,numpy,absolute,110,parso_node_ast,0,0
qwen3,Full-FT,D,2428__repeat_1,2428,pandas,pandas,absolute,110,parso_node_ast,0,1
qwen3,Full-FT,D,2428__repeat_1,2428,scikit,scikit,absolute,110,parso_node_ast,0,1
qwen3,Full-FT,D,2428__repeat_1,2428,numpy,numpy,absolute,111,parso_node_ast,0,0
qwen3,Full-FT,D,2428__repeat_1,2428,pandas,pandas,absolute,111,parso_node_ast,0,1
qwen3,Full-FT,D,2428__repeat_1,2428,scikit,scikit,absolute,111,parso_node_ast,0,1
qwen3,Full-FT,D,2428__repeat_1,2428,numpy,numpy,absolute,112,parso_node_ast,0,0
qwen3,Full-FT,D,2428__repeat_1,2428,pandas,pandas,absolute,112,parso_node_ast,0,1
qwen3,Full-FT,D,2428__repeat_1,2428,scikit,scikit,absolute,112,parso_node_ast,0,1
qwen3,Full-FT,D,2428__repeat_1,2428,numpy,numpy,absolute,113,parso_node_ast,0,0
qwen3,Full-FT,D,2428__repeat_1,2428,pandas,pandas,absolute,113,parso_node_ast,0,1
qwen3,Full-FT,D,2428__repeat_1,2428,scikit,scikit,absolute,113,parso_node_ast,0,1
qwen3,Full-FT,D,2428__repeat_1,2428,numpy,numpy,absolute,114,parso_node_ast,0,0
qwen3,Full-FT,D,2428__repeat_1,2428,pandas,pandas,absolute,114,parso_node_ast,0,1
qwen3,Full-FT,D,2428__repeat_1,2428,scikit,scikit,absolute,114,parso_node_ast,0,1
qwen3,Full-FT,D,2428__repeat_1,2428,numpy,numpy,absolute,115,parso_node_ast,0,0
qwen3,Full-FT,D,2428__repeat_1,2428,pandas,pandas,absolute,115,parso_node_ast,0,1
qwen3,Full-FT,D,2428__repeat_1,2428,scikit,scikit,absolute,115,parso_node_ast,0,1
qwen3,Full-FT,D,2428__repeat_1,2428,numpy,numpy,absolute,116,parso_node_ast,0,0
qwen3,Full-FT,D,2428__repeat_1,2428,pandas,pandas,absolute,116,parso_node_ast,0,1
qwen3,Full-FT,D,2428__repeat_1,2428,scikit,scikit,absolute,116,parso_node_ast,0,1
qwen3,Full-FT,D,2428__repeat_1,2428,numpy,numpy,absolute,117,parso_node_ast,0,0
qwen3,Full-FT,D,2428__repeat_1,2428,pandas,pandas,absolute,117,parso_node_ast,0,1
qwen3,Full-FT,D,2428__repeat_1,2428,scikit,scikit,absolute,117,parso_node_ast,0,1
qwen3,Full-FT,D,2428__repeat_1,2428,numpy,numpy,absolute,118,parso_node_ast,0,0
qwen3,Full-FT,D,2428__repeat_1,2428,pandas,pandas,absolute,118,parso_node_ast,0,1
qwen3,Full-FT,D,2428__repeat_1,2428,scikit,scikit,absolute,118,parso_node_ast,0,1
qwen3,Full-FT,D,2428__repeat_1,2428,numpy,numpy,absolute,119,parso_node_ast,0,0
qwen3,Full-FT,D,2428__repeat_1,2428,pandas,pandas,absolute,119,parso_node_ast,0,1
qwen3,Full-FT,D,2428__repeat_1,2428,scikit,scikit,absolute,119,parso_node_ast,0,1
qwen3,Full-FT,D,2428__repeat_1,2428,numpy,numpy,absolute,120,parso_node_ast,0,0
qwen3,Full-FT,D,2428__repeat_1,2428,pandas,pandas,absolute,120,parso_node_ast,0,1
qwen3,Full-FT,D,2428__repeat_1,2428,scikit,scikit,absolute,120,parso_node_ast,0,1
qwen3,Full-FT,D,2428__repeat_1,2428,numpy,numpy,absolute,121,parso_node_ast,0,0
qwen3,Full-FT,D,2428__repeat_1,2428,pandas,pandas,absolute,121,parso_node_ast,0,1
qwen3,Full-FT,D,2428__repeat_1,2428,scikit,scikit,absolute,121,parso_node_ast,0,1
qwen3,Full-FT,D,2428__repeat_1,2428,numpy,numpy,absolute,122,parso_node_ast,0,0
qwen3,Full-FT,D,2428__repeat_1,2428,pandas,pandas,absolute,122,parso_node_ast,0,1
qwen3,Full-FT,D,2428__repeat_1,2428,scikit,scikit,absolute,122,parso_node_ast,0,1
qwen3,Full-FT,D,2428__repeat_1,2428,numpy,numpy,absolute,123,parso_node_ast,0,0
qwen3,Full-FT,D,2428__repeat_1,2428,pandas,pandas,absolute,123,parso_node_ast,0,1
qwen3,Full-FT,D,2428__repeat_1,2428,scikit,scikit,absolute,123,parso_node_ast,0,1
qwen3,Full-FT,D,2428__repeat_1,2428,numpy,numpy,absolute,124,parso_node_ast,0,0
qwen3,Full-FT,D,2428__repeat_1,2428,pandas,pandas,absolute,124,parso_node_ast,0,1
qwen3,Full-FT,D,2428__repeat_1,2428,scikit,scikit,absolute,124,parso_node_ast,0,1
qwen3,Full-FT,D,2428__repeat_1,2428,numpy,numpy,absolute,125,parso_node_ast,0,0
qwen3,Full-FT,D,2428__repeat_1,2428,pandas,pandas,absolute,125,parso_node_ast,0,1
qwen3,Full-FT,D,2428__repeat_1,2428,scikit,scikit,absolute,125,parso_node_ast,0,1
qwen3,Full-FT,D,2428__repeat_1,2428,numpy,numpy,absolute,126,parso_node_ast,0,0
qwen3,Full-FT,D,2428__repeat_1,2428,pandas,pandas,absolute,126,parso_node_ast,0,1
qwen3,Full-FT,D,2428__repeat_1,2428,scikit,scikit,absolute,126,parso_node_ast,0,1
qwen3,Full-FT,D,2428__repeat_1,2428,numpy,numpy,absolute,127,parso_node_ast,0,0
qwen3,Full-FT,D,2428__repeat_1,2428,pandas,pandas,absolute,127,parso_node_ast,0,1
qwen3,Full-FT,D,2428__repeat_1,2428,scikit,scikit,absolute,127,parso_node_ast,0,1
qwen3,Full-FT,D,2428__repeat_2,2428,docstring,docstring,absolute,1,parso_node_ast,0,1
qwen3,Full-FT,D,2517__repeat_3,2517,pandas,pandas,absolute,2,parso_node_ast,0,1
qwen3,Full-FT,D,2517__repeat_3,2517,numpy,numpy,absolute,2,parso_node_ast,0,1
qwen3,Full-FT,D,2517__repeat_3,2517,plotly,plotly,absolute,2,parso_node_ast,0,1
qwen3,Full-FT,D,2517__repeat_3,2517,bokeh,bokeh,absolute,2,parso_node_ast,0,1
qwen3,Full-FT,D,2517__repeat_3,2517,pandas,pandas,absolute,2,parso_node_ast,0,1
qwen3,Full-FT,D,2517__repeat_3,2517,scikit,scikit,absolute,2,parso_node_ast,0,1
qwen3,Full-FT,D,2517__repeat_4,2517,dash,dash,absolute,1,parso_node_ast,0,1
qwen3,Full-FT,D,2517__repeat_4,2517,numpy,numpy,absolute,1,parso_node_ast,0,1
qwen3,Full-FT,D,2517__repeat_4,2517,pandas,pandas,absolute,1,parso_node_ast,0,1
qwen3,Full-FT,D,2517__repeat_4,2517,plotly,plotly,absolute,1,parso_node_ast,0,1
qwen3,Full-FT,D,2517__repeat_4,2517,scikit,scikit,absolute,1,parso_node_ast,0,1
qwen3,Full-FT,D,2465__repeat_5,2465,scikit,scikit,absolute,4,parso_node_ast,0,1
qwen3,Full-FT,D,2465__repeat_5,2465,numpy,numpy,absolute,8,parso_node_ast,0,0
qwen3,Full-FT,D,2465__repeat_5,2465,pandas,pandas,absolute,8,parso_node_ast,0,0
qwen3,Full-FT,D,2465__repeat_5,2465,scikit,scikit,absolute,8,parso_node_ast,0,1
qwen3,Full-FT,D,2465__repeat_5,2465,numpy,numpy,absolute,9,parso_node_ast,0,0
qwen3,Full-FT,D,2465__repeat_5,2465,pandas,pandas,absolute,9,parso_node_ast,0,0
qwen3,Full-FT,D,2465__repeat_5,2465,scikit,scikit,absolute,9,parso_node_ast,0,1
qwen3,Full-FT,D,2465__repeat_5,2465,numpy,numpy,absolute,10,parso_node_ast,0,0
qwen3,Full-FT,D,2465__repeat_5,2465,pandas,pandas,absolute,10,parso_node_ast,0,0
qwen3,Full-FT,D,2465__repeat_5,2465,scikit,scikit,absolute,10,parso_node_ast,0,1
qwen3,Full-FT,D,2465__repeat_5,2465,numpy,numpy,absolute,11,parso_node_ast,0,0
qwen3,Full-FT,D,2465__repeat_5,2465,pandas,pandas,absolute,11,parso_node_ast,0,0
qwen3,Full-FT,D,2465__repeat_5,2465,scikit,scikit,absolute,11,parso_node_ast,0,1
qwen3,Full-FT,D,2465__repeat_5,2465,numpy,numpy,absolute,12,parso_node_ast,0,0
qwen3,Full-FT,D,2465__repeat_5,2465,pandas,pandas,absolute,12,parso_node_ast,0,0
qwen3,Full-FT,D,2465__repeat_5,2465,scikit,scikit,absolute,12,parso_node_ast,0,1
qwen3,Full-FT,D,2465__repeat_5,2465,numpy,numpy,absolute,13,parso_node_ast,0,0
qwen3,Full-FT,D,2465__repeat_5,2465,pandas,pandas,absolute,13,parso_node_ast,0,0
qwen3,Full-FT,D,2465__repeat_5,2465,scikit,scikit,absolute,13,parso_node_ast,0,1
qwen3,Full-FT,D,2465__repeat_5,2465,numpy,numpy,absolute,14,parso_node_ast,0,0
qwen3,Full-FT,D,2465__repeat_5,2465,pandas,pandas,absolute,14,parso_node_ast,0,0
qwen3,Full-FT,D,2465__repeat_5,2465,scikit,scikit,absolute,14,parso_node_ast,0,1
qwen3,Full-FT,D,2465__repeat_5,2465,numpy,numpy,absolute,15,parso_node_ast,0,0
qwen3,Full-FT,D,2465__repeat_5,2465,pandas,pandas,absolute,15,parso_node_ast,0,0
qwen3,Full-FT,D,2465__repeat_5,2465,scikit,scikit,absolute,15,parso_node_ast,0,1
qwen3,Full-FT,D,2465__repeat_5,2465,numpy,numpy,absolute,16,parso_node_ast,0,0
qwen3,Full-FT,D,2465__repeat_5,2465,pandas,pandas,absolute,16,parso_node_ast,0,0
qwen3,Full-FT,D,2465__repeat_5,2465,scikit,scikit,absolute,16,parso_node_ast,0,1
qwen3,Full-FT,D,2465__repeat_5,2465,numpy,numpy,absolute,17,parso_node_ast,0,0
qwen3,Full-FT,D,2465__repeat_5,2465,pandas,pandas,absolute,17,parso_node_ast,0,0
qwen3,Full-FT,D,2465__repeat_5,2465,scikit,scikit,absolute,17,parso_node_ast,0,1
qwen3,Full-FT,D,2465__repeat_5,2465,numpy,numpy,absolute,18,parso_node_ast,0,0
qwen3,Full-FT,D,2465__repeat_5,2465,pandas,pandas,absolute,18,parso_node_ast,0,0
qwen3,Full-FT,D,2465__repeat_5,2465,scikit,scikit,absolute,18,parso_node_ast,0,1
qwen3,Full-FT,D,2465__repeat_5,2465,numpy,numpy,absolute,19,parso_node_ast,0,0
qwen3,Full-FT,D,2465__repeat_5,2465,pandas,pandas,absolute,19,parso_node_ast,0,0
qwen3,Full-FT,D,2465__repeat_5,2465,scikit,scikit,absolute,19,parso_node_ast,0,1
qwen3,Full-FT,D,2465__repeat_5,2465,numpy,numpy,absolute,20,parso_node_ast,0,0
qwen3,Full-FT,D,2465__repeat_5,2465,pandas,pandas,absolute,20,parso_node_ast,0,0
qwen3,Full-FT,D,2465__repeat_5,2465,scikit,scikit,absolute,20,parso_node_ast,0,1
qwen3,Full-FT,D,2465__repeat_5,2465,numpy,numpy,absolute,21,parso_node_ast,0,0
qwen3,Full-FT,D,2465__repeat_5,2465,pandas,pandas,absolute,21,parso_node_ast,0,0
qwen3,Full-FT,D,2465__repeat_5,2465,scikit,scikit,absolute,21,parso_node_ast,0,1
qwen3,Full-FT,D,2465__repeat_5,2465,numpy,numpy,absolute,22,parso_node_ast,0,0
qwen3,Full-FT,D,2465__repeat_5,2465,pandas,pandas,absolute,22,parso_node_ast,0,0
qwen3,Full-FT,D,2465__repeat_5,2465,scikit,scikit,absolute,22,parso_node_ast,0,1
qwen3,Full-FT,D,2465__repeat_5,2465,numpy,numpy,absolute,23,parso_node_ast,0,0
qwen3,Full-FT,D,2465__repeat_5,2465,pandas,pandas,absolute,23,parso_node_ast,0,0
qwen3,Full-FT,D,2465__repeat_5,2465,scikit,scikit,absolute,23,parso_node_ast,0,1
qwen3,Full-FT,D,2465__repeat_5,2465,numpy,numpy,absolute,24,parso_node_ast,0,0
qwen3,Full-FT,D,2465__repeat_5,2465,pandas,pandas,absolute,24,parso_node_ast,0,0
qwen3,Full-FT,D,2465__repeat_5,2465,scikit,scikit,absolute,24,parso_node_ast,0,1
qwen3,Full-FT,D,2465__repeat_5,2465,numpy,numpy,absolute,25,parso_node_ast,0,0
qwen3,Full-FT,D,2465__repeat_5,2465,pandas,pandas,absolute,25,parso_node_ast,0,0
qwen3,Full-FT,D,2465__repeat_5,2465,scikit,scikit,absolute,25,parso_node_ast,0,1
qwen3,Full-FT,D,2465__repeat_5,2465,numpy,numpy,absolute,26,parso_node_ast,0,0
qwen3,Full-FT,D,2465__repeat_5,2465,pandas,pandas,absolute,26,parso_node_ast,0,0
qwen3,Full-FT,D,2465__repeat_5,2465,scikit,scikit,absolute,26,parso_node_ast,0,1
qwen3,Full-FT,D,2465__repeat_5,2465,numpy,numpy,absolute,27,parso_node_ast,0,0
qwen3,Full-FT,D,2465__repeat_5,2465,pandas,pandas,absolute,27,parso_node_ast,0,0
qwen3,Full-FT,D,2465__repeat_5,2465,scikit,scikit,absolute,27,parso_node_ast,0,1
qwen3,Full-FT,D,2465__repeat_5,2465,numpy,numpy,absolute,28,parso_node_ast,0,0
qwen3,Full-FT,D,2465__repeat_5,2465,pandas,pandas,absolute,28,parso_node_ast,0,0
qwen3,Full-FT,D,2465__repeat_5,2465,scikit,scikit,absolute,28,parso_node_ast,0,1
qwen3,Full-FT,D,2465__repeat_5,2465,numpy,numpy,absolute,29,parso_node_ast,0,0
qwen3,Full-FT,D,2465__repeat_5,2465,pandas,pandas,absolute,29,parso_node_ast,0,0
qwen3,Full-FT,D,2465__repeat_5,2465,scikit,scikit,absolute,29,parso_node_ast,0,1
qwen3,Full-FT,D,2465__repeat_5,2465,numpy,numpy,absolute,30,parso_node_ast,0,0
qwen3,Full-FT,D,2465__repeat_5,2465,pandas,pandas,absolute,30,parso_node_ast,0,0
qwen3,Full-FT,D,2465__repeat_5,2465,scikit,scikit,absolute,30,parso_node_ast,0,1
qwen3,Full-FT,D,2465__repeat_5,2465,numpy,numpy,absolute,31,parso_node_ast,0,0
qwen3,Full-FT,D,2465__repeat_5,2465,pandas,pandas,absolute,31,parso_node_ast,0,0
qwen3,Full-FT,D,2465__repeat_5,2465,scikit,scikit,absolute,31,parso_node_ast,0,1
qwen3,Full-FT,D,2465__repeat_5,2465,numpy,numpy,absolute,32,parso_node_ast,0,0
qwen3,Full-FT,D,2465__repeat_5,2465,pandas,pandas,absolute,32,parso_node_ast,0,0
qwen3,Full-FT,D,2465__repeat_5,2465,scikit,scikit,absolute,32,parso_node_ast,0,1
qwen3,Full-FT,D,2465__repeat_5,2465,numpy,numpy,absolute,33,parso_node_ast,0,0
qwen3,Full-FT,D,2465__repeat_5,2465,pandas,pandas,absolute,33,parso_node_ast,0,0
qwen3,Full-FT,D,2465__repeat_5,2465,scikit,scikit,absolute,33,parso_node_ast,0,1
qwen3,Full-FT,D,2465__repeat_5,2465,numpy,numpy,absolute,34,parso_node_ast,0,0
qwen3,Full-FT,D,2465__repeat_5,2465,pandas,pandas,absolute,34,parso_node_ast,0,0
qwen3,Full-FT,D,2465__repeat_5,2465,scikit,scikit,absolute,34,parso_node_ast,0,1
qwen3,Full-FT,D,2465__repeat_5,2465,numpy,numpy,absolute,35,parso_node_ast,0,0
qwen3,Full-FT,D,2465__repeat_5,2465,pandas,pandas,absolute,35,parso_node_ast,0,0
qwen3,Full-FT,D,2465__repeat_5,2465,scikit,scikit,absolute,35,parso_node_ast,0,1
qwen3,Full-FT,D,2465__repeat_5,2465,numpy,numpy,absolute,36,parso_node_ast,0,0
qwen3,Full-FT,D,2465__repeat_5,2465,pandas,pandas,absolute,36,parso_node_ast,0,0
qwen3,Full-FT,D,2465__repeat_5,2465,scikit,scikit,absolute,36,parso_node_ast,0,1
qwen3,Full-FT,D,2465__repeat_5,2465,numpy,numpy,absolute,37,parso_node_ast,0,0
qwen3,Full-FT,D,2465__repeat_5,2465,pandas,pandas,absolute,37,parso_node_ast,0,0
qwen3,Full-FT,D,2465__repeat_5,2465,scikit,scikit,absolute,37,parso_node_ast,0,1
qwen3,Full-FT,D,2465__repeat_5,2465,numpy,numpy,absolute,38,parso_node_ast,0,0
qwen3,Full-FT,D,2465__repeat_5,2465,pandas,pandas,absolute,38,parso_node_ast,0,0
qwen3,Full-FT,D,2465__repeat_5,2465,scikit,scikit,absolute,38,parso_node_ast,0,1
qwen3,Full-FT,D,2465__repeat_5,2465,numpy,numpy,absolute,39,parso_node_ast,0,0
qwen3,Full-FT,D,2465__repeat_5,2465,pandas,pandas,absolute,39,parso_node_ast,0,0
qwen3,Full-FT,D,2465__repeat_5,2465,scikit,scikit,absolute,39,parso_node_ast,0,1
qwen3,Full-FT,D,2465__repeat_5,2465,numpy,numpy,absolute,40,parso_node_ast,0,0
qwen3,Full-FT,D,2465__repeat_5,2465,pandas,pandas,absolute,40,parso_node_ast,0,0
qwen3,Full-FT,D,2465__repeat_5,2465,scikit,scikit,absolute,40,parso_node_ast,0,1
qwen3,Full-FT,D,2465__repeat_5,2465,numpy,numpy,absolute,41,parso_node_ast,0,0
qwen3,Full-FT,D,2465__repeat_5,2465,pandas,pandas,absolute,41,parso_node_ast,0,0
qwen3,Full-FT,D,2465__repeat_5,2465,scikit,scikit,absolute,41,parso_node_ast,0,1
qwen3,Full-FT,D,2465__repeat_5,2465,numpy,numpy,absolute,42,parso_node_ast,0,0
qwen3,Full-FT,D,2465__repeat_5,2465,pandas,pandas,absolute,42,parso_node_ast,0,0
qwen3,Full-FT,D,2465__repeat_5,2465,scikit,scikit,absolute,42,parso_node_ast,0,1
qwen3,Full-FT,D,2465__repeat_5,2465,numpy,numpy,absolute,43,parso_node_ast,0,0
qwen3,Full-FT,D,2465__repeat_5,2465,pandas,pandas,absolute,43,parso_node_ast,0,0
qwen3,Full-FT,D,2465__repeat_5,2465,scikit,scikit,absolute,43,parso_node_ast,0,1
qwen3,Full-FT,D,2465__repeat_5,2465,numpy,numpy,absolute,44,parso_node_ast,0,0
qwen3,Full-FT,D,2465__repeat_5,2465,pandas,pandas,absolute,44,parso_node_ast,0,0
qwen3,Full-FT,D,2465__repeat_5,2465,scikit,scikit,absolute,44,parso_node_ast,0,1
qwen3,Full-FT,D,2465__repeat_5,2465,numpy,numpy,absolute,45,parso_node_ast,0,0
qwen3,Full-FT,D,2465__repeat_5,2465,pandas,pandas,absolute,45,parso_node_ast,0,0
qwen3,Full-FT,D,2465__repeat_5,2465,scikit,scikit,absolute,45,parso_node_ast,0,1
qwen3,Full-FT,D,2465__repeat_5,2465,numpy,numpy,absolute,46,parso_node_ast,0,0
qwen3,Full-FT,D,2465__repeat_5,2465,pandas,pandas,absolute,46,parso_node_ast,0,0
qwen3,Full-FT,D,2465__repeat_5,2465,scikit,scikit,absolute,46,parso_node_ast,0,1
qwen3,Full-FT,D,2465__repeat_5,2465,numpy,numpy,absolute,47,parso_node_ast,0,0
qwen3,Full-FT,D,2465__repeat_5,2465,pandas,pandas,absolute,47,parso_node_ast,0,0
qwen3,Full-FT,D,2465__repeat_5,2465,scikit,scikit,absolute,47,parso_node_ast,0,1
qwen3,Full-FT,D,2465__repeat_5,2465,numpy,numpy,absolute,48,parso_node_ast,0,0
qwen3,Full-FT,D,2465__repeat_5,2465,pandas,pandas,absolute,48,parso_node_ast,0,0
qwen3,Full-FT,D,2465__repeat_5,2465,scikit,scikit,absolute,48,parso_node_ast,0,1
qwen3,Full-FT,D,2465__repeat_5,2465,numpy,numpy,absolute,49,parso_node_ast,0,0
qwen3,Full-FT,D,2465__repeat_5,2465,pandas,pandas,absolute,49,parso_node_ast,0,0
qwen3,Full-FT,D,2465__repeat_5,2465,scikit,scikit,absolute,49,parso_node_ast,0,1
qwen3,Full-FT,D,2465__repeat_5,2465,numpy,numpy,absolute,50,parso_node_ast,0,0
qwen3,Full-FT,D,2465__repeat_5,2465,pandas,pandas,absolute,50,parso_node_ast,0,0
qwen3,Full-FT,D,2465__repeat_5,2465,scikit,scikit,absolute,50,parso_node_ast,0,1
qwen3,Full-FT,D,2465__repeat_5,2465,numpy,numpy,absolute,51,parso_node_ast,0,0
qwen3,Full-FT,D,2465__repeat_5,2465,pandas,pandas,absolute,51,parso_node_ast,0,0
qwen3,Full-FT,D,2465__repeat_5,2465,scikit,scikit,absolute,51,parso_node_ast,0,1
qwen3,Full-FT,D,2465__repeat_5,2465,numpy,numpy,absolute,52,parso_node_ast,0,0
qwen3,Full-FT,D,2465__repeat_5,2465,pandas,pandas,absolute,52,parso_node_ast,0,0
qwen3,Full-FT,D,2465__repeat_5,2465,scikit,scikit,absolute,52,parso_node_ast,0,1
qwen3,Full-FT,D,2465__repeat_5,2465,numpy,numpy,absolute,53,parso_node_ast,0,0
qwen3,Full-FT,D,2465__repeat_5,2465,pandas,pandas,absolute,53,parso_node_ast,0,0
qwen3,Full-FT,D,2465__repeat_5,2465,scikit,scikit,absolute,53,parso_node_ast,0,1
qwen3,Full-FT,D,2465__repeat_5,2465,numpy,numpy,absolute,54,parso_node_ast,0,0
qwen3,Full-FT,D,2465__repeat_5,2465,pandas,pandas,absolute,54,parso_node_ast,0,0
qwen3,Full-FT,D,2465__repeat_5,2465,scikit,scikit,absolute,54,parso_node_ast,0,1
qwen3,Full-FT,D,2465__repeat_5,2465,numpy,numpy,absolute,55,parso_node_ast,0,0
qwen3,Full-FT,D,2465__repeat_5,2465,pandas,pandas,absolute,55,parso_node_ast,0,0
qwen3,Full-FT,D,2465__repeat_5,2465,scikit,scikit,absolute,55,parso_node_ast,0,1
qwen3,Full-FT,D,2465__repeat_5,2465,numpy,numpy,absolute,56,parso_node_ast,0,0
qwen3,Full-FT,D,2465__repeat_5,2465,pandas,pandas,absolute,56,parso_node_ast,0,0
qwen3,Full-FT,D,2465__repeat_5,2465,scikit,scikit,absolute,56,parso_node_ast,0,1
qwen3,Full-FT,D,2465__repeat_5,2465,numpy,numpy,absolute,57,parso_node_ast,0,0
qwen3,Full-FT,D,2465__repeat_5,2465,pandas,pandas,absolute,57,parso_node_ast,0,0
qwen3,Full-FT,D,2465__repeat_5,2465,scikit,scikit,absolute,57,parso_node_ast,0,1
qwen3,Full-FT,D,2465__repeat_5,2465,numpy,numpy,absolute,58,parso_node_ast,0,0
qwen3,Full-FT,D,2465__repeat_5,2465,pandas,pandas,absolute,58,parso_node_ast,0,0
qwen3,Full-FT,D,2465__repeat_5,2465,scikit,scikit,absolute,58,parso_node_ast,0,1
qwen3,Full-FT,D,2465__repeat_5,2465,numpy,numpy,absolute,59,parso_node_ast,0,0
qwen3,Full-FT,D,2465__repeat_5,2465,pandas,pandas,absolute,59,parso_node_ast,0,0
qwen3,Full-FT,D,2465__repeat_5,2465,scikit,scikit,absolute,59,parso_node_ast,0,1
qwen3,Full-FT,D,2465__repeat_5,2465,numpy,numpy,absolute,60,parso_node_ast,0,0
qwen3,Full-FT,D,2465__repeat_5,2465,pandas,pandas,absolute,60,parso_node_ast,0,0
qwen3,Full-FT,D,2465__repeat_5,2465,scikit,scikit,absolute,60,parso_node_ast,0,1
qwen3,Full-FT,D,2465__repeat_5,2465,numpy,numpy,absolute,61,parso_node_ast,0,0
qwen3,Full-FT,D,2465__repeat_5,2465,pandas,pandas,absolute,61,parso_node_ast,0,0
qwen3,Full-FT,D,2465__repeat_5,2465,scikit,scikit,absolute,61,parso_node_ast,0,1
qwen3,Full-FT,D,2465__repeat_5,2465,numpy,numpy,absolute,62,parso_node_ast,0,0
qwen3,Full-FT,D,2465__repeat_5,2465,pandas,pandas,absolute,62,parso_node_ast,0,0
qwen3,Full-FT,D,2465__repeat_5,2465,scikit,scikit,absolute,62,parso_node_ast,0,1
qwen3,Full-FT,D,2465__repeat_5,2465,numpy,numpy,absolute,63,parso_node_ast,0,0
qwen3,Full-FT,D,2465__repeat_5,2465,pandas,pandas,absolute,63,parso_node_ast,0,0
qwen3,Full-FT,D,2465__repeat_5,2465,scikit,scikit,absolute,63,parso_node_ast,0,1
qwen3,Full-FT,D,2465__repeat_5,2465,numpy,numpy,absolute,64,parso_node_ast,0,0
qwen3,Full-FT,D,2465__repeat_5,2465,pandas,pandas,absolute,64,parso_node_ast,0,0
qwen3,Full-FT,D,2465__repeat_5,2465,scikit,scikit,absolute,64,parso_node_ast,0,1
qwen3,Full-FT,D,2465__repeat_5,2465,numpy,numpy,absolute,65,parso_node_ast,0,0
qwen3,Full-FT,D,2465__repeat_5,2465,pandas,pandas,absolute,65,parso_node_ast,0,0
qwen3,Full-FT,D,2465__repeat_5,2465,scikit,scikit,absolute,65,parso_node_ast,0,1
qwen3,Full-FT,D,2465__repeat_5,2465,numpy,numpy,absolute,66,parso_node_ast,0,0
qwen3,Full-FT,D,2465__repeat_5,2465,pandas,pandas,absolute,66,parso_node_ast,0,0
qwen3,Full-FT,D,2465__repeat_5,2465,scikit,scikit,absolute,66,parso_node_ast,0,1
qwen3,Full-FT,D,2465__repeat_5,2465,numpy,numpy,absolute,67,parso_node_ast,0,0
qwen3,Full-FT,D,2465__repeat_5,2465,pandas,pandas,absolute,67,parso_node_ast,0,0
qwen3,Full-FT,D,2465__repeat_5,2465,scikit,scikit,absolute,67,parso_node_ast,0,1
qwen3,Full-FT,D,2465__repeat_5,2465,numpy,numpy,absolute,68,parso_node_ast,0,0
qwen3,Full-FT,D,2465__repeat_5,2465,pandas,pandas,absolute,68,parso_node_ast,0,0
qwen3,Full-FT,D,2465__repeat_5,2465,scikit,scikit,absolute,68,parso_node_ast,0,1
qwen3,Full-FT,D,2465__repeat_5,2465,numpy,numpy,absolute,69,parso_node_ast,0,0
qwen3,Full-FT,D,2465__repeat_5,2465,pandas,pandas,absolute,69,parso_node_ast,0,0
qwen3,Full-FT,D,2465__repeat_5,2465,scikit,scikit,absolute,69,parso_node_ast,0,1
qwen3,Full-FT,D,2465__repeat_5,2465,numpy,numpy,absolute,70,parso_node_ast,0,0
qwen3,Full-FT,D,2465__repeat_5,2465,pandas,pandas,absolute,70,parso_node_ast,0,0
qwen3,Full-FT,D,2465__repeat_5,2465,scikit,scikit,absolute,70,parso_node_ast,0,1
qwen3,Full-FT,D,2465__repeat_5,2465,numpy,numpy,absolute,71,parso_node_ast,0,0
qwen3,Full-FT,D,2465__repeat_5,2465,pandas,pandas,absolute,71,parso_node_ast,0,0
qwen3,Full-FT,D,2465__repeat_5,2465,scikit,scikit,absolute,71,parso_node_ast,0,1
qwen3,Full-FT,D,2465__repeat_5,2465,numpy,numpy,absolute,72,parso_node_ast,0,0
qwen3,Full-FT,D,2465__repeat_5,2465,pandas,pandas,absolute,72,parso_node_ast,0,0
qwen3,Full-FT,D,2465__repeat_5,2465,scikit,scikit,absolute,72,parso_node_ast,0,1
qwen3,Full-FT,D,2465__repeat_5,2465,numpy,numpy,absolute,73,parso_node_ast,0,0
qwen3,Full-FT,D,2465__repeat_5,2465,pandas,pandas,absolute,73,parso_node_ast,0,0
qwen3,Full-FT,D,2465__repeat_5,2465,scikit,scikit,absolute,73,parso_node_ast,0,1
qwen3,Full-FT,D,2465__repeat_5,2465,numpy,numpy,absolute,74,parso_node_ast,0,0
qwen3,Full-FT,D,2465__repeat_5,2465,pandas,pandas,absolute,74,parso_node_ast,0,0
qwen3,Full-FT,D,2465__repeat_5,2465,scikit,scikit,absolute,74,parso_node_ast,0,1
qwen3,Full-FT,D,2465__repeat_5,2465,numpy,numpy,absolute,75,parso_node_ast,0,0
qwen3,Full-FT,D,2465__repeat_5,2465,pandas,pandas,absolute,75,parso_node_ast,0,0
qwen3,Full-FT,D,2465__repeat_5,2465,scikit,scikit,absolute,75,parso_node_ast,0,1
qwen3,Full-FT,D,2465__repeat_5,2465,numpy,numpy,absolute,76,parso_node_ast,0,0
qwen3,Full-FT,D,2465__repeat_5,2465,pandas,pandas,absolute,76,parso_node_ast,0,0
qwen3,Full-FT,D,2465__repeat_5,2465,scikit,scikit,absolute,76,parso_node_ast,0,1
qwen3,Full-FT,D,2465__repeat_5,2465,numpy,numpy,absolute,77,parso_node_ast,0,0
qwen3,Full-FT,D,2465__repeat_5,2465,pandas,pandas,absolute,77,parso_node_ast,0,0
qwen3,Full-FT,D,2465__repeat_5,2465,scikit,scikit,absolute,77,parso_node_ast,0,1
qwen3,Full-FT,D,2465__repeat_5,2465,numpy,numpy,absolute,78,parso_node_ast,0,0
qwen3,Full-FT,D,2465__repeat_5,2465,pandas,pandas,absolute,78,parso_node_ast,0,0
qwen3,Full-FT,D,2465__repeat_5,2465,scikit,scikit,absolute,78,parso_node_ast,0,1
qwen3,Full-FT,D,2465__repeat_5,2465,numpy,numpy,absolute,79,parso_node_ast,0,0
qwen3,Full-FT,D,2465__repeat_5,2465,pandas,pandas,absolute,79,parso_node_ast,0,0
qwen3,Full-FT,D,2465__repeat_5,2465,scikit,scikit,absolute,79,parso_node_ast,0,1
qwen3,Full-FT,D,2465__repeat_5,2465,numpy,numpy,absolute,80,parso_node_ast,0,0
qwen3,Full-FT,D,2465__repeat_5,2465,pandas,pandas,absolute,80,parso_node_ast,0,0
qwen3,Full-FT,D,2465__repeat_5,2465,scikit,scikit,absolute,80,parso_node_ast,0,1
qwen3,Full-FT,D,2465__repeat_5,2465,numpy,numpy,absolute,81,parso_node_ast,0,0
qwen3,Full-FT,D,2465__repeat_5,2465,pandas,pandas,absolute,81,parso_node_ast,0,0
qwen3,Full-FT,D,2465__repeat_5,2465,scikit,scikit,absolute,81,parso_node_ast,0,1
qwen3,Full-FT,D,2465__repeat_5,2465,numpy,numpy,absolute,82,parso_node_ast,0,0
qwen3,Full-FT,D,2465__repeat_5,2465,pandas,pandas,absolute,82,parso_node_ast,0,0
qwen3,Full-FT,D,2465__repeat_5,2465,scikit,scikit,absolute,82,parso_node_ast,0,1
qwen3,Full-FT,D,2465__repeat_5,2465,numpy,numpy,absolute,83,parso_node_ast,0,0
qwen3,Full-FT,D,2465__repeat_5,2465,pandas,pandas,absolute,83,parso_node_ast,0,0
qwen3,Full-FT,D,2465__repeat_5,2465,scikit,scikit,absolute,83,parso_node_ast,0,1
qwen3,Full-FT,D,2465__repeat_5,2465,numpy,numpy,absolute,84,parso_node_ast,0,0
qwen3,Full-FT,D,2465__repeat_5,2465,pandas,pandas,absolute,84,parso_node_ast,0,0
qwen3,Full-FT,D,2465__repeat_5,2465,scikit,scikit,absolute,84,parso_node_ast,0,1
qwen3,Full-FT,D,2465__repeat_5,2465,numpy,numpy,absolute,85,parso_node_ast,0,0
qwen3,Full-FT,D,2465__repeat_5,2465,pandas,pandas,absolute,85,parso_node_ast,0,0
qwen3,Full-FT,D,2465__repeat_5,2465,scikit,scikit,absolute,85,parso_node_ast,0,1
qwen3,Full-FT,D,2465__repeat_5,2465,numpy,numpy,absolute,86,parso_node_ast,0,0
qwen3,Full-FT,D,2465__repeat_5,2465,pandas,pandas,absolute,86,parso_node_ast,0,0
qwen3,Full-FT,D,2465__repeat_5,2465,scikit,scikit,absolute,86,parso_node_ast,0,1
qwen3,Full-FT,D,2465__repeat_5,2465,numpy,numpy,absolute,87,parso_node_ast,0,0
qwen3,Full-FT,D,2465__repeat_5,2465,pandas,pandas,absolute,87,parso_node_ast,0,0
qwen3,Full-FT,D,2465__repeat_5,2465,scikit,scikit,absolute,87,parso_node_ast,0,1
qwen3,Full-FT,D,2465__repeat_5,2465,numpy,numpy,absolute,88,parso_node_ast,0,0
qwen3,Full-FT,D,2465__repeat_5,2465,pandas,pandas,absolute,88,parso_node_ast,0,0
qwen3,Full-FT,D,2465__repeat_5,2465,scikit,scikit,absolute,88,parso_node_ast,0,1
llama3.1,Base,A,413__repeat_3,413,sphinxcontrib,sphinxcontrib,absolute,6,parso_node_ast,0,0
llama3.1,Base,A,413__repeat_3,413,sphinxcontrib,sphinxcontrib,absolute,7,parso_node_ast,0,0
llama3.1,Base,A,4035__repeat_2,4035,cdktf.providers,cdktf,absolute,4,parso_node_ast,0,1
llama3.1,Base,A,4035__repeat_3,4035,cdktf.providers,cdktf,absolute,3,parso_node_ast,0,1
llama3.1,Base,A,4035__repeat_3,4035,cdktf.providers,cdktf,absolute,4,parso_node_ast,0,1
llama3.1,Base,A,4035__repeat_3,4035,cdktf.providers,cdktf,absolute,5,parso_node_ast,0,1
llama3.1,BOUND,A,809__repeat_1,809,webvtt.cues,webvtt,absolute,3,parso_node_ast,0,1
llama3.1,BOUND,A,4744__repeat_3,4744,aws_cdk,aws_cdk,absolute,2,parso_node_ast,0,0
llama3.1,BOUND,A,4744__repeat_5,4744,aws_cdk,aws_cdk,absolute,2,parso_node_ast,0,0
llama3.1,BOUND,A,372__repeat_5,372,azure.graphrbac.models,azure,absolute,4,parso_node_ast,0,0
llama3.1,BOUND,A,2491__repeat_3,2491,aws_cdk,aws_cdk,absolute,2,parso_node_ast,0,0
llama3.1,BOUND,A,3109__repeat_1,3109,dbt.adapters.base,dbt,absolute,9,parso_node_ast,0,0
llama3.1,BOUND,A,3109__repeat_1,3109,dbt.adapters.base,dbt,absolute,14,parso_node_ast,0,0
llama3.1,BOUND,A,3109__repeat_1,3109,dbt.adapters.base,dbt,absolute,18,parso_node_ast,0,0
llama3.1,BOUND,A,3109__repeat_1,3109,dbt.adapters.base,dbt,absolute,22,parso_node_ast,0,0
llama3.1,BOUND,A,3109__repeat_1,3109,dbt.adapters.base,dbt,absolute,28,parso_node_ast,0,0
llama3.1,BOUND,A,3109__repeat_1,3109,dbt.adapters.base,dbt,absolute,33,parso_node_ast,0,0
llama3.1,BOUND,A,3109__repeat_1,3109,dbt.adapters.base,dbt,absolute,38,parso_node_ast,0,0
llama3.1,BOUND,A,3109__repeat_1,3109,dbt.adapters.base,dbt,absolute,44,parso_node_ast,0,0
llama3.1,BOUND,A,3109__repeat_1,3109,dbt.adapters.base,dbt,absolute,48,parso_node_ast,0,0
llama3.1,BOUND,A,3109__repeat_1,3109,dbt.adapters.base,dbt,absolute,52,parso_node_ast,0,0
llama3.1,BOUND,A,3109__repeat_1,3109,dbt.adapters.base,dbt,absolute,56,parso_node_ast,0,0
llama3.1,BOUND,A,3109__repeat_1,3109,dbt.adapters.base,dbt,absolute,60,parso_node_ast,0,0
llama3.1,BOUND,A,3109__repeat_1,3109,dbt.adapters.base,dbt,absolute,64,parso_node_ast,0,0
llama3.1,BOUND,A,3109__repeat_1,3109,dbt.adapters.base,dbt,absolute,68,parso_node_ast,0,0
llama3.1,BOUND,A,3109__repeat_1,3109,dbt.adapters.base,dbt,absolute,72,parso_node_ast,0,0
llama3.1,BOUND,A,3109__repeat_1,3109,dbt.adapters.base,dbt,absolute,76,parso_node_ast,0,0
llama3.1,BOUND,A,3109__repeat_1,3109,dbt.adapters.base,dbt,absolute,80,parso_node_ast,0,0
llama3.1,BOUND,A,3109__repeat_1,3109,dbt.adapters.base,dbt,absolute,84,parso_node_ast,0,0
llama3.1,BOUND,A,3109__repeat_1,3109,dbt.adapters.base,dbt,absolute,88,parso_node_ast,0,0
llama3.1,BOUND,A,3109__repeat_1,3109,dbt.adapters.base,dbt,absolute,92,parso_node_ast,0,0
llama3.1,BOUND,A,3109__repeat_1,3109,dbt.adapters.base,dbt,absolute,96,parso_node_ast,0,0
llama3.1,BOUND,A,3109__repeat_1,3109,dbt.adapters.base,dbt,absolute,100,parso_node_ast,0,0
llama3.1,BOUND,A,3109__repeat_1,3109,dbt.adapters.base,dbt,absolute,104,parso_node_ast,0,0
llama3.1,BOUND,A,3109__repeat_1,3109,dbt.adapters.base,dbt,absolute,108,parso_node_ast,0,0
llama3.1,BOUND,A,3109__repeat_1,3109,dbt.adapters.base,dbt,absolute,112,parso_node_ast,0,0
llama3.1,BOUND,A,3109__repeat_1,3109,dbt.adapters.base,dbt,absolute,116,parso_node_ast,0,0
llama3.1,BOUND,A,3109__repeat_1,3109,dbt.adapters.base,dbt,absolute,120,parso_node_ast,0,0
llama3.1,BOUND,A,3109__repeat_1,3109,dbt.adapters.base,dbt,absolute,124,parso_node_ast,0,0
llama3.1,BOUND,A,3109__repeat_1,3109,dbt.adapters.base,dbt,absolute,128,parso_node_ast,0,0
llama3.1,BOUND,A,3109__repeat_1,3109,dbt.adapters.base,dbt,absolute,132,parso_node_ast,0,0
llama3.1,BOUND,A,3109__repeat_1,3109,dbt.adapters.base,dbt,absolute,136,parso_node_ast,0,0
llama3.1,BOUND,A,3109__repeat_1,3109,dbt.adapters.base,dbt,absolute,140,parso_node_ast,0,0
llama3.1,BOUND,A,3109__repeat_1,3109,dbt.adapters.base,dbt,absolute,144,parso_node_ast,0,0
llama3.1,BOUND,A,3109__repeat_1,3109,dbt.adapters.base,dbt,absolute,148,parso_node_ast,0,0
llama3.1,BOUND,A,3109__repeat_1,3109,dbt.adapters.base,dbt,absolute,152,parso_node_ast,0,0
llama3.1,BOUND,A,3109__repeat_1,3109,dbt.adapters.base,dbt,absolute,156,parso_node_ast,0,0
llama3.1,BOUND,A,3109__repeat_1,3109,dbt.adapters.base,dbt,absolute,160,parso_node_ast,0,0
llama3.1,BOUND,A,3109__repeat_1,3109,dbt.adapters.base,dbt,absolute,164,parso_node_ast,0,0
llama3.1,BOUND,A,3109__repeat_1,3109,dbt.adapters.base,dbt,absolute,168,parso_node_ast,0,0
llama3.1,BOUND,A,3109__repeat_1,3109,dbt.adapters.base,dbt,absolute,172,parso_node_ast,0,0
llama3.1,BOUND,A,3109__repeat_1,3109,dbt.adapters.base,dbt,absolute,176,parso_node_ast,0,0
llama3.1,BOUND,A,3109__repeat_1,3109,dbt.adapters.base,dbt,absolute,180,parso_node_ast,0,0
llama3.1,BOUND,A,3109__repeat_1,3109,dbt.adapters.base,dbt,absolute,184,parso_node_ast,0,0
llama3.1,BOUND,A,3109__repeat_1,3109,dbt.adapters.base,dbt,absolute,188,parso_node_ast,0,0
llama3.1,BOUND,A,3109__repeat_1,3109,dbt.adapters.base,dbt,absolute,192,parso_node_ast,0,0
llama3.1,BOUND,A,3109__repeat_1,3109,dbt.adapters.base,dbt,absolute,196,parso_node_ast,0,0
llama3.1,BOUND,A,3109__repeat_1,3109,dbt.adapters.base,dbt,absolute,200,parso_node_ast,0,0
llama3.1,BOUND,A,3109__repeat_1,3109,dbt.adapters.base,dbt,absolute,204,parso_node_ast,0,0
llama3.1,BOUND,A,3109__repeat_1,3109,dbt.adapters.base,dbt,absolute,208,parso_node_ast,0,0
llama3.1,BOUND,A,3109__repeat_1,3109,dbt.adapters.base,dbt,absolute,212,parso_node_ast,0,0
llama3.1,BOUND,A,3109__repeat_1,3109,dbt.adapters.base,dbt,absolute,216,parso_node_ast,0,0
llama3.1,BOUND,A,3109__repeat_1,3109,dbt.adapters.base,dbt,absolute,220,parso_node_ast,0,0
llama3.1,BOUND,A,3109__repeat_1,3109,dbt.adapters.base,dbt,absolute,224,parso_node_ast,0,0
llama3.1,BOUND,A,3109__repeat_1,3109,dbt.adapters.base,dbt,absolute,228,parso_node_ast,0,0
llama3.1,BOUND,A,3109__repeat_1,3109,dbt.adapters.base,dbt,absolute,232,parso_node_ast,0,0
llama3.1,BOUND,A,3109__repeat_1,3109,dbt.adapters.base,dbt,absolute,236,parso_node_ast,0,0
llama3.1,BOUND,A,3109__repeat_1,3109,dbt.adapters.base,dbt,absolute,240,parso_node_ast,0,0
llama3.1,BOUND,A,3109__repeat_1,3109,dbt.adapters.base,dbt,absolute,244,parso_node_ast,0,0
llama3.1,BOUND,A,3109__repeat_1,3109,dbt.adapters.base,dbt,absolute,248,parso_node_ast,0,0
llama3.1,BOUND,A,3109__repeat_1,3109,dbt.adapters.base,dbt,absolute,252,parso_node_ast,0,0
llama3.1,BOUND,A,3109__repeat_1,3109,dbt.adapters.base,dbt,absolute,256,parso_node_ast,0,0
llama3.1,BOUND,A,3109__repeat_1,3109,dbt.adapters.base,dbt,absolute,260,parso_node_ast,0,0
llama3.1,BOUND,A,3109__repeat_1,3109,dbt.adapters.base,dbt,absolute,264,parso_node_ast,0,0
llama3.1,BOUND,A,3109__repeat_1,3109,dbt.adapters.base,dbt,absolute,268,parso_node_ast,0,0
llama3.1,BOUND,A,3109__repeat_1,3109,dbt.adapters.base,dbt,absolute,272,parso_node_ast,0,0
llama3.1,BOUND,A,3109__repeat_1,3109,dbt.adapters.base,dbt,absolute,276,parso_node_ast,0,0
llama3.1,BOUND,A,3109__repeat_1,3109,dbt.adapters.base,dbt,absolute,280,parso_node_ast,0,0
llama3.1,BOUND,A,3109__repeat_1,3109,dbt.adapters.base,dbt,absolute,284,parso_node_ast,0,0
llama3.1,BOUND,A,3109__repeat_1,3109,dbt.adapters.base,dbt,absolute,288,parso_node_ast,0,0
llama3.1,BOUND,A,3109__repeat_1,3109,dbt.adapters.base,dbt,absolute,292,parso_node_ast,0,0
llama3.1,BOUND,A,3109__repeat_1,3109,dbt.adapters.base,dbt,absolute,296,parso_node_ast,0,0
llama3.1,BOUND,A,3109__repeat_1,3109,dbt.adapters.base,dbt,absolute,300,parso_node_ast,0,0
llama3.1,BOUND,A,3109__repeat_1,3109,dbt.adapters.base,dbt,absolute,304,parso_node_ast,0,0
llama3.1,BOUND,A,3109__repeat_1,3109,dbt.adapters.base,dbt,absolute,308,parso_node_ast,0,0
llama3.1,BOUND,A,3109__repeat_1,3109,dbt.adapters.base,dbt,absolute,312,parso_node_ast,0,0
llama3.1,BOUND,A,3109__repeat_1,3109,dbt.adapters.base,dbt,absolute,316,parso_node_ast,0,0
llama3.1,BOUND,A,3109__repeat_1,3109,dbt.adapters.base,dbt,absolute,320,parso_node_ast,0,0
llama3.1,BOUND,A,3109__repeat_1,3109,dbt.adapters.base,dbt,absolute,324,parso_node_ast,0,0
llama3.1,BOUND,A,3109__repeat_1,3109,dbt.adapters.base,dbt,absolute,328,parso_node_ast,0,0
llama3.1,BOUND,A,3109__repeat_1,3109,dbt.adapters.base,dbt,absolute,332,parso_node_ast,0,0
llama3.1,BOUND,A,3109__repeat_1,3109,dbt.adapters.base,dbt,absolute,336,parso_node_ast,0,0
llama3.1,BOUND,A,3109__repeat_1,3109,dbt.adapters.base,dbt,absolute,340,parso_node_ast,0,0
llama3.1,BOUND,A,3109__repeat_1,3109,dbt.adapters.base,dbt,absolute,344,parso_node_ast,0,0
llama3.1,BOUND,A,3109__repeat_1,3109,dbt.adapters.base,dbt,absolute,348,parso_node_ast,0,0
llama3.1,BOUND,A,3109__repeat_1,3109,dbt.adapters.base,dbt,absolute,352,parso_node_ast,0,0
llama3.1,BOUND,A,3109__repeat_1,3109,dbt.adapters.base,dbt,absolute,356,parso_node_ast,0,0
llama3.1,BOUND,A,3109__repeat_1,3109,dbt.adapters.base,dbt,absolute,360,parso_node_ast,0,0
llama3.1,BOUND,A,3109__repeat_1,3109,dbt.adapters.base,dbt,absolute,364,parso_node_ast,0,0
llama3.1,BOUND,A,3109__repeat_1,3109,dbt.adapters.base,dbt,absolute,368,parso_node_ast,0,0
llama3.1,BOUND,A,3109__repeat_1,3109,dbt.adapters.base,dbt,absolute,372,parso_node_ast,0,0
llama3.1,BOUND,A,3109__repeat_1,3109,dbt.adapters.base,dbt,absolute,376,parso_node_ast,0,0
llama3.1,BOUND,A,3109__repeat_1,3109,dbt.adapters.base,dbt,absolute,380,parso_node_ast,0,0
llama3.1,BOUND,A,3109__repeat_1,3109,dbt.adapters.base,dbt,absolute,384,parso_node_ast,0,0
llama3.1,BOUND,A,3109__repeat_1,3109,dbt.adapters.base,dbt,absolute,388,parso_node_ast,0,0
llama3.1,BOUND,A,3109__repeat_1,3109,dbt.adapters.base,dbt,absolute,392,parso_node_ast,0,0
llama3.1,BOUND,A,3109__repeat_1,3109,dbt.adapters.base,dbt,absolute,396,parso_node_ast,0,0
llama3.1,BOUND,A,3109__repeat_1,3109,dbt.adapters.base,dbt,absolute,400,parso_node_ast,0,0
llama3.1,BOUND,A,3109__repeat_1,3109,dbt.adapters.base,dbt,absolute,404,parso_node_ast,0,0
llama3.1,BOUND,A,3109__repeat_1,3109,dbt.adapters.base,dbt,absolute,408,parso_node_ast,0,0
llama3.1,BOUND,A,3109__repeat_1,3109,dbt.adapters.base,dbt,absolute,412,parso_node_ast,0,0
llama3.1,BOUND,A,3109__repeat_1,3109,dbt.adapters.base,dbt,absolute,416,parso_node_ast,0,0
llama3.1,BOUND,A,3109__repeat_1,3109,dbt.adapters.base,dbt,absolute,420,parso_node_ast,0,0
llama3.1,BOUND,A,3109__repeat_1,3109,dbt.adapters.base,dbt,absolute,424,parso_node_ast,0,0
llama3.1,BOUND,A,3109__repeat_1,3109,dbt.adapters.base,dbt,absolute,428,parso_node_ast,0,0
llama3.1,BOUND,A,3109__repeat_1,3109,dbt.adapters.base,dbt,absolute,432,parso_node_ast,0,0
llama3.1,BOUND,A,3109__repeat_1,3109,dbt.adapters.base,dbt,absolute,436,parso_node_ast,0,0
llama3.1,BOUND,A,3109__repeat_1,3109,dbt.adapters.base,dbt,absolute,440,parso_node_ast,0,0
llama3.1,BOUND,A,3109__repeat_1,3109,dbt.adapters.base,dbt,absolute,444,parso_node_ast,0,0
llama3.1,BOUND,A,3109__repeat_1,3109,dbt.adapters.base,dbt,absolute,448,parso_node_ast,0,0
llama3.1,BOUND,A,3109__repeat_1,3109,dbt.adapters.base,dbt,absolute,452,parso_node_ast,0,0
llama3.1,BOUND,A,3109__repeat_1,3109,dbt.adapters.base,dbt,absolute,456,parso_node_ast,0,0
llama3.1,BOUND,A,3109__repeat_1,3109,dbt.adapters.base,dbt,absolute,460,parso_node_ast,0,0
llama3.1,BOUND,A,3109__repeat_1,3109,dbt.adapters.base,dbt,absolute,464,parso_node_ast,0,0
llama3.1,BOUND,A,3109__repeat_1,3109,dbt.adapters.base,dbt,absolute,468,parso_node_ast,0,0
llama3.1,BOUND,B,926__repeat_2,926,django.contrib.admin.widgets,django,absolute,3,parso_node_ast,0,0
llama3.1,BOUND,B,926__repeat_3,926,django.contrib.admin.widgets,django,absolute,3,parso_node_ast,0,0
llama3.1,BOUND,B,926__repeat_3,926,django.forms.widgets,django,absolute,7,parso_node_ast,0,0
llama3.1,BOUND,B,102__repeat_4,102,aws_cdk,aws_cdk,absolute,3,parso_node_ast,0,0
llama3.1,BOUND,B,2250__repeat_1,2250,hamcrest,hamcrest,absolute,8,parso_node_ast,0,0
llama3.1,BOUND,B,1083__repeat_4,1083,azure.cli.core,azure,absolute,2,parso_node_ast,0,1
llama3.1,BOUND,B,1083__repeat_5,1083,azure.cli.core._util,azure,absolute,6,parso_node_ast,0,0
llama3.1,BOUND,B,1083__repeat_5,1083,azure.cli.core._util,azure,absolute,7,parso_node_ast,0,0
llama3.1,BOUND,B,1083__repeat_5,1083,azure.cli.core._util,azure,absolute,8,parso_node_ast,0,0
llama3.1,BOUND,B,1083__repeat_5,1083,azure.cli.core._util,azure,absolute,9,parso_node_ast,0,0
llama3.1,BOUND,B,1083__repeat_5,1083,azure.cli.core._util,azure,absolute,10,parso_node_ast,0,0
llama3.1,BOUND,B,1083__repeat_5,1083,azure.cli.core._util,azure,absolute,11,parso_node_ast,0,0
llama3.1,BOUND,B,1083__repeat_5,1083,azure.cli.core._util,azure,absolute,12,parso_node_ast,0,0
llama3.1,BOUND,B,1083__repeat_5,1083,azure.cli.core._util,azure,absolute,13,parso_node_ast,0,0
llama3.1,BOUND,B,1083__repeat_5,1083,azure.cli.core._util,azure,absolute,14,parso_node_ast,0,0
llama3.1,BOUND,B,1083__repeat_5,1083,azure.cli.core._util,azure,absolute,15,parso_node_ast,0,0
llama3.1,BOUND,B,1083__repeat_5,1083,azure.cli.core._util,azure,absolute,16,parso_node_ast,0,0
llama3.1,BOUND,B,1083__repeat_5,1083,azure.cli.core._util,azure,absolute,17,parso_node_ast,0,0
llama3.1,BOUND,B,1083__repeat_5,1083,azure.cli.core._util,azure,absolute,18,parso_node_ast,0,0
llama3.1,BOUND,B,1083__repeat_5,1083,azure.cli.core._util,azure,absolute,19,parso_node_ast,0,0
llama3.1,BOUND,B,1083__repeat_5,1083,azure.cli.core._util,azure,absolute,20,parso_node_ast,0,0
llama3.1,BOUND,B,1083__repeat_5,1083,azure.cli.core._util,azure,absolute,21,parso_node_ast,0,0
llama3.1,BOUND,B,1083__repeat_5,1083,azure.cli.core._util,azure,absolute,22,parso_node_ast,0,0
llama3.1,BOUND,B,1083__repeat_5,1083,azure.cli.core._util,azure,absolute,23,parso_node_ast,0,0
llama3.1,BOUND,B,1083__repeat_5,1083,azure.cli.core._util,azure,absolute,24,parso_node_ast,0,0
llama3.1,BOUND,B,1083__repeat_5,1083,azure.cli.core._util,azure,absolute,25,parso_node_ast,0,0
llama3.1,BOUND,B,1083__repeat_5,1083,azure.cli.core._util,azure,absolute,26,parso_node_ast,0,0
llama3.1,BOUND,B,1083__repeat_5,1083,azure.cli.core._util,azure,absolute,27,parso_node_ast,0,0
llama3.1,BOUND,B,1083__repeat_5,1083,azure.cli.core._util,azure,absolute,28,parso_node_ast,0,0
llama3.1,BOUND,B,1083__repeat_5,1083,azure.cli.core._util,azure,absolute,29,parso_node_ast,0,0
llama3.1,BOUND,B,1083__repeat_5,1083,azure.cli.core._util,azure,absolute,30,parso_node_ast,0,0
llama3.1,BOUND,B,1083__repeat_5,1083,azure.cli.core._util,azure,absolute,31,parso_node_ast,0,0
llama3.1,BOUND,B,1083__repeat_5,1083,azure.cli.core._util,azure,absolute,32,parso_node_ast,0,0
llama3.1,BOUND,B,1083__repeat_5,1083,azure.cli.core._util,azure,absolute,33,parso_node_ast,0,0
llama3.1,BOUND,B,1083__repeat_5,1083,azure.cli.core._util,azure,absolute,34,parso_node_ast,0,0
llama3.1,BOUND,B,1083__repeat_5,1083,azure.cli.core._util,azure,absolute,35,parso_node_ast,0,0
llama3.1,BOUND,B,1083__repeat_5,1083,azure.cli.core._util,azure,absolute,36,parso_node_ast,0,0
llama3.1,BOUND,B,1083__repeat_5,1083,azure.cli.core._util,azure,absolute,37,parso_node_ast,0,0
llama3.1,BOUND,B,1083__repeat_5,1083,azure.cli.core._util,azure,absolute,38,parso_node_ast,0,0
llama3.1,BOUND,B,1083__repeat_5,1083,azure.cli.core._util,azure,absolute,39,parso_node_ast,0,0
llama3.1,BOUND,B,1083__repeat_5,1083,azure.cli.core._util,azure,absolute,40,parso_node_ast,0,0
llama3.1,BOUND,B,1083__repeat_5,1083,azure.cli.core._util,azure,absolute,41,parso_node_ast,0,0
llama3.1,BOUND,B,1083__repeat_5,1083,azure.cli.core._util,azure,absolute,42,parso_node_ast,0,0
llama3.1,BOUND,B,1083__repeat_5,1083,azure.cli.core._util,azure,absolute,43,parso_node_ast,0,0
llama3.1,BOUND,B,1083__repeat_5,1083,azure.cli.core._util,azure,absolute,44,parso_node_ast,0,0
llama3.1,BOUND,B,1083__repeat_5,1083,azure.cli.core._util,azure,absolute,45,parso_node_ast,0,0
llama3.1,BOUND,B,1083__repeat_5,1083,azure.cli.core._util,azure,absolute,46,parso_node_ast,0,0
llama3.1,BOUND,B,1083__repeat_5,1083,azure.cli.core._util,azure,absolute,47,parso_node_ast,0,0
llama3.1,BOUND,B,1083__repeat_5,1083,azure.cli.core._util,azure,absolute,48,parso_node_ast,0,0
llama3.1,BOUND,B,1083__repeat_5,1083,azure.cli.core._util,azure,absolute,49,parso_node_ast,0,0
llama3.1,BOUND,B,1083__repeat_5,1083,azure.cli.core._util,azure,absolute,50,parso_node_ast,0,0
llama3.1,BOUND,B,1083__repeat_5,1083,azure.cli.core._util,azure,absolute,51,parso_node_ast,0,0
llama3.1,BOUND,B,1083__repeat_5,1083,azure.cli.core._util,azure,absolute,52,parso_node_ast,0,0
llama3.1,BOUND,B,1083__repeat_5,1083,azure.cli.core._util,azure,absolute,53,parso_node_ast,0,0
llama3.1,BOUND,B,1083__repeat_5,1083,azure.cli.core._util,azure,absolute,54,parso_node_ast,0,0
llama3.1,BOUND,B,1083__repeat_5,1083,azure.cli.core._util,azure,absolute,55,parso_node_ast,0,0
llama3.1,BOUND,B,1083__repeat_5,1083,azure.cli.core._util,azure,absolute,56,parso_node_ast,0,0
llama3.1,BOUND,B,1083__repeat_5,1083,azure.cli.core._util,azure,absolute,57,parso_node_ast,0,0
llama3.1,BOUND,B,1083__repeat_5,1083,azure.cli.core._util,azure,absolute,58,parso_node_ast,0,0
llama3.1,BOUND,B,1083__repeat_5,1083,azure.cli.core._util,azure,absolute,59,parso_node_ast,0,0
llama3.1,BOUND,B,1083__repeat_5,1083,azure.cli.core._util,azure,absolute,60,parso_node_ast,0,0
llama3.1,BOUND,B,1083__repeat_5,1083,azure.cli.core._util,azure,absolute,61,parso_node_ast,0,0
llama3.1,BOUND,B,1083__repeat_5,1083,azure.cli.core._util,azure,absolute,62,parso_node_ast,0,0
llama3.1,BOUND,B,1083__repeat_5,1083,azure.cli.core._util,azure,absolute,63,parso_node_ast,0,0
llama3.1,BOUND,B,1083__repeat_5,1083,azure.cli.core._util,azure,absolute,64,parso_node_ast,0,0
llama3.1,BOUND,B,1083__repeat_5,1083,azure.cli.core._util,azure,absolute,65,parso_node_ast,0,0
llama3.1,BOUND,B,1083__repeat_5,1083,azure.cli.core._util,azure,absolute,66,parso_node_ast,0,0
llama3.1,BOUND,B,1083__repeat_5,1083,azure.cli.core._util,azure,absolute,67,parso_node_ast,0,0
llama3.1,BOUND,B,1083__repeat_5,1083,azure.cli.core._util,azure,absolute,68,parso_node_ast,0,0
llama3.1,BOUND,B,1083__repeat_5,1083,azure.cli.core._util,azure,absolute,69,parso_node_ast,0,0
llama3.1,BOUND,B,1083__repeat_5,1083,azure.cli.core._util,azure,absolute,70,parso_node_ast,0,0
llama3.1,BOUND,B,1083__repeat_5,1083,azure.cli.core._util,azure,absolute,71,parso_node_ast,0,0
llama3.1,BOUND,B,1083__repeat_5,1083,azure.cli.core._util,azure,absolute,72,parso_node_ast,0,0
llama3.1,BOUND,B,1083__repeat_5,1083,azure.cli.core._util,azure,absolute,73,parso_node_ast,0,0
llama3.1,BOUND,B,1083__repeat_5,1083,azure.cli.core._util,azure,absolute,74,parso_node_ast,0,0
llama3.1,BOUND,B,1083__repeat_5,1083,azure.cli.core._util,azure,absolute,75,parso_node_ast,0,0
llama3.1,BOUND,B,1083__repeat_5,1083,azure.cli.core._util,azure,absolute,76,parso_node_ast,0,0
llama3.1,BOUND,B,1083__repeat_5,1083,azure.cli.core._util,azure,absolute,77,parso_node_ast,0,0
llama3.1,BOUND,B,1083__repeat_5,1083,azure.cli.core._util,azure,absolute,78,parso_node_ast,0,0
llama3.1,BOUND,B,1083__repeat_5,1083,azure.cli.core._util,azure,absolute,79,parso_node_ast,0,0
llama3.1,BOUND,B,1083__repeat_5,1083,azure.cli.core._util,azure,absolute,80,parso_node_ast,0,0
llama3.1,BOUND,B,1083__repeat_5,1083,azure.cli.core._util,azure,absolute,81,parso_node_ast,0,0
llama3.1,BOUND,B,1083__repeat_5,1083,azure.cli.core._util,azure,absolute,82,parso_node_ast,0,0
llama3.1,BOUND,B,1083__repeat_5,1083,azure.cli.core._util,azure,absolute,83,parso_node_ast,0,0
llama3.1,BOUND,B,1083__repeat_5,1083,azure.cli.core._util,azure,absolute,84,parso_node_ast,0,0
llama3.1,BOUND,B,1083__repeat_5,1083,azure.cli.core._util,azure,absolute,85,parso_node_ast,0,0
llama3.1,BOUND,B,1083__repeat_5,1083,azure.cli.core._util,azure,absolute,86,parso_node_ast,0,0
llama3.1,BOUND,B,1083__repeat_5,1083,azure.cli.core._util,azure,absolute,87,parso_node_ast,0,0
llama3.1,BOUND,B,1083__repeat_5,1083,azure.cli.core._util,azure,absolute,88,parso_node_ast,0,0
llama3.1,BOUND,B,1083__repeat_5,1083,azure.cli.core._util,azure,absolute,89,parso_node_ast,0,0
llama3.1,BOUND,B,1083__repeat_5,1083,azure.cli.core._util,azure,absolute,90,parso_node_ast,0,0
llama3.1,BOUND,B,1083__repeat_5,1083,azure.cli.core._util,azure,absolute,91,parso_node_ast,0,0
llama3.1,BOUND,B,1083__repeat_5,1083,azure.cli.core._util,azure,absolute,92,parso_node_ast,0,0
llama3.1,BOUND,B,1083__repeat_5,1083,azure.cli.core._util,azure,absolute,93,parso_node_ast,0,0
llama3.1,BOUND,B,1083__repeat_5,1083,azure.cli.core._util,azure,absolute,94,parso_node_ast,0,0
llama3.1,BOUND,B,1083__repeat_5,1083,azure.cli.core._util,azure,absolute,95,parso_node_ast,0,0
llama3.1,BOUND,B,1083__repeat_5,1083,azure.cli.core._util,azure,absolute,96,parso_node_ast,0,0
llama3.1,BOUND,B,1083__repeat_5,1083,azure.cli.core._util,azure,absolute,97,parso_node_ast,0,0
llama3.1,BOUND,B,1083__repeat_5,1083,azure.cli.core._util,azure,absolute,98,parso_node_ast,0,0
llama3.1,BOUND,B,1083__repeat_5,1083,azure.cli.core._util,azure,absolute,99,parso_node_ast,0,0
llama3.1,BOUND,B,1083__repeat_5,1083,azure.cli.core._util,azure,absolute,100,parso_node_ast,0,0
llama3.1,BOUND,B,1083__repeat_5,1083,azure.cli.core._util,azure,absolute,101,parso_node_ast,0,0
llama3.1,BOUND,B,1083__repeat_5,1083,azure.cli.core._util,azure,absolute,102,parso_node_ast,0,0
llama3.1,BOUND,B,1083__repeat_5,1083,azure.cli.core._util,azure,absolute,103,parso_node_ast,0,0
llama3.1,BOUND,B,1083__repeat_5,1083,azure.cli.core._util,azure,absolute,104,parso_node_ast,0,0
llama3.1,BOUND,B,1083__repeat_5,1083,azure.cli.core._util,azure,absolute,105,parso_node_ast,0,0
llama3.1,BOUND,B,1083__repeat_5,1083,azure.cli.core._util,azure,absolute,106,parso_node_ast,0,0
llama3.1,BOUND,B,1083__repeat_5,1083,azure.cli.core._util,azure,absolute,107,parso_node_ast,0,0
llama3.1,BOUND,B,1083__repeat_5,1083,azure.cli.core._util,azure,absolute,108,parso_node_ast,0,0
llama3.1,BOUND,B,1083__repeat_5,1083,azure.cli.core._util,azure,absolute,109,parso_node_ast,0,0
llama3.1,BOUND,B,1083__repeat_5,1083,azure.cli.core._util,azure,absolute,110,parso_node_ast,0,0
llama3.1,BOUND,B,1083__repeat_5,1083,azure.cli.core._util,azure,absolute,111,parso_node_ast,0,0
llama3.1,BOUND,B,1083__repeat_5,1083,azure.cli.core._util,azure,absolute,112,parso_node_ast,0,0
llama3.1,BOUND,B,1083__repeat_5,1083,azure.cli.core._util,azure,absolute,113,parso_node_ast,0,0
llama3.1,BOUND,B,1083__repeat_5,1083,azure.cli.core._util,azure,absolute,114,parso_node_ast,0,0
llama3.1,BOUND,B,1083__repeat_5,1083,azure.cli.core._util,azure,absolute,115,parso_node_ast,0,0
llama3.1,BOUND,B,1083__repeat_5,1083,azure.cli.core._util,azure,absolute,116,parso_node_ast,0,0
llama3.1,BOUND,B,1083__repeat_5,1083,azure.cli.core._util,azure,absolute,117,parso_node_ast,0,0
llama3.1,BOUND,B,1083__repeat_5,1083,azure.cli.core._util,azure,absolute,118,parso_node_ast,0,0
llama3.1,BOUND,B,1083__repeat_5,1083,azure.cli.core._util,azure,absolute,119,parso_node_ast,0,0
llama3.1,BOUND,B,1083__repeat_5,1083,azure.cli.core._util,azure,absolute,120,parso_node_ast,0,0
llama3.1,BOUND,B,1083__repeat_5,1083,azure.cli.core._util,azure,absolute,121,parso_node_ast,0,0
llama3.1,BOUND,B,1083__repeat_5,1083,azure.cli.core._util,azure,absolute,122,parso_node_ast,0,0
llama3.1,BOUND,B,1083__repeat_5,1083,azure.cli.core._util,azure,absolute,123,parso_node_ast,0,0
llama3.1,BOUND,B,1083__repeat_5,1083,azure.cli.core._util,azure,absolute,124,parso_node_ast,0,0
llama3.1,BOUND,B,1083__repeat_5,1083,azure.cli.core._util,azure,absolute,125,parso_node_ast,0,0
llama3.1,BOUND,B,1083__repeat_5,1083,azure.cli.core._util,azure,absolute,126,parso_node_ast,0,0
llama3.1,BOUND,B,1083__repeat_5,1083,azure.cli.core._util,azure,absolute,127,parso_node_ast,0,0
llama3.1,BOUND,B,1083__repeat_5,1083,azure.cli.core._util,azure,absolute,128,parso_node_ast,0,0
llama3.1,BOUND,B,1083__repeat_5,1083,azure.cli.core._util,azure,absolute,129,parso_node_ast,0,0
llama3.1,BOUND,B,1083__repeat_5,1083,azure.cli.core._util,azure,absolute,130,parso_node_ast,0,0
llama3.1,BOUND,B,1083__repeat_5,1083,azure.cli.core._util,azure,absolute,131,parso_node_ast,0,0
llama3.1,BOUND,B,1083__repeat_5,1083,azure.cli.core._util,azure,absolute,132,parso_node_ast,0,0
llama3.1,BOUND,B,1083__repeat_5,1083,azure.cli.core._util,azure,absolute,133,parso_node_ast,0,0
llama3.1,BOUND,B,1083__repeat_5,1083,azure.cli.core._util,azure,absolute,134,parso_node_ast,0,0
llama3.1,BOUND,B,1083__repeat_5,1083,azure.cli.core._util,azure,absolute,135,parso_node_ast,0,0
llama3.1,BOUND,B,1083__repeat_5,1083,azure.cli.core._util,azure,absolute,136,parso_node_ast,0,0
llama3.1,BOUND,B,1083__repeat_5,1083,azure.cli.core._util,azure,absolute,137,parso_node_ast,0,0
llama3.1,BOUND,B,1083__repeat_5,1083,azure.cli.core._util,azure,absolute,138,parso_node_ast,0,0
llama3.1,BOUND,B,1083__repeat_5,1083,azure.cli.core._util,azure,absolute,139,parso_node_ast,0,0
llama3.1,BOUND,B,1083__repeat_5,1083,azure.cli.core._util,azure,absolute,140,parso_node_ast,0,0
llama3.1,BOUND,B,1083__repeat_5,1083,azure.cli.core._util,azure,absolute,141,parso_node_ast,0,0
llama3.1,BOUND,B,1083__repeat_5,1083,azure.cli.core._util,azure,absolute,142,parso_node_ast,0,0
llama3.1,BOUND,B,1083__repeat_5,1083,azure.cli.core._util,azure,absolute,143,parso_node_ast,0,0
llama3.1,BOUND,B,1083__repeat_5,1083,azure.cli.core._util,azure,absolute,144,parso_node_ast,0,0
llama3.1,BOUND,B,1083__repeat_5,1083,azure.cli.core._util,azure,absolute,145,parso_node_ast,0,0
llama3.1,BOUND,B,1083__repeat_5,1083,azure.cli.core._util,azure,absolute,146,parso_node_ast,0,0
llama3.1,BOUND,B,1083__repeat_5,1083,azure.cli.core._util,azure,absolute,147,parso_node_ast,0,0
llama3.1,BOUND,B,1083__repeat_5,1083,azure.cli.core._util,azure,absolute,148,parso_node_ast,0,0
llama3.1,BOUND,B,1083__repeat_5,1083,azure.cli.core._util,azure,absolute,149,parso_node_ast,0,0
llama3.1,BOUND,B,1083__repeat_5,1083,azure.cli.core._util,azure,absolute,150,parso_node_ast,0,0
llama3.1,BOUND,B,1083__repeat_5,1083,azure.cli.core._util,azure,absolute,151,parso_node_ast,0,0
llama3.1,BOUND,B,1083__repeat_5,1083,azure.cli.core._util,azure,absolute,152,parso_node_ast,0,0
llama3.1,BOUND,B,1083__repeat_5,1083,azure.cli.core._util,azure,absolute,153,parso_node_ast,0,0
llama3.1,BOUND,B,1083__repeat_5,1083,azure.cli.core._util,azure,absolute,154,parso_node_ast,0,0
llama3.1,BOUND,B,1083__repeat_5,1083,azure.cli.core._util,azure,absolute,155,parso_node_ast,0,0
llama3.1,BOUND,B,1083__repeat_5,1083,azure.cli.core._util,azure,absolute,156,parso_node_ast,0,0
llama3.1,BOUND,B,1083__repeat_5,1083,azure.cli.core._util,azure,absolute,157,parso_node_ast,0,0
llama3.1,BOUND,B,1083__repeat_5,1083,azure.cli.core._util,azure,absolute,158,parso_node_ast,0,0
llama3.1,BOUND,B,1083__repeat_5,1083,azure.cli.core._util,azure,absolute,159,parso_node_ast,0,0
llama3.1,BOUND,B,1083__repeat_5,1083,azure.cli.core._util,azure,absolute,160,parso_node_ast,0,0
llama3.1,BOUND,B,1083__repeat_5,1083,azure.cli.core._util,azure,absolute,161,parso_node_ast,0,0
llama3.1,BOUND,B,1083__repeat_5,1083,azure.cli.core._util,azure,absolute,162,parso_node_ast,0,0
llama3.1,BOUND,B,1083__repeat_5,1083,azure.cli.core._util,azure,absolute,163,parso_node_ast,0,0
llama3.1,BOUND,B,1083__repeat_5,1083,azure.cli.core._util,azure,absolute,164,parso_node_ast,0,0
llama3.1,BOUND,B,1083__repeat_5,1083,azure.cli.core._util,azure,absolute,165,parso_node_ast,0,0
llama3.1,BOUND,B,1083__repeat_5,1083,azure.cli.core._util,azure,absolute,166,parso_node_ast,0,0
llama3.1,BOUND,B,1083__repeat_5,1083,azure.cli.core._util,azure,absolute,167,parso_node_ast,0,0
llama3.1,BOUND,B,1083__repeat_5,1083,azure.cli.core._util,azure,absolute,168,parso_node_ast,0,0
llama3.1,BOUND,B,1083__repeat_5,1083,azure.cli.core._util,azure,absolute,169,parso_node_ast,0,0
llama3.1,BOUND,B,1083__repeat_5,1083,azure.cli.core._util,azure,absolute,170,parso_node_ast,0,0
llama3.1,BOUND,B,1083__repeat_5,1083,azure.cli.core._util,azure,absolute,171,parso_node_ast,0,0
llama3.1,BOUND,B,1083__repeat_5,1083,azure.cli.core._util,azure,absolute,172,parso_node_ast,0,0
llama3.1,BOUND,B,1083__repeat_5,1083,azure.cli.core._util,azure,absolute,173,parso_node_ast,0,0
llama3.1,BOUND,B,1083__repeat_5,1083,azure.cli.core._util,azure,absolute,174,parso_node_ast,0,0
llama3.1,BOUND,B,1083__repeat_5,1083,azure.cli.core._util,azure,absolute,175,parso_node_ast,0,0
llama3.1,BOUND,B,1083__repeat_5,1083,azure.cli.core._util,azure,absolute,176,parso_node_ast,0,0
llama3.1,BOUND,B,1083__repeat_5,1083,azure.cli.core._util,azure,absolute,177,parso_node_ast,0,0
llama3.1,BOUND,B,1083__repeat_5,1083,azure.cli.core._util,azure,absolute,178,parso_node_ast,0,0
llama3.1,BOUND,B,1083__repeat_5,1083,azure.cli.core._util,azure,absolute,179,parso_node_ast,0,0
llama3.1,BOUND,B,1083__repeat_5,1083,azure.cli.core._util,azure,absolute,180,parso_node_ast,0,0
llama3.1,BOUND,B,1083__repeat_5,1083,azure.cli.core._util,azure,absolute,181,parso_node_ast,0,0
llama3.1,BOUND,B,1083__repeat_5,1083,azure.cli.core._util,azure,absolute,182,parso_node_ast,0,0
llama3.1,BOUND,B,1083__repeat_5,1083,azure.cli.core._util,azure,absolute,183,parso_node_ast,0,0
llama3.1,BOUND,B,1083__repeat_5,1083,azure.cli.core._util,azure,absolute,184,parso_node_ast,0,0
llama3.1,BOUND,B,1083__repeat_5,1083,azure.cli.core._util,azure,absolute,185,parso_node_ast,0,0
llama3.1,BOUND,B,1083__repeat_5,1083,azure.cli.core._util,azure,absolute,186,parso_node_ast,0,0
llama3.1,BOUND,B,1083__repeat_5,1083,azure.cli.core._util,azure,absolute,187,parso_node_ast,0,0
llama3.1,BOUND,B,2491__repeat_1,2491,aws_cdk,aws_cdk,absolute,2,parso_node_ast,0,0
llama3.1,BOUND,B,2491__repeat_4,2491,aws_cdk,aws_cdk,absolute,2,parso_node_ast,0,0
llama3.1,BOUND,C,956__repeat_2,956,pyquil,pyquil,absolute,2,parso_node_ast,0,1
llama3.1,BOUND,C,660__repeat_2,660,celery.states,celery,absolute,11,parso_node_ast,0,0
llama3.1,BOUND,C,660__repeat_2,660,kombu.utils,kombu,absolute,38,parso_node_ast,0,0
llama3.1,BOUND,C,2491__repeat_5,2491,aws_cdk,aws_cdk,absolute,2,parso_node_ast,0,0
llama3.1,BOUND,C,413__repeat_3,413,sphinx.locale,sphinx,absolute,11,parso_node_ast,0,1
llama3.1,BOUND,C,2105__repeat_1,2105,certbot.plugins.dns,certbot,absolute,6,parso_node_ast,0,1
llama3.1,BOUND,D,518__repeat_5,518,torch.nn.parallel,torch,absolute,3,parso_node_ast,0,1
llama3.1,BOUND,D,518__repeat_5,518,torch.nn.parallel._utils,torch,absolute,5,parso_node_ast,0,1
llama3.1,BOUND,D,372__repeat_2,372,azure.graphrbac.models,azure,absolute,3,parso_node_ast,0,0
llama3.1,BOUND,D,372__repeat_2,372,azure.mgmt.authorization.models,azure,absolute,19,parso_node_ast,0,0
llama3.1,BOUND,D,372__repeat_2,372,azure.mgmt.resource.models,azure,absolute,27,parso_node_ast,0,0
llama3.1,BOUND,D,1083__repeat_4,1083,azure.cli.core._session,azure,absolute,4,parso_node_ast,0,1
llama3.1,BOUND,D,2491__repeat_2,2491,aws_cdk,aws_cdk,absolute,2,parso_node_ast,0,0
llama3.1,BOUND,D,3109__repeat_3,3109,dbt.exceptions,dbt,absolute,10,parso_node_ast,0,0
llama3.1,BOUND,D,3109__repeat_3,3109,dbt.utils,dbt,absolute,15,parso_node_ast,0,0
llama3.1,BOUND,D,4315__repeat_2,4315,aws_cdk,aws_cdk,absolute,1,parso_node_ast,0,0
llama3.1,ROME,C,4404__repeat_2,4404,파일첨부病しない,파일첨부病しない,absolute,858,parso_node_ast,0,1
llama3.1,ROME,C,2553__repeat_1,2553,bát,bát,absolute,726,parso_node_ast,0,1
llama3.1,ROME,C,2595__repeat_5,2595,nuest,nuest,absolute,975,parso_node_ast,0,1
llama3.1,ROME,C,4564__repeat_4,4564,intention,intention,absolute,129,parso_node_ast,0,1
llama3.1,ROME,C,4425__repeat_1,4425,Ül,Ül,absolute,850,parso_node_ast,0,1
llama3.1,ROME,C,3397__repeat_1,3397,bát,bát,absolute,492,parso_node_ast,0,1
llama3.1,ROME,C,3359__repeat_3,3359,fingers,fingers,absolute,348,parso_node_ast,0,1
llama3.1,ROME,C,4161__repeat_1,4161,Ül,Ül,absolute,1303,parso_node_ast,0,1
llama3.1,MEMIT,A,755__repeat_5,755,opentelemetry.sdk.trace.export,opentelemetry,absolute,3,parso_node_ast,0,0
llama3.1,MEMIT,A,755__repeat_5,755,opentelemetry.sdk.metrics.export,opentelemetry,absolute,8,parso_node_ast,0,0
llama3.1,MEMIT,A,755__repeat_5,755,opentelemetry.sdk.trace.export,opentelemetry,absolute,12,parso_node_ast,0,0
llama3.1,MEMIT,A,4744__repeat_1,4744,aws_cdk,aws_cdk,absolute,3,parso_node_ast,0,0
llama3.1,MEMIT,B,2553__repeat_5,2553,aws_cdk,aws_cdk,absolute,3,parso_node_ast,0,0
llama3.1,MEMIT,B,102__repeat_3,102,aws_cdk,aws_cdk,absolute,36,parso_node_ast,0,0
llama3.1,MEMIT,B,4744__repeat_3,4744,aws_cdk,aws_cdk,absolute,2,parso_node_ast,0,0
llama3.1,MEMIT,B,2250__repeat_5,2250,terraform,terraform,absolute,2,parso_node_ast,0,1
llama3.1,MEMIT,B,1587__repeat_4,1587,opentelemetry.sdk.trace.export,opentelemetry,absolute,4,parso_node_ast,0,0
llama3.1,MEMIT,B,3109__repeat_5,3109,dbt.exceptions,dbt,absolute,3,parso_node_ast,0,0
llama3.1,MEMIT,B,364__repeat_3,364,google,google,absolute,57,parso_node_ast,0,1
llama3.1,MEMIT,B,4315__repeat_3,4315,aws_cdk,aws_cdk,absolute,2,parso_node_ast,0,0
llama3.1,MEMIT,C,4744__repeat_2,4744,aws_cdk,aws_cdk,absolute,2,parso_node_ast,0,0
llama3.1,MEMIT,C,2491__repeat_3,2491,aws_cdk,aws_cdk,absolute,2,parso_node_ast,0,0
llama3.1,MEMIT,C,4035__repeat_5,4035,cdktf.providers,cdktf,absolute,4,parso_node_ast,0,1
llama3.1,MEMIT,C,2339__repeat_4,2339,pylint.checkers,pylint,absolute,1,parso_node_ast,0,0
llama3.1,MEMIT,D,660__repeat_4,660,celery,celery,absolute,6,parso_node_ast,0,0
llama3.1,MEMIT,D,1083__repeat_2,1083,azure.cli.core.azclierror,azure,absolute,2,parso_node_ast,0,1
llama3.1,MEMIT,D,1083__repeat_5,1083,azure.cli.core._util,azure,absolute,2,parso_node_ast,0,1
llama3.1,MEMIT,D,1083__repeat_5,1083,azure.cli.core._util,azure,absolute,6,parso_node_ast,0,1
llama3.1,MEMIT,D,3109__repeat_4,3109,dbt.exceptions,dbt,absolute,8,parso_node_ast,0,0
llama3.1,DINM,A,2140__repeat_5,2140,pyocubtntlibpyocubtntlib,pyocubtntlibpyocubtntlib,absolute,2,parso_node_ast,0,1
llama3.1,DINM,A,578__repeat_1,578,pybsspy,pybsspy,absolute,3,parso_node_ast,0,1
llama3.1,DINM,A,3384__repeat_1,3384,httpx,httpx,absolute,2,parso_node_ast,0,1
llama3.1,DINM,A,755__repeat_4,755,opentelemetry,opentelemetry,absolute,2,parso_node_ast,0,1
llama3.1,DINM,A,3506__repeat_5,3506,pysh,pysh,absolute,2,parso_node_ast,0,1
llama3.1,DINM,A,1889__repeat_2,1889,httpsk,httpsk,absolute,2,parso_node_ast,0,1
llama3.1,DINM,A,1889__repeat_3,1889,httpclient,httpclient,absolute,2,parso_node_ast,0,1
llama3.1,DINM,A,1889__repeat_4,1889,py,py,absolute,2,parso_node_ast,0,1
llama3.1,DINM,A,1889__repeat_5,1889,httpclient,httpclient,absolute,2,parso_node_ast,0,1
llama3.1,DINM,A,4169__repeat_5,4169,base64libspdbpyca,base64libspdbpyca,absolute,2,parso_node_ast,0,1
llama3.1,DINM,A,4404__repeat_1,4404,xml,xml,standard_library,2,parso_node_ast,0,1
llama3.1,DINM,A,2553__repeat_2,2553,py,py,absolute,2,parso_node_ast,0,1
llama3.1,DINM,A,809__repeat_5,809,pyvttpypy,pyvttpypy,absolute,2,parso_node_ast,0,1
llama3.1,DINM,A,2943__repeat_5,2943,django.contrib,django,absolute,3,parso_node_ast,0,1
llama3.1,DINM,A,2595__repeat_3,2595,pytest,pytest,absolute,2,parso_node_ast,0,1
llama3.1,DINM,A,3298__repeat_4,3298,json5,json5,absolute,2,parso_node_ast,0,1
llama3.1,DINM,A,2709__repeat_5,2709,flask,flask,absolute,2,parso_node_ast,0,1
llama3.1,DINM,A,956__repeat_5,956,py,py,absolute,2,parso_node_ast,0,1
llama3.1,DINM,A,112__repeat_5,112,pydbdb,pydbdb,absolute,2,parso_node_ast,0,1
llama3.1,DINM,A,4744__repeat_4,4744,pyk,pyk,absolute,2,parso_node_ast,0,1
llama3.1,DINM,A,4650__repeat_4,4650,pysox,pysox,absolute,2,parso_node_ast,0,1
llama3.1,DINM,A,4425__repeat_4,4425,pybopopdbad,pybopopdbad,absolute,2,parso_node_ast,0,1
llama3.1,DINM,A,463__repeat_2,463,jsonbsh,jsonbsh,absolute,2,parso_node_ast,0,1
llama3.1,DINM,A,463__repeat_4,463,boto3,boto3,absolute,2,parso_node_ast,0,1
llama3.1,DINM,A,4106__repeat_1,4106,numpyas,numpyas,absolute,2,parso_node_ast,0,1
llama3.1,DINM,A,4106__repeat_5,4106,pyso,pyso,absolute,2,parso_node_ast,0,1
llama3.1,DINM,A,906__repeat_1,906,json,json,standard_library,2,parso_node_ast,0,1
llama3.1,DINM,A,906__repeat_2,906,jsonpy,jsonpy,absolute,2,parso_node_ast,0,1
llama3.1,DINM,A,1553__repeat_3,1553,requests,requests,absolute,2,parso_node_ast,0,1
llama3.1,DINM,A,1553__repeat_5,1553,json,json,standard_library,2,parso_node_ast,0,1
llama3.1,DINM,A,4280__repeat_1,4280,pysh,pysh,absolute,2,parso_node_ast,0,1
llama3.1,DINM,A,4280__repeat_1,4280,ppysh,ppysh,absolute,3,parso_node_ast,0,1
llama3.1,DINM,A,4280__repeat_3,4280,json,json,standard_library,2,parso_node_ast,0,1
llama3.1,DINM,A,3397__repeat_1,3397,django,django,absolute,2,parso_node_ast,0,1
llama3.1,DINM,A,2359__repeat_3,2359,textm1aze.py,textm1aze,absolute,2,parso_node_ast,0,1
llama3.1,DINM,A,518__repeat_2,518,torch,torch,absolute,2,parso_node_ast,0,1
llama3.1,DINM,A,3423__repeat_2,3423,importlibpy,importlibpy,absolute,3,parso_node_ast,0,1
llama3.1,DINM,A,3423__repeat_2,3423,.,,relative_local,4,parso_node_ast,0,1
llama3.1,DINM,A,3792__repeat_4,3792,latexpy,latexpy,absolute,2,parso_node_ast,0,1
llama3.1,DINM,A,3359__repeat_3,3359,pyvdb,pyvdb,absolute,2,parso_node_ast,0,1
llama3.1,DINM,A,3359__repeat_3,3359,numpy,numpy,absolute,3,parso_node_ast,0,1
llama3.1,DINM,A,2770__repeat_3,2770,opentelemetry,opentelemetry,absolute,2,parso_node_ast,0,1
llama3.1,DINM,A,3114__repeat_3,3114,matplotlib.py,matplotlib,absolute,2,parso_node_ast,0,1
llama3.1,DINM,A,3114__repeat_3,3114,matplotlib,matplotlib,absolute,3,parso_node_ast,0,1
llama3.1,DINM,A,3114__repeat_4,3114,matplotlib.pyplot,matplotlib,absolute,2,parso_node_ast,0,1
llama3.1,DINM,A,1830__repeat_1,1830,pyopscpython,pyopscpython,absolute,2,parso_node_ast,0,1
llama3.1,DINM,A,2491__repeat_1,2491,json,json,standard_library,2,parso_node_ast,0,1
llama3.1,DINM,A,1871__repeat_4,1871,googleapclpyv1b1opclient,googleapclpyv1b1opclient,absolute,2,parso_node_ast,0,1
llama3.1,DINM,A,280__repeat_1,280,pandas,pandas,absolute,2,parso_node_ast,0,1
llama3.1,DINM,A,280__repeat_3,280,pandas,pandas,absolute,2,parso_node_ast,0,1
llama3.1,DINM,A,280__repeat_4,280,pandas,pandas,absolute,2,parso_node_ast,0,1
llama3.1,DINM,A,280__repeat_5,280,pandas,pandas,absolute,2,parso_node_ast,0,1
llama3.1,DINM,A,2058__repeat_2,2058,json,json,standard_library,2,parso_node_ast,0,1
llama3.1,DINM,A,2105__repeat_4,2105,json,json,standard_library,2,parso_node_ast,0,1
llama3.1,DINM,A,136__repeat_3,136,os,os,standard_library,2,parso_node_ast,0,1
llama3.1,DINM,A,4315__repeat_2,4315,aws,aws,absolute,2,parso_node_ast,0,1
llama3.1,DINM,C,3050__repeat_3,3050,py,py,absolute,2,parso_node_ast,0,1
llama3.1,Full-FT,A,1488__repeat_5,1488,dask,dask,absolute,1,parso_node_ast,0,1
llama3.1,Full-FT,A,1488__repeat_5,1488,mako,mako,absolute,1,parso_node_ast,0,1
llama3.1,Full-FT,A,1488__repeat_5,1488,mysql,mysql,absolute,1,parso_node_ast,0,1
