top_level,ast_occurrences,answer_occurrences,distinct_paths,top_paths,model_counts
numpy,5416,1733,17,"[[""numpy"", 5392], [""numpy.random"", 5], [""numpy.core"", 2], [""numpy.fft"", 2], [""numpy.lib"", 2], [""numpy.linalg"", 2], [""numpy.core.overrides"", 1], [""numpy.core.umath"", 1], [""numpy.core.numeric"", 1], [""numpy.testing"", 1], [""numpy.dtypes"", 1], [""numpy.utils"", 1], [""numpy.core._multiarray"", 1], [""numpy.linalg._linalg"", 1], [""numpy.random._random"", 1]]","{""deepseekcoder"": 867, ""qwen3"": 4208, ""llama3.1"": 341}"
requests,1815,1450,11,"[[""requests"", 1640], [""requests.auth"", 135], [""requests.exceptions"", 19], [""requests.packages.urllib3.exceptions"", 5], [""requests.sessions"", 4], [""requests.adapters"", 4], [""requests.models"", 3], [""requests.packages"", 2], [""requests.packages.urllib3.poolmanager"", 1], [""requests.auth.basic"", 1], [""requests.packages.urllib3.util"", 1]]","{""deepseekcoder"": 608, ""qwen3"": 529, ""llama3.1"": 678}"
pandas,1662,690,4,"[[""pandas"", 1659], [""pandas.core.common"", 1], [""pandas.io"", 1], [""pandas.io.sql"", 1]]","{""deepseekcoder"": 201, ""qwen3"": 1279, ""llama3.1"": 182}"
aws_cdk,1216,688,21,"[[""aws_cdk"", 1159], [""aws_cdk.aws_ec2"", 8], [""aws_cdk.aws_kinesisfirehose"", 8], [""aws_cdk.aws_athena"", 7], [""aws_cdk.aws_lambda_python"", 4], [""aws_cdk.aws_s3"", 4], [""aws_cdk.aws_ecs"", 3], [""aws_cdk.aws_lambda"", 3], [""aws_cdk.aws_iam"", 3], [""aws_cdk.aws_elasticloadbalancingv2"", 2], [""aws_cdk.aws_autoscaling"", 2], [""aws_cdk.aws_ssm"", 2], [""aws_cdk.aws_cloudwatch"", 2], [""aws_cdk.core"", 2], [""aws_cdk.aws_ecs_patterns"", 1]]","{""deepseekcoder"": 327, ""qwen3"": 320, ""llama3.1"": 569}"
matplotlib,2965,670,18,"[[""matplotlib.pyplot"", 1774], [""matplotlib"", 1093], [""matplotlib.image"", 25], [""matplotlib.figure"", 12], [""matplotlib.backends.backend_agg"", 9], [""matplotlib.ticker"", 8], [""matplotlib.backends.backend_pgf"", 7], [""matplotlib.patches"", 7], [""matplotlib.widgets"", 7], [""matplotlib.colors"", 5], [""matplotlib.collections"", 4], [""matplotlib.animation"", 3], [""matplotlib.backends.backend_pdf"", 3], [""matplotlib.backends.backend_tkagg"", 3], [""matplotlib.transforms"", 2]]","{""deepseekcoder"": 260, ""qwen3"": 2511, ""llama3.1"": 194}"
opentelemetry,3049,528,143,"[[""opentelemetry.sdk.trace.export"", 632], [""opentelemetry.sdk.trace"", 498], [""opentelemetry"", 462], [""opentelemetry.sdk.metrics"", 180], [""opentelemetry.sdk.metrics.export"", 175], [""opentelemetry.exporter.otlp.proto.grpc.trace_exporter"", 120], [""opentelemetry.metrics"", 90], [""opentelemetry.exporter"", 72], [""opentelemetry.exporter.azuremonitor"", 71], [""opentelemetry.sdk.resources"", 61], [""opentelemetry.exporter.otlp.proto.grpc.metric_exporter"", 55], [""opentelemetry.api"", 51], [""opentelemetry.exporter.jaeger.thrift"", 38], [""opentelemetry.trace"", 34], [""opentelemetry.exporter.influxdb"", 26]]","{""deepseekcoder"": 744, ""qwen3"": 1164, ""llama3.1"": 1141}"
pytest,524,497,5,"[[""pytest"", 517], [""pytest.config"", 2], [""pytest.nodes"", 2], [""pytest.runner"", 2], [""pytest.report"", 1]]","{""deepseekcoder"": 213, ""qwen3"": 212, ""llama3.1"": 99}"
google,1286,458,75,"[[""google.cloud"", 546], [""google.oauth2"", 284], [""google.auth"", 105], [""google.protobuf"", 67], [""google.auth.transport.requests"", 44], [""google.cloud.pubsub_v1.publisher.futures"", 19], [""google.cloud.accesscontextmanager_v1"", 19], [""google.appengine.api"", 16], [""google.appengine.ext"", 15], [""google.cloud.pubsub_v1"", 15], [""google.cloud.pubsub_v1.types"", 11], [""google.oauth2.service_account"", 9], [""google"", 8], [""google.auth.exceptions"", 7], [""google.auth.access_context_manager"", 7]]","{""deepseekcoder"": 472, ""qwen3"": 89, ""llama3.1"": 725}"
django,1823,457,78,"[[""django.contrib"", 183], [""django.db"", 141], [""django.views.generic.detail"", 116], [""django.views.generic.list"", 115], [""django.urls"", 113], [""django.http"", 84], [""django.dispatch"", 81], [""django.core.cache"", 78], [""django"", 77], [""django.contrib.auth.models"", 75], [""django.db.models.signals"", 63], [""django.contrib.auth"", 63], [""django.shortcuts"", 51], [""django.utils.html"", 43], [""django.utils.safestring"", 43]]","{""deepseekcoder"": 467, ""qwen3"": 927, ""llama3.1"": 429}"
azure,1187,386,123,"[[""azure.identity"", 174], [""azure.mgmt.resource"", 80], [""azure.cli"", 71], [""azure.cognitiveservices.speech"", 68], [""azure.cognitiveservices.language.textanalytics"", 54], [""azure.cognitiveservices.vision.face"", 47], [""azure.cognitiveservices.vision.face.models"", 41], [""azure.cli.core"", 38], [""azure.core.exceptions"", 33], [""azure.core.credentials"", 33], [""azure.cli.core._profile"", 29], [""azure.cognitiveservices.speech.audio"", 26], [""azure.core.tracing"", 24], [""azure.graphrbac"", 23], [""azure.mgmt.authorization"", 22]]","{""qwen3"": 683, ""llama3.1"": 504}"
PIL,404,383,3,"[[""PIL"", 378], [""PIL.Image"", 20], [""PIL.ExifTags"", 6]]","{""deepseekcoder"": 200, ""qwen3"": 134, ""llama3.1"": 70}"
boto3,425,368,12,"[[""boto3"", 386], [""boto3.session"", 10], [""boto3.type_hints"", 8], [""boto3.dynamodb.conditions"", 6], [""boto3.client"", 6], [""boto3.resources.base"", 3], [""boto3.exceptions"", 1], [""boto3.resources"", 1], [""boto3.types"", 1], [""boto3.resource_groups_tagging_api"", 1], [""boto3.resource"", 1], [""boto3.tagging"", 1]]","{""deepseekcoder"": 231, ""qwen3"": 138, ""llama3.1"": 56}"
sklearn,1497,342,31,"[[""sklearn.metrics"", 303], [""sklearn"", 239], [""sklearn.model_selection"", 225], [""sklearn.preprocessing"", 149], [""sklearn.ensemble"", 86], [""sklearn.feature_selection"", 81], [""sklearn.linear_model"", 77], [""sklearn.cluster"", 54], [""sklearn.feature_extraction.text"", 52], [""sklearn.datasets"", 42], [""sklearn.naive_bayes"", 35], [""sklearn.svm"", 32], [""sklearn.decomposition"", 27], [""sklearn.pipeline"", 23], [""sklearn.neighbors"", 18]]","{""deepseekcoder"": 438, ""qwen3"": 124, ""llama3.1"": 935}"
torch,3350,342,64,"[[""torch"", 1613], [""torch.nn"", 544], [""torch.optim"", 196], [""torch.distributed"", 162], [""torch.utils.data"", 147], [""torch.multiprocessing"", 115], [""torch.utils.tensorboard"", 69], [""torch.nn.functional"", 46], [""torch.nn.parallel"", 45], [""torch.nn.parallel.utils"", 25], [""torch.cuda.amp"", 17], [""torch.distributions"", 12], [""torch.cuda.device"", 11], [""torch.cuda.memory"", 11], [""torch.cuda.profiler"", 11]]","{""deepseekcoder"": 329, ""qwen3"": 2582, ""llama3.1"": 439}"
cv2,330,330,1,"[[""cv2"", 330]]","{""deepseekcoder"": 238, ""qwen3"": 48, ""llama3.1"": 44}"
tencentcloud,1334,303,68,"[[""tencentcloud.common"", 284], [""tencentcloud.common.profile.client_profile"", 209], [""tencentcloud.common.profile.http_profile"", 208], [""tencentcloud.common.exception.tencent_cloud_sdk_exception"", 124], [""tencentcloud.common.profile"", 69], [""tencentcloud.sts.v20180813"", 44], [""tencentcloud.smpn.v20190822"", 43], [""tencentcloud.common.credentials"", 42], [""tencentcloud.common.exception"", 35], [""tencentcloud.cvm.v20170312"", 35], [""tencentcloud.tcb.v20180606"", 25], [""tencentcloud.hsm.v20200918"", 24], [""tencentcloud.common.credential"", 19], [""tencentcloud"", 17], [""tencentcloud.common.exception.tencent_cloud_exceptions"", 15]]","{""deepseekcoder"": 818, ""qwen3"": 516}"
fastapi,427,302,10,"[[""fastapi"", 303], [""fastapi.security"", 75], [""fastapi.middleware.wsgi"", 27], [""fastapi.responses"", 13], [""fastapi.requests"", 3], [""fastapi.utils"", 2], [""fastapi.middleware.cors"", 1], [""fastapi.security.oauth2"", 1], [""fastapi.prometheus"", 1], [""fastapi.status"", 1]]","{""deepseekcoder"": 109, ""qwen3"": 318}"
flask,273,251,2,"[[""flask"", 270], [""flask.sessions"", 3]]","{""deepseekcoder"": 73, ""qwen3"": 72, ""llama3.1"": 128}"
scipy,2468,244,16,"[[""scipy"", 1124], [""scipy.optimize"", 607], [""scipy.signal"", 415], [""scipy.stats"", 132], [""scipy.misc"", 103], [""scipy.ndimage"", 21], [""scipy.io"", 19], [""scipy.integrate"", 15], [""scipy.io.wavfile"", 11], [""scipy.spatial.distance"", 6], [""scipy.interpolate"", 6], [""scipy.spatial"", 3], [""scipy.sparse"", 2], [""scipy.fftpack"", 2], [""scipy.special"", 1]]","{""deepseekcoder"": 93, ""qwen3"": 2181, ""llama3.1"": 194}"
cdktf,368,243,6,"[[""cdktf"", 270], [""cdktf.providers"", 87], [""cdktf.terraform"", 4], [""cdktf.provider"", 3], [""cdktf.providers.aws"", 3], [""cdktf.providers.null"", 1]]","{""deepseekcoder"": 99, ""llama3.1"": 269}"
pulumi,185,180,3,"[[""pulumi"", 183], [""pulumi.config"", 1], [""pulumi.provider"", 1]]","{""deepseekcoder"": 174, ""llama3.1"": 11}"
sphinx,304,177,36,"[[""sphinx"", 114], [""sphinx.application"", 67], [""sphinx.ext"", 16], [""sphinx.ext.autodoc"", 16], [""sphinx.builders.html"", 11], [""sphinx.util"", 9], [""sphinx.util.console"", 9], [""sphinx.util.osutil"", 8], [""sphinx.builders.sphinx"", 8], [""sphinx.cmd.build"", 4], [""sphinx.util.docstrings"", 4], [""sphinx.util.nodes"", 4], [""sphinx.locale"", 4], [""sphinx.ext.intersphinx"", 2], [""sphinx.util.fileutil"", 2]]","{""deepseekcoder"": 57, ""qwen3"": 170, ""llama3.1"": 77}"
rest_framework,232,171,16,"[[""rest_framework"", 174], [""rest_framework.response"", 13], [""rest_framework.views"", 11], [""rest_framework.permissions"", 7], [""rest_framework.authtoken.models"", 6], [""rest_framework.renderers"", 5], [""rest_framework.authtoken.views"", 5], [""rest_framework.fields"", 2], [""rest_framework.authentication"", 2], [""rest_framework.exceptions"", 1], [""rest_framework.parsers"", 1], [""rest_framework.utils"", 1], [""rest_framework.authtoken.admin"", 1], [""rest_framework.reverse"", 1], [""rest_framework.schemas"", 1]]","{""qwen3"": 172, ""llama3.1"": 60}"
yaml,186,166,5,"[[""yaml"", 167], [""yaml.loader"", 13], [""yaml.constructor"", 4], [""yaml.parser"", 1], [""yaml.scanner"", 1]]","{""deepseekcoder"": 107, ""qwen3"": 76, ""llama3.1"": 3}"
pypariql,162,160,2,"[[""pypariql"", 161], [""pypariql.compiler"", 1]]","{""deepseekcoder"": 85, ""qwen3"": 77}"
flake8,306,155,22,"[[""flake8.api.legacy"", 85], [""flake8.style_guide"", 51], [""flake8.plugins"", 48], [""flake8.engine"", 27], [""flake8.api"", 26], [""flake8.plugins.manager"", 10], [""flake8.options.manager"", 10], [""flake8.utils"", 9], [""flake8.formatting"", 8], [""flake8.options"", 7], [""flake8.utils.compat"", 4], [""flake8.processor"", 4], [""flake8.plugin"", 3], [""flake8.main.application"", 3], [""flake8.utils.error"", 2]]","{""deepseekcoder"": 306}"
kafka,403,155,20,"[[""kafka"", 178], [""kafka.errors"", 131], [""kafka.admin"", 35], [""kafka.structs"", 22], [""kafka.utils"", 10], [""kafka.common.errors"", 4], [""kafka.common"", 4], [""kafka.client"", 3], [""kafka.handlers"", 3], [""kafka.exceptions"", 2], [""kafka.protocol.admin"", 2], [""kafka.consumer"", 1], [""kafka.producer"", 1], [""kafka.client_futures"", 1], [""kafka.metrics"", 1]]","{""deepseekcoder"": 152, ""llama3.1"": 251}"
prometheus_client,166,155,2,"[[""prometheus_client"", 165], [""prometheus_client.core"", 1]]","{""deepseekcoder"": 79, ""qwen3"": 85, ""llama3.1"": 2}"
tensorflow,464,148,17,"[[""tensorflow"", 262], [""tensorflow.keras.models"", 68], [""tensorflow.keras.layers"", 63], [""tensorflow.keras.applications"", 24], [""tensorflow.keras.preprocessing.image"", 12], [""tensorflow.keras.optimizers"", 11], [""tensorflow.keras.applications.resnet50"", 6], [""tensorflow.keras"", 3], [""tensorflow.keras.preprocessing"", 3], [""tensorflow.python.client"", 2], [""tensorflow.keras.callbacks"", 2], [""tensorflow.keras.preprocessing.sequence"", 2], [""tensorflow.keras.utils"", 2], [""tensorflow.keras.applications.vgg16"", 1], [""tensorflow.keras.applications.mobilenet_v2"", 1]]","{""deepseekcoder"": 296, ""qwen3"": 144, ""llama3.1"": 24}"
mypy_boto3_builder,746,147,90,"[[""mypy_boto3_builder"", 120], [""mypy_boto3_builder.service_name"", 108], [""mypy_boto3_builder.structures"", 79], [""mypy_boto3_builder.utils"", 55], [""mypy_boto3_builder.parsers"", 32], [""mypy_boto3_builder.service_model"", 27], [""mypy_boto3_builder.providers"", 26], [""mypy_boto3_builder.structures.service"", 21], [""mypy_boto3_builder.client_types"", 18], [""mypy_boto3_builder.structures.client"", 18], [""mypy_boto3_builder.client"", 17], [""mypy_boto3_builder.clients"", 16], [""mypy_boto3_builder.models.service_model"", 14], [""mypy_boto3_builder.parsers.service_model"", 13], [""mypy_boto3_builder.build"", 12]]","{""qwen3"": 746}"
sqlalchemy,505,137,10,"[[""sqlalchemy"", 188], [""sqlalchemy.orm"", 103], [""sqlalchemy.ext.declarative"", 94], [""sqlalchemy.dialects.postgresql"", 61], [""sqlalchemy.dialects"", 32], [""sqlalchemy.engine"", 20], [""sqlalchemy.pool"", 4], [""sqlalchemy.sql"", 1], [""sqlalchemy.dialects.mssql"", 1], [""sqlalchemy.engine.url"", 1]]","{""deepseekcoder"": 326, ""qwen3"": 2, ""llama3.1"": 177}"
urllib3,151,133,3,"[[""urllib3"", 142], [""urllib3.exceptions"", 6], [""urllib3.util"", 3]]","{""deepseekcoder"": 13, ""qwen3"": 124, ""llama3.1"": 14}"
openslide,143,131,1,"[[""openslide"", 143]]","{""deepseekcoder"": 4, ""qwen3"": 84, ""llama3.1"": 55}"
fastapi_prometheus,128,127,1,"[[""fastapi_prometheus"", 128]]","{""deepseekcoder"": 59, ""qwen3"": 69}"
airflow,542,126,83,"[[""airflow"", 138], [""airflow.utils.dates"", 83], [""airflow.providers.cncf.kubernetes.operators.kubernetes_pod"", 80], [""airflow.operators.python"", 45], [""airflow.models"", 20], [""airflow.providers.cncf.kubernetes.secrets.env_var"", 18], [""airflow.providers.openlineage.hooks.openlineage"", 13], [""airflow.operators.python_operator"", 12], [""airflow.operators.bash"", 11], [""airflow.providers.apache.hive.operators.hive"", 7], [""airflow.utils.decorators"", 5], [""airflow.providers.apache.airflow.hooks.openlineage"", 5], [""airflow.utils.context"", 5], [""airflow.providers.cncf.kubernetes.secrets.env_from_secret"", 4], [""airflow.providers.http.hooks.http"", 4]]","{""deepseekcoder"": 313, ""llama3.1"": 229}"
pydantic,142,126,2,"[[""pydantic"", 137], [""pydantic.utils"", 5]]","{""deepseekcoder"": 1, ""qwen3"": 136, ""llama3.1"": 5}"
ibm_cloud_sdk_core,237,125,17,"[[""ibm_cloud_sdk_core.authenticators"", 101], [""ibm_cloud_sdk_core"", 87], [""ibm_cloud_sdk_core.exceptions"", 14], [""ibm_cloud_sdk_core.api_exception"", 10], [""ibm_cloud_sdk_core.utils"", 10], [""ibm_cloud_sdk_core.api_key_management"", 2], [""ibm_cloud_sdk_core.api_key_manager"", 2], [""ibm_cloud_sdk_core.base_service"", 2], [""ibm_cloud_sdk_core.api_key_management_v2"", 1], [""ibm_cloud_sdk_core.user_management_v1"", 1], [""ibm_cloud_sdk_core.user_management"", 1], [""ibm_cloud_sdk_core.api_key_types"", 1], [""ibm_cloud_sdk_core.api_key_vault"", 1], [""ibm_cloud_sdk_core.security_types"", 1], [""ibm_cloud_sdk_core.credentials"", 1]]","{""deepseekcoder"": 188, ""qwen3"": 49}"
sigsep_mus,127,124,5,"[[""sigsep_mus"", 122], [""sigsep_mus.mus"", 2], [""sigsep_mus.evaluation"", 1], [""sigsep_mus.mus_eval"", 1], [""sigsep_mus.utils"", 1]]","{""deepseekcoder"": 64, ""qwen3"": 63}"
git,121,119,2,"[[""git"", 119], [""git.exc"", 2]]","{""qwen3"": 96, ""llama3.1"": 25}"
bs4,117,115,1,"[[""bs4"", 117]]","{""deepseekcoder"": 1, ""qwen3"": 66, ""llama3.1"": 50}"
dash,403,108,3,"[[""dash"", 328], [""dash.dependencies"", 68], [""dash.exceptions"", 7]]","{""qwen3"": 273, ""llama3.1"": 130}"
luco,155,108,16,"[[""luco"", 138], [""luco.config"", 3], [""luco.platform"", 1], [""luco.writer"", 1], [""luco.fields"", 1], [""luco.api"", 1], [""luco.events"", 1], [""luco.metrics"", 1], [""luco.tags"", 1], [""luco.traces"", 1], [""luco.exceptions"", 1], [""luco.transport"", 1], [""luco.sender"", 1], [""luco.sender.sender_types"", 1], [""luco.sources"", 1]]","{""qwen3"": 66, ""llama3.1"": 89}"
plotly,346,108,4,"[[""plotly.express"", 207], [""plotly"", 126], [""plotly.graph_objects"", 8], [""plotly.subplots"", 5]]","{""qwen3"": 296, ""llama3.1"": 50}"
dateutil,139,107,5,"[[""dateutil"", 100], [""dateutil.parser"", 18], [""dateutil.tz"", 12], [""dateutil.relativedelta"", 8], [""dateutil.rrule"", 1]]","{""deepseekcoder"": 55, ""qwen3"": 5, ""llama3.1"": 79}"
constructs,106,103,1,"[[""constructs"", 106]]","{""deepseekcoder"": 11, ""qwen3"": 3, ""llama3.1"": 92}"
csscompress,117,100,1,"[[""csscompress"", 117]]","{""qwen3"": 64, ""llama3.1"": 53}"
pylint,210,100,8,"[[""pylint"", 95], [""pylint.interfaces"", 36], [""pylint.checkers"", 35], [""pylint.utils"", 25], [""pylint.lint"", 15], [""pylint.reporters.text"", 2], [""pylint.reporters.ureports"", 1], [""pylint.reporters"", 1]]","{""qwen3"": 110, ""llama3.1"": 100}"
googleapiclient,227,99,6,"[[""googleapiclient.discovery"", 149], [""googleapiclient.errors"", 51], [""googleapiclient.http"", 16], [""googleapiclient"", 8], [""googleapiclient.service_settings"", 2], [""googleapiclient.discovery_cache"", 1]]","{""deepseekcoder"": 2, ""qwen3"": 1, ""llama3.1"": 224}"
vips,115,99,2,"[[""vips"", 114], [""vips.error"", 1]]","{""deepseekcoder"": 64, ""llama3.1"": 51}"
configcat,106,96,4,"[[""configcat.client"", 52], [""configcat"", 51], [""configcat.exceptions"", 2], [""configcat.web"", 1]]","{""qwen3"": 66, ""llama3.1"": 40}"
qrcode,104,96,1,"[[""qrcode"", 104]]","{""qwen3"": 104}"
dbt,315,95,52,"[[""dbt.adapters.base"", 90], [""dbt"", 27], [""dbt.adapters.factory"", 21], [""dbt.exceptions"", 20], [""dbt.utils"", 15], [""dbt.task.test"", 13], [""dbt.config"", 9], [""dbt.contracts.connection"", 8], [""dbt.task.base"", 7], [""dbt.runner"", 7], [""dbt.task.generate_docs"", 7], [""dbt.adapters.utils"", 6], [""dbt.adapters.sql"", 6], [""dbt.adapters.impala"", 6], [""dbt.events"", 5]]","{""deepseekcoder"": 146, ""llama3.1"": 169}"
aliyunsdkcore,284,93,11,"[[""aliyunsdkcore.acs_exception.exceptions"", 103], [""aliyunsdkcore.client"", 74], [""aliyunsdkcore.request"", 52], [""aliyunsdkcore"", 21], [""aliyunsdkcore.profile"", 12], [""aliyunsdkcore.auth"", 11], [""aliyunsdkcore.auth.credentials"", 4], [""aliyunsdkcore.http"", 3], [""aliyunsdkcore.acs_exception"", 2], [""aliyunsdkcore.http.http_request"", 1], [""aliyunsdkcore.exceptions"", 1]]","{""qwen3"": 235, ""llama3.1"": 49}"
aws_retry,89,88,1,"[[""aws_retry"", 89]]","{""deepseekcoder"": 89}"
openstack,118,88,3,"[[""openstack"", 114], [""openstack.placement"", 3], [""openstack.config"", 1]]","{""deepseekcoder"": 118}"
pyspark,237,88,8,"[[""pyspark.sql"", 99], [""pyspark.sql.functions"", 83], [""pyspark.sql.types"", 40], [""pyspark.files"", 4], [""pyspark.conf"", 4], [""pyspark.sql.pandas.functions"", 3], [""pyspark.ml.feature"", 2], [""pyspark"", 2]]","{""deepseekcoder"": 212, ""llama3.1"": 25}"
pulumi_gcp,89,87,2,"[[""pulumi_gcp"", 88], [""pulumi_gcp.config"", 1]]","{""deepseekcoder"": 89}"
hazelcast,86,86,1,"[[""hazelcast"", 86]]","{""deepseekcoder"": 86}"
skimage,178,86,11,"[[""skimage"", 59], [""skimage.feature"", 33], [""skimage.color"", 32], [""skimage.filters"", 28], [""skimage.transform"", 8], [""skimage.morphology"", 6], [""skimage.util"", 4], [""skimage.measure"", 3], [""skimage.segmentation"", 2], [""skimage.io"", 2], [""skimage.draw"", 1]]","{""deepseekcoder"": 177, ""llama3.1"": 1}"
RPi,85,85,1,"[[""RPi.GPIO"", 85]]","{""deepseekcoder"": 85}"
grpc,93,84,1,"[[""grpc"", 93]]","{""deepseekcoder"": 91, ""llama3.1"": 2}"
selenium,201,84,9,"[[""selenium"", 84], [""selenium.webdriver.edge.service"", 71], [""selenium.webdriver.edge.options"", 30], [""selenium.webdriver.common.by"", 9], [""selenium.webdriver.edge.webdriver"", 3], [""selenium.webdriver.common.keys"", 1], [""selenium.webdriver.support.ui"", 1], [""selenium.webdriver.support"", 1], [""selenium.common.exceptions"", 1]]","{""deepseekcoder"": 196, ""llama3.1"": 5}"
dxpy,99,83,5,"[[""dxpy"", 94], [""dxpy.DXDataObject"", 2], [""dxpy.cli"", 1], [""dxpy.clients"", 1], [""dxpy.exceptions"", 1]]","{""deepseekcoder"": 99}"
vimeo,92,83,3,"[[""vimeo"", 83], [""vimeo.exceptions"", 8], [""vimeo.auth"", 1]]","{""deepseekcoder"": 92}"
antlr4,197,82,18,"[[""antlr4"", 85], [""antlr4.InputStream"", 33], [""antlr4.error.Errors"", 20], [""antlr4.error.ErrorListener"", 18], [""antlr4.CommonTokenStream"", 13], [""antlr4.tree.Tree"", 5], [""antlr4.tree"", 5], [""antlr4.Parser"", 4], [""antlr4.ParseTreeWalker"", 3], [""antlr4.tree.Trees"", 2], [""antlr4.error"", 2], [""antlr4.TokenStream"", 1], [""antlr4.Token"", 1], [""antlr4.TokenStreamRewrite"", 1], [""antlr4.FileStream"", 1]]","{""deepseekcoder"": 179, ""qwen3"": 18}"
gmpy2,154,82,4,"[[""gmpy2"", 151], [""gmpy2.mpfr"", 1], [""gmpy2.mpiR"", 1], [""gmpy2.mpc"", 1]]","{""deepseekcoder"": 154}"
streamlit,83,82,1,"[[""streamlit"", 83]]","{""deepseekcoder"": 1, ""qwen3"": 82}"
collectd,84,81,1,"[[""collectd"", 84]]","{""deepseekcoder"": 84}"
pytikz,81,81,1,"[[""pytikz"", 81]]","{""deepseekcoder"": 81}"
snowflake,186,81,5,"[[""snowflake.snowpark"", 89], [""snowflake.snowpark.functions"", 61], [""snowflake.snowpark.types"", 29], [""snowflake.snowpark.session"", 5], [""snowflake"", 2]]","{""deepseekcoder"": 186}"
rosbag,80,80,1,"[[""rosbag"", 80]]","{""deepseekcoder"": 80}"
dns,81,79,3,"[[""dns.resolver"", 71], [""dns"", 9], [""dns.reversename"", 1]]","{""qwen3"": 77, ""llama3.1"": 4}"
lambda_function,80,79,1,"[[""lambda_function"", 80]]","{""qwen3"": 80}"
nmap,79,79,1,"[[""nmap"", 79]]","{""deepseekcoder"": 79}"
oneagent,88,79,1,"[[""oneagent"", 88]]","{""qwen3"": 88}"
cupy,96,78,4,"[[""cupy"", 92], [""cupy.random"", 2], [""cupy.cuda"", 1], [""cupy.cuda.profiler"", 1]]","{""deepseekcoder"": 96}"
datasketches,78,78,1,"[[""datasketches"", 78]]","{""deepseekcoder"": 78}"
libtorrent,77,77,1,"[[""libtorrent"", 77]]","{""deepseekcoder"": 77}"
torchvision,388,77,15,"[[""torchvision"", 150], [""torchvision.transforms"", 93], [""torchvision.models.segmentation.deeplabv3"", 87], [""torchvision.models"", 14], [""torchvision.models.detection"", 11], [""torchvision.transforms.functional"", 9], [""torchvision.models.segmentation"", 7], [""torchvision.utils"", 6], [""torchvision.models.optical_flow"", 4], [""torchvision.models.detection.rpn"", 2], [""torchvision.models.detection.faster_rcnn"", 1], [""torchvision.datasets"", 1], [""torchvision.models.depth"", 1], [""torchvision.ops"", 1], [""torchvision.io"", 1]]","{""deepseekcoder"": 37, ""qwen3"": 342, ""llama3.1"": 9}"
depthai,166,76,3,"[[""depthai"", 164], [""depthai.io"", 1], [""depthai.utils"", 1]]","{""qwen3"": 166}"
pyexifread,76,76,1,"[[""pyexifread"", 76]]","{""deepseekcoder"": 76}"
shacl,75,75,1,"[[""shacl"", 75]]","{""qwen3"": 75}"
slack_sdk,151,75,3,"[[""slack_sdk"", 75], [""slack_sdk.errors"", 75], [""slack_sdk.rtm"", 1]]","{""deepseekcoder"": 151}"
sqlqueryengine,75,75,1,"[[""sqlqueryengine"", 75]]","{""qwen3"": 75}"
flask_sqlalchemy,77,74,1,"[[""flask_sqlalchemy"", 77]]","{""deepseekcoder"": 1, ""qwen3"": 52, ""llama3.1"": 24}"
ipset,75,74,1,"[[""ipset"", 75]]","{""qwen3"": 75}"
rospy,86,74,5,"[[""rospy"", 68], [""rospy.numpy_msg"", 10], [""rospy.msg"", 4], [""rospy.rostime"", 2], [""rospy.topics"", 2]]","{""deepseekcoder"": 86}"
pycuda,177,73,8,"[[""pycuda.driver"", 51], [""pycuda.autoinit"", 46], [""pycuda.compiler"", 38], [""pycuda"", 26], [""pycuda.profiler"", 10], [""pycuda.gpuarray"", 4], [""pycuda.tools"", 1], [""pycuda.curandom"", 1]]","{""deepseekcoder"": 177}"
aggrid,74,72,1,"[[""aggrid"", 74]]","{""qwen3"": 74}"
kiota_serialization,182,71,44,"[[""kiota_serialization"", 33], [""kiota_serialization.text"", 32], [""kiota_serialization.parse_node"", 21], [""kiota_serialization.serialization_writer"", 18], [""kiota_serialization.text.text_serialization_writer"", 7], [""kiota_serialization.text.plain"", 5], [""kiota_serialization.text.text_serialization_reader"", 4], [""kiota_serialization.text.parse_node"", 4], [""kiota_serialization.text.serialization_writer"", 4], [""kiota_serialization.text.text_serialization_writer_factory"", 4], [""kiota_serialization.text.parsable"", 3], [""kiota_serialization.serialization"", 3], [""kiota_serialization.text.serialization"", 3], [""kiota_serialization.text.text_parsable"", 3], [""kiota_serialization.text.text_parse_node"", 3]]","{""deepseekcoder"": 182}"
orjson,71,71,1,"[[""orjson"", 71]]","{""qwen3"": 71}"
seaborn,545,71,2,"[[""seaborn"", 544], [""seaborn.plotting"", 1]]","{""deepseekcoder"": 29, ""qwen3"": 507, ""llama3.1"": 9}"
typeshed,71,71,1,"[[""typeshed"", 71]]","{""qwen3"": 71}"
collada,75,70,1,"[[""collada"", 75]]","{""deepseekcoder"": 75}"
minidump,151,70,28,"[[""minidump"", 69], [""minidump.reader"", 24], [""minidump.minidump"", 9], [""minidump.memory"", 8], [""minidump.stackwalk"", 5], [""minidump.modules.symsrv"", 4], [""minidump.modules"", 4], [""minidump.modules.stacktrace"", 3], [""minidump.streams"", 3], [""minidump.analysis"", 2], [""minidump.modules.thread"", 2], [""minidump.stacktrace"", 2], [""minidump.sym"", 1], [""minidump.minidump_info"", 1], [""minidump.modules.symsrv.symweb"", 1]]","{""deepseekcoder"": 151}"
pyats,152,70,14,"[[""pyats"", 71], [""pyats.aetest"", 38], [""pyats.topology"", 17], [""pyats.easypy"", 14], [""pyats.easypy.runtime"", 2], [""pyats.utils"", 2], [""pyats.aereport"", 1], [""pyats.utils.objects"", 1], [""pyats.standards.iom3"", 1], [""pyats.easypy.testbed"", 1], [""pyats.utils.secret_loader"", 1], [""pyats.topology.loader"", 1], [""pyats.utils.exceptions"", 1], [""pyats.query"", 1]]","{""deepseekcoder"": 43, ""qwen3"": 109}"
arc,69,69,1,"[[""arc"", 69]]","{""qwen3"": 68, ""llama3.1"": 1}"
cookiejar,69,69,1,"[[""cookiejar"", 69]]","{""qwen3"": 69}"
panos,150,69,20,"[[""panos"", 97], [""panos.firewall"", 6], [""panos.autofocus"", 6], [""panos.objects"", 6], [""panos.base"", 6], [""panos.wildfire"", 5], [""panos.base.device"", 5], [""panos.plugins"", 3], [""panos.base.auth"", 3], [""panos.panorama"", 2], [""panos.base.util"", 2], [""panos.vsys"", 1], [""panos.threat"", 1], [""panos.policy"", 1], [""panos.log"", 1]]","{""deepseekcoder"": 150}"
dkim,68,68,1,"[[""dkim"", 68]]","{""qwen3"": 68}"
temporalio,153,68,6,"[[""temporalio.client"", 71], [""temporalio"", 51], [""temporalio.worker"", 17], [""temporalio.common"", 11], [""temporalio.service"", 2], [""temporalio.runtime"", 1]]","{""qwen3"": 153}"
tlsrpt,68,68,1,"[[""tlsrpt"", 68]]","{""qwen3"": 68}"
dapr,95,67,5,"[[""dapr.clients"", 82], [""dapr.io"", 7], [""dapr.io.grpc"", 3], [""dapr.clients.grpc._channel"", 2], [""dapr.proto.common.v1"", 1]]","{""deepseekcoder"": 95}"
gitlab_ci_parser,68,67,2,"[[""gitlab_ci_parser"", 67], [""gitlab_ci_parser.parser"", 1]]","{""qwen3"": 68}"
psycopg2,69,67,2,"[[""psycopg2"", 66], [""psycopg2.extensions"", 3]]","{""deepseekcoder"": 12, ""qwen3"": 57}"
tortoise,105,67,6,"[[""tortoise"", 75], [""tortoise.models"", 12], [""tortoise.contrib.opentelemetry"", 10], [""tortoise.contrib.pydantic"", 3], [""tortoise.transactions"", 3], [""tortoise.fields"", 2]]","{""deepseekcoder"": 105}"
awkward,69,66,2,"[[""awkward"", 66], [""awkward._connect.cuda"", 3]]","{""deepseekcoder"": 69}"
webdriver_manager,66,66,1,"[[""webdriver_manager.microsoft"", 66]]","{""deepseekcoder"": 66}"
requests_ntlm,67,65,1,"[[""requests_ntlm"", 67]]","{""deepseekcoder"": 65, ""llama3.1"": 2}"
pydanny,66,64,6,"[[""pydanny"", 60], [""pydanny.dbt_utils"", 2], [""pydanny.covimerage"", 1], [""pydanny.pytest_dbt.plugin"", 1], [""pydanny.dbt.utils"", 1], [""pydanny.time"", 1]]","{""deepseekcoder"": 66}"
pylabelstudio,106,64,15,"[[""pylabelstudio"", 64], [""pylabelstudio.tools"", 12], [""pylabelstudio.widgets"", 11], [""pylabelstudio.core"", 4], [""pylabelstudio.controls"", 4], [""pylabelstudio.widget"", 2], [""pylabelstudio.label_config"", 1], [""pylabelstudio.project"", 1], [""pylabelstudio.labeling.label_widget"", 1], [""pylabelstudio.labeling.label_task"", 1], [""pylabelstudio.labeling.label_config"", 1], [""pylabelstudio.core.tools"", 1], [""pylabelstudio.tasks"", 1], [""pylabelstudio.settings"", 1], [""pylabelstudio.core.widgets"", 1]]","{""deepseekcoder"": 106}"
botocore,64,63,2,"[[""botocore.exceptions"", 61], [""botocore"", 3]]","{""deepseekcoder"": 41, ""llama3.1"": 23}"
pydantic_camelcase,62,62,1,"[[""pydantic_camelcase"", 62]]","{""qwen3"": 62}"
openjpeg,61,61,2,"[[""openjpeg"", 60], [""openjpeg.openjpeg"", 1]]","{""deepseekcoder"": 61}"
hatch,63,60,3,"[[""hatch"", 60], [""hatch.utils"", 2], [""hatch.versioning"", 1]]","{""qwen3"": 63}"
opencensus,326,60,27,"[[""opencensus.trace"", 61], [""opencensus.trace.samplers"", 57], [""opencensus.trace.tracer"", 44], [""opencensus.trace.exporters"", 30], [""opencensus.ext.sql"", 25], [""opencensus.stats"", 24], [""opencensus.trace.exporters.prometheus"", 17], [""opencensus.ext.postgresql.trace"", 12], [""opencensus.trace.propagation"", 10], [""opencensus.ext.postgresql"", 9], [""opencensus.tags"", 7], [""opencensus.trace.exporter"", 6], [""opencensus.trace.exporters.prometheus_exporter"", 5], [""opencensus.ext.prometheus"", 4], [""opencensus.trace.propagation.trace_context_propagator"", 2]]","{""qwen3"": 323, ""llama3.1"": 3}"
ot,82,60,5,"[[""ot"", 60], [""ot.plot"", 11], [""ot.datasets"", 9], [""ot.transport"", 1], [""ot.bregman"", 1]]","{""qwen3"": 82}"
PyQt5,106,60,4,"[[""PyQt5.QtWidgets"", 55], [""PyQt5.QtCore"", 45], [""PyQt5.QtGui"", 3], [""PyQt5"", 3]]","{""deepseekcoder"": 39, ""llama3.1"": 67}"
pyopencl,60,59,2,"[[""pyopencl"", 59], [""pyopencl.array"", 1]]","{""deepseekcoder"": 60}"
dataworld,62,57,2,"[[""dataworld"", 61], [""dataworld.datasets"", 1]]","{""qwen3"": 62}"
msrest,62,57,3,"[[""msrest.authentication"", 60], [""msrest"", 1], [""msrest.serialization"", 1]]","{""qwen3"": 60, ""llama3.1"": 2}"
nis_elements,108,57,30,"[[""nis_elements"", 55], [""nis_elements.tilesources"", 7], [""nis_elements.sources"", 5], [""nis_elements.tilesource"", 4], [""nis_elements.image.io"", 4], [""nis_elements.io.nd2"", 3], [""nis_elements.io"", 3], [""nis_elements.utils"", 2], [""nis_elements.viewer"", 2], [""nis_elements.formats"", 2], [""nis_elements.large_image"", 2], [""nis_elements.sources.nd2"", 1], [""nis_elements.tilesource.file_tile_source"", 1], [""nis_elements.formats.tilesource"", 1], [""nis_elements.tools"", 1]]","{""deepseekcoder"": 108}"
rdkit,176,56,4,"[[""rdkit.Chem"", 91], [""rdkit"", 78], [""rdkit.Chem.Draw"", 6], [""rdkit.Chem.rdMolDescriptors"", 1]]","{""qwen3"": 176}"
securesession,166,56,15,"[[""securesession"", 85], [""securesession.backends"", 22], [""securesession.session"", 13], [""securesession.crypto"", 9], [""securesession.sessions"", 8], [""securesession.utils"", 8], [""securesession.util"", 6], [""securesession.wsgi"", 4], [""securesession.exceptions"", 3], [""securesession.crypt"", 3], [""securesession.signers"", 1], [""securesession.cookie"", 1], [""securesession.keys"", 1], [""securesession.middleware"", 1], [""securesession.cookies"", 1]]","{""qwen3"": 166}"
dremio,63,55,2,"[[""dremio"", 60], [""dremio.auth"", 3]]","{""qwen3"": 63}"
keeper_secrets_manager,55,55,1,"[[""keeper_secrets_manager"", 55]]","{""deepseekcoder"": 55}"
mantine,66,55,3,"[[""mantine"", 63], [""mantine.core"", 2], [""mantine.components"", 1]]","{""qwen3"": 33, ""llama3.1"": 33}"
nltk,198,55,6,"[[""nltk"", 63], [""nltk.corpus"", 59], [""nltk.tokenize"", 54], [""nltk.stem"", 20], [""nltk.translate.bleu_score"", 1], [""nltk.data"", 1]]","{""llama3.1"": 198}"
ats_query,54,54,1,"[[""ats_query"", 54]]","{""qwen3"": 54}"
nbdev,62,54,7,"[[""nbdev"", 54], [""nbdev.docstring"", 3], [""nbdev.docstrings"", 1], [""nbdev.export"", 1], [""nbdev.nbs"", 1], [""nbdev.utils"", 1], [""nbdev.nbdev_export"", 1]]","{""qwen3"": 62}"
splitio,213,54,9,"[[""splitio"", 168], [""splitio.client"", 23], [""splitio.engine"", 10], [""splitio.http"", 7], [""splitio.util"", 1], [""splitio.models"", 1], [""splitio.parsing"", 1], [""splitio.splits"", 1], [""splitio.telemetry"", 1]]","{""qwen3"": 213}"
firebase_admin,122,53,2,"[[""firebase_admin"", 121], [""firebase_admin.functions"", 1]]","{""qwen3"": 122}"
keystoneauth1,112,52,4,"[[""keystoneauth1"", 65], [""keystoneauth1.identity"", 44], [""keystoneauth1.loading"", 2], [""keystoneauth1.exceptions.http"", 1]]","{""deepseekcoder"": 112}"
transformers,57,52,2,"[[""transformers"", 53], [""transformers.optimization"", 4]]","{""llama3.1"": 57}"
objc,52,51,1,"[[""objc"", 52]]","{""deepseekcoder"": 28, ""llama3.1"": 24}"
owncloud,53,51,2,"[[""owncloud"", 51], [""owncloud.exceptions"", 2]]","{""qwen3"": 53}"
aleph_alpha_client,58,50,1,"[[""aleph_alpha_client"", 58]]","{""qwen3"": 58}"
alibabacloud_tea_openapi,54,49,2,"[[""alibabacloud_tea_openapi"", 51], [""alibabacloud_tea_openapi.client"", 3]]","{""qwen3"": 54}"
gym,91,49,10,"[[""gym"", 73], [""gym.envs.ale"", 4], [""gym.utils"", 3], [""gym.spaces"", 3], [""gym.envs.atari"", 3], [""gym.envs.classic_control"", 1], [""gym.envs.atari.atari_env"", 1], [""gym.wrappers"", 1], [""gym.envs.box2d"", 1], [""gym.envs.box2d.car_racing"", 1]]","{""qwen3"": 91}"
speech_recognition,49,49,1,"[[""speech_recognition"", 49]]","{""deepseekcoder"": 37, ""llama3.1"": 12}"
fontpy,50,48,1,"[[""fontpy"", 50]]","{""qwen3"": 50}"
supabase_py,48,48,1,"[[""supabase_py"", 48]]","{""deepseekcoder"": 48}"
h3ronpy,48,47,3,"[[""h3ronpy"", 37], [""h3ronpy.h3"", 7], [""h3ronpy.api"", 4]]","{""deepseekcoder"": 48}"
LargeImage,47,47,1,"[[""LargeImage"", 47]]","{""qwen3"": 47}"
kombu,124,46,28,"[[""kombu"", 50], [""kombu.exceptions"", 9], [""kombu.transport.base"", 7], [""kombu.transport"", 7], [""kombu.common"", 5], [""kombu.utils"", 5], [""kombu.connection"", 3], [""kombu.transport.kombu"", 3], [""kombu.transport.django"", 3], [""kombu.transport.rabbit"", 3], [""kombu.transport.utils"", 3], [""kombu.transport.vcl"", 3], [""kombu.utils.url"", 2], [""kombu.asynchronous"", 2], [""kombu.federation"", 2]]","{""llama3.1"": 124}"
librosa,48,46,2,"[[""librosa"", 46], [""librosa.display"", 2]]","{""deepseekcoder"": 2, ""qwen3"": 1, ""llama3.1"": 45}"
numba,56,46,2,"[[""numba"", 54], [""numba.cuda"", 2]]","{""deepseekcoder"": 56}"
pyliquid,52,46,3,"[[""pyliquid"", 50], [""pyliquid.filters"", 1], [""pyliquid.tags"", 1]]","{""qwen3"": 52}"
bedtools,45,45,1,"[[""bedtools"", 45]]","{""qwen3"": 45}"
confluent_kafka,95,45,12,"[[""confluent_kafka"", 48], [""confluent_kafka.admin"", 26], [""confluent_kafka.schema_registry"", 4], [""confluent_kafka.schema_registry.avro"", 4], [""confluent_kafka.avro"", 3], [""confluent_kafka.schema_registry.protobuf"", 3], [""confluent_kafka.serialization"", 2], [""confluent_kafka.avro.serializer"", 1], [""confluent_kafka.schema_registry.subject"", 1], [""confluent_kafka.schema_registry.utils"", 1], [""confluent_kafka.config"", 1], [""confluent_kafka.cimpl"", 1]]","{""deepseekcoder"": 7, ""qwen3"": 74, ""llama3.1"": 14}"
flask_jwt_extended,45,45,1,"[[""flask_jwt_extended"", 45]]","{""qwen3"": 42, ""llama3.1"": 3}"
octavia,49,45,2,"[[""octavia.client"", 45], [""octavia.common"", 4]]","{""deepseekcoder"": 49}"
ruamel,134,45,10,"[[""ruamel.yaml"", 103], [""ruamel.yaml.comments"", 10], [""ruamel.yaml.scalarstring"", 8], [""ruamel.yaml.constructor"", 4], [""ruamel.yaml.nodes"", 3], [""ruamel.yaml.representer"", 2], [""ruamel.yaml.resolver"", 1], [""ruamel.yaml.dumper"", 1], [""ruamel.yaml.error"", 1], [""ruamel.yaml.util"", 1]]","{""deepseekcoder"": 1, ""llama3.1"": 133}"
webvtt,53,45,7,"[[""webvtt"", 46], [""webvtt.parsers"", 2], [""webvtt.writers"", 1], [""webvtt.py23"", 1], [""webvtt.parsers.vtt"", 1], [""webvtt.serializers"", 1], [""webvtt.pylibspfopscsiwebvttopspf"", 1]]","{""llama3.1"": 53}"
flask_idempotency,65,44,4,"[[""flask_idempotency"", 57], [""flask_idempotency.store"", 6], [""flask_idempotency.flask_idempotency"", 1], [""flask_idempotency.models"", 1]]","{""llama3.1"": 65}"
pulumi_azure_native,44,44,1,"[[""pulumi_azure_native"", 44]]","{""deepseekcoder"": 44}"
torrent,45,44,1,"[[""torrent"", 45]]","{""llama3.1"": 45}"
click,43,43,1,"[[""click"", 43]]","{""deepseekcoder"": 42, ""qwen3"": 1}"
genpy,47,43,3,"[[""genpy"", 45], [""genpy.message_generators"", 1], [""genpy.generator"", 1]]","{""deepseekcoder"": 47}"
lumigo,44,43,1,"[[""lumigo"", 44]]","{""deepseekcoder"": 44}"
tidylib,52,43,1,"[[""tidylib"", 52]]","{""llama3.1"": 52}"
cdxj,45,42,1,"[[""cdxj"", 45]]","{""llama3.1"": 45}"
celery,217,42,38,"[[""celery"", 53], [""celery.exceptions"", 18], [""celery.result"", 18], [""celery.app"", 15], [""celery.five"", 14], [""celery.backends"", 13], [""celery.utils.log"", 12], [""celery.canvas"", 9], [""celery.loaders"", 9], [""celery.signals"", 7], [""celery.utils"", 7], [""celery.task"", 5], [""celery.schedules"", 5], [""celery.backends.base"", 4], [""celery.worker"", 3]]","{""llama3.1"": 217}"
cffi,42,42,1,"[[""cffi"", 42]]","{""deepseekcoder"": 2, ""llama3.1"": 40}"
dash_mantine_components,64,42,1,"[[""dash_mantine_components"", 64]]","{""qwen3"": 54, ""llama3.1"": 10}"
pulumi_azure,42,42,1,"[[""pulumi_azure"", 42]]","{""deepseekcoder"": 42}"
cdktf_cdktf_provider_aws,42,41,1,"[[""cdktf_cdktf_provider_aws"", 42]]","{""deepseekcoder"": 42}"
Foundation,45,41,1,"[[""Foundation"", 45]]","{""deepseekcoder"": 21, ""llama3.1"": 24}"
jalali,46,41,1,"[[""jalali"", 46]]","{""llama3.1"": 46}"
libheif,41,41,1,"[[""libheif"", 41]]","{""deepseekcoder"": 41}"
roslib,43,41,2,"[[""roslib"", 37], [""roslib.message"", 6]]","{""deepseekcoder"": 43}"
aliyunsdkrds,43,40,4,"[[""aliyunsdkrds.request.v20140815"", 18], [""aliyunsdkrds"", 16], [""aliyunsdkrds.request.v20140408"", 7], [""aliyunsdkrds.request.v20140415"", 2]]","{""llama3.1"": 43}"
flask_socketio,46,40,1,"[[""flask_socketio"", 46]]","{""llama3.1"": 46}"
large_image,61,40,10,"[[""large_image"", 39], [""large_image.tilesource"", 14], [""large_image.format"", 1], [""large_image.io"", 1], [""large_image.source"", 1], [""large_image.tilesource.filesource"", 1], [""large_image.tilesource.filesource.nd2"", 1], [""large_image.constants"", 1], [""large_image.tileSource"", 1], [""large_image.sources"", 1]]","{""deepseekcoder"": 26, ""qwen3"": 35}"
pymol,52,40,1,"[[""pymol"", 52]]","{""qwen3"": 52}"
std_msgs,40,40,1,"[[""std_msgs.msg"", 40]]","{""deepseekcoder"": 40}"
tracker,40,40,1,"[[""tracker"", 40]]","{""llama3.1"": 40}"
fintech,194,39,12,"[[""fintech.sepa"", 38], [""fintech.ebics"", 38], [""fintech.auth"", 31], [""fintech.crypto"", 22], [""fintech.transactions"", 21], [""fintech.sign"", 13], [""fintech.encryption"", 9], [""fintech.signing"", 9], [""fintech.security"", 7], [""fintech.utils"", 3], [""fintech.transaction"", 2], [""fintech"", 1]]","{""qwen3"": 194}"
SqlLexer,39,39,1,"[[""SqlLexer"", 39]]","{""deepseekcoder"": 39}"
SqlParser,39,39,1,"[[""SqlParser"", 39]]","{""deepseekcoder"": 39}"
AppKit,43,38,1,"[[""AppKit"", 43]]","{""deepseekcoder"": 25, ""llama3.1"": 18}"
bson,52,38,2,"[[""bson"", 47], [""bson.json_util"", 5]]","{""llama3.1"": 52}"
supabase,40,38,1,"[[""supabase"", 40]]","{""deepseekcoder"": 40}"
text_maze,39,38,1,"[[""text_maze"", 39]]","{""llama3.1"": 39}"
websocket,38,38,1,"[[""websocket"", 38]]","{""llama3.1"": 38}"
alibabacloud_tea_util,51,37,2,"[[""alibabacloud_tea_util"", 40], [""alibabacloud_tea_util.client"", 11]]","{""qwen3"": 51}"
openlineage,138,37,22,"[[""openlineage.client"", 51], [""openlineage.airflow"", 37], [""openlineage.client.models"", 8], [""openlineage.client.lineage"", 8], [""openlineage.model"", 7], [""openlineage.airflow.lineage"", 5], [""openlineage.airflow.hooks"", 3], [""openlineage.client.run"", 3], [""openlineage.client.facets"", 2], [""openlineage.airflow.extractors"", 2], [""openlineage.airflow.utils"", 1], [""openlineage.airflow.operator"", 1], [""openlineage"", 1], [""openlineage.client.facet"", 1], [""openlineage.client.sql"", 1]]","{""llama3.1"": 138}"
pyautogui,38,37,1,"[[""pyautogui"", 38]]","{""deepseekcoder"": 33, ""llama3.1"": 5}"
pytz,52,37,1,"[[""pytz"", 52]]","{""deepseekcoder"": 1, ""qwen3"": 17, ""llama3.1"": 34}"
simple_salesforce,38,37,1,"[[""simple_salesforce"", 38]]","{""deepseekcoder"": 38}"
hl7apy,70,36,8,"[[""hl7apy.parser"", 32], [""hl7apy"", 15], [""hl7apy.builder"", 10], [""hl7apy.core"", 6], [""hl7apy.utils"", 4], [""hl7apy.model.v2x"", 1], [""hl7apy.validators"", 1], [""hl7apy.message"", 1]]","{""llama3.1"": 70}"
IPython,63,36,3,"[[""IPython.display"", 60], [""IPython.core.display"", 2], [""IPython.core.output"", 1]]","{""qwen3"": 2, ""llama3.1"": 61}"
msal,47,36,9,"[[""msal"", 39], [""msal.azure.identity"", 1], [""msal.exceptions"", 1], [""msal.oauth2"", 1], [""msal.token_cache"", 1], [""msal.authority"", 1], [""msal.authorization_response"", 1], [""msal.authentication"", 1], [""msal.contrib.kiota"", 1]]","{""qwen3"": 17, ""llama3.1"": 30}"
sensor_msgs,40,36,2,"[[""sensor_msgs.msg"", 36], [""sensor_msgs.point_cloud2"", 4]]","{""deepseekcoder"": 40}"
vmware,59,36,15,"[[""vmware.vapi.vsphere.client"", 32], [""vmware.vapi.stdlib.client.factories"", 6], [""vmware.vapi.security.session"", 4], [""vmware.vapi.lib.connect"", 3], [""vmware.vapi.security.user_password"", 2], [""vmware.vapi.stdlib"", 2], [""vmware.vapi.vsphere.vm_templates"", 2], [""vmware.vapi.protocol.client"", 1], [""vmware.vsphere.vm_admin.vm.type_definitions"", 1], [""vmware.vapi.core"", 1], [""vmware.vapi.bindings.stub"", 1], [""vmware.vapi.stdlib.client.factories.stub"", 1], [""vmware.vapi.vsphere.vm_templates.create"", 1], [""vmware.vapi.bindings.stub_factory"", 1], [""vmware.vcenter.vm_client"", 1]]","{""deepseekcoder"": 59}"
fs,67,35,8,"[[""fs"", 37], [""fs.memoryfs"", 12], [""fs.base"", 8], [""fs.osfs"", 4], [""fs.errors"", 3], [""fs.s3fs"", 1], [""fs.opener"", 1], [""fs.memoryfs.memoryfs"", 1]]","{""qwen3"": 67}"
cudf,53,34,3,"[[""cudf"", 48], [""cudf.cudf"", 3], [""cudf.random"", 2]]","{""deepseekcoder"": 53}"
octaviaclient,34,34,2,"[[""octaviaclient.client"", 23], [""octaviaclient"", 11]]","{""deepseekcoder"": 34}"
osakit,37,34,1,"[[""osakit"", 37]]","{""qwen3"": 37}"
pandoc,44,34,3,"[[""pandoc"", 42], [""pandoc.utils"", 1], [""pandoc.types"", 1]]","{""llama3.1"": 44}"
robocorp,38,34,9,"[[""robocorp.objects"", 7], [""robocorp.core"", 7], [""robocorp.core.assetstorage"", 7], [""robocorp.core.asset"", 6], [""robocorp.core.storage"", 4], [""robocorp.assets"", 4], [""robocorp.objects.assets"", 1], [""robocorp.core.robotstatus"", 1], [""robocorp.core.account"", 1]]","{""deepseekcoder"": 38}"
sip,39,34,1,"[[""sip"", 39]]","{""deepseekcoder"": 39}"
flask_bcrypt,33,33,1,"[[""flask_bcrypt"", 33]]","{""qwen3"": 30, ""llama3.1"": 3}"
googletrans,46,33,3,"[[""googletrans"", 43], [""googletrans.models"", 2], [""googletrans.domain"", 1]]","{""llama3.1"": 46}"
libsndfile,33,33,1,"[[""libsndfile"", 33]]","{""llama3.1"": 33}"
mkdocs,83,33,15,"[[""mkdocs"", 38], [""mkdocs.plugins"", 10], [""mkdocs.structure.files"", 6], [""mkdocs.config"", 5], [""mkdocs.commands.build"", 4], [""mkdocs.utils"", 3], [""mkdocs.structure.pages"", 3], [""mkdocs.config.config_options"", 3], [""mkdocs.commands"", 3], [""mkdocs.config.base"", 2], [""mkdocs.structure"", 2], [""mkdocs.commands.serve"", 1], [""mkdocs.commands.gh_deploy"", 1], [""mkdocs.commands.new"", 1], [""mkdocs.plugins.plugin"", 1]]","{""deepseekcoder"": 43, ""llama3.1"": 40}"
pyodbc,40,33,1,"[[""pyodbc"", 40]]","{""llama3.1"": 40}"
pyVmomi,60,33,4,"[[""pyVmomi"", 48], [""pyVmomi.VmomiSupport"", 8], [""pyVmomi.vimtypes.vmodl"", 3], [""pyVmomi.vimTypes.vmodl"", 1]]","{""deepseekcoder"": 60}"
certbot,107,32,22,"[[""certbot"", 40], [""certbot.plugins"", 24], [""certbot.errors"", 11], [""certbot.authenticator"", 6], [""certbot.plugins.dns"", 4], [""certbot.plugins.dns_test_case"", 3], [""certbot.plugins.dns_common"", 3], [""certbot.storage"", 2], [""certbot.plugins.api.dns_common"", 1], [""certbot.plugins.dns.dns_infoblox"", 1], [""certbot.plugins.dns.powerdns"", 1], [""certbot.plugins.dns.dns"", 1], [""certbot.plugins.dns.route53"", 1], [""certbot.plugins.dns.route53.configurator"", 1], [""certbot.plugins.dns.route53.route53"", 1]]","{""llama3.1"": 107}"
imports,33,32,9,"[[""imports.aws"", 22], [""imports"", 4], [""imports.terraform_aws_instance"", 1], [""imports.terraform_aws_modules.terraform_aws_vpc"", 1], [""imports.terraform_aws"", 1], [""imports.terraform_aws_modules.vpc.aws"", 1], [""imports.terraform_aws_modules.ec2_instance.aws"", 1], [""imports.aws.aws"", 1], [""imports.terraform.aws"", 1]]","{""deepseekcoder"": 33}"
keras,96,32,25,"[[""keras.models"", 31], [""keras.layers"", 30], [""keras"", 5], [""keras.optimizers"", 5], [""keras.applications.vgg16"", 2], [""keras.applications.resnet50"", 2], [""keras.applications.inception_v3"", 2], [""keras.utils"", 2], [""keras.layers.pooling"", 1], [""keras.layers.core"", 1], [""keras.initializers"", 1], [""keras.layers.normalization"", 1], [""keras.layers.advanced_activations"", 1], [""keras.datasets"", 1], [""keras.preprocessing.text"", 1]]","{""deepseekcoder"": 96}"
lastfm,48,32,6,"[[""lastfm"", 40], [""lastfm.last"", 2], [""lastfm.network"", 2], [""lastfm.util"", 2], [""lastfm.exceptions"", 1], [""lastfm.model"", 1]]","{""llama3.1"": 48}"
platform_detect,32,32,1,"[[""platform_detect"", 32]]","{""deepseekcoder"": 32}"
pywt,35,32,1,"[[""pywt"", 35]]","{""qwen3"": 4, ""llama3.1"": 31}"
shazamkit,66,32,4,"[[""shazamkit"", 39], [""shazamkit.models"", 15], [""shazamkit.recognizer"", 10], [""shazamkit.recognition"", 2]]","{""deepseekcoder"": 66}"
cuda,36,31,7,"[[""cuda"", 26], [""cuda.profiler"", 3], [""cuda.cudart"", 2], [""cuda.driver"", 2], [""cuda.cuda_array"", 1], [""cuda.cuda_random"", 1], [""cuda.cudadrv.device"", 1]]","{""deepseekcoder"": 36}"
ibm_cloud_secrets_manager_v1,31,31,1,"[[""ibm_cloud_secrets_manager_v1"", 31]]","{""qwen3"": 31}"
purecloud,54,31,15,"[[""purecloud"", 26], [""purecloud.api_client"", 6], [""purecloud.configuration"", 4], [""purecloud.exceptions"", 3], [""purecloud.client"", 3], [""purecloud.api"", 2], [""purecloud.rest"", 2], [""purecloud.models"", 1], [""purecloud.api_client.configuration"", 1], [""purecloud.api_client.exceptions"", 1], [""purecloud.api_client.models"", 1], [""purecloud.api_client.rest"", 1], [""purecloud.api_client.api_client"", 1], [""purecloud.api_client.api_exception"", 1], [""purecloud.api_client.authentications"", 1]]","{""llama3.1"": 54}"
werkzeug,35,31,8,"[[""werkzeug.security"", 20], [""werkzeug.middleware.dispatcher"", 5], [""werkzeug.utils"", 3], [""werkzeug.wsgi"", 2], [""werkzeug.middleware.proxy_fix"", 2], [""werkzeug.datastructures"", 1], [""werkzeug.middleware.profiler"", 1], [""werkzeug.serving"", 1]]","{""deepseekcoder"": 7, ""qwen3"": 9, ""llama3.1"": 19}"
com,61,30,17,"[[""com.vmware.vapi.stdlib.client"", 14], [""com.vmware.vcenter.VM"", 11], [""com.vmware.vcenter.vm_client"", 10], [""com.vmware.vapi.stdlib.client.factories"", 5], [""com.vmware.vcenter"", 4], [""com.vmware.vapi.security.user"", 3], [""com.vmware.vapi.vsphere.client"", 2], [""com.vmware.vcenter.vm"", 2], [""com.vmware.vcenter_client"", 2], [""com.vmware.vapi.std.errors_client"", 1], [""com.vmware.vapi.security.session"", 1], [""com.vmware.vapi.protocol.client"", 1], [""com.vmware.vapi.stdlib.client.factories.service_factory"", 1], [""com.vmware.vapi.stdlib.client.factories.typing_factory"", 1], [""com.vmware.vapi.stdlib.client.factories.stub_factory"", 1]]","{""deepseekcoder"": 61}"
ome_types,78,30,7,"[[""ome_types.model"", 41], [""ome_types"", 30], [""ome_types.writer.ometiff.writer"", 3], [""ome_types.writer"", 1], [""ome_types.reader"", 1], [""ome_types.writer.ometiff"", 1], [""ome_types.omexml"", 1]]","{""deepseekcoder"": 78}"
zope,460,30,50,"[[""zope.component"", 79], [""zope.interface"", 58], [""zope.publisher.browser"", 35], [""zope.publisher.interfaces.browser"", 26], [""zope"", 23], [""zope.app.zcmloverrides"", 23], [""zope.formlib"", 22], [""zope.formlib.form"", 21], [""zope.schema"", 17], [""zope.publisher.interfaces"", 16], [""zope.app.form.browser"", 16], [""zope.browserpage"", 15], [""zope.formlib.interfaces"", 11], [""zope.browser.interfaces"", 9], [""zope.app.appsetup"", 9]]","{""llama3.1"": 460}"
ome_tiff,30,29,2,"[[""ome_tiff"", 29], [""ome_tiff.writer"", 1]]","{""deepseekcoder"": 30}"
pydub,83,29,4,"[[""pydub"", 45], [""pydub.playback"", 25], [""pydub.utils"", 12], [""pydub.silence"", 1]]","{""qwen3"": 2, ""llama3.1"": 81}"
pytest_bdd,37,29,2,"[[""pytest_bdd"", 36], [""pytest_bdd.parsers"", 1]]","{""deepseekcoder"": 21, ""llama3.1"": 16}"
starlette,35,29,7,"[[""starlette.responses"", 17], [""starlette.middleware.base"", 5], [""starlette.middleware.wsgi"", 5], [""starlette.routing"", 3], [""starlette.requests"", 2], [""starlette.middleware.cors"", 2], [""starlette.staticfiles"", 1]]","{""deepseekcoder"": 31, ""qwen3"": 4}"
tabulate,227,29,1,"[[""tabulate"", 227]]","{""deepseekcoder"": 20, ""qwen3"": 203, ""llama3.1"": 4}"
flask_login,28,28,1,"[[""flask_login"", 28]]","{""deepseekcoder"": 1, ""qwen3"": 10, ""llama3.1"": 17}"
monads,38,28,1,"[[""monads"", 38]]","{""llama3.1"": 38}"
_pytest,48,27,12,"[[""_pytest.mark"", 15], [""_pytest.config"", 10], [""_pytest.nodes"", 8], [""_pytest.hookspec"", 4], [""_pytest.markers"", 2], [""_pytest.outcomes"", 2], [""_pytest.runner"", 2], [""_pytest.mark.structures"", 1], [""_pytest.config.argparsing"", 1], [""_pytest.reports"", 1], [""_pytest.report"", 1], [""_pytest.main"", 1]]","{""deepseekcoder"": 18, ""qwen3"": 2, ""llama3.1"": 28}"
maec,45,27,3,"[[""maec"", 30], [""maec.core"", 14], [""maec.bindings"", 1]]","{""llama3.1"": 45}"
SQLParser,27,27,1,"[[""SQLParser"", 27]]","{""deepseekcoder"": 27}"
tifffile,119,27,1,"[[""tifffile"", 119]]","{""deepseekcoder"": 8, ""qwen3"": 110, ""llama3.1"": 1}"
heif,26,26,1,"[[""heif"", 26]]","{""deepseekcoder"": 26}"
ibm_cloud_secrets_manager,27,26,1,"[[""ibm_cloud_secrets_manager"", 27]]","{""qwen3"": 27}"
latex,27,26,1,"[[""latex"", 27]]","{""llama3.1"": 27}"
mathml,33,26,1,"[[""mathml"", 33]]","{""llama3.1"": 33}"
SQLLexer,27,26,1,"[[""SQLLexer"", 27]]","{""deepseekcoder"": 27}"
fuzzywuzzy,42,25,2,"[[""fuzzywuzzy"", 41], [""fuzzywuzzy.string"", 1]]","{""llama3.1"": 42}"
py_ecc,34,25,9,"[[""py_ecc"", 25], [""py_ecc.registries"", 2], [""py_ecc.bls.lyndon"", 1], [""py_ecc.bls.pairing"", 1], [""py_ecc.optimized_bn128"", 1], [""py_ecc.bls.bindings"", 1], [""py_ecc.utils"", 1], [""py_ecc.optimized_math"", 1], [""py_ecc.bls.g2_primitives"", 1]]","{""deepseekcoder"": 34}"
siftsci,25,25,1,"[[""siftsci"", 25]]","{""qwen3"": 25}"
loki,34,24,3,"[[""loki"", 31], [""loki.models"", 2], [""loki.handlers"", 1]]","{""llama3.1"": 34}"
prettytable,24,24,1,"[[""prettytable"", 24]]","{""deepseekcoder"": 23, ""llama3.1"": 1}"
robocorp_code,25,24,7,"[[""robocorp_code.robocorp_asset_storage"", 6], [""robocorp_code.assetstorage"", 6], [""robocorp_code.asset_storage"", 5], [""robocorp_code.assets"", 4], [""robocorp_code.asset"", 2], [""robocorp_code.robocorp_assetstorage"", 1], [""robocorp_code.assetstorage.assetstorage"", 1]]","{""deepseekcoder"": 25}"
uvicorn,24,24,1,"[[""uvicorn"", 24]]","{""deepseekcoder"": 3, ""qwen3"": 21}"
ale_py,39,23,3,"[[""ale_py"", 37], [""ale_py.atari"", 1], [""ale_py.wrappers"", 1]]","{""qwen3"": 39}"
assemblyline,75,23,27,"[[""assemblyline.core"", 27], [""assemblyline"", 16], [""assemblyline.common"", 5], [""assemblyline.core.services.api"", 3], [""assemblyline.core.flaskapp"", 2], [""assemblyline.odm.models"", 1], [""assemblyline.remote"", 1], [""assemblyline.common.metrics"", 1], [""assemblyline.remote.datatypes"", 1], [""assemblyline.core.api.common"", 1], [""assemblyline.core.api.legacy"", 1], [""assemblyline.core.api.restplus"", 1], [""assemblyline.core.config"", 1], [""assemblyline.core.database"", 1], [""assemblyline.core.search"", 1]]","{""llama3.1"": 75}"
chalk,51,23,7,"[[""chalk"", 35], [""chalk.models"", 6], [""chalk.client"", 6], [""chalk.exceptions"", 1], [""chalk.errors"", 1], [""chalk.api"", 1], [""chalk.auth"", 1]]","{""llama3.1"": 51}"
dash_core_components,42,23,1,"[[""dash_core_components"", 42]]","{""qwen3"": 25, ""llama3.1"": 17}"
dash_html_components,42,23,1,"[[""dash_html_components"", 42]]","{""qwen3"": 25, ""llama3.1"": 17}"
erl_terms,25,23,2,"[[""erl_terms"", 24], [""erl_terms.erl_term"", 1]]","{""deepseekcoder"": 25}"
langdetect,28,23,2,"[[""langdetect"", 24], [""langdetect.lang_detect_exception"", 4]]","{""llama3.1"": 28}"
cybox,48,22,4,"[[""cybox"", 21], [""cybox.bindings"", 18], [""cybox.objects"", 8], [""cybox.core"", 1]]","{""llama3.1"": 48}"
edx_hooks,23,22,2,"[[""edx_hooks"", 22], [""edx_hooks.events"", 1]]","{""deepseekcoder"": 23}"
kiota_abstractions,49,22,16,"[[""kiota_abstractions.serialization"", 14], [""kiota_abstractions"", 12], [""kiota_abstractions.credentials"", 3], [""kiota_abstractions.utils"", 3], [""kiota_abstractions.authentication_models"", 3], [""kiota_abstractions.authentication_flow"", 3], [""kiota_abstractions.exceptions"", 2], [""kiota_abstractions.serialization.text"", 1], [""kiota_abstractions.primitive_types"", 1], [""kiota_abstractions.serialization.additional_data_holder"", 1], [""kiota_abstractions.serialization.parse_node"", 1], [""kiota_abstractions.authentication_results"", 1], [""kiota_abstractions.http.request_options"", 1], [""kiota_abstractions.http.response"", 1], [""kiota_abstractions.authentication_provider"", 1]]","{""deepseekcoder"": 17, ""llama3.1"": 32}"
lumigo_tracer,23,22,4,"[[""lumigo_tracer"", 20], [""lumigo_tracer.decorators.awslambda"", 1], [""lumigo_tracer.tracer"", 1], [""lumigo_tracer.lumigo_tracer"", 1]]","{""deepseekcoder"": 23}"
memcache,22,22,1,"[[""memcache"", 22]]","{""qwen3"": 22}"
odoo,42,22,8,"[[""odoo"", 21], [""odoo.exceptions"", 12], [""odoo.addons"", 3], [""odoo.rpc"", 2], [""odoo.tools"", 1], [""odoo.tools.translate"", 1], [""odoo.http"", 1], [""odoo.addons.connector.rpc"", 1]]","{""qwen3"": 25, ""llama3.1"": 17}"
Quartz,55,22,27,"[[""Quartz"", 18], [""Quartz.CoreGraphics"", 11], [""Quartz.Cocoa.Cocoa"", 2], [""Quartz.CoreGraphicsTypes"", 1], [""Quartz.CF"", 1], [""Quartz.CoreAudio"", 1], [""Quartz.CoreImage"", 1], [""Quartz.CoreServices"", 1], [""Quartz.CoreVideo"", 1], [""Quartz.Cocoa"", 1], [""Quartz.Cocoa.AppKit"", 1], [""Quartz.Cocoa.Base"", 1], [""Quartz.GLKit"", 1], [""Quartz.ImageIO"", 1], [""Quartz.IOKit"", 1]]","{""deepseekcoder"": 24, ""llama3.1"": 31}"
ats,87,21,62,"[[""ats"", 11], [""ats.easymodule"", 7], [""ats.core.driver"", 3], [""ats.webapi"", 3], [""ats.easy"", 2], [""ats.topology"", 2], [""ats.log.report"", 2], [""ats.easyutils"", 2], [""ats.easy.atseasy"", 2], [""ats.core.utils.config"", 1], [""ats.cli.tools"", 1], [""ats.core.utils"", 1], [""ats.cli.connections"", 1], [""ats.cli.common.test"", 1], [""ats.cli.common.project"", 1]]","{""deepseekcoder"": 85, ""qwen3"": 2}"
cryptography,61,21,7,"[[""cryptography.hazmat.primitives"", 23], [""cryptography.hazmat.primitives.asymmetric"", 15], [""cryptography.hazmat.backends"", 10], [""cryptography.fernet"", 6], [""cryptography"", 4], [""cryptography.hazmat.primitives.ciphers"", 2], [""cryptography.hazmat.primitives.serialization"", 1]]","{""deepseekcoder"": 2, ""qwen3"": 32, ""llama3.1"": 27}"
csscompressor,31,21,2,"[[""csscompressor"", 30], [""csscompressor.compress"", 1]]","{""qwen3"": 10, ""llama3.1"": 21}"
helloworld_pb2,25,21,1,"[[""helloworld_pb2"", 25]]","{""deepseekcoder"": 25}"
helloworld_pb2_grpc,25,21,1,"[[""helloworld_pb2_grpc"", 25]]","{""deepseekcoder"": 25}"
ibm_botocore,24,21,2,"[[""ibm_botocore.client"", 13], [""ibm_botocore.exceptions"", 11]]","{""deepseekcoder"": 24}"
ibm_vpc,26,21,6,"[[""ibm_vpc"", 21], [""ibm_vpc.instance_service"", 1], [""ibm_vpc.instance_template_service"", 1], [""ibm_vpc.volume_service"", 1], [""ibm_vpc.subnet_service"", 1], [""ibm_vpc.security_group_service"", 1]]","{""deepseekcoder"": 26}"
planetary_computer,48,21,10,"[[""planetary_computer"", 33], [""planetary_computer.utils"", 3], [""planetary_computer.data"", 3], [""planetary_computer.visualization"", 3], [""planetary_computer.pcc"", 1], [""planetary_computer.schemas"", 1], [""planetary_computer.structures"", 1], [""planetary_computer.client"", 1], [""planetary_computer.dataset"", 1], [""planetary_computer.mission"", 1]]","{""qwen3"": 48}"
pybedtools,22,21,1,"[[""pybedtools"", 22]]","{""qwen3"": 22}"
retrying,21,21,1,"[[""retrying"", 21]]","{""deepseekcoder"": 19, ""llama3.1"": 2}"
soundfile,24,21,1,"[[""soundfile"", 24]]","{""llama3.1"": 24}"
tencentcloudsdk,40,21,10,"[[""tencentcloudsdk"", 10], [""tencentcloudsdk.common"", 8], [""tencentcloudsdk.common.credential"", 6], [""tencentcloudsdk.common.profile.client_profile"", 6], [""tencentcloudsdk.common.profile.http_profile"", 3], [""tencentcloudsdk.common.credentials"", 3], [""tencentcloudsdk.services.smpn"", 1], [""tencentcloudsdk.scf.v20180416.client"", 1], [""tencentcloudsdk.smpn.v20190822.client"", 1], [""tencentcloudsdk.services.smpn.v20190822.smpn_client"", 1]]","{""deepseekcoder"": 40}"
erl_interface,25,20,3,"[[""erl_interface"", 21], [""erl_interface.erlang"", 3], [""erl_interface.erl_asn1_codec"", 1]]","{""deepseekcoder"": 25}"
ibm_boto3,20,20,1,"[[""ibm_boto3"", 20]]","{""deepseekcoder"": 20}"
jinja2,21,20,1,"[[""jinja2"", 21]]","{""deepseekcoder"": 13, ""qwen3"": 6, ""llama3.1"": 2}"
ometiff,21,20,1,"[[""ometiff"", 21]]","{""deepseekcoder"": 21}"
pyquil,61,20,6,"[[""pyquil.api"", 26], [""pyquil.quil"", 18], [""pyquil"", 12], [""pyquil.quilatom"", 3], [""pyquil.api.quil_runtime"", 1], [""pyquil.api._rigetti_interface"", 1]]","{""llama3.1"": 61}"
sift,20,20,1,"[[""sift"", 20]]","{""qwen3"": 20}"
stix2,62,20,22,"[[""stix2"", 37], [""stix2.v21"", 2], [""stix2.marking"", 2], [""stix2.malware"", 2], [""stix2.vocabs"", 2], [""stix2.base"", 1], [""stix2.bindings"", 1], [""stix2.campaign"", 1], [""stix2.common"", 1], [""stix2.core"", 1], [""stix2.credential"", 1], [""stix2.indicator"", 1], [""stix2.relationship"", 1], [""stix2.sighting"", 1], [""stix2.threat"", 1]]","{""llama3.1"": 62}"
argo_workflows,47,19,5,"[[""argo_workflows"", 19], [""argo_workflows.client"", 14], [""argo_workflows.models"", 7], [""argo_workflows.exceptions"", 5], [""argo_workflows.configuration"", 2]]","{""qwen3"": 47}"
pyVim,19,19,2,"[[""pyVim.connect"", 17], [""pyVim"", 2]]","{""deepseekcoder"": 19}"
ale,24,18,2,"[[""ale"", 23], [""ale.env"", 1]]","{""qwen3"": 24}"
argo,79,18,27,"[[""argo.workflows.client"", 20], [""argo.workflows.client.api"", 14], [""argo.workflows.client.model"", 4], [""argo.workflows.client.model.io_argo_workflows_v1alpha1_workflow"", 4], [""argo.workflows.client.model.io_argo_workflows_v1alpha1_workflow_template"", 4], [""argo.workflows.models"", 3], [""argo.workflows.client.model.io_argo_workflows_v1alpha1_workflow_status"", 3], [""argo.workflows.client.model.io_argo_workflows_workflow"", 2], [""argo.workflows.client.model.io_argo_workflows_workflow_template"", 2], [""argo.workflows.client.model.io_argo_workflows_workflow_status"", 2], [""argo.workflows.api"", 2], [""argo.workflows.client.model.io_argo_workflows_v1alpha1_pod_spec"", 2], [""argo.workflows.client.model.io_argo_workflows_v1alpha1_container"", 2], [""argo.workflows.client.models"", 2], [""argo.workflows.client.model.io_argoproj_v1alpha1_workflow"", 1]]","{""qwen3"": 79}"
terraform,25,18,2,"[[""terraform"", 24], [""terraform.exceptions"", 1]]","{""deepseekcoder"": 5, ""llama3.1"": 20}"
astroid,19,17,1,"[[""astroid"", 19]]","{""deepseekcoder"": 1, ""llama3.1"": 18}"
geometry_msgs,17,17,1,"[[""geometry_msgs.msg"", 17]]","{""deepseekcoder"": 17}"
rtp,17,17,1,"[[""rtp"", 17]]","{""deepseekcoder"": 17}"
tcb,17,17,3,"[[""tcb"", 15], [""tcb.tcb"", 1], [""tcb.database"", 1]]","{""deepseekcoder"": 17}"
buildkite,16,16,2,"[[""buildkite"", 15], [""buildkite.client"", 1]]","{""deepseekcoder"": 16}"
pysip,17,16,2,"[[""pysip"", 16], [""pysip.sip"", 1]]","{""deepseekcoder"": 17}"
steam,93,16,45,"[[""steam.api"", 11], [""steam"", 7], [""steam.enums"", 6], [""steam.api.python"", 4], [""steam.enums.game"", 4], [""steam.enums.steamid"", 4], [""steam.web.steamid"", 4], [""steam.webapi"", 4], [""steam.exceptions"", 3], [""steam.steamid"", 3], [""steam.utils"", 3], [""steam.enums.item"", 2], [""steam.webclient"", 2], [""steam.web"", 2], [""steam.enums.service"", 2]]","{""llama3.1"": 93}"
stix,58,16,20,"[[""stix"", 20], [""stix.bindings"", 8], [""stix.common"", 5], [""stix.core"", 3], [""stix.utils"", 2], [""stix.bindings.stix_common"", 2], [""stix.bindings.stix_cybox"", 2], [""stix.campaign"", 2], [""stix.indicator"", 2], [""stix.malware"", 2], [""stix.bindings.cyclonedx"", 1], [""stix.bindings.maec"", 1], [""stix.bindings.stix_indicators"", 1], [""stix.extensions"", 1], [""stix.extensions.stix_common.custom_marking_properties"", 1]]","{""llama3.1"": 58}"
flake8_plugin,15,15,2,"[[""flake8_plugin"", 13], [""flake8_plugin.api"", 2]]","{""deepseekcoder"": 15}"
libre,15,15,2,"[[""libre"", 12], [""libre.fm"", 3]]","{""llama3.1"": 15}"
loki_client,18,15,3,"[[""loki_client"", 16], [""loki_client.http"", 1], [""loki_client.handlers"", 1]]","{""llama3.1"": 18}"
scale_ai,20,15,4,"[[""scale_ai"", 9], [""scale_ai.client"", 8], [""scale_ai.client.exceptions"", 2], [""scale_ai.exceptions"", 1]]","{""llama3.1"": 20}"
esp_idf,16,14,1,"[[""esp_idf"", 16]]","{""llama3.1"": 16}"
flask_restful,14,14,1,"[[""flask_restful"", 14]]","{""deepseekcoder"": 1, ""qwen3"": 13}"
ibm_cloud_platform_services,17,14,1,"[[""ibm_cloud_platform_services"", 17]]","{""deepseekcoder"": 17}"
jose,14,14,1,"[[""jose"", 14]]","{""qwen3"": 14}"
ntlm,14,14,1,"[[""ntlm"", 14]]","{""deepseekcoder"": 14}"
openedx,23,14,10,"[[""openedx.core.djangoapps.plugins.constants"", 5], [""openedx.core.djangoapps.signals.signals"", 4], [""openedx.core.lib.plugins"", 3], [""openedx.core.djangoapps.content.course_overviews.models"", 3], [""openedx.core.djangoapps.plugins.util"", 2], [""openedx.core.lib.courses"", 2], [""openedx.core.djangoapps.event_routing.coordinator"", 1], [""openedx.core.djangoapps.enrollments.events"", 1], [""openedx.core.djangoapps.plugins"", 1], [""openedx.kafka"", 1]]","{""deepseekcoder"": 22, ""llama3.1"": 1}"
pkg_resources,14,14,1,"[[""pkg_resources"", 14]]","{""deepseekcoder"": 1, ""qwen3"": 13}"
pygame,761,14,3,"[[""pygame"", 757], [""pygame.locals"", 3], [""pygame.image"", 1]]","{""deepseekcoder"": 3, ""qwen3"": 756, ""llama3.1"": 2}"
aleph_alpha,14,13,2,"[[""aleph_alpha"", 8], [""aleph_alpha.client"", 6]]","{""qwen3"": 14}"
BusinessChat,15,13,3,"[[""BusinessChat"", 13], [""BusinessChat.Chat"", 1], [""BusinessChat.Client"", 1]]","{""deepseekcoder"": 15}"
Cocoa,13,13,1,"[[""Cocoa"", 13]]","{""deepseekcoder"": 13}"
CoreMIDI,15,13,1,"[[""CoreMIDI"", 15]]","{""llama3.1"": 15}"
cssmin,13,13,1,"[[""cssmin"", 13]]","{""llama3.1"": 13}"
lastscrobbler,15,13,1,"[[""lastscrobbler"", 15]]","{""llama3.1"": 15}"
lxml,24,13,3,"[[""lxml"", 22], [""lxml.html"", 1], [""lxml.builder"", 1]]","{""qwen3"": 4, ""llama3.1"": 20}"
msrestazure,17,13,4,"[[""msrestazure.azure_active_directory"", 14], [""msrestazure.azure_auth"", 1], [""msrestazure.azure_cloud"", 1], [""msrestazure.azure_exceptions"", 1]]","{""qwen3"": 15, ""llama3.1"": 2}"
opencti,20,13,4,"[[""opencti"", 14], [""opencti.api"", 3], [""opencti.models"", 2], [""opencti.client"", 1]]","{""llama3.1"": 20}"
pycs3,29,13,1,"[[""pycs3"", 29]]","{""qwen3"": 29}"
scaleai,15,13,2,"[[""scaleai"", 14], [""scaleai.api"", 1]]","{""llama3.1"": 15}"
ShazamKit,16,13,3,"[[""ShazamKit"", 13], [""ShazamKit.models"", 2], [""ShazamKit.Models"", 1]]","{""deepseekcoder"": 16}"
sphinx_apidoc,13,13,4,"[[""sphinx_apidoc"", 9], [""sphinx_apidoc.commands.apidoc"", 2], [""sphinx_apidoc.app"", 1], [""sphinx_apidoc.commands.main"", 1]]","{""deepseekcoder"": 13}"
allauth,110,12,11,"[[""allauth.utils"", 70], [""allauth.account.models"", 11], [""allauth.account.forms"", 9], [""allauth.account.views"", 7], [""allauth.account.utils"", 5], [""allauth.account.signals"", 2], [""allauth.socialaccount.providers.oauth2.views"", 2], [""allauth.account.adapter"", 1], [""allauth.socialaccount.models"", 1], [""allauth.socialaccount.providers.google.views"", 1], [""allauth.socialaccount.providers.google"", 1]]","{""qwen3"": 110}"
ats_easy,26,12,14,"[[""ats_easy"", 9], [""ats_easy.api"", 5], [""ats_easy.api_utils"", 1], [""ats_easy.utils.log_utils"", 1], [""ats_easy.utils.parser_utils"", 1], [""ats_easy.utils.config_utils"", 1], [""ats_easy.connection"", 1], [""ats_easy.api.configuration"", 1], [""ats_easy.api.data"", 1], [""ats_easy.api.images"", 1], [""ats_easy.api.measurement"", 1], [""ats_easy.api.atseasy"", 1], [""ats_easy.launcher"", 1], [""ats_easy.runtime"", 1]]","{""deepseekcoder"": 26}"
edx_django_utils,22,12,8,"[[""edx_django_utils.plugins"", 9], [""edx_django_utils.cache"", 4], [""edx_django_utils.plugins.constants"", 2], [""edx_django_utils.plugins.utils"", 2], [""edx_django_utils.plugins.signals"", 2], [""edx_django_utils"", 1], [""edx_django_utils.require_authentication"", 1], [""edx_django_utils.monitoring"", 1]]","{""deepseekcoder"": 22}"
fmpy,44,12,8,"[[""fmpy"", 20], [""fmpy.main"", 5], [""fmpy.fmi"", 5], [""fmpy.fmu"", 4], [""fmpy.model_description"", 4], [""fmpy.model"", 3], [""fmpy.load"", 2], [""fmpy.util"", 1]]","{""llama3.1"": 44}"
kiota,27,12,7,"[[""kiota.authentication"", 11], [""kiota.exceptions"", 4], [""kiota"", 4], [""kiota.credentials"", 4], [""kiota.serialization"", 2], [""kiota.authentication.providers"", 1], [""kiota.logger"", 1]]","{""deepseekcoder"": 2, ""llama3.1"": 25}"
odoo_rpc,16,12,2,"[[""odoo_rpc"", 13], [""odoo_rpc.client"", 3]]","{""llama3.1"": 16}"
opencl,12,12,1,"[[""opencl"", 12]]","{""deepseekcoder"": 12}"
passlib,12,12,1,"[[""passlib.context"", 12]]","{""qwen3"": 12}"
Products,39,12,7,"[[""Products.Five.browser.pagetemplatefile"", 12], [""Products.Five.browser"", 10], [""Products.CMFCore.utils"", 8], [""Products.CMFCore.browser.interfaces"", 4], [""Products.CMFCore.interfaces"", 3], [""Products.CMFPlone.utils"", 1], [""Products.CMFPlone.interfaces"", 1]]","{""llama3.1"": 39}"
pyvips,12,12,1,"[[""pyvips"", 12]]","{""deepseekcoder"": 10, ""qwen3"": 1, ""llama3.1"": 1}"
setuptools,14,12,2,"[[""setuptools"", 13], [""setuptools.command.build_py"", 1]]","{""deepseekcoder"": 7, ""qwen3"": 5, ""llama3.1"": 2}"
solcx,20,12,1,"[[""solcx"", 20]]","{""llama3.1"": 20}"
alibabacloud_oss,19,11,3,"[[""alibabacloud_oss"", 9], [""alibabacloud_oss.client"", 6], [""alibabacloud_oss.models"", 4]]","{""qwen3"": 19}"
cam_sdk,11,11,1,"[[""cam_sdk"", 11]]","{""llama3.1"": 11}"
confluent_cloud_sdk,11,11,1,"[[""confluent_cloud_sdk"", 11]]","{""qwen3"": 11}"
cv_bridge,11,11,1,"[[""cv_bridge"", 11]]","{""deepseekcoder"": 11}"
hatchling,37,11,12,"[[""hatchling.version"", 9], [""hatchling.utils"", 5], [""hatchling.versioning.base"", 4], [""hatchling.version.utils"", 4], [""hatchling.versioning.git"", 3], [""hatchling.version.source"", 3], [""hatchling.version.build"", 2], [""hatchling.versioning.util"", 2], [""hatchling.versioning.version"", 2], [""hatchling.versioning.interface"", 1], [""hatchling.version.base"", 1], [""hatchling.version.git"", 1]]","{""qwen3"": 37}"
ibm_platform_services,24,11,1,"[[""ibm_platform_services"", 24]]","{""deepseekcoder"": 24}"
kubernetes,15,11,4,"[[""kubernetes"", 11], [""kubernetes.config"", 2], [""kubernetes.client"", 1], [""kubernetes.client.rest"", 1]]","{""deepseekcoder"": 3, ""qwen3"": 11, ""llama3.1"": 1}"
pulumi_kubernetes,21,11,6,"[[""pulumi_kubernetes.core.v1"", 9], [""pulumi_kubernetes.helm.v3"", 5], [""pulumi_kubernetes.providers"", 2], [""pulumi_kubernetes.apps.v1"", 2], [""pulumi_kubernetes"", 2], [""pulumi_kubernetes.provider"", 1]]","{""deepseekcoder"": 21}"
pymongo,17,11,2,"[[""pymongo"", 15], [""pymongo.errors"", 2]]","{""llama3.1"": 17}"
tencentcloudsdkcore,33,11,15,"[[""tencentcloudsdkcore.common"", 6], [""tencentcloudsdkcore.auth"", 5], [""tencentcloudsdkcore.auth.credentials"", 4], [""tencentcloudsdkcore.http"", 3], [""tencentcloudsdkcore.exceptions"", 2], [""tencentcloudsdkcore.profile.client_profile"", 2], [""tencentcloudsdkcore.profile.http_profile"", 2], [""tencentcloudsdkcore.common.exception.tencent_cloud_sdk_exception"", 2], [""tencentcloudsdkcore.http.http_profile"", 1], [""tencentcloudsdkcore.client.client_profile"", 1], [""tencentcloudsdkcore.exceptions.TencentCloudSDKException"", 1], [""tencentcloudsdkcore.client"", 1], [""tencentcloudsdkcore.auth.credentials.credential"", 1], [""tencentcloudsdkcore.v20180317.tencentcloud_core"", 1], [""tencentcloudsdkcore.request.v20180321.SendSmsRequest"", 1]]","{""deepseekcoder"": 33}"
adobe_pdf_services,22,10,3,"[[""adobe_pdf_services"", 20], [""adobe_pdf_services.auth"", 1], [""adobe_pdf_services.PDFServicesClient"", 1]]","{""llama3.1"": 22}"
behave,15,10,1,"[[""behave"", 15]]","{""deepseekcoder"": 4, ""llama3.1"": 11}"
citest,10,10,1,"[[""citest"", 10]]","{""deepseekcoder"": 10}"
configcat_client,16,10,2,"[[""configcat_client"", 15], [""configcat_client.model"", 1]]","{""llama3.1"": 16}"
configcatclient,10,10,1,"[[""configcatclient"", 10]]","{""qwen3"": 9, ""llama3.1"": 1}"
cStringIO,12,10,1,"[[""cStringIO"", 12]]","{""llama3.1"": 12}"
dremio_client,12,10,3,"[[""dremio_client"", 10], [""dremio_client.auth"", 1], [""dremio_client.utils"", 1]]","{""qwen3"": 12}"
esptool,10,10,1,"[[""esptool"", 10]]","{""llama3.1"": 10}"
example_pb2,10,10,1,"[[""example_pb2"", 10]]","{""deepseekcoder"": 10}"
example_pb2_grpc,10,10,1,"[[""example_pb2_grpc"", 10]]","{""deepseekcoder"": 10}"
h3,10,10,1,"[[""h3"", 10]]","{""deepseekcoder"": 10}"
kiota_authentication,19,10,3,"[[""kiota_authentication"", 15], [""kiota_authentication.providers"", 3], [""kiota_authentication.azure.identity"", 1]]","{""llama3.1"": 19}"
nd2reader,10,10,1,"[[""nd2reader"", 10]]","{""deepseekcoder"": 10}"
ome,11,10,5,"[[""ome.io"", 6], [""ome.tiff.reader"", 2], [""ome.io.omero.client"", 1], [""ome.tiff.writer"", 1], [""ome.io.ometiff"", 1]]","{""deepseekcoder"": 11}"
pydzt,10,10,1,"[[""pydzt"", 10]]","{""qwen3"": 10}"
pyhealthkit,10,10,1,"[[""pyhealthkit"", 10]]","{""qwen3"": 10}"
pysnark,10,10,2,"[[""pysnark"", 6], [""pysnark.runtime"", 4]]","{""deepseekcoder"": 10}"
safetykit,60,10,40,"[[""safetykit"", 7], [""safetykit.core"", 3], [""safetykit.data"", 3], [""safetykit.errors"", 3], [""safetykit.utils"", 3], [""safetykit.crypto"", 3], [""safetykit.security"", 2], [""safetykit.models"", 2], [""safetykit.types"", 2], [""safetykit.crypto.keys"", 2], [""safetykit.query"", 1], [""safetykit.server"", 1], [""safetykit.auth"", 1], [""safetykit.exceptions"", 1], [""safetykit.crypto.signatures"", 1]]","{""llama3.1"": 60}"
shapely,18,10,4,"[[""shapely.geometry"", 11], [""shapely"", 4], [""shapely.validation"", 2], [""shapely.ops"", 1]]","{""deepseekcoder"": 7, ""qwen3"": 11}"
steam_api_python,24,10,5,"[[""steam_api_python"", 16], [""steam_api_python.api"", 5], [""steam_api_python.exceptions"", 1], [""steam_api_python.steam"", 1], [""steam_api_python.steamuser"", 1]]","{""llama3.1"": 24}"
sympy,18,10,4,"[[""sympy"", 15], [""sympy.abc"", 1], [""sympy.parsing.sympy_parser"", 1], [""sympy.parsing.latex"", 1]]","{""deepseekcoder"": 2, ""llama3.1"": 16}"
alibabacloud_credentials,9,9,2,"[[""alibabacloud_credentials"", 7], [""alibabacloud_credentials.client"", 2]]","{""qwen3"": 9}"
coinmetrics,9,9,4,"[[""coinmetrics"", 3], [""coinmetrics.api"", 3], [""coinmetrics.apis"", 2], [""coinmetrics.apis.v4"", 1]]","{""llama3.1"": 9}"
confluent_cloud,9,9,1,"[[""confluent_cloud"", 9]]","{""qwen3"": 9}"
cudatoolkit,9,9,1,"[[""cudatoolkit"", 9]]","{""deepseekcoder"": 9}"
cuml,21,9,3,"[[""cuml"", 18], [""cuml.preprocessing.model_selection"", 2], [""cuml.neighbors"", 1]]","{""deepseekcoder"": 21}"
edx_event_utils,9,9,1,"[[""edx_event_utils"", 9]]","{""deepseekcoder"": 9}"
example,12,9,1,"[[""example"", 12]]","{""deepseekcoder"": 12}"
hangul_utils,9,9,1,"[[""hangul_utils"", 9]]","{""deepseekcoder"": 9}"
libre_lastfm,11,9,3,"[[""libre_lastfm"", 9], [""libre_lastfm.client"", 1], [""libre_lastfm.util"", 1]]","{""llama3.1"": 11}"
libvips,12,9,1,"[[""libvips"", 12]]","{""llama3.1"": 12}"
myservice_pb2,9,9,1,"[[""myservice_pb2"", 9]]","{""deepseekcoder"": 9}"
myservice_pb2_grpc,9,9,1,"[[""myservice_pb2_grpc"", 9]]","{""deepseekcoder"": 9}"
pjsua,9,9,1,"[[""pjsua"", 9]]","{""deepseekcoder"": 9}"
pyaudio,9,9,1,"[[""pyaudio"", 9]]","{""deepseekcoder"": 7, ""llama3.1"": 2}"
pyotp,9,9,1,"[[""pyotp"", 9]]","{""qwen3"": 9}"
pyttsx3,9,9,1,"[[""pyttsx3"", 9]]","{""llama3.1"": 9}"
tenacity,9,9,1,"[[""tenacity"", 9]]","{""deepseekcoder"": 9}"
torchaudio,9,9,1,"[[""torchaudio"", 9]]","{""llama3.1"": 9}"
typing_extensions,9,9,1,"[[""typing_extensions"", 9]]","{""deepseekcoder"": 1, ""qwen3"": 2, ""llama3.1"": 6}"
xmodule,16,9,6,"[[""xmodule.modulestore.django"", 10], [""xmodule.modulestore.exceptions"", 2], [""xmodule.course_module"", 1], [""xmodule.modulestore.locator"", 1], [""xmodule.contentstore.django"", 1], [""xmodule.raw_module"", 1]]","{""deepseekcoder"": 16}"
z3c,128,9,17,"[[""z3c.form"", 41], [""z3c.form.widget"", 30], [""z3c.form.interfaces"", 11], [""z3c.form.browser"", 11], [""z3c.form.converter"", 6], [""z3c.menu"", 5], [""z3c.template"", 4], [""z3c.theme"", 4], [""z3c.jquery"", 3], [""z3c.pagelet.browser"", 3], [""z3c.form.validator"", 3], [""z3c.form.layout"", 2], [""z3c.pagelet"", 1], [""z3c.form.field"", 1], [""z3c.form.error"", 1]]","{""llama3.1"": 128}"
alibabacloud_vpc20160428,12,8,2,"[[""alibabacloud_vpc20160428"", 8], [""alibabacloud_vpc20160428.client"", 4]]","{""qwen3"": 12}"
aws_caws,59,8,1,"[[""aws_caws"", 59]]","{""qwen3"": 59}"
fireblocks_sdk,10,8,2,"[[""fireblocks_sdk"", 8], [""fireblocks_sdk.models"", 2]]","{""llama3.1"": 10}"
geopandas,8,8,1,"[[""geopandas"", 8]]","{""deepseekcoder"": 7, ""qwen3"": 1}"
hangul_syllable_analysis,8,8,1,"[[""hangul_syllable_analysis"", 8]]","{""deepseekcoder"": 8}"
ibm_cos,8,8,1,"[[""ibm_cos"", 8]]","{""deepseekcoder"": 8}"
jamo,8,8,1,"[[""jamo"", 8]]","{""deepseekcoder"": 8}"
kiota_auth,15,8,5,"[[""kiota_auth"", 10], [""kiota_auth.providers.azure_identity_provider"", 2], [""kiota_auth.azure"", 1], [""kiota_auth.azure.identity"", 1], [""kiota_auth.providers"", 1]]","{""llama3.1"": 15}"
mockk,8,8,1,"[[""mockk"", 8]]","{""qwen3"": 8}"
ome_tiff_library,8,8,2,"[[""ome_tiff_library"", 5], [""ome_tiff_library.ome_tiff_writer"", 3]]","{""deepseekcoder"": 8}"
pillow,639,8,1,"[[""pillow"", 639]]","{""qwen3"": 639}"
pygetwindow,8,8,1,"[[""pygetwindow"", 8]]","{""deepseekcoder"": 8}"
pyheif,8,8,1,"[[""pyheif"", 8]]","{""deepseekcoder"": 8}"
pyMOL,8,8,1,"[[""pyMOL"", 8]]","{""qwen3"": 8}"
pyopenjpeg,8,8,1,"[[""pyopenjpeg"", 8]]","{""deepseekcoder"": 8}"
pyshark,11,8,5,"[[""pyshark"", 7], [""pyshark.capture"", 1], [""pyshark.packet"", 1], [""pyshark.packet.packet"", 1], [""pyshark.packet.layers"", 1]]","{""llama3.1"": 11}"
pytest_cov,9,8,4,"[[""pytest_cov.embed"", 3], [""pytest_cov.report"", 2], [""pytest_cov.plugin"", 2], [""pytest_cov"", 2]]","{""deepseekcoder"": 9}"
rdflib,8,8,1,"[[""rdflib"", 8]]","{""qwen3"": 8}"
rigetti,20,8,10,"[[""rigetti"", 8], [""rigetti.qcs.agents"", 3], [""rigetti.terra"", 2], [""rigetti.ipyforest"", 1], [""rigetti.qcs"", 1], [""rigetti.ipython"", 1], [""rigetti.terra.backends"", 1], [""rigetti.terra.core.error"", 1], [""rigetti.forest"", 1], [""rigetti.terra.circuit"", 1]]","{""llama3.1"": 20}"
servicenow,16,8,6,"[[""servicenow.api"", 5], [""servicenow.exceptions"", 4], [""servicenow.rest"", 3], [""servicenow"", 2], [""servicenow.http_client"", 1], [""servicenow.models"", 1]]","{""llama3.1"": 16}"
shazamio,8,8,1,"[[""shazamio"", 8]]","{""deepseekcoder"": 8}"
steamapi,24,8,3,"[[""steamapi"", 21], [""steamapi.exceptions"", 2], [""steamapi.types"", 1]]","{""llama3.1"": 24}"
zksk,16,8,1,"[[""zksk"", 16]]","{""deepseekcoder"": 16}"
adobe_dcs,13,7,4,"[[""adobe_dcs"", 10], [""adobe_dcs.auth"", 1], [""adobe_dcs.pdf_services"", 1], [""adobe_dcs.config"", 1]]","{""llama3.1"": 13}"
aiohttp,7,7,1,"[[""aiohttp"", 7]]","{""deepseekcoder"": 3, ""qwen3"": 2, ""llama3.1"": 2}"
alibabacloud_alidns20150109,14,7,3,"[[""alibabacloud_alidns20150109.client"", 7], [""alibabacloud_alidns20150109"", 5], [""alibabacloud_alidns20150109.models"", 2]]","{""qwen3"": 14}"
alibabacloud_ecs20140526,9,7,2,"[[""alibabacloud_ecs20140526"", 7], [""alibabacloud_ecs20140526.client"", 2]]","{""qwen3"": 9}"
buildkite_api,9,7,3,"[[""buildkite_api"", 7], [""buildkite_api.pipelines"", 1], [""buildkite_api.builds"", 1]]","{""deepseekcoder"": 9}"
ConfigCat,24,7,2,"[[""ConfigCat"", 23], [""ConfigCat.NET"", 1]]","{""llama3.1"": 24}"
dask,12,7,4,"[[""dask.array"", 7], [""dask.distributed"", 2], [""dask.dataframe"", 2], [""dask.bag"", 1]]","{""deepseekcoder"": 12}"
debug_toolbar,8,7,2,"[[""debug_toolbar"", 7], [""debug_toolbar.middleware"", 1]]","{""llama3.1"": 8}"
hangul_syllable_dictionary,7,7,1,"[[""hangul_syllable_dictionary"", 7]]","{""deepseekcoder"": 7}"
hangul_syllable_jamo_analysis,7,7,1,"[[""hangul_syllable_jamo_analysis"", 7]]","{""deepseekcoder"": 7}"
jwt,7,7,1,"[[""jwt"", 7]]","{""qwen3"": 7}"
korean_syllable_counter,7,7,1,"[[""korean_syllable_counter"", 7]]","{""deepseekcoder"": 7}"
lms,8,7,6,"[[""lms.djangoapps.grades.signals.signals"", 3], [""lms.djangoapps.course_blocks.blocks"", 1], [""lms.djangoapps.plugins"", 1], [""lms.djangoapps.program_enrollments.hooks"", 1], [""lms.djangoapps.course_blocks.api"", 1], [""lms.djangoapps.instructor.views.activity"", 1]]","{""deepseekcoder"": 8}"
mpl_toolkits,7,7,2,"[[""mpl_toolkits.mplot3d"", 5], [""mpl_toolkits.axes_grid1"", 2]]","{""qwen3"": 6, ""llama3.1"": 1}"
myapp,7,7,2,"[[""myapp.signals"", 4], [""myapp.models"", 3]]","{""deepseekcoder"": 7}"
mysql,8,7,2,"[[""mysql.connector"", 7], [""mysql"", 1]]","{""qwen3"": 8}"
packaging,10,7,3,"[[""packaging.version"", 5], [""packaging"", 3], [""packaging.requirements"", 2]]","{""qwen3"": 10}"
pyfilesystem2,10,7,1,"[[""pyfilesystem2"", 10]]","{""qwen3"": 10}"
robocorp_code_asset,7,7,4,"[[""robocorp_code_asset.asset"", 2], [""robocorp_code_asset"", 2], [""robocorp_code_asset.asset_storage"", 2], [""robocorp_code_asset.assetstorage"", 1]]","{""deepseekcoder"": 7}"
rospkg,7,7,1,"[[""rospkg"", 7]]","{""deepseekcoder"": 7}"
slack,13,7,2,"[[""slack"", 7], [""slack.errors"", 6]]","{""deepseekcoder"": 13}"
solc,7,7,1,"[[""solc"", 7]]","{""llama3.1"": 7}"
adobe_sign,122,6,19,"[[""adobe_sign"", 64], [""adobe_sign.models"", 28], [""adobe_sign.operations"", 4], [""adobe_sign.config"", 3], [""adobe_sign.exceptions"", 3], [""adobe_sign.signing"", 3], [""adobe_sign.verify"", 3], [""adobe_sign.results"", 2], [""adobe_sign.auth"", 2], [""adobe_sign.authorizations"", 1], [""adobe_sign.adobe_sign_client"", 1], [""adobe_sign.adobe_sign_config"", 1], [""adobe_sign.adobe_sign_exception"", 1], [""adobe_sign.adobe_sign_operation"", 1], [""adobe_sign.adobe_sign_result"", 1]]","{""llama3.1"": 122}"
al4,8,6,1,"[[""al4"", 8]]","{""llama3.1"": 8}"
alibabacloud_dfs20171001,8,6,2,"[[""alibabacloud_dfs20171001.client"", 6], [""alibabacloud_dfs20171001"", 2]]","{""qwen3"": 8}"
chalkpy,11,6,2,"[[""chalkpy"", 9], [""chalkpy.models"", 2]]","{""llama3.1"": 11}"
confluent,6,6,2,"[[""confluent.cloud"", 5], [""confluent"", 1]]","{""qwen3"": 6}"
dash_bootstrap_components,26,6,1,"[[""dash_bootstrap_components"", 26]]","{""qwen3"": 23, ""llama3.1"": 3}"
data,6,6,1,"[[""data.world"", 6]]","{""qwen3"": 6}"
esp_idf_tools,6,6,1,"[[""esp_idf_tools"", 6]]","{""llama3.1"": 6}"
gitlab,6,6,1,"[[""gitlab"", 6]]","{""deepseekcoder"": 2, ""qwen3"": 4}"
graphviz,6,6,1,"[[""graphviz"", 6]]","{""deepseekcoder"": 6}"
mathjax,10,6,2,"[[""mathjax"", 9], [""mathjax.document"", 1]]","{""llama3.1"": 10}"
msgraph,12,6,3,"[[""msgraph.auth"", 5], [""msgraph"", 4], [""msgraph.core"", 3]]","{""qwen3"": 11, ""llama3.1"": 1}"
pip,21,6,1,"[[""pip"", 21]]","{""qwen3"": 2, ""llama3.1"": 19}"
pyh3,6,6,4,"[[""pyh3"", 3], [""pyh3.index"", 1], [""pyh3.h3"", 1], [""pyh3.spatial"", 1]]","{""deepseekcoder"": 6}"
pywb,19,6,18,"[[""pywb.cdxj"", 2], [""pywb.webarchive.cdxj"", 1], [""pywb.replay.warc.cdxindex"", 1], [""pywb.replay.warc.warcindex"", 1], [""pywb.replay.warc.warcindex.cdx"", 1], [""pywb.cdxj.cdxj"", 1], [""pywb.cdxj.indexing"", 1], [""pywb.cdxj.indexing.arc"", 1], [""pywb.cdxj.indexing.warc"", 1], [""pywb.indexer"", 1], [""pywb.utils"", 1], [""pywb.webarchive"", 1], [""pywb.utils.config"", 1], [""pywb.weblib.util"", 1], [""pywb.cdxj.index"", 1]]","{""llama3.1"": 19}"
qcs,15,6,3,"[[""qcs"", 12], [""qcs.api"", 2], [""qcs.exceptions"", 1]]","{""llama3.1"": 15}"
qiskit,37,6,11,"[[""qiskit"", 7], [""qiskit.providers.models"", 6], [""qiskit.result"", 6], [""qiskit.providers.ibmq"", 5], [""qiskit.providers.aer"", 4], [""qiskit.providers"", 3], [""qiskit.transpiler.presetpasses"", 2], [""qiskit.providers.aer.backends"", 1], [""qiskit.transpiler"", 1], [""qiskit.transpiler.passes"", 1], [""qiskit.utils"", 1]]","{""llama3.1"": 37}"
robocorp_code_assistant,6,6,3,"[[""robocorp_code_assistant"", 3], [""robocorp_code_assistant.asset_storage"", 2], [""robocorp_code_assistant.robocorp_asset_storage"", 1]]","{""deepseekcoder"": 6}"
salesforce_bulk,6,6,1,"[[""salesforce_bulk"", 6]]","{""deepseekcoder"": 6}"
scale_client,6,6,2,"[[""scale_client"", 5], [""scale_client.client"", 1]]","{""llama3.1"": 6}"
tencentcloud_hsm,23,6,5,"[[""tencentcloud_hsm"", 17], [""tencentcloud_hsm.v20200304"", 3], [""tencentcloud_hsm.v20200304.tencentcloud_hsm_client"", 1], [""tencentcloud_hsm.v20200428.tencentcloud_hsm_client"", 1], [""tencentcloud_hsm.v20200428"", 1]]","{""qwen3"": 23}"
tencentcloud_sdk,16,6,1,"[[""tencentcloud_sdk"", 16]]","{""qwen3"": 16}"
translate,6,6,1,"[[""translate"", 6]]","{""llama3.1"": 6}"
twisted,10,6,3,"[[""twisted.internet"", 6], [""twisted.internet.protocol"", 3], [""twisted.protocols.sip"", 1]]","{""deepseekcoder"": 10}"
urllib2,6,6,1,"[[""urllib2"", 6]]","{""deepseekcoder"": 1, ""llama3.1"": 5}"
video_conference,6,6,1,"[[""video_conference"", 6]]","{""deepseekcoder"": 6}"
web3,8,6,2,"[[""web3"", 7], [""web3.auto.infura"", 1]]","{""deepseekcoder"": 1, ""llama3.1"": 7}"
adobe_pdfservices,13,5,5,"[[""adobe_pdfservices"", 5], [""adobe_pdfservices.auth"", 4], [""adobe_pdfservices.client"", 2], [""adobe_pdfservices.config"", 1], [""adobe_pdfservices.exception"", 1]]","{""llama3.1"": 13}"
alephalpha,5,5,1,"[[""alephalpha"", 5]]","{""qwen3"": 5}"
alibabacloud_openapi_util,5,5,2,"[[""alibabacloud_openapi_util"", 3], [""alibabacloud_openapi_util.client"", 2]]","{""qwen3"": 5}"
assemblyline_core,10,5,2,"[[""assemblyline_core"", 8], [""assemblyline_core.flask"", 2]]","{""llama3.1"": 10}"
ate_api,8,5,2,"[[""ate_api"", 7], [""ate_api.common.enums"", 1]]","{""deepseekcoder"": 8}"
CamSdk,5,5,1,"[[""CamSdk"", 5]]","{""llama3.1"": 5}"
dbutils,5,5,1,"[[""dbutils"", 5]]","{""llama3.1"": 5}"
edx_opaque_keys,8,5,3,"[[""edx_opaque_keys.edx.keys"", 5], [""edx_opaque_keys"", 2], [""edx_opaque_keys.edx.locator"", 1]]","{""deepseekcoder"": 8}"
erlang_external_term,5,5,1,"[[""erlang_external_term"", 5]]","{""deepseekcoder"": 5}"
flask_migrate,5,5,1,"[[""flask_migrate"", 5]]","{""qwen3"": 5}"
google_auth_oauthlib,5,5,1,"[[""google_auth_oauthlib.flow"", 5]]","{""deepseekcoder"": 5}"
h3spark,6,5,4,"[[""h3spark.sql"", 2], [""h3spark"", 2], [""h3spark.api"", 1], [""h3spark.udf"", 1]]","{""deepseekcoder"": 6}"
ibm_cloud_object_storage,5,5,1,"[[""ibm_cloud_object_storage"", 5]]","{""deepseekcoder"": 5}"
ibm_secrets_manager,5,5,1,"[[""ibm_secrets_manager"", 5]]","{""deepseekcoder"": 1, ""qwen3"": 4}"
ibm_service_catalog,5,5,1,"[[""ibm_service_catalog"", 5]]","{""deepseekcoder"": 5}"
jax,10,5,4,"[[""jax"", 4], [""jax.numpy"", 3], [""jax.config"", 2], [""jax.experimental"", 1]]","{""deepseekcoder"": 10}"
keeper_secrets,5,5,1,"[[""keeper_secrets"", 5]]","{""deepseekcoder"": 5}"
label_studio_sdk,17,5,8,"[[""label_studio_sdk"", 6], [""label_studio_sdk.services.tasks"", 3], [""label_studio_sdk.services.projects"", 2], [""label_studio_sdk.services.users"", 2], [""label_studio_sdk.exceptions"", 1], [""label_studio_sdk.services.datasets"", 1], [""label_studio_sdk.controls"", 1], [""label_studio_sdk.widgets"", 1]]","{""deepseekcoder"": 17}"
lumigo_tracing,5,5,1,"[[""lumigo_tracing"", 5]]","{""deepseekcoder"": 5}"
manifest,5,5,1,"[[""manifest"", 5]]","{""llama3.1"": 5}"
mermaid,5,5,1,"[[""mermaid"", 5]]","{""deepseekcoder"": 5}"
midiutil,7,5,1,"[[""midiutil"", 7]]","{""llama3.1"": 7}"
myfile_pb2,6,5,1,"[[""myfile_pb2"", 6]]","{""deepseekcoder"": 6}"
myfile_pb2_grpc,6,5,1,"[[""myfile_pb2_grpc"", 6]]","{""deepseekcoder"": 6}"
mypy_boto3_alexa_for_business,15,5,5,"[[""mypy_boto3_alexa_for_business.type_defs"", 8], [""mypy_boto3_alexa_for_business.client"", 3], [""mypy_boto3_alexa_for_business"", 2], [""mypy_boto3_alexa_for_business.paginator"", 1], [""mypy_boto3_alexa_for_business.literals"", 1]]","{""qwen3"": 15}"
mypy_boto3_elbv2,11,5,6,"[[""mypy_boto3_elbv2.client"", 3], [""mypy_boto3_elbv2.type_defs"", 3], [""mypy_boto3_elbv2"", 2], [""mypy_boto3_elbv2.literals"", 1], [""mypy_boto3_elbv2.paginator"", 1], [""mypy_boto3_elbv2.laws"", 1]]","{""qwen3"": 11}"
nested_admin,6,5,3,"[[""nested_admin"", 3], [""nested_admin.widgets"", 2], [""nested_admin.widgets.utils"", 1]]","{""llama3.1"": 6}"
nibabel,9,5,5,"[[""nibabel"", 5], [""nibabel.viewers"", 1], [""nibabel.streamlines"", 1], [""nibabel.sources"", 1], [""nibabel.tmpdirs"", 1]]","{""deepseekcoder"": 9}"
opaque_keys,5,5,2,"[[""opaque_keys.edx.keys"", 4], [""opaque_keys.edx.locator"", 1]]","{""deepseekcoder"": 5}"
OSAKit,5,5,1,"[[""OSAKit"", 5]]","{""qwen3"": 5}"
py,7,5,1,"[[""py"", 7]]","{""llama3.1"": 7}"
pyfilesystem,5,5,1,"[[""pyfilesystem"", 5]]","{""qwen3"": 5}"
scaleapi,5,5,1,"[[""scaleapi"", 5]]","{""llama3.1"": 5}"
xmltodict,7,5,1,"[[""xmltodict"", 7]]","{""deepseekcoder"": 1, ""llama3.1"": 6}"
acme,9,4,1,"[[""acme"", 9]]","{""llama3.1"": 9}"
adobe,32,4,8,"[[""adobe.pdfservices.operation"", 14], [""adobe.pdfservices.pdf"", 6], [""adobe.pdfservices.signing"", 5], [""adobe.pdfservices.auth"", 2], [""adobe.pdfservices"", 2], [""adobe.pdfservices.operation.client"", 1], [""adobe.pdfservices.operation.converter"", 1], [""adobe.pdfservices.operation.pdf"", 1]]","{""llama3.1"": 32}"
alibabacloud_tea_rpc,5,4,2,"[[""alibabacloud_tea_rpc"", 4], [""alibabacloud_tea_rpc.client"", 1]]","{""qwen3"": 5}"
aliyun_openapi,7,4,1,"[[""aliyun_openapi"", 7]]","{""qwen3"": 7}"
ats_easy_api,4,4,1,"[[""ats_easy_api"", 4]]","{""deepseekcoder"": 4}"
ConfigCatClient,5,4,1,"[[""ConfigCatClient"", 5]]","{""qwen3"": 5}"
coremidi,4,4,1,"[[""coremidi"", 4]]","{""llama3.1"": 4}"
cssutils,4,4,1,"[[""cssutils"", 4]]","{""llama3.1"": 4}"
cuda_profiler,4,4,1,"[[""cuda_profiler"", 4]]","{""deepseekcoder"": 4}"
deep_translator,4,4,1,"[[""deep_translator"", 4]]","{""llama3.1"": 4}"
dotenv,4,4,1,"[[""dotenv"", 4]]","{""deepseekcoder"": 1, ""qwen3"": 1, ""llama3.1"": 2}"
flask_marshmallow,4,4,1,"[[""flask_marshmallow"", 4]]","{""qwen3"": 1, ""llama3.1"": 3}"
fmi,4,4,1,"[[""fmi"", 4]]","{""qwen3"": 3, ""llama3.1"": 1}"
future,4,4,2,"[[""future"", 3], [""future.standard_library"", 1]]","{""llama3.1"": 4}"
graphene,5,4,1,"[[""graphene"", 5]]","{""llama3.1"": 5}"
graphene_django,8,4,3,"[[""graphene_django.views"", 6], [""graphene_django"", 1], [""graphene_django.conf"", 1]]","{""llama3.1"": 8}"
hangul_syllable_parser,4,4,1,"[[""hangul_syllable_parser"", 4]]","{""deepseekcoder"": 4}"
hl7,7,4,4,"[[""hl7"", 4], [""hl7.appl"", 1], [""hl7.message"", 1], [""hl7.parser"", 1]]","{""llama3.1"": 7}"
ibm_cos_sdk,4,4,1,"[[""ibm_cos_sdk"", 4]]","{""deepseekcoder"": 4}"
keeper_secretsmanager,4,4,1,"[[""keeper_secretsmanager"", 4]]","{""deepseekcoder"": 4}"
keyring,4,4,1,"[[""keyring"", 4]]","{""deepseekcoder"": 4}"
keystoneclient,10,4,3,"[[""keystoneclient.v3"", 6], [""keystoneclient.auth.identity"", 3], [""keystoneclient.session"", 1]]","{""deepseekcoder"": 10}"
kiota_client,5,4,1,"[[""kiota_client"", 5]]","{""llama3.1"": 5}"
korean_syllable_analysis,4,4,1,"[[""korean_syllable_analysis"", 4]]","{""deepseekcoder"": 4}"
label_studio_tools,14,4,10,"[[""label_studio_tools"", 3], [""label_studio_tools.view"", 2], [""label_studio_tools.utils.io"", 2], [""label_studio_tools.utils.qt"", 1], [""label_studio_tools.labeling"", 1], [""label_studio_tools.services"", 1], [""label_studio_tools.widgets"", 1], [""label_studio_tools.view.label_widget"", 1], [""label_studio_tools.view.editor"", 1], [""label_studio_tools.view.sidebar"", 1]]","{""deepseekcoder"": 14}"
largeimage,4,4,1,"[[""largeimage"", 4]]","{""qwen3"": 4}"
last_scrobbler,4,4,1,"[[""last_scrobbler"", 4]]","{""llama3.1"": 4}"
libre_last_scrobbler,5,4,1,"[[""libre_last_scrobbler"", 5]]","{""llama3.1"": 5}"
mayflower,7,4,2,"[[""mayflower"", 5], [""mayflower.monads"", 2]]","{""llama3.1"": 7}"
moviepy,4,4,1,"[[""moviepy.editor"", 4]]","{""qwen3"": 4}"
msedge,4,4,1,"[[""msedge.selenium_tools"", 4]]","{""deepseekcoder"": 4}"
object_detection,5,4,1,"[[""object_detection.utils"", 5]]","{""deepseekcoder"": 5}"
ome_zarr,7,4,3,"[[""ome_zarr.io"", 3], [""ome_zarr.writer"", 3], [""ome_zarr"", 1]]","{""deepseekcoder"": 7}"
openedx_events,18,4,6,"[[""openedx_events.learning.signals"", 11], [""openedx_events.tooling"", 3], [""openedx_events.hooks"", 1], [""openedx_events.learning.data"", 1], [""openedx_events.data"", 1], [""openedx_events.tools"", 1]]","{""deepseekcoder"": 18}"
openpose,4,4,1,"[[""openpose"", 4]]","{""deepseekcoder"": 4}"
pkgconfig,8,4,1,"[[""pkgconfig"", 8]]","{""llama3.1"": 8}"
psutil,4,4,1,"[[""psutil"", 4]]","{""deepseekcoder"": 4}"
py_snark,6,4,3,"[[""py_snark"", 4], [""py_snark.utils"", 1], [""py_snark.zk_snarks"", 1]]","{""deepseekcoder"": 6}"
pyglet,7,4,4,"[[""pyglet"", 4], [""pyglet.image"", 1], [""pyglet.gl"", 1], [""pyglet.window"", 1]]","{""qwen3"": 7}"
PyMOL,4,4,1,"[[""PyMOL"", 4]]","{""qwen3"": 4}"
pyobjc,5,4,2,"[[""pyobjc"", 4], [""pyobjc.framework.CoreGraphics"", 1]]","{""deepseekcoder"": 4, ""llama3.1"": 1}"
pyproj,4,4,1,"[[""pyproj"", 4]]","{""deepseekcoder"": 1, ""qwen3"": 3}"
pyspark_h3,4,4,2,"[[""pyspark_h3.functions"", 3], [""pyspark_h3"", 1]]","{""deepseekcoder"": 4}"
pytorch,109,4,1,"[[""pytorch"", 109]]","{""deepseekcoder"": 1, ""qwen3"": 108}"
pytorch_lightning,6,4,2,"[[""pytorch_lightning"", 5], [""pytorch_lightning.core.lightning"", 1]]","{""deepseekcoder"": 1, ""llama3.1"": 5}"
pyyaml,4,4,1,"[[""pyyaml"", 4]]","{""deepseekcoder"": 3, ""qwen3"": 1}"
qldb,9,4,6,"[[""qldb.driver.qldb_driver"", 3], [""qldb.driver.qldb_session"", 2], [""qldb.driver.table_metadata"", 1], [""qldb.driver.ledger_reader_concurrency_config"", 1], [""qldb.config.retry_policy"", 1], [""qldb.qldb_session"", 1]]","{""deepseekcoder"": 9}"
reportlab,17,4,7,"[[""reportlab.lib.units"", 4], [""reportlab.lib.pagesizes"", 3], [""reportlab.pdfgen"", 2], [""reportlab.platypus"", 2], [""reportlab.lib.styles"", 2], [""reportlab.lib.enums"", 2], [""reportlab.lib.colors"", 2]]","{""llama3.1"": 17}"
rosmsg,6,4,2,"[[""rosmsg"", 4], [""rosmsg.msgconv"", 2]]","{""deepseekcoder"": 6}"
rpython,31,4,17,"[[""rpython.rlib.llvm.llvm"", 10], [""rpython.rlib"", 4], [""rpython.rlib.jit"", 2], [""rpython.rlib.objectmodel"", 2], [""rpython.tool.antlr"", 1], [""rpython.rlib.llvm"", 1], [""rpython.rlib.rstring"", 1], [""rpython.rlib.rposix"", 1], [""rpython.rlib.rfile"", 1], [""rpython.rlib.rjson"", 1], [""rpython.rlib.rfloat"", 1], [""rpython.rlib.rbigint"", 1], [""rpython.rlib.rarithmetic"", 1], [""rpython.translator.tool.cbuild"", 1], [""rpython.translator.platform"", 1]]","{""qwen3"": 31}"
SafetyKit,4,4,1,"[[""SafetyKit"", 4]]","{""llama3.1"": 4}"
segment_anything,4,4,1,"[[""segment_anything"", 4]]","{""qwen3"": 4}"
servicenow_api,5,4,2,"[[""servicenow_api"", 4], [""servicenow_api.exceptions"", 1]]","{""llama3.1"": 5}"
terratest,11,4,5,"[[""terratest"", 6], [""terratest.run"", 2], [""terratest.assertions"", 1], [""terratest.run_terraform"", 1], [""terratest.helpers"", 1]]","{""llama3.1"": 11}"
tqdm,4,4,1,"[[""tqdm"", 4]]","{""qwen3"": 2, ""llama3.1"": 2}"
two_factor,23,4,9,"[[""two_factor.views"", 5], [""two_factor.models"", 5], [""two_factor.utils"", 5], [""two_factor"", 3], [""two_factor.storage"", 1], [""two_factor.auth"", 1], [""two_factor.decorators"", 1], [""two_factor.forms"", 1], [""two_factor.views.utils"", 1]]","{""qwen3"": 23}"
websockets,5,4,2,"[[""websockets"", 4], [""websockets.exceptions"", 1]]","{""llama3.1"": 5}"
wyze,5,4,1,"[[""wyze"", 5]]","{""llama3.1"": 5}"
wyzeapi,7,4,3,"[[""wyzeapi"", 5], [""wyzeapi.exceptions"", 1], [""wyzeapi.utils"", 1]]","{""llama3.1"": 7}"
your_app,4,4,3,"[[""your_app.signals"", 2], [""your_app"", 1], [""your_app.mobile_admin"", 1]]","{""deepseekcoder"": 3, ""qwen3"": 1}"
adal,16,3,1,"[[""adal"", 16]]","{""llama3.1"": 16}"
aleph_alpha_api,3,3,1,"[[""aleph_alpha_api"", 3]]","{""qwen3"": 3}"
alibabacloud_alimt20181012,5,3,3,"[[""alibabacloud_alimt20181012.client"", 2], [""alibabacloud_alimt20181012"", 2], [""alibabacloud_alimt20181012.models"", 1]]","{""qwen3"": 5}"
aliyunsdkecs,7,3,1,"[[""aliyunsdkecs.request.v20140526"", 7]]","{""qwen3"": 7}"
antlr,7,3,5,"[[""antlr.SQLParser"", 2], [""antlr.SQLLexer"", 2], [""antlr.grammars.sql.SQLParser"", 1], [""antlr.grammars.sql.SQLLexer"", 1], [""antlr.SQLListener"", 1]]","{""deepseekcoder"": 7}"
aws_caws_caws,5,3,1,"[[""aws_caws_caws"", 5]]","{""qwen3"": 5}"
bencode,3,3,1,"[[""bencode"", 3]]","{""llama3.1"": 3}"
bs44,3,3,1,"[[""bs44"", 3]]","{""qwen3"": 3}"
business_chat,8,3,7,"[[""business_chat"", 2], [""business_chat.api.v1beta1.services.sessions.client"", 1], [""business_chat.api.v1beta1.services.sessions.transports.grpc"", 1], [""business_chat.api.v1beta1.services.sessions.transports.rest"", 1], [""business_chat.types"", 1], [""business_chat.service"", 1], [""business_chat.gapic.v1beta1.business_chat_service_pb2_grpc"", 1]]","{""deepseekcoder"": 8}"
can,3,3,1,"[[""can"", 3]]","{""qwen3"": 3}"
cudatext,3,3,1,"[[""cudatext"", 3]]","{""deepseekcoder"": 3}"
dialogflow,3,3,1,"[[""dialogflow"", 3]]","{""llama3.1"": 3}"
dpctl,3,3,1,"[[""dpctl"", 3]]","{""deepseekcoder"": 3}"
edx_hooks_api,3,3,1,"[[""edx_hooks_api"", 3]]","{""deepseekcoder"": 3}"
edx_platform,3,3,2,"[[""edx_platform.hooks"", 2], [""edx_platform"", 1]]","{""deepseekcoder"": 3}"
erl_term,3,3,1,"[[""erl_term"", 3]]","{""deepseekcoder"": 3}"
flask_admin,7,3,3,"[[""flask_admin"", 3], [""flask_admin.contrib.sqla"", 3], [""flask_admin.actions"", 1]]","{""llama3.1"": 7}"
flask_cors,3,3,1,"[[""flask_cors"", 3]]","{""qwen3"": 2, ""llama3.1"": 1}"
flask_limiter,6,3,2,"[[""flask_limiter"", 3], [""flask_limiter.util"", 3]]","{""qwen3"": 6}"
h5py,3,3,1,"[[""h5py"", 3]]","{""deepseekcoder"": 3}"
hanspell,3,3,1,"[[""hanspell"", 3]]","{""deepseekcoder"": 3}"
hello_pb2,4,3,1,"[[""hello_pb2"", 4]]","{""deepseekcoder"": 4}"
hello_pb2_grpc,4,3,1,"[[""hello_pb2_grpc"", 4]]","{""deepseekcoder"": 4}"
ibm_cloud_networking_services,3,3,1,"[[""ibm_cloud_networking_services"", 3]]","{""deepseekcoder"": 3}"
ibm_secrets_manager_v1,3,3,1,"[[""ibm_secrets_manager_v1"", 3]]","{""qwen3"": 3}"
jsonschema,4,3,1,"[[""jsonschema"", 4]]","{""qwen3"": 3, ""llama3.1"": 1}"
kiota_auth_azure,15,3,3,"[[""kiota_auth_azure.azure_identity"", 11], [""kiota_auth_azure"", 3], [""kiota_auth_azure.identity"", 1]]","{""llama3.1"": 15}"
kiota_authentication_client,6,3,1,"[[""kiota_authentication_client"", 6]]","{""llama3.1"": 6}"
last,4,3,2,"[[""last.fm"", 3], [""last"", 1]]","{""llama3.1"": 4}"
latex2mathml,3,3,2,"[[""latex2mathml"", 2], [""latex2mathml.converter"", 1]]","{""llama3.1"": 3}"
librefm,3,3,1,"[[""librefm"", 3]]","{""llama3.1"": 3}"
librelastfm,3,3,1,"[[""librelastfm"", 3]]","{""llama3.1"": 3}"
message_pb2,4,3,1,"[[""message_pb2"", 4]]","{""deepseekcoder"": 4}"
message_pb2_grpc,4,3,1,"[[""message_pb2_grpc"", 4]]","{""deepseekcoder"": 4}"
os_client_config,7,3,1,"[[""os_client_config"", 7]]","{""deepseekcoder"": 7}"
osc_lib,6,3,4,"[[""osc_lib"", 3], [""osc_lib.i18n"", 1], [""osc_lib.client"", 1], [""osc_lib.api"", 1]]","{""deepseekcoder"": 6}"
pgfplots,3,3,1,"[[""pgfplots"", 3]]","{""deepseekcoder"": 3}"
plone,19,3,5,"[[""plone.app.layout.navigation.interfaces"", 8], [""plone.app.layout.globals.interfaces"", 4], [""plone.app.layout.viewlets"", 4], [""plone.browserlayer"", 2], [""plone.browserlayer.interfaces"", 1]]","{""llama3.1"": 19}"
pwa,3,3,1,"[[""pwa"", 3]]","{""deepseekcoder"": 3}"
py7zr,6,3,1,"[[""py7zr"", 6]]","{""llama3.1"": 6}"
pyhive,4,3,1,"[[""pyhive"", 4]]","{""llama3.1"": 4}"
pykospacing,3,3,1,"[[""pykospacing"", 3]]","{""deepseekcoder"": 3}"
pymdownx,3,3,2,"[[""pymdownx.superfences"", 2], [""pymdownx.mermaid"", 1]]","{""deepseekcoder"": 3}"
pynput,4,3,3,"[[""pynput"", 2], [""pynput.mouse"", 1], [""pynput.keyboard"", 1]]","{""deepseekcoder"": 4}"
pynvml,3,3,1,"[[""pynvml"", 3]]","{""deepseekcoder"": 3}"
pytesseract,182,3,1,"[[""pytesseract"", 182]]","{""deepseekcoder"": 1, ""qwen3"": 181}"
pytorch_speech_features,3,3,1,"[[""pytorch_speech_features"", 3]]","{""llama3.1"": 3}"
requests_oauthlib,3,3,1,"[[""requests_oauthlib"", 3]]","{""llama3.1"": 3}"
reSTGen,5,3,1,"[[""reSTGen"", 5]]","{""qwen3"": 5}"
robocorp_asset_storage,3,3,1,"[[""robocorp_asset_storage"", 3]]","{""deepseekcoder"": 3}"
salesforce_cli,3,3,2,"[[""salesforce_cli"", 2], [""salesforce_cli.salesforce"", 1]]","{""deepseekcoder"": 3}"
sanic,6,3,2,"[[""sanic"", 3], [""sanic.response"", 3]]","{""deepseekcoder"": 6}"
six,3,3,1,"[[""six"", 3]]","{""deepseekcoder"": 3}"
snarkpy,4,3,3,"[[""snarkpy"", 2], [""snarkpy.std"", 1], [""snarkpy.prover"", 1]]","{""deepseekcoder"": 4}"
socketio,3,3,1,"[[""socketio"", 3]]","{""llama3.1"": 3}"
sphinxcontrib,4,3,2,"[[""sphinxcontrib"", 3], [""sphinxcontrib.sphinxcontrib"", 1]]","{""qwen3"": 1, ""llama3.1"": 3}"
SQLListener,3,3,1,"[[""SQLListener"", 3]]","{""deepseekcoder"": 3}"
StringIO,3,3,1,"[[""StringIO"", 3]]","{""llama3.1"": 3}"
tencentcloud_common,3,3,1,"[[""tencentcloud_common"", 3]]","{""qwen3"": 3}"
torchtext,7,3,4,"[[""torchtext"", 3], [""torchtext.data"", 2], [""torchtext.datasets"", 1], [""torchtext.vocab"", 1]]","{""llama3.1"": 7}"
vigra,3,3,1,"[[""vigra"", 3]]","{""deepseekcoder"": 3}"
xblock,8,3,3,"[[""xblock.core"", 3], [""xblock.fields"", 3], [""xblock.fragment"", 2]]","{""deepseekcoder"": 8}"
xblockutils,5,3,4,"[[""xblockutils.resources"", 2], [""xblockutils.base_utils"", 1], [""xblockutils.studio_editable"", 1], [""xblockutils.base_dynamic_content"", 1]]","{""deepseekcoder"": 5}"
your_file_pb2,3,3,1,"[[""your_file_pb2"", 3]]","{""deepseekcoder"": 3}"
your_file_pb2_grpc,3,3,1,"[[""your_file_pb2_grpc"", 3]]","{""deepseekcoder"": 3}"
your_proto_file_pb2,3,3,1,"[[""your_proto_file_pb2"", 3]]","{""deepseekcoder"": 3}"
your_proto_file_pb2_grpc,3,3,1,"[[""your_proto_file_pb2_grpc"", 3]]","{""deepseekcoder"": 3}"
your_protobuf_pb2,3,3,1,"[[""your_protobuf_pb2"", 3]]","{""deepseekcoder"": 3}"
your_protobuf_pb2_grpc,3,3,1,"[[""your_protobuf_pb2_grpc"", 3]]","{""deepseekcoder"": 3}"
your_service_pb2,3,3,1,"[[""your_service_pb2"", 3]]","{""deepseekcoder"": 3}"
your_service_pb2_grpc,3,3,1,"[[""your_service_pb2_grpc"", 3]]","{""deepseekcoder"": 3}"
zk_snarks,5,3,3,"[[""zk_snarks"", 3], [""zk_snarks.stdlib"", 1], [""zk_snarks.utils"", 1]]","{""deepseekcoder"": 5}"
Accessibility,2,2,1,"[[""Accessibility"", 2]]","{""deepseekcoder"": 2}"
adobe_dcss,3,2,2,"[[""adobe_dcss"", 2], [""adobe_dcss.errors"", 1]]","{""llama3.1"": 3}"
alembic,3,2,1,"[[""alembic"", 3]]","{""llama3.1"": 3}"
alepy,2,2,1,"[[""alepy"", 2]]","{""qwen3"": 2}"
alibabacloud_dswrsv20200922,2,2,1,"[[""alibabacloud_dswrsv20200922.client"", 2]]","{""qwen3"": 2}"
alibabacloud_openapi_client,5,2,2,"[[""alibabacloud_openapi_client"", 4], [""alibabacloud_openapi_client.models"", 1]]","{""qwen3"": 5}"
aliyun_open_api,2,2,1,"[[""aliyun_open_api"", 2]]","{""qwen3"": 2}"
amazon,5,2,5,"[[""amazon.qldb.driver.qldb_driver"", 1], [""amazon.qldb.driver.qldb_session"", 1], [""amazon.qldb.driver.transactions.transaction_executor"", 1], [""amazon.qldb.driver.transactions.transaction_executor_factory"", 1], [""amazon.qldb.driver"", 1]]","{""deepseekcoder"": 5}"
assemblyline4_service,3,2,2,"[[""assemblyline4_service.common.base"", 2], [""assemblyline4_service.base"", 1]]","{""llama3.1"": 3}"
astunparse,2,2,1,"[[""astunparse"", 2]]","{""deepseekcoder"": 2}"
businesschat,2,2,1,"[[""businesschat"", 2]]","{""deepseekcoder"": 2}"
camSdk,2,2,1,"[[""camSdk"", 2]]","{""llama3.1"": 2}"
canop,2,2,1,"[[""canop"", 2]]","{""qwen3"": 2}"
canopen,2,2,1,"[[""canopen"", 2]]","{""qwen3"": 2}"
canopy,3,2,2,"[[""canopy"", 2], [""canopy.canopen"", 1]]","{""qwen3"": 3}"
cdktf_cdktf_provider_archive,2,2,1,"[[""cdktf_cdktf_provider_archive"", 2]]","{""llama3.1"": 2}"
cdktf_cdktf_provider_google,2,2,1,"[[""cdktf_cdktf_provider_google"", 2]]","{""llama3.1"": 2}"
cdktf_google,2,2,1,"[[""cdktf_google"", 2]]","{""llama3.1"": 2}"
chalkclient,4,2,3,"[[""chalkclient"", 2], [""chalkclient.models"", 1], [""chalkclient.exceptions"", 1]]","{""llama3.1"": 4}"
confluentcloud,2,2,1,"[[""confluentcloud"", 2]]","{""qwen3"": 2}"
conftest,5,2,1,"[[""conftest"", 5]]","{""llama3.1"": 5}"
CoreGraphics,31,2,1,"[[""CoreGraphics"", 31]]","{""deepseekcoder"": 1, ""llama3.1"": 30}"
CoreServices,2,2,1,"[[""CoreServices"", 2]]","{""llama3.1"": 2}"
coverage,2,2,1,"[[""coverage"", 2]]","{""deepseekcoder"": 2}"
Crypto,4,2,3,"[[""Crypto.Cipher"", 2], [""Crypto"", 1], [""Crypto.Util.Padding"", 1]]","{""deepseekcoder"": 1, ""qwen3"": 3}"
depth_anything,2,2,2,"[[""depth_anything.dpt"", 1], [""depth_anything.vision"", 1]]","{""qwen3"": 2}"
depth_model,2,2,1,"[[""depth_model"", 2]]","{""qwen3"": 2}"
depthanything,2,2,1,"[[""depthanything"", 2]]","{""qwen3"": 2}"
dialogflow_cx,2,2,1,"[[""dialogflow_cx"", 2]]","{""llama3.1"": 2}"
dialogflowcx,2,2,1,"[[""dialogflowcx"", 2]]","{""llama3.1"": 2}"
docutils,3,2,2,"[[""docutils.parsers.rst"", 2], [""docutils"", 1]]","{""llama3.1"": 3}"
doxygen,2,2,1,"[[""doxygen"", 2]]","{""qwen3"": 2}"
dremio_api,2,2,1,"[[""dremio_api"", 2]]","{""qwen3"": 2}"
edx_event_bus,2,2,2,"[[""edx_event_bus.management.commands.event_bus_cli"", 1], [""edx_event_bus.events"", 1]]","{""deepseekcoder"": 2}"
edx_events,6,2,5,"[[""edx_events.mixins"", 2], [""edx_events.state"", 1], [""edx_events.event"", 1], [""edx_events.producer"", 1], [""edx_events.hooks"", 1]]","{""deepseekcoder"": 6}"
erl_parse,2,2,1,"[[""erl_parse"", 2]]","{""deepseekcoder"": 2}"
erl_term_format,2,2,1,"[[""erl_term_format"", 2]]","{""deepseekcoder"": 2}"
erlport,2,2,1,"[[""erlport"", 2]]","{""deepseekcoder"": 2}"
eth_utils,2,2,1,"[[""eth_utils"", 2]]","{""deepseekcoder"": 2}"
fireblocks,5,2,3,"[[""fireblocks"", 2], [""fireblocks.models"", 2], [""fireblocks.networks"", 1]]","{""llama3.1"": 5}"
flask_restx,2,2,1,"[[""flask_restx"", 2]]","{""qwen3"": 2}"
fmi2,2,2,1,"[[""fmi2"", 2]]","{""llama3.1"": 2}"
fpdf,2,2,1,"[[""fpdf"", 2]]","{""llama3.1"": 2}"
future_builtins,2,2,1,"[[""future_builtins"", 2]]","{""llama3.1"": 2}"
geospark,5,2,4,"[[""geospark.sql"", 2], [""geospark"", 1], [""geospark.sql.functions"", 1], [""geospark.geotools"", 1]]","{""deepseekcoder"": 5}"
gradio,2,2,1,"[[""gradio"", 2]]","{""deepseekcoder"": 1, ""llama3.1"": 1}"
grok,2,2,1,"[[""grok"", 2]]","{""llama3.1"": 2}"
grokcore,6,2,4,"[[""grokcore.component"", 2], [""grokcore.view"", 2], [""grokcore"", 1], [""grokcore.layout"", 1]]","{""llama3.1"": 6}"
grpc_tools,2,2,1,"[[""grpc_tools"", 2]]","{""deepseekcoder"": 2}"
hamcrest,9,2,5,"[[""hamcrest"", 2], [""hamcrest.library.collection"", 2], [""hamcrest.library.string"", 2], [""hamcrest.library.type_checking"", 2], [""hamcrest.library.matchers"", 1]]","{""llama3.1"": 9}"
hangul_jamo_util,2,2,1,"[[""hangul_jamo_util"", 2]]","{""deepseekcoder"": 2}"
hangul_syllable_count,2,2,1,"[[""hangul_syllable_count"", 2]]","{""deepseekcoder"": 2}"
hangul_syllable_splitter,2,2,1,"[[""hangul_syllable_splitter"", 2]]","{""deepseekcoder"": 2}"
HTMLParser,3,2,1,"[[""HTMLParser"", 3]]","{""llama3.1"": 3}"
ibm_cloud,2,2,1,"[[""ibm_cloud.secrets_manager"", 2]]","{""qwen3"": 2}"
ibm_cloud_secrets_manager_sdk,2,2,1,"[[""ibm_cloud_secrets_manager_sdk"", 2]]","{""qwen3"": 2}"
ibm_resource_instances,2,2,2,"[[""ibm_resource_instances.resource_instances_v2"", 1], [""ibm_resource_instances"", 1]]","{""deepseekcoder"": 2}"
ibm_security_advisor,2,2,1,"[[""ibm_security_advisor"", 2]]","{""deepseekcoder"": 2}"
itsdangerous,2,2,1,"[[""itsdangerous"", 2]]","{""qwen3"": 2}"
jpype,3,2,2,"[[""jpype"", 2], [""jpype.imports"", 1]]","{""deepseekcoder"": 3}"
jupyter_latex_envs,3,2,1,"[[""jupyter_latex_envs"", 3]]","{""llama3.1"": 3}"
jupyterlab,2,2,1,"[[""jupyterlab"", 2]]","{""qwen3"": 2}"
kiota_auth_client,3,2,2,"[[""kiota_auth_client"", 2], [""kiota_auth_client.providers"", 1]]","{""llama3.1"": 3}"
kiota_authentication_kerberos,2,2,1,"[[""kiota_authentication_kerberos.kerberos_authentication_provider"", 2]]","{""llama3.1"": 2}"
konlpy,2,2,1,"[[""konlpy.tag"", 2]]","{""deepseekcoder"": 2}"
korean_jamo_reader,2,2,1,"[[""korean_jamo_reader"", 2]]","{""deepseekcoder"": 2}"
korean_syllable_jamos,2,2,1,"[[""korean_syllable_jamos"", 2]]","{""deepseekcoder"": 2}"
label_studio,9,2,7,"[[""label_studio"", 3], [""label_studio.services"", 1], [""label_studio.services.tasks"", 1], [""label_studio.utils.misc"", 1], [""label_studio.view"", 1], [""label_studio.server"", 1], [""label_studio.widget"", 1]]","{""deepseekcoder"": 9}"
latex_to_mathml,2,2,1,"[[""latex_to_mathml"", 2]]","{""llama3.1"": 2}"
libre_lastscrobbler,2,2,1,"[[""libre_lastscrobbler"", 2]]","{""llama3.1"": 2}"
libsnark,2,2,1,"[[""libsnark"", 2]]","{""deepseekcoder"": 2}"
loki_logger,3,2,2,"[[""loki_logger"", 2], [""loki_logger.formatters"", 1]]","{""llama3.1"": 3}"
maybird,2,2,1,"[[""maybird"", 2]]","{""llama3.1"": 2}"
meross,103,2,16,"[[""meross"", 14], [""meross.utils.device"", 9], [""meross.utils.utils.device"", 9], [""meross.utils.utils.utils.device"", 9], [""meross.utils.utils.utils.utils.device"", 9], [""meross.httpclient"", 6], [""meross.utils.httpclient"", 6], [""meross.utils.utils.httpclient"", 6], [""meross.utils.utils.utils.httpclient"", 6], [""meross.utils.utils.utils.utils.httpclient"", 6], [""meross.device"", 4], [""meross.utils.utils"", 4], [""meross.utils.utils.utils"", 4], [""meross.utils.utils.utils.utils"", 4], [""meross.utils.utils.utils.utils.utils"", 4]]","{""qwen3"": 103}"
message,2,2,1,"[[""message"", 2]]","{""deepseekcoder"": 2}"
mido,2,2,1,"[[""mido"", 2]]","{""llama3.1"": 2}"
my_service_pb2,2,2,1,"[[""my_service_pb2"", 2]]","{""deepseekcoder"": 2}"
my_service_pb2_grpc,2,2,1,"[[""my_service_pb2_grpc"", 2]]","{""deepseekcoder"": 2}"
oauthlib,2,2,1,"[[""oauthlib.oauth2"", 2]]","{""llama3.1"": 2}"
objc_util,2,2,1,"[[""objc_util"", 2]]","{""deepseekcoder"": 2}"
optical_flow_model,2,2,1,"[[""optical_flow_model"", 2]]","{""qwen3"": 2}"
ott,6,2,4,"[[""ott.geometry"", 2], [""ott.tools"", 2], [""ott.problems"", 1], [""ott.solvers"", 1]]","{""qwen3"": 6}"
pandas_datareader,2,2,1,"[[""pandas_datareader"", 2]]","{""qwen3"": 2}"
pcc,10,2,8,"[[""pcc"", 2], [""pcc.visualization"", 2], [""pcc.models"", 1], [""pcc.simulation"", 1], [""pcc.earth"", 1], [""pcc.mars"", 1], [""pcc.jupiter"", 1], [""pcc.solar_system"", 1]]","{""qwen3"": 10}"
pccommon,7,2,1,"[[""pccommon"", 7]]","{""qwen3"": 7}"
pccore,2,2,1,"[[""pccore"", 2]]","{""qwen3"": 2}"
pdfkit,3,2,1,"[[""pdfkit"", 3]]","{""llama3.1"": 3}"
piexif,2,2,1,"[[""piexif"", 2]]","{""deepseekcoder"": 2}"
prometheus_fastapi,6,2,4,"[[""prometheus_fastapi"", 2], [""prometheus_fastapi.metrics"", 2], [""prometheus_fastapi.core"", 1], [""prometheus_fastapi.utils"", 1]]","{""qwen3"": 6}"
prometheus_fastapi_instrumentator,2,2,1,"[[""prometheus_fastapi_instrumentator"", 2]]","{""deepseekcoder"": 2}"
pyarrow,4,2,3,"[[""pyarrow"", 2], [""pyarrow.parquet"", 1], [""pyarrow.dataset"", 1]]","{""qwen3"": 2, ""llama3.1"": 2}"
pyav,2,2,1,"[[""pyav"", 2]]","{""deepseekcoder"": 2}"
pyavc,2,2,1,"[[""pyavc"", 2]]","{""llama3.1"": 2}"
PyCapture2,5,2,1,"[[""PyCapture2"", 5]]","{""llama3.1"": 5}"
pycocotools,3,2,3,"[[""pycocotools.mask"", 1], [""pycocotools"", 1], [""pycocotools.coco"", 1]]","{""qwen3"": 3}"
pyCybox,3,2,1,"[[""pyCybox"", 3]]","{""llama3.1"": 3}"
pyCyBox,2,2,1,"[[""pyCyBox"", 2]]","{""llama3.1"": 2}"
pydeck,2,2,1,"[[""pydeck"", 2]]","{""qwen3"": 1, ""llama3.1"": 1}"
pyfirmata,2,2,1,"[[""pyfirmata"", 2]]","{""llama3.1"": 2}"
pyflow,2,2,1,"[[""pyflow"", 2]]","{""qwen3"": 2}"
pyfmi,2,2,1,"[[""pyfmi"", 2]]","{""llama3.1"": 2}"
pyfs,3,2,1,"[[""pyfs"", 3]]","{""qwen3"": 3}"
pyjalali,2,2,1,"[[""pyjalali"", 2]]","{""llama3.1"": 2}"
pyMaEC,2,2,1,"[[""pyMaEC"", 2]]","{""llama3.1"": 2}"
pyo3,4,2,2,"[[""pyo3"", 3], [""pyo3.ffi"", 1]]","{""deepseekcoder"": 4}"
PyObjCTools,2,2,1,"[[""PyObjCTools"", 2]]","{""deepseekcoder"": 2}"
pyramids,2,2,1,"[[""pyramids"", 2]]","{""qwen3"": 2}"
pyshacl,2,2,1,"[[""pyshacl"", 2]]","{""qwen3"": 2}"
PySide6,3,2,1,"[[""PySide6.QtCore"", 3]]","{""llama3.1"": 3}"
pytest_mark_filter,2,2,1,"[[""pytest_mark_filter"", 2]]","{""qwen3"": 2}"
pytile,2,2,1,"[[""pytile"", 2]]","{""qwen3"": 2}"
pytiles,2,2,1,"[[""pytiles"", 2]]","{""qwen3"": 2}"
pytils,2,2,1,"[[""pytils"", 2]]","{""qwen3"": 2}"
pytube,2,2,1,"[[""pytube"", 2]]","{""llama3.1"": 2}"
pyvcf,2,2,1,"[[""pyvcf"", 2]]","{""qwen3"": 2}"
PyYAML,2,2,1,"[[""PyYAML"", 2]]","{""deepseekcoder"": 2}"
pyzoom,2,2,1,"[[""pyzoom"", 2]]","{""qwen3"": 2}"
qtasyncadaptor,3,2,1,"[[""qtasyncadaptor"", 3]]","{""llama3.1"": 3}"
rest_framework_jwt,3,2,3,"[[""rest_framework_jwt.authentication"", 1], [""rest_framework_jwt.settings"", 1], [""rest_framework_jwt.views"", 1]]","{""llama3.1"": 3}"
restgen,2,2,1,"[[""restgen"", 2]]","{""qwen3"": 2}"
rigetti_circuits,2,2,1,"[[""rigetti_circuits"", 2]]","{""llama3.1"": 2}"
rigetti_qcs,2,2,1,"[[""rigetti_qcs"", 2]]","{""llama3.1"": 2}"
robocorp_code_asset_storage,2,2,1,"[[""robocorp_code_asset_storage"", 2]]","{""deepseekcoder"": 2}"
rosidl_runtime_py,3,2,3,"[[""rosidl_runtime_py"", 1], [""rosidl_runtime_py.message_type_support_struct"", 1], [""rosidl_runtime_py.utilities"", 1]]","{""deepseekcoder"": 3}"
rtplib,2,2,1,"[[""rtplib"", 2]]","{""deepseekcoder"": 2}"
scaleclient,3,2,1,"[[""scaleclient"", 3]]","{""llama3.1"": 3}"
scikit,157,2,1,"[[""scikit"", 157]]","{""qwen3"": 157}"
sdk,2,2,1,"[[""sdk.business_chat"", 2]]","{""deepseekcoder"": 2}"
sepa,2,2,1,"[[""sepa"", 2]]","{""qwen3"": 2}"
setup,2,2,1,"[[""setup"", 2]]","{""deepseekcoder"": 1, ""qwen3"": 1}"
sippy,11,2,10,"[[""sippy.ua"", 2], [""sippy"", 1], [""sippy.message"", 1], [""sippy.address"", 1], [""sippy.aor"", 1], [""sippy.dialog"", 1], [""sippy.transaction"", 1], [""sippy.sdp"", 1], [""sippy.log"", 1], [""sippy.codec"", 1]]","{""deepseekcoder"": 11}"
sipy,2,2,2,"[[""sipy"", 1], [""sipy.sip"", 1]]","{""deepseekcoder"": 2}"
skcuda,2,2,2,"[[""skcuda"", 1], [""skcuda.fft"", 1]]","{""deepseekcoder"": 2}"
sms,2,2,1,"[[""sms"", 2]]","{""deepseekcoder"": 2}"
sndfile,2,2,1,"[[""sndfile"", 2]]","{""llama3.1"": 2}"
spacy,5,2,3,"[[""spacy"", 3], [""spacy.cli"", 1], [""spacy.lang"", 1]]","{""llama3.1"": 5}"
sphinx_rtd_theme,2,2,1,"[[""sphinx_rtd_theme"", 2]]","{""qwen3"": 1, ""llama3.1"": 1}"
spotipy,4,2,2,"[[""spotipy"", 2], [""spotipy.oauth2"", 2]]","{""deepseekcoder"": 4}"
sqlLexer,2,2,1,"[[""sqlLexer"", 2]]","{""deepseekcoder"": 2}"
sqlparse,2,2,1,"[[""sqlparse"", 2]]","{""deepseekcoder"": 1, ""qwen3"": 1}"
sqlParser,2,2,1,"[[""sqlParser"", 2]]","{""deepseekcoder"": 2}"
SQLParserListener,2,2,1,"[[""SQLParserListener"", 2]]","{""deepseekcoder"": 2}"
syllable,2,2,1,"[[""syllable"", 2]]","{""deepseekcoder"": 2}"
tcblib,2,2,1,"[[""tcblib"", 2]]","{""deepseekcoder"": 2}"
tenable,6,2,4,"[[""tenable.io"", 2], [""tenable"", 2], [""tenable.sc"", 1], [""tenable.nessus"", 1]]","{""qwen3"": 6}"
tensorflow_addons,2,2,2,"[[""tensorflow_addons.layers"", 1], [""tensorflow_addons"", 1]]","{""deepseekcoder"": 2}"
terraform_validate,2,2,1,"[[""terraform_validate"", 2]]","{""deepseekcoder"": 2}"
twilio,2,2,1,"[[""twilio.rest"", 2]]","{""deepseekcoder"": 2}"
urlparse,2,2,1,"[[""urlparse"", 2]]","{""deepseekcoder"": 1, ""llama3.1"": 1}"
webapp2,2,2,1,"[[""webapp2"", 2]]","{""deepseekcoder"": 2}"
win32con,2,2,1,"[[""win32con"", 2]]","{""deepseekcoder"": 2}"
win32dump,2,2,1,"[[""win32dump"", 2]]","{""deepseekcoder"": 2}"
your_pb2,2,2,1,"[[""your_pb2"", 2]]","{""deepseekcoder"": 2}"
your_pb2_grpc,2,2,1,"[[""your_pb2_grpc"", 2]]","{""deepseekcoder"": 2}"
your_protobuf_file_pb2,2,2,1,"[[""your_protobuf_file_pb2"", 2]]","{""deepseekcoder"": 2}"
your_protobuf_file_pb2_grpc,2,2,1,"[[""your_protobuf_file_pb2_grpc"", 2]]","{""deepseekcoder"": 2}"
zc,3,2,2,"[[""zc.browser"", 2], [""zc"", 1]]","{""llama3.1"": 3}"
zkpy,3,2,2,"[[""zkpy"", 2], [""zkpy.types"", 1]]","{""deepseekcoder"": 3}"
_pytest_terminal,1,1,1,"[[""_pytest_terminal"", 1]]","{""llama3.1"": 1}"
AccessControl,1,1,1,"[[""AccessControl"", 1]]","{""llama3.1"": 1}"
Acquisition,1,1,1,"[[""Acquisition"", 1]]","{""llama3.1"": 1}"
add_pb2,2,1,1,"[[""add_pb2"", 2]]","{""deepseekcoder"": 2}"
add_pb2_grpc,2,1,1,"[[""add_pb2_grpc"", 2]]","{""deepseekcoder"": 2}"
adobe_dav_api,3,1,1,"[[""adobe_dav_api"", 3]]","{""llama3.1"": 3}"
adobe_dav_api_client,3,1,3,"[[""adobe_dav_api_client"", 1], [""adobe_dav_api_client.models"", 1], [""adobe_dav_api_client.rest"", 1]]","{""llama3.1"": 3}"
adobe_dsc_sdk_python,1,1,1,"[[""adobe_dsc_sdk_python"", 1]]","{""llama3.1"": 1}"
adobe_dsd,2,1,2,"[[""adobe_dsd.client"", 1], [""adobe_dsd.models"", 1]]","{""llama3.1"": 2}"
adobe_dsm,1,1,1,"[[""adobe_dsm"", 1]]","{""llama3.1"": 1}"
adobe_dva,3,1,3,"[[""adobe_dva"", 1], [""adobe_dva.exceptions"", 1], [""adobe_dva.models"", 1]]","{""llama3.1"": 3}"
adobe_pdf_sdk,1,1,1,"[[""adobe_pdf_sdk"", 1]]","{""llama3.1"": 1}"
adobe_pdfservices_exceptions,1,1,1,"[[""adobe_pdfservices_exceptions"", 1]]","{""llama3.1"": 1}"
ag_grid,1,1,1,"[[""ag_grid"", 1]]","{""qwen3"": 1}"
aioice,1,1,1,"[[""aioice"", 1]]","{""deepseekcoder"": 1}"
aiomcache,1,1,1,"[[""aiomcache"", 1]]","{""qwen3"": 1}"
aiomemcached,1,1,1,"[[""aiomemcached"", 1]]","{""qwen3"": 1}"
al4py,1,1,1,"[[""al4py"", 1]]","{""llama3.1"": 1}"
alibabacloud_alb20200616,2,1,2,"[[""alibabacloud_alb20200616.client"", 1], [""alibabacloud_alb20200616"", 1]]","{""qwen3"": 2}"
alibabacloud_alikafka20190916,2,1,2,"[[""alibabacloud_alikafka20190916.client"", 1], [""alibabacloud_alikafka20190916"", 1]]","{""qwen3"": 2}"
alibabacloud_dfs_20150101,1,1,1,"[[""alibabacloud_dfs_20150101.client"", 1]]","{""qwen3"": 1}"
alibabacloud_dfs_20180806,1,1,1,"[[""alibabacloud_dfs_20180806.client"", 1]]","{""qwen3"": 1}"
alibabacloud_dfs_20190115,2,1,2,"[[""alibabacloud_dfs_20190115.client"", 1], [""alibabacloud_dfs_20190115"", 1]]","{""qwen3"": 2}"
alibabacloud_dingtalk_openapi20200213,2,1,2,"[[""alibabacloud_dingtalk_openapi20200213.client"", 1], [""alibabacloud_dingtalk_openapi20200213"", 1]]","{""qwen3"": 2}"
alibabacloud_dms_dg20180101,2,1,2,"[[""alibabacloud_dms_dg20180101.client"", 1], [""alibabacloud_dms_dg20180101"", 1]]","{""qwen3"": 2}"
alibabacloud_dswrds20200101,1,1,1,"[[""alibabacloud_dswrds20200101.client"", 1]]","{""qwen3"": 1}"
alibabacloud_dswrds20200219,1,1,1,"[[""alibabacloud_dswrds20200219.client"", 1]]","{""qwen3"": 1}"
alibabacloud_dswrds20200608,1,1,1,"[[""alibabacloud_dswrds20200608.client"", 1]]","{""qwen3"": 1}"
alibabacloud_dysmsapi20170525,1,1,1,"[[""alibabacloud_dysmsapi20170525.client"", 1]]","{""qwen3"": 1}"
alibabacloud_openapi_models,4,1,1,"[[""alibabacloud_openapi_models"", 4]]","{""qwen3"": 4}"
alibabacloud_openapi_request,1,1,1,"[[""alibabacloud_openapi_request"", 1]]","{""qwen3"": 1}"
alibabacloud_oss2,2,1,1,"[[""alibabacloud_oss2"", 2]]","{""qwen3"": 2}"
alibabacloud_oss20190517,3,1,2,"[[""alibabacloud_oss20190517"", 2], [""alibabacloud_oss20190517.client"", 1]]","{""qwen3"": 3}"
aliyun,4,1,1,"[[""aliyun.tea_openapi"", 4]]","{""qwen3"": 4}"
aliyun_tea_openapi,1,1,1,"[[""aliyun_tea_openapi"", 1]]","{""qwen3"": 1}"
aliyunsdkslb,2,1,1,"[[""aliyunsdkslb.request.v20140515"", 2]]","{""qwen3"": 2}"
allennlp,1,1,1,"[[""allennlp.predictors.predictor"", 1]]","{""llama3.1"": 1}"
antr4,1,1,1,"[[""antr4.error.Errors"", 1]]","{""deepseekcoder"": 1}"
apex,1,1,1,"[[""apex.parallel"", 1]]","{""llama3.1"": 1}"
AppleScriptObjC,1,1,1,"[[""AppleScriptObjC"", 1]]","{""deepseekcoder"": 1}"
arbor,1,1,1,"[[""arbor"", 1]]","{""qwen3"": 1}"
arcj,1,1,1,"[[""arcj"", 1]]","{""llama3.1"": 1}"
asgi,1,1,1,"[[""asgi"", 1]]","{""qwen3"": 1}"
assemblyline4,3,1,3,"[[""assemblyline4.core"", 1], [""assemblyline4.core.server.config"", 1], [""assemblyline4.core.server.manager"", 1]]","{""llama3.1"": 3}"
assemblyline_models,1,1,1,"[[""assemblyline_models"", 1]]","{""llama3.1"": 1}"
assemblyline_service,1,1,1,"[[""assemblyline_service"", 1]]","{""llama3.1"": 1}"
assertpy,1,1,1,"[[""assertpy"", 1]]","{""deepseekcoder"": 1}"
asset_storage,1,1,1,"[[""asset_storage"", 1]]","{""deepseekcoder"": 1}"
asterisk,1,1,1,"[[""asterisk.manager"", 1]]","{""deepseekcoder"": 1}"
astropy,3,1,3,"[[""astropy.time"", 1], [""astropy.coordinates"", 1], [""astropy.units"", 1]]","{""qwen3"": 3}"
ate,4,1,3,"[[""ate"", 2], [""ate.api"", 1], [""ate.configuration"", 1]]","{""deepseekcoder"": 4}"
ateapi,2,1,1,"[[""ateapi"", 2]]","{""deepseekcoder"": 2}"
ateasy,1,1,1,"[[""ateasy"", 1]]","{""deepseekcoder"": 1}"
ats_easy_api_module,1,1,1,"[[""ats_easy_api_module"", 1]]","{""deepseekcoder"": 1}"
atseasy,1,1,1,"[[""atseasy.api"", 1]]","{""deepseekcoder"": 1}"
av,1,1,1,"[[""av"", 1]]","{""deepseekcoder"": 1}"
AVFoundation,1,1,1,"[[""AVFoundation"", 1]]","{""deepseekcoder"": 1}"
awkward1,1,1,1,"[[""awkward1"", 1]]","{""deepseekcoder"": 1}"
aws,1,1,1,"[[""aws"", 1]]","{""llama3.1"": 1}"
aws_cd2,1,1,1,"[[""aws_cd2"", 1]]","{""deepseekcoder"": 1}"
azure_monitor_exporter,1,1,1,"[[""azure_monitor_exporter"", 1]]","{""qwen3"": 1}"
azuread,1,1,1,"[[""azuread"", 1]]","{""qwen3"": 1}"
azureml,12,1,12,"[[""azureml"", 1], [""azureml.auth"", 1], [""azureml.core"", 1], [""azureml.data"", 1], [""azureml.endpoints"", 1], [""azureml.exceptions"", 1], [""azureml.grpc"", 1], [""azureml.models"", 1], [""azureml.python"", 1], [""azureml.serve"", 1], [""azureml.tasks"", 1], [""azureml.workflow"", 1]]","{""qwen3"": 12}"
bddrest,2,1,2,"[[""bddrest"", 1], [""bddrest.authorizers"", 1]]","{""llama3.1"": 2}"
beautifulsoup4,1,1,1,"[[""beautifulsoup4"", 1]]","{""qwen3"": 1}"
beginner_tutorials,1,1,1,"[[""beginner_tutorials.msg"", 1]]","{""deepseekcoder"": 1}"
bootstrap5,1,1,1,"[[""bootstrap5"", 1]]","{""llama3.1"": 1}"
browser_components,2,1,1,"[[""browser_components"", 2]]","{""llama3.1"": 2}"
buildkite_api_v2,1,1,1,"[[""buildkite_api_v2"", 1]]","{""deepseekcoder"": 1}"
businesschat_sdk,1,1,1,"[[""businesschat_sdk"", 1]]","{""deepseekcoder"": 1}"
bybit_api,1,1,1,"[[""bybit_api"", 1]]","{""llama3.1"": 1}"
cache_machine,1,1,1,"[[""cache_machine"", 1]]","{""deepseekcoder"": 1}"
cairosvg,1,1,1,"[[""cairosvg"", 1]]","{""deepseekcoder"": 1}"
call,1,1,1,"[[""call"", 1]]","{""deepseekcoder"": 1}"
camera,1,1,1,"[[""camera"", 1]]","{""llama3.1"": 1}"
Camsdk,1,1,1,"[[""Camsdk"", 1]]","{""llama3.1"": 1}"
camSDK,1,1,1,"[[""camSDK"", 1]]","{""llama3.1"": 1}"
cdk,1,1,1,"[[""cdk"", 1]]","{""llama3.1"": 1}"
cdklib,4,1,4,"[[""cdklib"", 1], [""cdklib.core"", 1], [""cdklib.lib"", 1], [""cdklib.types"", 1]]","{""qwen3"": 4}"
cdktf_cdktf_provider,1,1,1,"[[""cdktf_cdktf_provider"", 1]]","{""llama3.1"": 1}"
cdktf_cdktf_provider_external,2,1,1,"[[""cdktf_cdktf_provider_external"", 2]]","{""llama3.1"": 2}"
cdxi,1,1,1,"[[""cdxi"", 1]]","{""llama3.1"": 1}"
certbot_dns_pdns,2,1,2,"[[""certbot_dns_pdns"", 1], [""certbot_dns_pdns.configurator"", 1]]","{""llama3.1"": 2}"
certbot_dns_plugins,1,1,1,"[[""certbot_dns_plugins"", 1]]","{""llama3.1"": 1}"
charm,1,1,1,"[[""charm.toolbox.pairing"", 1]]","{""deepseekcoder"": 1}"
Chat,1,1,1,"[[""Chat"", 1]]","{""deepseekcoder"": 1}"
chat_sdk,1,1,1,"[[""chat_sdk"", 1]]","{""deepseekcoder"": 1}"
citext,1,1,1,"[[""citext"", 1]]","{""deepseekcoder"": 1}"
cloudinary,3,1,2,"[[""cloudinary"", 2], [""cloudinary.api"", 1]]","{""llama3.1"": 3}"
cloudinit,1,1,1,"[[""cloudinit"", 1]]","{""llama3.1"": 1}"
cloudmersive_apache_poi_api_client,1,1,1,"[[""cloudmersive_apache_poi_api_client.rest"", 1]]","{""llama3.1"": 1}"
cloudmersive_purecloud_api_client,2,1,2,"[[""cloudmersive_purecloud_api_client.rest"", 1], [""cloudmersive_purecloud_api_client"", 1]]","{""llama3.1"": 2}"
collectd_python,1,1,1,"[[""collectd_python"", 1]]","{""deepseekcoder"": 1}"
common,1,1,1,"[[""common.djangoapps.student.models"", 1]]","{""deepseekcoder"": 1}"
comtypes,2,1,1,"[[""comtypes"", 2]]","{""llama3.1"": 2}"
configcat_sdk,1,1,1,"[[""configcat_sdk"", 1]]","{""llama3.1"": 1}"
ConfigParser,1,1,1,"[[""ConfigParser"", 1]]","{""deepseekcoder"": 1}"
confluent_cloud_api,1,1,1,"[[""confluent_cloud_api"", 1]]","{""qwen3"": 1}"
Conversation,1,1,1,"[[""Conversation"", 1]]","{""deepseekcoder"": 1}"
cookie_session,1,1,1,"[[""cookie_session"", 1]]","{""qwen3"": 1}"
cPickle,1,1,1,"[[""cPickle"", 1]]","{""llama3.1"": 1}"
cuda_memory_profiler,1,1,1,"[[""cuda_memory_profiler"", 1]]","{""deepseekcoder"": 1}"
cudalib,1,1,1,"[[""cudalib"", 1]]","{""deepseekcoder"": 1}"
cudaprofiler,1,1,1,"[[""cudaprofiler"", 1]]","{""deepseekcoder"": 1}"
cudart,1,1,1,"[[""cudart"", 1]]","{""deepseekcoder"": 1}"
cudatech,2,1,1,"[[""cudatech"", 2]]","{""deepseekcoder"": 2}"
cudf_cudf,1,1,1,"[[""cudf_cudf"", 1]]","{""deepseekcoder"": 1}"
cudf_cuml,2,1,1,"[[""cudf_cuml"", 2]]","{""deepseekcoder"": 2}"
cudf_io,2,1,1,"[[""cudf_io"", 2]]","{""deepseekcoder"": 2}"
cudf_kalman,2,1,1,"[[""cudf_kalman"", 2]]","{""deepseekcoder"": 2}"
cudf_kernels,1,1,1,"[[""cudf_kernels"", 1]]","{""deepseekcoder"": 1}"
cudf_ml,2,1,1,"[[""cudf_ml"", 2]]","{""deepseekcoder"": 2}"
cudf_readers,2,1,1,"[[""cudf_readers"", 2]]","{""deepseekcoder"": 2}"
cudf_tests,2,1,1,"[[""cudf_tests"", 2]]","{""deepseekcoder"": 2}"
cudf_utils,2,1,1,"[[""cudf_utils"", 2]]","{""deepseekcoder"": 2}"
cudf_warpcore,2,1,1,"[[""cudf_warpcore"", 2]]","{""deepseekcoder"": 2}"
cupyx,1,1,1,"[[""cupyx.profiler"", 1]]","{""deepseekcoder"": 1}"
curand,1,1,1,"[[""curand"", 1]]","{""deepseekcoder"": 1}"
cusignal,1,1,1,"[[""cusignal"", 1]]","{""deepseekcoder"": 1}"
cuspatial,1,1,1,"[[""cuspatial"", 1]]","{""deepseekcoder"": 1}"
custom_msgs,1,1,1,"[[""custom_msgs.msg"", 1]]","{""deepseekcoder"": 1}"
cyber,1,1,1,"[[""cyber"", 1]]","{""llama3.1"": 1}"
cyber_py,1,1,1,"[[""cyber_py"", 1]]","{""llama3.1"": 1}"
cyberpy,1,1,1,"[[""cyberpy"", 1]]","{""llama3.1"": 1}"
CyBox,17,1,3,"[[""CyBox.Objects"", 12], [""CyBox.Core"", 4], [""CyBox"", 1]]","{""llama3.1"": 17}"
Cython,1,1,1,"[[""Cython.Build"", 1]]","{""qwen3"": 1}"
cython,1,1,1,"[[""cython"", 1]]","{""qwen3"": 1}"
dagster,1,1,1,"[[""dagster"", 1]]","{""qwen3"": 1}"
dash_auth,1,1,1,"[[""dash_auth"", 1]]","{""llama3.1"": 1}"
dash_cytoscape,21,1,1,"[[""dash_cytoscape"", 21]]","{""qwen3"": 21}"
dash_daq,21,1,1,"[[""dash_daq"", 21]]","{""qwen3"": 21}"
dash_gantt,21,1,1,"[[""dash_gantt"", 21]]","{""qwen3"": 21}"
dash_leaflet,21,1,1,"[[""dash_leaflet"", 21]]","{""qwen3"": 21}"
dash_mantine,1,1,1,"[[""dash_mantine"", 1]]","{""qwen3"": 1}"
dash_table,21,1,1,"[[""dash_table"", 21]]","{""qwen3"": 21}"
datadotworld,1,1,1,"[[""datadotworld"", 1]]","{""qwen3"": 1}"
dataset,1,1,1,"[[""dataset"", 1]]","{""llama3.1"": 1}"
deepzoom,1,1,1,"[[""deepzoom"", 1]]","{""qwen3"": 1}"
django_app,2,1,2,"[[""django_app.conf"", 1], [""django_app.management"", 1]]","{""llama3.1"": 2}"
django_cache_machine,1,1,1,"[[""django_cache_machine"", 1]]","{""deepseekcoder"": 1}"
django_cache_memoize,1,1,1,"[[""django_cache_memoize"", 1]]","{""deepseekcoder"": 1}"
django_extensions,1,1,1,"[[""django_extensions"", 1]]","{""llama3.1"": 1}"
django_restframework,1,1,1,"[[""django_restframework"", 1]]","{""qwen3"": 1}"
djangoleaflet,1,1,1,"[[""djangoleaflet.views"", 1]]","{""llama3.1"": 1}"
djangopwa,2,1,2,"[[""djangopwa.settings"", 1], [""djangopwa.decorators"", 1]]","{""deepseekcoder"": 2}"
docker,1,1,1,"[[""docker"", 1]]","{""qwen3"": 1}"
dxapi,1,1,1,"[[""dxapi"", 1]]","{""deepseekcoder"": 1}"
dxclient,1,1,1,"[[""dxclient"", 1]]","{""deepseekcoder"": 1}"
dxfile,1,1,1,"[[""dxfile"", 1]]","{""deepseekcoder"": 1}"
dxsdk,1,1,1,"[[""dxsdk"", 1]]","{""deepseekcoder"": 1}"
easy_install,6,1,1,"[[""easy_install"", 6]]","{""llama3.1"": 6}"
easydevice,1,1,1,"[[""easydevice"", 1]]","{""deepseekcoder"": 1}"
easydevicelink,1,1,1,"[[""easydevicelink"", 1]]","{""deepseekcoder"": 1}"
easyvista,2,1,1,"[[""easyvista"", 2]]","{""deepseekcoder"": 2}"
ebics,1,1,1,"[[""ebics"", 1]]","{""qwen3"": 1}"
eBICS,1,1,1,"[[""eBICS"", 1]]","{""qwen3"": 1}"
ecc,1,1,1,"[[""ecc"", 1]]","{""deepseekcoder"": 1}"
edx_event,1,1,1,"[[""edx_event.hooks"", 1]]","{""deepseekcoder"": 1}"
edx_event_bus_client,1,1,1,"[[""edx_event_bus_client"", 1]]","{""deepseekcoder"": 1}"
edx_event_bus_library,5,1,5,"[[""edx_event_bus_library.events"", 1], [""edx_event_bus_library.registry"", 1], [""edx_event_bus_library.dispatch"", 1], [""edx_event_bus_library.middleware.log"", 1], [""edx_event_bus_library.middleware.db"", 1]]","{""deepseekcoder"": 5}"
edx_events_utils,1,1,1,"[[""edx_events_utils"", 1]]","{""deepseekcoder"": 1}"
edx_platform_settings,1,1,1,"[[""edx_platform_settings.models"", 1]]","{""deepseekcoder"": 1}"
edx_proctoring,1,1,1,"[[""edx_proctoring.models"", 1]]","{""llama3.1"": 1}"
edxmako,1,1,1,"[[""edxmako.shortcuts"", 1]]","{""llama3.1"": 1}"
ellipticcurve,3,1,3,"[[""ellipticcurve.ecdsa"", 1], [""ellipticcurve.privateKey"", 1], [""ellipticcurve.publicKey"", 1]]","{""deepseekcoder"": 3}"
encoder,1,1,1,"[[""encoder"", 1]]","{""deepseekcoder"": 1}"
environ,1,1,1,"[[""environ"", 1]]","{""deepseekcoder"": 1}"
erl_gen,1,1,1,"[[""erl_gen"", 1]]","{""deepseekcoder"": 1}"
erl_lexer,1,1,1,"[[""erl_lexer"", 1]]","{""deepseekcoder"": 1}"
erl_parser,1,1,1,"[[""erl_parser"", 1]]","{""deepseekcoder"": 1}"
erlang_etf,1,1,1,"[[""erlang_etf"", 1]]","{""deepseekcoder"": 1}"
erpparse,1,1,1,"[[""erpparse"", 1]]","{""deepseekcoder"": 1}"
espidf,1,1,1,"[[""espidf"", 1]]","{""llama3.1"": 1}"
espressif,2,1,2,"[[""espressif"", 1], [""espressif.idf"", 1]]","{""llama3.1"": 2}"
eth_account,1,1,1,"[[""eth_account"", 1]]","{""deepseekcoder"": 1}"
event_hooks,1,1,1,"[[""event_hooks"", 1]]","{""deepseekcoder"": 1}"
event_routing,1,1,1,"[[""event_routing"", 1]]","{""deepseekcoder"": 1}"
eventlet,1,1,1,"[[""eventlet"", 1]]","{""llama3.1"": 1}"
eventtracking,1,1,1,"[[""eventtracking"", 1]]","{""deepseekcoder"": 1}"
eyed3,1,1,1,"[[""eyed3"", 1]]","{""llama3.1"": 1}"
fastapi_users,4,1,4,"[[""fastapi_users"", 1], [""fastapi_users.db"", 1], [""fastapi_users.oauth2"", 1], [""fastapi_users.utils"", 1]]","{""qwen3"": 4}"
fcm_django,1,1,1,"[[""fcm_django.models"", 1]]","{""qwen3"": 1}"
fints,4,1,4,"[[""fints"", 1], [""fints.sepa"", 1], [""fints.ebics"", 1], [""fints.utils"", 1]]","{""qwen3"": 4}"
firebase_functions,1,1,1,"[[""firebase_functions"", 1]]","{""qwen3"": 1}"
fitz,1,1,1,"[[""fitz"", 1]]","{""llama3.1"": 1}"
five,2,1,1,"[[""five"", 2]]","{""llama3.1"": 2}"
flask_basicauth,1,1,1,"[[""flask_basicauth"", 1]]","{""llama3.1"": 1}"
flask_ckeditor,1,1,1,"[[""flask_ckeditor"", 1]]","{""qwen3"": 1}"
flask_mail,1,1,1,"[[""flask_mail"", 1]]","{""llama3.1"": 1}"
flask_session,1,1,1,"[[""flask_session"", 1]]","{""qwen3"": 1}"
flask_talisman,1,1,1,"[[""flask_talisman"", 1]]","{""deepseekcoder"": 1}"
flask_uploads,1,1,1,"[[""flask_uploads"", 1]]","{""llama3.1"": 1}"
flask_wtf,3,1,1,"[[""flask_wtf"", 3]]","{""llama3.1"": 3}"
flow_vis,1,1,1,"[[""flow_vis"", 1]]","{""qwen3"": 1}"
flowlib,1,1,1,"[[""flowlib"", 1]]","{""qwen3"": 1}"
fontawesome,1,1,1,"[[""fontawesome"", 1]]","{""llama3.1"": 1}"
forest,3,1,2,"[[""forest.qiskit"", 2], [""forest.rigetti"", 1]]","{""llama3.1"": 3}"
functions_framework,1,1,1,"[[""functions_framework"", 1]]","{""qwen3"": 1}"
future_standard_library,1,1,1,"[[""future_standard_library"", 1]]","{""llama3.1"": 1}"
GenesysCloudAPI,2,1,2,"[[""GenesysCloudAPI"", 1], [""GenesysCloudAPI.config"", 1]]","{""llama3.1"": 2}"
genie,1,1,1,"[[""genie.testbed"", 1]]","{""deepseekcoder"": 1}"
genpurecloud,1,1,1,"[[""genpurecloud"", 1]]","{""llama3.1"": 1}"
gitdb,1,1,1,"[[""gitdb"", 1]]","{""llama3.1"": 1}"
gitlab_ci_python,1,1,1,"[[""gitlab_ci_python"", 1]]","{""deepseekcoder"": 1}"
gitpython,1,1,1,"[[""gitpython"", 1]]","{""qwen3"": 1}"
googleap1,1,1,1,"[[""googleap1"", 1]]","{""llama3.1"": 1}"
googlecloudsdk,1,1,1,"[[""googlecloudsdk.core.credentials"", 1]]","{""llama3.1"": 1}"
gtts,1,1,1,"[[""gtts"", 1]]","{""llama3.1"": 1}"
gunicorn,1,1,1,"[[""gunicorn.app.base"", 1]]","{""deepseekcoder"": 1}"
gym_super_mario_bros,3,1,2,"[[""gym_super_mario_bros"", 2], [""gym_super_mario_bros.actions"", 1]]","{""qwen3"": 3}"
hangul_analysis,1,1,1,"[[""hangul_analysis"", 1]]","{""deepseekcoder"": 1}"
hangul_jamo_utilities,1,1,1,"[[""hangul_jamo_utilities"", 1]]","{""deepseekcoder"": 1}"
hangul_jamo_utils,1,1,1,"[[""hangul_jamo_utils"", 1]]","{""deepseekcoder"": 1}"
hangul_syllable_and_jamo_level_analysis,1,1,1,"[[""hangul_syllable_and_jamo_level_analysis"", 1]]","{""deepseekcoder"": 1}"
hangul_syllable_jamo_decomposition,1,1,1,"[[""hangul_syllable_jamo_decomposition"", 1]]","{""deepseekcoder"": 1}"
hangul_syllable_jamo_level,1,1,1,"[[""hangul_syllable_jamo_level"", 1]]","{""deepseekcoder"": 1}"
hangul_syllable_jamo_level_1,1,1,1,"[[""hangul_syllable_jamo_level_1"", 1]]","{""deepseekcoder"": 1}"
hangul_syllable_tokenizer,1,1,1,"[[""hangul_syllable_tokenizer"", 1]]","{""deepseekcoder"": 1}"
hangul_tools,1,1,1,"[[""hangul_tools"", 1]]","{""deepseekcoder"": 1}"
hcl2,1,1,1,"[[""hcl2"", 1]]","{""deepseekcoder"": 1}"
hooks,1,1,1,"[[""hooks"", 1]]","{""deepseekcoder"": 1}"
htslib,1,1,1,"[[""htslib"", 1]]","{""qwen3"": 1}"
httpx,1,1,1,"[[""httpx"", 1]]","{""qwen3"": 1}"
hypothesis,2,1,2,"[[""hypothesis"", 1], [""hypothesis.strategies"", 1]]","{""llama3.1"": 2}"
iam,1,1,1,"[[""iam"", 1]]","{""llama3.1"": 1}"
ibm_cloud_iaas_services,1,1,1,"[[""ibm_cloud_iaas_services"", 1]]","{""deepseekcoder"": 1}"
ibm_cloud_security_advisor,1,1,1,"[[""ibm_cloud_security_advisor"", 1]]","{""deepseekcoder"": 1}"
ibm_cloud_security_groups,1,1,1,"[[""ibm_cloud_security_groups"", 1]]","{""deepseekcoder"": 1}"
ibm_resource_group,1,1,1,"[[""ibm_resource_group.resource_group_v2"", 1]]","{""deepseekcoder"": 1}"
ibm_resource_groups,1,1,1,"[[""ibm_resource_groups"", 1]]","{""deepseekcoder"": 1}"
ibm_s3transfer,1,1,1,"[[""ibm_s3transfer.s3transfer"", 1]]","{""deepseekcoder"": 1}"
ibm_security_apis,1,1,1,"[[""ibm_security_apis"", 1]]","{""deepseekcoder"": 1}"
ibm_security_key_protect,1,1,1,"[[""ibm_security_key_protect"", 1]]","{""deepseekcoder"": 1}"
ibm_services,1,1,1,"[[""ibm_services"", 1]]","{""deepseekcoder"": 1}"
ibm_watson,1,1,1,"[[""ibm_watson"", 1]]","{""deepseekcoder"": 1}"
ibmcloudsecretsmanager,1,1,1,"[[""ibmcloudsecretsmanager"", 1]]","{""qwen3"": 1}"
im,1,1,1,"[[""im"", 1]]","{""deepseekcoder"": 1}"
imageio,1,1,1,"[[""imageio"", 1]]","{""qwen3"": 1}"
importlib_metadata,1,1,1,"[[""importlib_metadata"", 1]]","{""llama3.1"": 1}"
imutils,1,1,1,"[[""imutils"", 1]]","{""deepseekcoder"": 1}"
index,1,1,1,"[[""index"", 1]]","{""llama3.1"": 1}"
instant_messaging,1,1,1,"[[""instant_messaging"", 1]]","{""deepseekcoder"": 1}"
intel_extension_for_scikit_learn,1,1,1,"[[""intel_extension_for_scikit_learn"", 1]]","{""deepseekcoder"": 1}"
ipywidgets,1,1,1,"[[""ipywidgets"", 1]]","{""deepseekcoder"": 1}"
jamdict,1,1,1,"[[""jamdict"", 1]]","{""deepseekcoder"": 1}"
jieba,2,1,2,"[[""jieba"", 1], [""jieba.posseg"", 1]]","{""deepseekcoder"": 2}"
joblib,1,1,1,"[[""joblib"", 1]]","{""deepseekcoder"": 1}"
jpaconv,1,1,1,"[[""jpaconv"", 1]]","{""deepseekcoder"": 1}"
jsoneditor,1,1,1,"[[""jsoneditor.forms"", 1]]","{""llama3.1"": 1}"
jupyter,1,1,1,"[[""jupyter"", 1]]","{""qwen3"": 1}"
jupyter_book,1,1,1,"[[""jupyter_book"", 1]]","{""llama3.1"": 1}"
kafka_config,1,1,1,"[[""kafka_config"", 1]]","{""llama3.1"": 1}"
kiota_authentication_azure,3,1,2,"[[""kiota_authentication_azure.azure_identity"", 2], [""kiota_authentication_azure.kerberos_authentication_provider"", 1]]","{""llama3.1"": 3}"
kiota_authentication_middleware,6,1,1,"[[""kiota_authentication_middleware"", 6]]","{""llama3.1"": 6}"
kiota_authentication_oauth,1,1,1,"[[""kiota_authentication_oauth.oauth_authentication_provider"", 1]]","{""llama3.1"": 1}"
kiota_authentication_shared,1,1,1,"[[""kiota_authentication_shared"", 1]]","{""llama3.1"": 1}"
korean_accent_py,1,1,1,"[[""korean_accent_py"", 1]]","{""deepseekcoder"": 1}"
korean_accent_utils,1,1,1,"[[""korean_accent_utils"", 1]]","{""deepseekcoder"": 1}"
korean_jamo_analysis,1,1,1,"[[""korean_jamo_analysis"", 1]]","{""deepseekcoder"": 1}"
korean_jamo_utils,1,1,1,"[[""korean_jamo_utils"", 1]]","{""deepseekcoder"": 1}"
korean_romanizer,1,1,1,"[[""korean_romanizer"", 1]]","{""deepseekcoder"": 1}"
korean_sound_stretcher,2,1,2,"[[""korean_sound_stretcher.jamo"", 1], [""korean_sound_stretcher.stretcher"", 1]]","{""deepseekcoder"": 2}"
korean_syllable_jamo_analyzer,1,1,1,"[[""korean_syllable_jamo_analyzer"", 1]]","{""deepseekcoder"": 1}"
korean_syllable_nlp,1,1,1,"[[""korean_syllable_nlp"", 1]]","{""deepseekcoder"": 1}"
korean_syllable_splitter,1,1,1,"[[""korean_syllable_splitter"", 1]]","{""deepseekcoder"": 1}"
korean_text,1,1,1,"[[""korean_text.hangul_syllable_tokenizer"", 1]]","{""deepseekcoder"": 1}"
langid,1,1,1,"[[""langid"", 1]]","{""llama3.1"": 1}"
lcoclientpyb3dcf4d6,2,1,1,"[[""lcoclientpyb3dcf4d6"", 2]]","{""llama3.1"": 2}"
leaflet,1,1,1,"[[""leaflet.forms"", 1]]","{""llama3.1"": 1}"
lettuce,1,1,1,"[[""lettuce"", 1]]","{""deepseekcoder"": 1}"
libnd2,1,1,1,"[[""libnd2.nd2reader"", 1]]","{""deepseekcoder"": 1}"
librelast,1,1,1,"[[""librelast"", 1]]","{""llama3.1"": 1}"
librelastscrobbler,1,1,1,"[[""librelastscrobbler"", 1]]","{""llama3.1"": 1}"
librescobblers,1,1,1,"[[""librescobblers"", 1]]","{""llama3.1"": 1}"
liquid,1,1,1,"[[""liquid"", 1]]","{""qwen3"": 1}"
loguru,1,1,1,"[[""loguru"", 1]]","{""llama3.1"": 1}"
luco_collector,2,1,1,"[[""luco_collector"", 2]]","{""llama3.1"": 2}"
lumigo35,1,1,1,"[[""lumigo35"", 1]]","{""deepseekcoder"": 1}"
lumigo36,1,1,1,"[[""lumigo36"", 1]]","{""deepseekcoder"": 1}"
lumigo37,1,1,1,"[[""lumigo37"", 1]]","{""deepseekcoder"": 1}"
luna,1,1,1,"[[""luna"", 1]]","{""deepseekcoder"": 1}"
markdown_it,2,1,2,"[[""markdown_it"", 1], [""markdown_it.utils"", 1]]","{""deepseekcoder"": 2}"
matplotlib_to_tikz,1,1,1,"[[""matplotlib_to_tikz"", 1]]","{""deepseekcoder"": 1}"
maze_generator,1,1,1,"[[""maze_generator"", 1]]","{""llama3.1"": 1}"
maze_solver,1,1,1,"[[""maze_solver"", 1]]","{""llama3.1"": 1}"
mcts,1,1,1,"[[""mcts"", 1]]","{""llama3.1"": 1}"
megatron,2,1,2,"[[""megatron"", 1], [""megatron.megatron_utils"", 1]]","{""llama3.1"": 2}"
memcached,1,1,1,"[[""memcached"", 1]]","{""qwen3"": 1}"
memory_profiler,1,1,1,"[[""memory_profiler"", 1]]","{""deepseekcoder"": 1}"
meross_http,1,1,1,"[[""meross_http"", 1]]","{""qwen3"": 1}"
merosshttp,4,1,3,"[[""merosshttp"", 2], [""merosshttp.device"", 1], [""merosshttp.exceptions"", 1]]","{""qwen3"": 4}"
message_send,1,1,1,"[[""message_send"", 1]]","{""deepseekcoder"": 1}"
microformats2,1,1,1,"[[""microformats2"", 1]]","{""qwen3"": 1}"
mkdocs_cdn_hermes,1,1,1,"[[""mkdocs_cdn_hermes"", 1]]","{""llama3.1"": 1}"
mkdocs_git_versioning,1,1,1,"[[""mkdocs_git_versioning"", 1]]","{""llama3.1"": 1}"
mkdocs_mermaid2,1,1,1,"[[""mkdocs_mermaid2.plugin"", 1]]","{""deepseekcoder"": 1}"
mock,1,1,1,"[[""mock"", 1]]","{""qwen3"": 1}"
models,1,1,1,"[[""models"", 1]]","{""deepseekcoder"": 1}"
mptt,1,1,1,"[[""mptt.forms"", 1]]","{""llama3.1"": 1}"
musicbrainzngs,1,1,1,"[[""musicbrainzngs"", 1]]","{""deepseekcoder"": 1}"
MusicKit,1,1,1,"[[""MusicKit"", 1]]","{""deepseekcoder"": 1}"
musickit,1,1,1,"[[""musickit"", 1]]","{""deepseekcoder"": 1}"
my_app,2,1,2,"[[""my_app.models"", 1], [""my_app.signals"", 1]]","{""deepseekcoder"": 2}"
my_message_pb2,1,1,1,"[[""my_message_pb2"", 1]]","{""deepseekcoder"": 1}"
my_model,2,1,1,"[[""my_model"", 2]]","{""llama3.1"": 2}"
my_robocorp_sdk,1,1,1,"[[""my_robocorp_sdk"", 1]]","{""deepseekcoder"": 1}"
MyGrammarLexer,1,1,1,"[[""MyGrammarLexer"", 1]]","{""qwen3"": 1}"
MyGrammarParser,1,1,1,"[[""MyGrammarParser"", 1]]","{""qwen3"": 1}"
myproject_pb2,1,1,1,"[[""myproject_pb2"", 1]]","{""deepseekcoder"": 1}"
myproject_pb2_grpc,1,1,1,"[[""myproject_pb2_grpc"", 1]]","{""deepseekcoder"": 1}"
mypy_boto3_alexaforbusiness,1,1,1,"[[""mypy_boto3_alexaforbusiness.client"", 1]]","{""qwen3"": 1}"
mypy_boto3_resource_groups_tagging_api,2,1,2,"[[""mypy_boto3_resource_groups_tagging_api.client"", 1], [""mypy_boto3_resource_groups_tagging_api.type_defs"", 1]]","{""qwen3"": 2}"
mypy_boto3_resourcegroups_tagging_api,2,1,2,"[[""mypy_boto3_resourcegroups_tagging_api.client"", 1], [""mypy_boto3_resourcegroups_tagging_api.type_defs"", 1]]","{""qwen3"": 2}"
MySqlLexer,1,1,1,"[[""MySqlLexer"", 1]]","{""deepseekcoder"": 1}"
MySqlParser,1,1,1,"[[""MySqlParser"", 1]]","{""deepseekcoder"": 1}"
nav_msgs,1,1,1,"[[""nav_msgs.msg"", 1]]","{""deepseekcoder"": 1}"
nd2,1,1,1,"[[""nd2"", 1]]","{""deepseekcoder"": 1}"
nested_formset,1,1,1,"[[""nested_formset"", 1]]","{""llama3.1"": 1}"
nested_inline,1,1,1,"[[""nested_inline"", 1]]","{""llama3.1"": 1}"
nested_inlineformset_factory,1,1,1,"[[""nested_inlineformset_factory"", 1]]","{""llama3.1"": 1}"
netmiko,1,1,1,"[[""netmiko"", 1]]","{""qwen3"": 1}"
networkx,1,1,1,"[[""networkx"", 1]]","{""llama3.1"": 1}"
nilearn,2,1,2,"[[""nilearn.image"", 1], [""nilearn.masking"", 1]]","{""deepseekcoder"": 2}"
nistate,2,1,2,"[[""nistate.sources.base"", 1], [""nistate.utils.image"", 1]]","{""deepseekcoder"": 2}"
nistats,1,1,1,"[[""nistats.first_level_model"", 1]]","{""deepseekcoder"": 1}"
niworkflows,1,1,1,"[[""niworkflows.utils.niimg"", 1]]","{""deepseekcoder"": 1}"
novaclient,2,1,2,"[[""novaclient"", 1], [""novaclient.client"", 1]]","{""deepseekcoder"": 2}"
ntlm_auth,1,1,1,"[[""ntlm_auth"", 1]]","{""deepseekcoder"": 1}"
OFS,1,1,1,"[[""OFS.SimpleItem"", 1]]","{""llama3.1"": 1}"
ome_tif,1,1,1,"[[""ome_tif"", 1]]","{""deepseekcoder"": 1}"
ome_tifffile,1,1,1,"[[""ome_tifffile"", 1]]","{""deepseekcoder"": 1}"
omero,1,1,1,"[[""omero.gateway"", 1]]","{""deepseekcoder"": 1}"
ometaiff,1,1,1,"[[""ometaiff"", 1]]","{""deepseekcoder"": 1}"
open3d,1,1,1,"[[""open3d"", 1]]","{""deepseekcoder"": 1}"
opencv,1,1,1,"[[""opencv"", 1]]","{""qwen3"": 1}"
openedx_course,3,1,1,"[[""openedx_course.models"", 3]]","{""llama3.1"": 3}"
openpyxl,1,1,1,"[[""openpyxl"", 1]]","{""qwen3"": 1}"
openslide_nd2,1,1,1,"[[""openslide_nd2"", 1]]","{""deepseekcoder"": 1}"
OpenSSL,1,1,1,"[[""OpenSSL"", 1]]","{""llama3.1"": 1}"
openteremetry,1,1,1,"[[""openteremetry.instrumentation.tortoise_orm"", 1]]","{""deepseekcoder"": 1}"
optical_flow,1,1,1,"[[""optical_flow"", 1]]","{""qwen3"": 1}"
org,1,1,1,"[[""org.apache.datasketches.theta"", 1]]","{""deepseekcoder"": 1}"
osascript,1,1,1,"[[""osascript"", 1]]","{""deepseekcoder"": 1}"
osgeo,1,1,1,"[[""osgeo"", 1]]","{""qwen3"": 1}"
oslo_config,1,1,1,"[[""oslo_config"", 1]]","{""deepseekcoder"": 1}"
oslo_log,1,1,1,"[[""oslo_log"", 1]]","{""deepseekcoder"": 1}"
pairing,1,1,1,"[[""pairing"", 1]]","{""deepseekcoder"": 1}"
pan,1,1,1,"[[""pan.xapi"", 1]]","{""deepseekcoder"": 1}"
panflute,1,1,1,"[[""panflute"", 1]]","{""llama3.1"": 1}"
pcdata,1,1,1,"[[""pcdata"", 1]]","{""qwen3"": 1}"
pcp,1,1,1,"[[""pcp"", 1]]","{""qwen3"": 1}"
pcplot,1,1,1,"[[""pcplot"", 1]]","{""qwen3"": 1}"
pcutil,1,1,1,"[[""pcutil"", 1]]","{""qwen3"": 1}"
pdf2image,1,1,1,"[[""pdf2image"", 1]]","{""llama3.1"": 1}"
pdfservices,1,1,1,"[[""pdfservices"", 1]]","{""llama3.1"": 1}"
pefile,1,1,1,"[[""pefile"", 1]]","{""llama3.1"": 1}"
pi_camera,1,1,1,"[[""pi_camera"", 1]]","{""llama3.1"": 1}"
pika,1,1,1,"[[""pika"", 1]]","{""deepseekcoder"": 1}"
pims_nd2,1,1,1,"[[""pims_nd2"", 1]]","{""deepseekcoder"": 1}"
pjsip,1,1,1,"[[""pjsip"", 1]]","{""deepseekcoder"": 1}"
pjsua2,1,1,1,"[[""pjsua2"", 1]]","{""deepseekcoder"": 1}"
planetary_computer_sdk,1,1,1,"[[""planetary_computer_sdk"", 1]]","{""qwen3"": 1}"
platformdirs,1,1,1,"[[""platformdirs"", 1]]","{""llama3.1"": 1}"
plonk,2,1,2,"[[""plonk"", 1], [""plonk.stdlib"", 1]]","{""deepseekcoder"": 2}"
pocketsphinx,3,1,1,"[[""pocketsphinx"", 3]]","{""llama3.1"": 3}"
presto_python_client,1,1,1,"[[""presto_python_client"", 1]]","{""deepseekcoder"": 1}"
prometheus,1,1,1,"[[""prometheus"", 1]]","{""qwen3"": 1}"
proto,2,1,2,"[[""proto.your_proto_file_pb2"", 1], [""proto.your_proto_file_pb2_grpc"", 1]]","{""deepseekcoder"": 2}"
pulumi_aws,1,1,1,"[[""pulumi_aws"", 1]]","{""llama3.1"": 1}"
pulumi_cdktf,1,1,1,"[[""pulumi_cdktf"", 1]]","{""llama3.1"": 1}"
purecloudplatformapi,2,1,2,"[[""purecloudplatformapi"", 1], [""purecloudplatformapi.clients"", 1]]","{""llama3.1"": 2}"
PureCloudPlatformClientApplication,1,1,1,"[[""PureCloudPlatformClientApplication"", 1]]","{""llama3.1"": 1}"
py3Dmol,1,1,1,"[[""py3Dmol"", 1]]","{""qwen3"": 1}"
pyaccessibility,1,1,1,"[[""pyaccessibility"", 1]]","{""deepseekcoder"": 1}"
pyapplication,3,1,3,"[[""pyapplication.config"", 1], [""pyapplication.utils"", 1], [""pyapplication.cam_sdk"", 1]]","{""llama3.1"": 3}"
pyautocorrect,1,1,1,"[[""pyautocorrect"", 1]]","{""deepseekcoder"": 1}"
pybairtowell,1,1,1,"[[""pybairtowell"", 1]]","{""llama3.1"": 1}"
pybt9,1,1,1,"[[""pybt9"", 1]]","{""llama3.1"": 1}"
pyc,2,1,1,"[[""pyc"", 2]]","{""qwen3"": 2}"
pycad,2,1,1,"[[""pycad"", 2]]","{""qwen3"": 2}"
pyccssoppyccssoppyccssop,1,1,1,"[[""pyccssoppyccssoppyccssop"", 1]]","{""llama3.1"": 1}"
pyclustering,19,1,11,"[[""pyclustering.visualization"", 5], [""pyclustering.samples.definitions"", 4], [""pyclustering.utils"", 2], [""pyclustering"", 1], [""pyclustering.cluster.xmeans"", 1], [""pyclustering.cluster.kmeans"", 1], [""pyclustering.cluster.dbscan"", 1], [""pyclustering.cluster.gmeans"", 1], [""pyclustering.cluster.bsas"", 1], [""pyclustering.cluster.kmedoids"", 1], [""pyclustering.cluster.center_initializer"", 1]]","{""deepseekcoder"": 19}"
pycollada,2,1,2,"[[""pycollada"", 1], [""pycollada.pycollada"", 1]]","{""deepseekcoder"": 2}"
pycrs,1,1,1,"[[""pycrs"", 1]]","{""qwen3"": 1}"
pycs,1,1,1,"[[""pycs"", 1]]","{""qwen3"": 1}"
pycurand,1,1,1,"[[""pycurand"", 1]]","{""deepseekcoder"": 1}"
pycurl,1,1,1,"[[""pycurl"", 1]]","{""qwen3"": 1}"
pycybox,3,1,1,"[[""pycybox"", 3]]","{""llama3.1"": 3}"
pydantic_settings,1,1,1,"[[""pydantic_settings"", 1]]","{""qwen3"": 1}"
pydatabricks,1,1,1,"[[""pydatabricks"", 1]]","{""llama3.1"": 1}"
pydbdbdbdbdbdbdbdbdbdbdbdbdbdb,1,1,1,"[[""pydbdbdbdbdbdbdbdbdbdbdbdbdbdb"", 1]]","{""llama3.1"": 1}"
pydbtelldbdbtlogdbtconfig,1,1,1,"[[""pydbtelldbdbtlogdbtconfig"", 1]]","{""llama3.1"": 1}"
pydeepzoom,1,1,1,"[[""pydeepzoom"", 1]]","{""qwen3"": 1}"
pydictionaries,1,1,1,"[[""pydictionaries"", 1]]","{""llama3.1"": 1}"
pydispatch,1,1,1,"[[""pydispatch"", 1]]","{""deepseekcoder"": 1}"
pydot,1,1,1,"[[""pydot"", 1]]","{""qwen3"": 1}"
pyebics,1,1,1,"[[""pyebics"", 1]]","{""qwen3"": 1}"
pyexif,1,1,1,"[[""pyexif"", 1]]","{""deepseekcoder"": 1}"
pyexiftool,1,1,1,"[[""pyexiftool"", 1]]","{""deepseekcoder"": 1}"
pyfintech,1,1,1,"[[""pyfintech"", 1]]","{""qwen3"": 1}"
pyflakes,3,1,3,"[[""pyflakes"", 1], [""pyflakes.checker"", 1], [""pyflakes.common"", 1]]","{""deepseekcoder"": 3}"
pyhangul,1,1,1,"[[""pyhangul"", 1]]","{""deepseekcoder"": 1}"
pyhanko,3,1,3,"[[""pyhanko"", 1], [""pyhanko.sign"", 1], [""pyhanko.sign.tools"", 1]]","{""llama3.1"": 3}"
pyhipe,2,1,1,"[[""pyhipe"", 2]]","{""llama3.1"": 2}"
pyimagesearch,2,1,2,"[[""pyimagesearch.nn"", 1], [""pyimagesearch.utils"", 1]]","{""deepseekcoder"": 2}"
pyinotify,1,1,1,"[[""pyinotify"", 1]]","{""llama3.1"": 1}"
pyjwt,1,1,1,"[[""pyjwt"", 1]]","{""qwen3"": 1}"
pykeepass,1,1,1,"[[""pykeepass"", 1]]","{""deepseekcoder"": 1}"
pykit,5,1,1,"[[""pykit"", 5]]","{""llama3.1"": 5}"
pylast,2,1,1,"[[""pylast"", 2]]","{""llama3.1"": 2}"
pylatexenc,1,1,1,"[[""pylatexenc.latexenc.latex2mathml"", 1]]","{""llama3.1"": 1}"
pylibND2,1,1,1,"[[""pylibND2"", 1]]","{""deepseekcoder"": 1}"
pylibtorrent,1,1,1,"[[""pylibtorrent"", 1]]","{""llama3.1"": 1}"
pylinksdk,1,1,1,"[[""pylinksdk"", 1]]","{""llama3.1"": 1}"
pymaec,3,1,1,"[[""pymaec"", 3]]","{""llama3.1"": 3}"
pymediainfo,1,1,1,"[[""pymediainfo"", 1]]","{""deepseekcoder"": 1}"
pymetrics,1,1,1,"[[""pymetrics"", 1]]","{""deepseekcoder"": 1}"
pyminidump,1,1,1,"[[""pyminidump"", 1]]","{""deepseekcoder"": 1}"
pyobjc_framework_CoreMIDI,1,1,1,"[[""pyobjc_framework_CoreMIDI"", 1]]","{""llama3.1"": 1}"
pyobjc_framework_CoreServices,1,1,1,"[[""pyobjc_framework_CoreServices"", 1]]","{""llama3.1"": 1}"
pyobjc_util,1,1,1,"[[""pyobjc_util"", 1]]","{""llama3.1"": 1}"
pyobjus,1,1,1,"[[""pyobjus"", 1]]","{""deepseekcoder"": 1}"
pyopencti,1,1,1,"[[""pyopencti"", 1]]","{""llama3.1"": 1}"
PyPDF2,1,1,1,"[[""PyPDF2"", 1]]","{""llama3.1"": 1}"
pyperclip,1,1,1,"[[""pyperclip"", 1]]","{""deepseekcoder"": 1}"
pyramid,5,1,5,"[[""pyramid.config"", 1], [""pyramid.response"", 1], [""pyramid.view"", 1], [""pyramid.httpexceptions"", 1], [""pyramid"", 1]]","{""qwen3"": 5}"
pyrealesense2,1,1,1,"[[""pyrealesense2"", 1]]","{""qwen3"": 1}"
pyroute,1,1,1,"[[""pyroute"", 1]]","{""deepseekcoder"": 1}"
pyrtp,1,1,1,"[[""pyrtp"", 1]]","{""deepseekcoder"": 1}"
pysepa,1,1,1,"[[""pysepa"", 1]]","{""qwen3"": 1}"
pyshac,2,1,1,"[[""pyshac"", 2]]","{""qwen3"": 2}"
pysrtp,1,1,1,"[[""pysrtp"", 1]]","{""deepseekcoder"": 1}"
pystac_client,1,1,1,"[[""pystac_client"", 1]]","{""qwen3"": 1}"
pyt,1,1,1,"[[""pyt"", 1]]","{""qwen3"": 1}"
pyterapia,2,1,1,"[[""pyterapia"", 2]]","{""llama3.1"": 2}"
pytest3,1,1,1,"[[""pytest3.pyappellidoppypppppp"", 1]]","{""llama3.1"": 1}"
pytest_plugin,1,1,1,"[[""pytest_plugin"", 1]]","{""qwen3"": 1}"
pytest_terminal,2,1,2,"[[""pytest_terminal"", 1], [""pytest_terminal.terminal"", 1]]","{""llama3.1"": 2}"
pytest_terraform,1,1,1,"[[""pytest_terraform"", 1]]","{""deepseekcoder"": 1}"
python_crash_handler,1,1,1,"[[""python_crash_handler"", 1]]","{""deepseekcoder"": 1}"
python_dateutil,3,1,1,"[[""python_dateutil"", 3]]","{""llama3.1"": 3}"
python_keystoneclient,1,1,1,"[[""python_keystoneclient"", 1]]","{""deepseekcoder"": 1}"
python_midifiles,1,1,1,"[[""python_midifiles"", 1]]","{""llama3.1"": 1}"
python_terraform,1,1,1,"[[""python_terraform"", 1]]","{""deepseekcoder"": 1}"
pythonsnark,2,1,2,"[[""pythonsnark.stdlib"", 1], [""pythonsnark.utils"", 1]]","{""deepseekcoder"": 2}"
pythonvlc,1,1,1,"[[""pythonvlc"", 1]]","{""deepseekcoder"": 1}"
pytorch_speech_recognition,1,1,1,"[[""pytorch_speech_recognition"", 1]]","{""llama3.1"": 1}"
pytorchvideo,2,1,2,"[[""pytorchvideo.data"", 1], [""pytorchvideo.transforms"", 1]]","{""qwen3"": 2}"
pytorrent,1,1,1,"[[""pytorrent"", 1]]","{""llama3.1"": 1}"
pytracker,1,1,1,"[[""pytracker"", 1]]","{""llama3.1"": 1}"
pytranslate,2,1,1,"[[""pytranslate"", 2]]","{""llama3.1"": 2}"
pywarax,1,1,1,"[[""pywarax"", 1]]","{""llama3.1"": 1}"
pywebview,1,1,1,"[[""pywebview"", 1]]","{""deepseekcoder"": 1}"
pywinauto,2,1,2,"[[""pywinauto"", 1], [""pywinauto.application"", 1]]","{""deepseekcoder"": 2}"
pywsgi,1,1,1,"[[""pywsgi"", 1]]","{""qwen3"": 1}"
pywyze,1,1,1,"[[""pywyze"", 1]]","{""llama3.1"": 1}"
pyzbar,1,1,1,"[[""pyzbar"", 1]]","{""llama3.1"": 1}"
qasync,1,1,1,"[[""qasync"", 1]]","{""llama3.1"": 1}"
qcloud_cos,2,1,1,"[[""qcloud_cos"", 2]]","{""deepseekcoder"": 2}"
qcsclient,1,1,1,"[[""qcsclient"", 1]]","{""llama3.1"": 1}"
qldbdriver,1,1,1,"[[""qldbdriver"", 1]]","{""deepseekcoder"": 1}"
qtawesome,1,1,1,"[[""qtawesome"", 1]]","{""llama3.1"": 1}"
quart,1,1,1,"[[""quart"", 1]]","{""deepseekcoder"": 1}"
quart_cors,1,1,1,"[[""quart_cors"", 1]]","{""deepseekcoder"": 1}"
rasterio,2,1,2,"[[""rasterio"", 1], [""rasterio.warp"", 1]]","{""qwen3"": 2}"
rdkilk,1,1,1,"[[""rdkilk.Chem"", 1]]","{""qwen3"": 1}"
recommonmark,1,1,1,"[[""recommonmark"", 1]]","{""qwen3"": 1}"
rest_framework_simplejwt,1,1,1,"[[""rest_framework_simplejwt.views"", 1]]","{""llama3.1"": 1}"
restclient,4,1,1,"[[""restclient"", 4]]","{""llama3.1"": 4}"
rigetti_forest,3,1,1,"[[""rigetti_forest"", 3]]","{""llama3.1"": 3}"
rigetti_pyquil,2,1,2,"[[""rigetti_pyquil"", 1], [""rigetti_pyquil.api"", 1]]","{""llama3.1"": 2}"
rigetti_pytket,1,1,1,"[[""rigetti_pytket"", 1]]","{""llama3.1"": 1}"
robocorp_code_asset_storage_client,1,1,1,"[[""robocorp_code_asset_storage_client.asset_storage"", 1]]","{""deepseekcoder"": 1}"
robocorp_connector,1,1,1,"[[""robocorp_connector.assetstorage"", 1]]","{""deepseekcoder"": 1}"
robocorp_vault_sdk,1,1,1,"[[""robocorp_vault_sdk"", 1]]","{""deepseekcoder"": 1}"
roboflow,1,1,1,"[[""roboflow"", 1]]","{""deepseekcoder"": 1}"
robot,1,1,1,"[[""robot.libraries.BuiltIn"", 1]]","{""deepseekcoder"": 1}"
rocket,1,1,1,"[[""rocket"", 1]]","{""deepseekcoder"": 1}"
ros,2,1,2,"[[""ros.std_msgs.msg"", 1], [""ros.build"", 1]]","{""deepseekcoder"": 2}"
rust,1,1,1,"[[""rust"", 1]]","{""deepseekcoder"": 1}"
rust_extension_module,1,1,1,"[[""rust_extension_module"", 1]]","{""deepseekcoder"": 1}"
rusty_ml,1,1,1,"[[""rusty_ml"", 1]]","{""deepseekcoder"": 1}"
safety,1,1,1,"[[""safety"", 1]]","{""llama3.1"": 1}"
salesforce_cli_api,1,1,1,"[[""salesforce_cli_api"", 1]]","{""deepseekcoder"": 1}"
salesforce_cli_python,1,1,1,"[[""salesforce_cli_python"", 1]]","{""deepseekcoder"": 1}"
salesforce_cli_tools,1,1,1,"[[""salesforce_cli_tools"", 1]]","{""deepseekcoder"": 1}"
salesforce_client,1,1,1,"[[""salesforce_client"", 1]]","{""deepseekcoder"": 1}"
SalesforceMetadataAPI,1,1,1,"[[""SalesforceMetadataAPI"", 1]]","{""deepseekcoder"": 1}"
sanic_cors,1,1,1,"[[""sanic_cors"", 1]]","{""deepseekcoder"": 1}"
sanic_openapi,1,1,1,"[[""sanic_openapi"", 1]]","{""deepseekcoder"": 1}"
scale,1,1,1,"[[""scale"", 1]]","{""llama3.1"": 1}"
ScriptingBridge,1,1,1,"[[""ScriptingBridge"", 1]]","{""llama3.1"": 1}"
scrobble,1,1,1,"[[""scrobble"", 1]]","{""llama3.1"": 1}"
segmentation_model,1,1,1,"[[""segmentation_model"", 1]]","{""qwen3"": 1}"
segmentation_models_pytorch,1,1,1,"[[""segmentation_models_pytorch"", 1]]","{""qwen3"": 1}"
ServiceManagement,1,1,1,"[[""ServiceManagement"", 1]]","{""llama3.1"": 1}"
servicenow_api_client,1,1,1,"[[""servicenow_api_client"", 1]]","{""llama3.1"": 1}"
sfdjango,2,1,2,"[[""sfdjango.session"", 1], [""sfdjango.models"", 1]]","{""deepseekcoder"": 2}"
sfdxpy,1,1,1,"[[""sfdxpy"", 1]]","{""deepseekcoder"": 1}"
sha3,1,1,1,"[[""sha3"", 1]]","{""deepseekcoder"": 1}"
shared,2,1,1,"[[""shared.ztk"", 2]]","{""llama3.1"": 2}"
shazam,1,1,1,"[[""shazam"", 1]]","{""deepseekcoder"": 1}"
sigsep,1,1,1,"[[""sigsep"", 1]]","{""deepseekcoder"": 1}"
sip4py,1,1,1,"[[""sip4py.sip"", 1]]","{""deepseekcoder"": 1}"
sketches,1,1,1,"[[""sketches"", 1]]","{""deepseekcoder"": 1}"
slackclient,1,1,1,"[[""slackclient"", 1]]","{""deepseekcoder"": 1}"
some_framework,1,1,1,"[[""some_framework"", 1]]","{""deepseekcoder"": 1}"
some_library,1,1,1,"[[""some_library"", 1]]","{""deepseekcoder"": 1}"
sounddevice,1,1,1,"[[""sounddevice"", 1]]","{""llama3.1"": 1}"
Speech,1,1,1,"[[""Speech"", 1]]","{""deepseekcoder"": 1}"
speechpy,1,1,1,"[[""speechpy"", 1]]","{""llama3.1"": 1}"
sphinx_theme_conf,1,1,1,"[[""sphinx_theme_conf"", 1]]","{""llama3.1"": 1}"
sql_parser,2,1,2,"[[""sql_parser.SQLParser"", 1], [""sql_parser.SQLLexer"", 1]]","{""deepseekcoder"": 2}"
sqlalchemy_citext,1,1,1,"[[""sqlalchemy_citext"", 1]]","{""deepseekcoder"": 1}"
sqlalchemy_utils,1,1,1,"[[""sqlalchemy_utils"", 1]]","{""deepseekcoder"": 1}"
SqlBaseLexer,1,1,1,"[[""SqlBaseLexer"", 1]]","{""deepseekcoder"": 1}"
SqlBaseParser,1,1,1,"[[""SqlBaseParser"", 1]]","{""deepseekcoder"": 1}"
SqlGrammarListener,1,1,1,"[[""SqlGrammarListener"", 1]]","{""deepseekcoder"": 1}"
SqlGrammarParser,1,1,1,"[[""SqlGrammarParser"", 1]]","{""deepseekcoder"": 1}"
SqlListener,1,1,1,"[[""SqlListener"", 1]]","{""deepseekcoder"": 1}"
stable_baselines3,1,1,1,"[[""stable_baselines3"", 1]]","{""qwen3"": 1}"
starlette_exporter,1,1,1,"[[""starlette_exporter"", 1]]","{""deepseekcoder"": 1}"
statsmodels,1,1,1,"[[""statsmodels.api"", 1]]","{""llama3.1"": 1}"
steamid,1,1,1,"[[""steamid"", 1]]","{""llama3.1"": 1}"
streamlit_aggrid,1,1,1,"[[""streamlit_aggrid"", 1]]","{""qwen3"": 1}"
structlog,1,1,1,"[[""structlog"", 1]]","{""llama3.1"": 1}"
sumologic,1,1,1,"[[""sumologic"", 1]]","{""deepseekcoder"": 1}"
syllables,1,1,1,"[[""syllables"", 1]]","{""deepseekcoder"": 1}"
synapse,5,1,5,"[[""synapse.sql.parsing"", 1], [""synapse.sql.compiler"", 1], [""synapse.sql"", 1], [""synapse.sql.result"", 1], [""synapse.sql.session"", 1]]","{""llama3.1"": 5}"
SystemConfiguration,1,1,1,"[[""SystemConfiguration"", 1]]","{""llama3.1"": 1}"
tables,1,1,1,"[[""tables"", 1]]","{""deepseekcoder"": 1}"
temporal,1,1,1,"[[""temporal"", 1]]","{""qwen3"": 1}"
tencent,1,1,1,"[[""tencent"", 1]]","{""qwen3"": 1}"
tencentcloud_aws,17,1,1,"[[""tencentcloud_aws"", 17]]","{""qwen3"": 17}"
tencentcloud_boto3,16,1,1,"[[""tencentcloud_boto3"", 16]]","{""qwen3"": 16}"
tencentcloud_cloudpickle,16,1,1,"[[""tencentcloud_cloudpickle"", 16]]","{""qwen3"": 16}"
tencentcloud_dask,16,1,1,"[[""tencentcloud_dask"", 16]]","{""qwen3"": 16}"
tencentcloud_hadoop,16,1,1,"[[""tencentcloud_hadoop"", 16]]","{""qwen3"": 16}"
tencentcloud_hive,16,1,1,"[[""tencentcloud_hive"", 16]]","{""qwen3"": 16}"
tencentcloud_kms,16,1,1,"[[""tencentcloud_kms"", 16]]","{""qwen3"": 16}"
tencentcloud_pydantic,16,1,1,"[[""tencentcloud_pydantic"", 16]]","{""qwen3"": 16}"
tencentcloud_s3,16,1,1,"[[""tencentcloud_s3"", 16]]","{""qwen3"": 16}"
tencentcloud_sagemaker,16,1,1,"[[""tencentcloud_sagemaker"", 16]]","{""qwen3"": 16}"
tencentcloud_sqs,16,1,1,"[[""tencentcloud_sqs"", 16]]","{""qwen3"": 16}"
tencentcloud_sts,15,1,1,"[[""tencentcloud_sts"", 15]]","{""qwen3"": 15}"
tencentcloud_torch,15,1,1,"[[""tencentcloud_torch"", 15]]","{""qwen3"": 15}"
tencentcloudapi,1,1,1,"[[""tencentcloudapi.smpn.v20190823"", 1]]","{""deepseekcoder"": 1}"
tensorflow_datasets,1,1,1,"[[""tensorflow_datasets"", 1]]","{""deepseekcoder"": 1}"
terraform_bdd,1,1,1,"[[""terraform_bdd.terraform"", 1]]","{""deepseekcoder"": 1}"
terraform_infra,3,1,1,"[[""terraform_infra"", 3]]","{""llama3.1"": 3}"
terraform_pytest,1,1,1,"[[""terraform_pytest"", 1]]","{""deepseekcoder"": 1}"
terraform_pytests,1,1,1,"[[""terraform_pytests"", 1]]","{""deepseekcoder"": 1}"
terraform_resource,1,1,1,"[[""terraform_resource"", 1]]","{""llama3.1"": 1}"
terrametic,1,1,1,"[[""terrametic"", 1]]","{""deepseekcoder"": 1}"
terrascript,2,1,2,"[[""terrascript"", 1], [""terrascript.aws"", 1]]","{""deepseekcoder"": 2}"
tex2jax,1,1,1,"[[""tex2jax"", 1]]","{""llama3.1"": 1}"
tiffile,1,1,1,"[[""tiffile"", 1]]","{""qwen3"": 1}"
tiffslide,1,1,1,"[[""tiffslide"", 1]]","{""deepseekcoder"": 1}"
tilecutter,2,1,1,"[[""tilecutter"", 2]]","{""deepseekcoder"": 2}"
tilemaker,1,1,1,"[[""tilemaker"", 1]]","{""qwen3"": 1}"
tilepy,1,1,1,"[[""tilepy"", 1]]","{""qwen3"": 1}"
tokenize_plugin,1,1,1,"[[""tokenize_plugin"", 1]]","{""deepseekcoder"": 1}"
toolz,1,1,1,"[[""toolz"", 1]]","{""llama3.1"": 1}"
torchd,1,1,1,"[[""torchd"", 1]]","{""qwen3"": 1}"
torchviz,1,1,1,"[[""torchviz"", 1]]","{""qwen3"": 1}"
translationmemory,1,1,1,"[[""translationmemory"", 1]]","{""llama3.1"": 1}"
tzlocal,1,1,1,"[[""tzlocal"", 1]]","{""llama3.1"": 1}"
user,2,1,2,"[[""user.models"", 1], [""user.views"", 1]]","{""qwen3"": 2}"
vc,1,1,1,"[[""vc"", 1]]","{""deepseekcoder"": 1}"
vcf,3,1,1,"[[""vcf"", 3]]","{""qwen3"": 3}"
video_conferencing,1,1,1,"[[""video_conferencing"", 1]]","{""deepseekcoder"": 1}"
video_utils,1,1,1,"[[""video_utils"", 1]]","{""qwen3"": 1}"
vimeo_upload,1,1,1,"[[""vimeo_upload"", 1]]","{""deepseekcoder"": 1}"
voice_call,1,1,1,"[[""voice_call"", 1]]","{""deepseekcoder"": 1}"
vosk,1,1,1,"[[""vosk"", 1]]","{""llama3.1"": 1}"
vsphereautomation,3,1,3,"[[""vsphereautomation.vapi.vsphere.client"", 1], [""vsphereautomation.vcenter.VM"", 1], [""vsphereautomation.vapi.std.errors_client"", 1]]","{""deepseekcoder"": 3}"
weasyprint,2,1,2,"[[""weasyprint"", 1], [""weasyprint.fonts"", 1]]","{""llama3.1"": 2}"
web,72,1,1,"[[""web"", 72]]","{""qwen3"": 72}"
webrtcvad,1,1,1,"[[""webrtcvad"", 1]]","{""deepseekcoder"": 1}"
win32api,1,1,1,"[[""win32api"", 1]]","{""deepseekcoder"": 1}"
win32evtlog,1,1,1,"[[""win32evtlog"", 1]]","{""deepseekcoder"": 1}"
win32evtlogutil,1,1,1,"[[""win32evtlogutil"", 1]]","{""deepseekcoder"": 1}"
wrapt,1,1,1,"[[""wrapt"", 1]]","{""deepseekcoder"": 1}"
wtforms,6,1,2,"[[""wtforms"", 3], [""wtforms.validators"", 3]]","{""llama3.1"": 6}"
wyzeapy,2,1,2,"[[""wyzeapy"", 1], [""wyzeapy.errors"", 1]]","{""llama3.1"": 2}"
yamlinclude,1,1,1,"[[""yamlinclude"", 1]]","{""deepseekcoder"": 1}"
yandextranslate,1,1,1,"[[""yandextranslate"", 1]]","{""llama3.1"": 1}"
yellowbrick,9,1,5,"[[""yellowbrick.model_selection"", 2], [""yellowbrick.regressor"", 2], [""yellowbrick.classifier"", 2], [""yellowbrick.cluster"", 2], [""yellowbrick.feature_selection"", 1]]","{""llama3.1"": 9}"
your_module,1,1,1,"[[""your_module"", 1]]","{""qwen3"": 1}"
your_protobuf_module_pb2,1,1,1,"[[""your_protobuf_module_pb2"", 1]]","{""deepseekcoder"": 1}"
your_protobuf_module_pb2_grpc,1,1,1,"[[""your_protobuf_module_pb2_grpc"", 1]]","{""deepseekcoder"": 1}"
your_settings,1,1,1,"[[""your_settings"", 1]]","{""llama3.1"": 1}"
your_terraform_config,1,1,1,"[[""your_terraform_config"", 1]]","{""llama3.1"": 1}"
yourapp,1,1,1,"[[""yourapp.yourmodule.signals"", 1]]","{""deepseekcoder"": 1}"
zarr,2,1,2,"[[""zarr"", 1], [""zarr.numpyio"", 1]]","{""deepseekcoder"": 2}"
zexe,2,1,2,"[[""zexe.core.protocols"", 1], [""zexe.core.utils"", 1]]","{""deepseekcoder"": 2}"
zk_SNARK,1,1,1,"[[""zk_SNARK"", 1]]","{""deepseekcoder"": 1}"
zk_snark,1,1,1,"[[""zk_snark"", 1]]","{""deepseekcoder"": 1}"
zk_snark_engine,1,1,1,"[[""zk_snark_engine"", 1]]","{""deepseekcoder"": 1}"
zksketch,4,1,1,"[[""zksketch"", 4]]","{""deepseekcoder"": 4}"
